canonical_name,entity_name,similarity_score,count,group_id
Qantas,Qantas,100.0,564,1
Qantas,Quantas,92.3076923076923,2,1
Qantas,Qantas FF,80.0,1,2
Commonwealth Bank,Commonwealth Bank,100.0,378,4
Commonwealth Bank,Commonwealth Banks,97.14285714285714,1,4
Commonwealth Bank,Commonwealth Bank.,97.14285714285714,1,5
Commonwealth Bank,commonwealth Bank,94.11764705882352,1,6
Commonwealth Bank,Bank of Commonwealth,91.89189189189189,4,7
Commonwealth Bank,commonwealth bank,88.23529411764706,1,8
Commonwealth Bank,Commonwealth Bank Shares,82.92682926829268,1,9
Commonwealth Bank,Commonwealth,82.75862068965517,35,10
Commonwealth Bank,Commonwealth Savings Bank,80.95238095238095,1,11
Commonwealth Bank,Commonwealth Private Bank,80.95238095238095,1,12
Commonwealth Bank,Commonwealth Bank and ANZ,80.95238095238095,1,13
Westpac,Westpac,100.0,376,15
Westpac,Westpace,93.33333333333333,2,15
Westpac,Wespac,92.3076923076923,2,16
Westpac,westpack,80.0,1,17
National Australia Bank,National Australia Bank,100.0,224,19
National Australia Bank,National Bank Australia,100.0,3,19
National Australia Bank,National Australian Bank,97.87234042553192,1,20
National Australia Bank,National Australia Bank Ltd,92.0,13,21
National Australia Bank,All National Australia Bank,92.0,4,22
National Australia Bank,"National Australia Bank, ING",90.19607843137256,1,23
National Australia Bank,National Australia Bank (NAB),88.46153846153845,1,24
National Australia Bank,National Aust Bank,87.8048780487805,2,25
National Australia Bank,Regional Australia Bank,86.95652173913044,4,26
National Australia Bank,National Australia Bank Limited,85.18518518518519,5,27
National Australia Bank,"Westpac, National Australia Bank",83.63636363636364,1,28
National Australia Bank,National Australia Bank (Homeside),80.70175438596492,1,29
National Australia Bank,Australian Mutual Bank,80.0,3,30
Virgin Australia,Virgin Australia,100.0,193,32
Virgin Australia,Virgin Australia VIP,88.88888888888889,1,32
Virgin Australia,Virgin Australia Club,86.48648648648648,12,33
Virgin Australia,Virgin Australia Lounge,82.05128205128204,1,34
Virgin Australia,Wine Australia,80.0,3,35
Virgin Australia,"Qantas, Virgin Australia",80.0,3,36
Virgin Australia,Lion Australia,80.0,2,37
Virgin Australia,Virgin Australia Airline,80.0,1,38
Virgin Australia,"QANTAS, Virgin Australia",80.0,1,39
Virgin,Virgin,100.0,158,41
Virgin,Virgin FF,80.0,1,41
Commonwealth Bank of Australia,Commonwealth Bank of Australia,100.0,129,43
Commonwealth Bank of Australia,Commonwealth Banking of Australia,95.23809523809523,1,43
Commonwealth Bank of Australia,Commonwealth Bank Australia,94.73684210526316,1,44
Commonwealth Bank of Australia,Commonwealth Bank Of Austral,93.10344827586206,1,45
Commonwealth Bank of Australia,Commonwealth Bank of Australia (CBA),90.9090909090909,5,46
Telstra,Telstra,100.0,119,48
Telstra,telstra,85.71428571428572,1,48
Foxtel,Foxtel,100.0,102,50
Foxtel,Foxtell,92.3076923076923,1,50
ANZ Bank,ANZ Bank,100.0,89,52
ANZ Bank,ANZ Bank.,94.11764705882352,1,52
ANZ Bank,ANZ bank,87.5,10,53
ANZ Bank,ANZ Bank SA,84.21052631578947,1,54
Bendigo Bank,Bendigo Bank,100.0,87,56
Bendigo Bank,Benigo Bank,95.65217391304348,1,56
Bendigo Bank,"Bendigo Bank, NAB",82.75862068965517,1,57
Bendigo Bank,"Bendigo Bank, ING",82.75862068965517,1,58
Macquarie Bank,Macquarie Bank,100.0,81,60
Macquarie Bank,Maquarie Bank,96.2962962962963,1,60
Macquarie Bank,Macquarie Bank Ltd,87.5,4,61
Macquarie Bank,"CBA, Macquarie Bank",84.84848484848484,2,62
Macquarie Bank,First Macquarie Bank,82.35294117647058,1,63
Tennis Australia,Tennis Australia,100.0,75,65
Tennis Australia,Australian Open Tennis,84.21052631578947,1,65
Tennis Australia,Tennis Aust,81.4814814814815,1,66
Cricket Australia,Cricket Australia,100.0,75,68
Cricket Australia,CropLife Australia,80.0,2,68
St George Bank,St George Bank,100.0,65,70
St George Bank,St. George Bank,96.55172413793103,10,70
Qantas Chairman's Lounge,Qantas Chairman's Lounge,100.0,62,72
Qantas Chairman's Lounge,Chairman's Lounge Qantas,100.0,2,72
Qantas Chairman's Lounge,Qantas Chairmans Lounge,97.87234042553192,13,73
Qantas Chairman's Lounge,Chairmans Lounge Qantas,97.87234042553192,3,74
Qantas Chairman's Lounge,Qantas Chaiman's Lounge,97.87234042553192,1,75
Qantas Chairman's Lounge,Chairmans Lounge Quantas,95.83333333333334,2,76
Qantas Chairman's Lounge,Qantas Chairman Lounge,95.65217391304348,1,77
Qantas Chairman's Lounge,Chairmans Lounge ~ Qantas,93.87755102040816,2,78
Qantas Chairman's Lounge,Qantas Club Chairman's Lounge,90.56603773584906,3,79
Qantas Chairman's Lounge,Qantas Chairman's Lounge - Spouse,84.21052631578947,1,80
Qantas Chairman's Lounge,Qantas Chairmans Lounge 3927960,83.63636363636364,1,81
Qantas Chairman's Lounge,Chairman's Lounge,82.92682926829268,8,82
Qantas Chairman's Lounge,Qantas Chairman's Lounge QFF371983,82.75862068965517,1,83
Qantas Chairman's Lounge,Qantas Chairman's Club,82.6086956521739,3,84
Qantas Chairman's Lounge,Qantas Chairman's Lounge Membership,81.35593220338984,1,85
Qantas Chairman's Lounge,Qantas Chairmans Club,80.0,3,86
Qantas Chairman's Lounge,Qantas Chairman's Lounge Virgin Club,80.0,1,87
Qantas Chairman's Lounge,Chairmans Lounge,80.0,1,88
Tabcorp,Tabcorp,100.0,55,90
Tabcorp,TabCorp,85.71428571428572,3,90
Australian Super,Australian Super,100.0,53,92
Australian Super,AustralianSuper,96.7741935483871,5,92
Australian Super,Australia Super,96.7741935483871,1,93
Australian Super,Australian Paper,87.5,1,94
Australian Super,"MLC, Australian Super",86.48648648648648,1,95
Australian Super,Australian Super fund.,84.21052631578947,1,96
Australian Super,Opera Australia,83.87096774193549,36,97
Australian Super,Australian Open,83.87096774193549,2,98
Australian Super,Sport Australia,83.87096774193549,1,99
Australian Super,Australian Super Account,80.0,3,100
Australian Super,Spectator Australia,80.0,1,101
Australian Super,Australian Super and PSS,80.0,1,102
Bank of Queensland,Bank of Queensland,100.0,51,104
Bank of Queensland,Bank of Queensland/VISA,87.8048780487805,2,104
Bank of Queensland,Bank of Queensland / VISA,83.72093023255813,2,105
Bank of Queensland,Bank Of Queensland,83.33333333333334,1,106
National Press Club,National Press Club,100.0,47,108
National Press Club,The National Press Club,90.47619047619048,2,108
National Press Club,National Press Club Canberra,80.85106382978724,1,109
Emirates,Emirates,100.0,46,111
Emirates,Emivates,87.5,1,111
Bankwest,Bankwest,100.0,45,113
Bankwest,BankWest,87.5,7,113
Bankwest,Bank West,82.35294117647058,19,114
Westpac Bank,Westpac Bank,100.0,42,116
Westpac Bank,Wespac Bankwest,81.4814814814815,1,116
ME Bank,ME Bank,100.0,40,118
ME Bank,Me Bank,85.71428571428572,2,118
ME Bank,Mac Bank,80.0,1,119
Australian Labor Party,Australian Labor Party,100.0,40,121
Australian Labor Party,Australian Labor Party SA,93.61702127659575,1,121
Australian Labor Party,"Australian Labor Party, Qld",89.79591836734694,1,122
Australian Labor Party,Australian Labor Party (QLD),88.0,2,123
Australian Labor Party,ALP (Australian Labor Party),88.0,2,124
Australian Labor Party,Australian Labor Party (ALP),88.0,1,125
Australian Labor Party,Australian Labor party- SA,87.5,1,126
St George,St George,100.0,36,128
St George,St. George,94.73684210526316,3,128
St George,NAB/St George,81.81818181818181,4,129
St George,St George RLC,81.81818181818181,1,130
Qantas Airways,Qantas Airways,100.0,36,132
Qantas Airways,Qatar Airways,88.88888888888889,2,132
Qantas Airways,Qantas Airways Ltd,87.5,3,133
Bank Australia,Bank Australia,100.0,36,135
Bank Australia,Australia Bank,100.0,1,135
Bank Australia,Arab Bank Australia,84.84848484848484,1,136
Bank Australia,Australian,83.33333333333334,1,137
Bank Australia,IBM Australia,81.4814814814815,4,138
Bank Australia,Qantas Australia,80.0,3,139
Bank Australia,Cancer Australia,80.0,1,140
Bank Australia,Ballet Australia,80.0,1,141
Bank SA,Bank SA,100.0,34,143
Bank SA,BankSA,92.3076923076923,1,143
Bank SA,NAB Bank,80.0,1,144
Macquarie,Macquarie,100.0,32,146
Macquarie,Macquarie CMA,81.81818181818181,2,146
Virgin Club,Virgin Club,100.0,31,148
Virgin Club,Virgin The Club,84.61538461538461,9,148
Virgin Club,Virgin VIP Club,84.61538461538461,1,149
Virgin Club,The Club Virgin,84.61538461538461,1,150
Virgin Club,Virgin Blue,81.81818181818181,5,151
Geelong Football Club,Geelong Football Club,100.0,30,153
Geelong Football Club,Glenelg Football Club,90.47619047619048,3,153
Geelong Football Club,"AFL, Geelong Football Club",89.36170212765957,1,154
Geelong Football Club,Melbourne Football Club,81.81818181818181,6,155
Netball Australia,Netball Australia,100.0,29,157
Netball Australia,Basketball Australia,86.48648648648648,3,157
Netball Australia,Football Australia,85.71428571428572,12,158
Netball Australia,Netball Aust,82.75862068965517,1,159
Netball Australia,Shell Australia,81.25,2,160
Netball Australia,shell Australia,81.25,1,161
National Press Club of Australia,National Press Club of Australia,100.0,28,163
National Press Club of Australia,The National Press Club of Australia,94.11764705882352,2,163
National Press Club of Australia,National Press club of Australia,84.375,1,164
National Press Club of Australia,National Party of Australia,81.35593220338984,3,165
ING Direct,ING Direct,100.0,27,167
ING Direct,"CBA, ING Direct",80.0,1,167
Liberal Party of Australia,Liberal Party of Australia,100.0,26,169
Liberal Party of Australia,Liberal Party of Australia WA,94.54545454545455,2,169
Liberal Party of Australia,Liberal Party of Western Australia,86.66666666666667,2,170
Liberal Party of Australia,Liberal Party of Australia WA Division,81.25,1,171
Members Equity,Members Equity,100.0,25,173
Members Equity,Member Equity,96.2962962962963,1,173
Members Equity,members equity,85.71428571428572,1,174
Members Equity,Members Equity Bank,84.84848484848484,23,175
COMMONWEALTH BANK,COMMONWEALTH BANK,100.0,25,177
COMMONWEALTH BANK,COMMON WEALTH BANK,97.14285714285714,3,177
COMMONWEALTH BANK,COMMONWEALTH BANEC.,88.88888888888889,1,178
COMMONWEALTH BANK,"ING, COMMONWEALTH BANK",87.17948717948718,1,179
COMMONWEALTH BANK,COMMONWEALTH,82.75862068965517,1,180
COMMONWEALTH BANK,WESTPAC/COMMONWEALTH BANK,80.95238095238095,1,181
COMMONWEALTH BANK,COMMSEC/COMMONWEALTH BANK,80.95238095238095,1,182
Wesfarmers,Wesfarmers,100.0,24,184
Wesfarmers,Westfarmers,95.23809523809523,5,184
Wesfarmers,wesfarmers,90.0,1,185
Wesfarmers,Wesformers,90.0,1,186
Wesfarmers,Wesfarmers Ltd,83.33333333333334,5,187
Emirates Airlines,Emirates Airlines,100.0,21,189
Emirates Airlines,Emirates Airline,96.96969696969697,2,189
Emirates Airlines,Emirates Airline Group,82.05128205128204,1,190
Australian Services Union,Australian Services Union,100.0,20,192
Australian Services Union,Australian Services Union.,98.0392156862745,1,192
Australian Services Union,Australian Services Union (WA),90.9090909090909,1,193
Australian Services Union,Australian Services Union (ASU),89.28571428571429,1,194
Australian Services Union,Australian Health Services Union,87.71929824561404,1,195
Australian Services Union,Australian Services Union Membership,81.9672131147541,1,196
Woolworths,Woolworths,100.0,19,198
Woolworths,Woolworths Ltd,83.33333333333334,3,198
Screen Australia,Screen Australia,100.0,19,200
Screen Australia,Beef Australia,80.0,16,200
Chifley Research Centre,Chifley Research Centre,100.0,19,202
Chifley Research Centre,The Chifley Research Centre,92.0,1,202
Westpac Banking Corporation,Westpac Banking Corporation,100.0,18,204
Westpac Banking Corporation,Westpac Banking Corp,85.1063829787234,4,204
Westpac Banking Corporation,Westpac Banking Corp.,83.33333333333334,3,205
Virgin Airlines,Virgin Airlines,100.0,18,207
Virgin Airlines,Virgin Airline,96.55172413793103,3,207
Virgin Airlines,Virgin Airlines Club,85.71428571428572,1,208
Virgin Airlines,Virgin Airlines Lounge,81.08108108108108,2,209
Carlton Football Club,Carlton Football Club,100.0,18,211
Carlton Football Club,PwC & Carlton Football Club,87.5,1,211
Carlton Football Club,Clarence Football Club,83.72093023255813,2,212
Australian Institute of Company Directors,Australian Institute of Company Directors,100.0,18,214
Australian Institute of Company Directors,Australian Company of Institute Directors,100.0,1,214
Australian Institute of Company Directors,Australian Institute of Company Director,98.76543209876543,1,215
Australian Institute of Company Directors,Australian Institute of Company Directors (AICD),92.13483146067416,4,216
Australian Institute of Company Directors,"Australian Institute of Company Directors, CEMEZ, ASU",87.2340425531915,1,217
Melbourne Cricket Club,Melbourne Cricket Club,100.0,17,219
Melbourne Cricket Club,Melbourne Cricket Club Member,86.27450980392157,1,219
Melbourne Cricket Club,Geelong Cricket Club,80.95238095238095,2,220
Gold Coast Turf Club,Gold Coast Turf Club,100.0,17,222
Gold Coast Turf Club,Gold Coast Suns Club,85.0,1,222
Devizes Investments Pty Ltd,Devizes Investments Pty Ltd,100.0,17,224
Devizes Investments Pty Ltd,Corrie Investments Pty Ltd,83.01886792452831,4,224
Devizes Investments Pty Ltd,Devizes Investments,82.6086956521739,9,225
Devizes Investments Pty Ltd,Griff-Dev Investments Pty Ltd,82.14285714285714,7,226
Devizes Investments Pty Ltd,Investment Pty Ltd,80.0,1,227
BHP Billiton,BHP Billiton,100.0,17,229
BHP Billiton,BHP Billiton Ltd,85.71428571428572,3,229
BHP Billiton,BHP Billion Ltd,81.4814814814815,1,230
Australian American Leadership Dialogue,Australian American Leadership Dialogue,100.0,17,232
Australian American Leadership Dialogue,Australian American Leadership Dialouge,97.43589743589743,1,232
Australian American Leadership Dialogue,Australian American Young Leadership Dialogue,92.85714285714286,3,233
Australian American Leadership Dialogue,Australian American Leadership Dialogue Forum,92.85714285714286,1,234
Australian American Leadership Dialogue,Australian American Leadership Dialogue (AALD),91.76470588235294,5,235
Australian American Leadership Dialogue,Australian American Leadership,86.95652173913044,1,236
Australian American Leadership Dialogue,American Leadership Dialogue,83.5820895522388,1,237
Spouse,Spouse,100.0,16,239
Spouse,Spouse),92.3076923076923,1,239
Penrith Panthers,Penrith Panthers,100.0,16,241
Penrith Panthers,Penrith Panthers Club,86.48648648648648,1,241
Medibank Private,Medibank Private,100.0,16,243
Medibank Private,Medibank Private Ltd,88.88888888888889,2,243
Medibank Private,Medibank Private Limited,80.0,3,244
City of Swan,City of Swan,100.0,16,246
City of Swan,City of Swan WA,88.88888888888889,1,246
City of Swan,Swan City,85.71428571428572,1,247
City of Swan,City of Swan week,82.75862068965517,1,248
City of Swan,City of Logan,80.0,1,249
Wallace Family Trust,Wallace Family Trust,100.0,15,251
Wallace Family Trust,Wallace Family Trust.,97.5609756097561,3,251
Victoria Racing Club,Victoria Racing Club,100.0,15,253
Victoria Racing Club,Victoria Racing,85.71428571428572,1,253
Victoria Racing Club,Racing Victoria,85.71428571428572,1,254
Taipei Economic and Cultural Office,Taipei Economic and Cultural Office,100.0,15,256
Taipei Economic and Cultural Office,Tapei Economic and Cultural Office,98.55072463768117,1,256
Taipei Economic and Cultural Office,The Taipei Economic and Cultural Office,94.5945945945946,1,257
Taipei Economic and Cultural Office,Taipei Economic Cultural Office,93.93939393939394,1,258
Taipei Economic and Cultural Office,Taipai Economic & Cultural Office,88.23529411764706,1,259
Taipei Economic and Cultural Office,Taiwanese Economic & Cultural Office,84.50704225352112,1,260
Taipei Economic and Cultural Office,Taipei Economic and Cultural Office in Australia,84.33734939759037,11,261
Taipei Economic and Cultural Office,Taipei Economic and Cultural Office of Australia,84.33734939759037,1,262
Taipei Economic and Cultural Office,Taipei Economic & Cultural Office in Australia,81.4814814814815,3,263
Taipei Economic and Cultural Office,The Taipei Economic and Cultural Office in Australia,80.45977011494253,1,264
Gloucester Park Harness Racing,Gloucester Park Harness Racing,100.0,15,266
Gloucester Park Harness Racing,Gloucester Park Harness Racing club,92.3076923076923,1,266
Gloucester Park Harness Racing,Gloucester Park Harness Racing Club,92.3076923076923,1,267
Gloucester Park Harness Racing,Gloucester Park Harness Racing Association,83.33333333333334,1,268
Brisbane Broncos,Brisbane Broncos,100.0,15,270
Brisbane Broncos,Brisbane Broncos NRL,88.88888888888889,1,270
Brisbane Broncos,Brisbane Lions,80.0,10,271
Australian Republican Movement,Australian Republican Movement,100.0,15,273
Australian Republican Movement,Australian Republic Movement,96.55172413793103,2,273
Australian Republican Movement,ARM (Australian Republican Movement),90.9090909090909,1,274
Andrews and Andrews Consulting Pty Ltd,Andrews and Andrews Consulting Pty Ltd,100.0,15,276
Andrews and Andrews Consulting Pty Ltd,Andrews and Andrews Consulting Pty Limited,95.0,2,276
Andrews and Andrews Consulting Pty Ltd,ANZ; Andrews and Andrews Consulting Pty Ltd,93.82716049382715,1,277
Andrews and Andrews Consulting Pty Ltd,Andrews & Andrews Consulting Pty Ltd,91.89189189189189,1,278
Andrews and Andrews Consulting Pty Ltd,Andrews Consulting Pty Ltd,81.25,7,279
Treasury Wine Estates,Treasury Wine Estates,100.0,14,281
Treasury Wine Estates,Treasury Wine Estate,97.5609756097561,1,281
Treasury Wine Estates,Treasury Wine Estates Ltd,91.30434782608697,1,282
Treasury Wine Estates,TWE Treasury Wine Estates,91.30434782608697,1,283
Treasury Wine Estates,Treasury Wine Estates Limited,84.0,2,284
Treasury Wine Estates,Treasury Estate,83.33333333333334,1,285
Tennis Queensland,Tennis Queensland,100.0,14,287
Tennis Queensland,Queensland Tennis,100.0,1,287
Tennis Queensland,Tenants Queensland,91.42857142857143,1,288
Tennis Queensland,Tenants Queensland Inc,82.05128205128204,1,289
Taiwanese Government,Taiwanese Government,100.0,14,291
Taiwanese Government,Taiwan Government,91.89189189189189,2,291
Taiwanese Government,Government of Taiwan,85.0,11,292
Taiwanese Government,ROC Taiwan Government,82.92682926829268,1,293
Taiwanese Government,Lebanese Government,82.05128205128204,1,294
Robert International Pty Ltd,Robert International Pty Ltd,100.0,14,296
Robert International Pty Ltd,Vibe International Pty Ltd,88.88888888888889,1,296
Robert International Pty Ltd,Tyco International Ltd,80.0,2,297
Rio Tinto,Rio Tinto,100.0,14,299
Rio Tinto,Rio Tinto Ltd,81.81818181818181,11,299
National Rugby League,National Rugby League,100.0,14,301
National Rugby League,National Rugby League Ltd,91.30434782608697,7,301
National Rugby League,The National Rugby League,91.30434782608697,1,302
Citibank,Citibank,100.0,14,304
Citibank,CitiBank,87.5,1,304
ANZ BANK,ANZ BANK,100.0,14,306
ANZ BANK,ANZ. BANK,94.11764705882352,1,306
ANZ BANK,A.N.Z. BANK,84.21052631578947,1,307
ANZ BANK,ANZ CBA,80.0,2,308
ANZ BANK,"ANZ, BANK SA",80.0,1,309
"Qantas, Virgin","Qantas, Virgin",100.0,13,311
"Qantas, Virgin","Virgin, Qantas",92.85714285714286,2,311
"Qantas, Virgin",Qantas & Virgin,89.65517241379311,3,312
"Qantas, Virgin",Virgin & Qantas,89.65517241379311,1,313
"Qantas, Virgin",Qantas/Virgin,88.88888888888889,2,314
"Qantas, Virgin",Qantas and Virgin,83.87096774193549,10,315
"Qantas, Virgin",Virgin and Qantas,83.87096774193549,1,316
"Qantas, Virgin","Qantas, Virgin, ASTRA",80.0,1,317
North Melbourne Football Club,North Melbourne Football Club,100.0,13,319
North Melbourne Football Club,Melbourne Victory Football Club,86.66666666666667,1,319
North Melbourne Football Club,North Heidelberg Football Club,81.35593220338984,1,320
North Melbourne Football Club,Melbourne City Football Club,80.70175438596492,1,321
Minerals Council of Australia,Minerals Council of Australia,100.0,13,323
Minerals Council of Australia,Australian Minerals Council,92.85714285714286,2,323
Minerals Council of Australia,Hindu Council of Australia,83.63636363636364,2,324
Minerals Council of Australia,Law Council of Australia,83.01886792452831,1,325
Commbank,Commbank,100.0,13,327
Commbank,CommBank,87.5,3,327
Commbank,ComBank,80.0,1,328
Australian Football League,Australian Football League,100.0,13,330
Australian Football League,Australian Footbal League (AFL),87.71929824561404,1,330
Australian Football League,Australian Baseball League,84.61538461538461,2,331
Australian Football League,Eastern Football League,81.63265306122449,2,332
Australian Football League,Touch Football Australia,80.0,1,333
Australian Ballet,Australian Ballet,100.0,13,335
Australian Ballet,The Australian Ballet,89.47368421052632,10,335
Australian Ballet,West Australian Ballet,87.17948717948718,2,336
Australian Ballet,Australia Caller,84.84848484848484,1,337
Australian Ballet,Australian Ballet Company,80.95238095238095,1,338
Woodside Petroleum,Woodside Petroleum,100.0,12,340
Woodside Petroleum,Woodside Petroleum Ltd,90.0,2,340
Woodside Petroleum,Woodside Petroleum (WPL),85.71428571428572,1,341
Woodside Petroleum,Woodside Petroleum Limited,81.81818181818181,1,342
Telstra Corporation,Telstra Corporation,100.0,12,344
Telstra Corporation,Telstra Corporation Ltd,90.47619047619048,4,344
Telstra Corporation,Telstra Corporation Limited,82.6086956521739,7,345
Telstra Corporation,News Corporation,80.0,1,346
TELSTRA,TELSTRA,100.0,12,348
TELSTRA,TESTRA,92.3076923076923,1,348
Queensland Ballet,Queensland Ballet,100.0,12,350
Queensland Ballet,Queensland Health,82.35294117647058,1,350
Queensland Ballet,Netball Queensland,80.0,1,351
Hume Bank,Hume Bank,100.0,12,353
Hume Bank,Home Bank,88.88888888888889,1,353
Australian Subscription Television and Radio Association,Australian Subscription Television and Radio Association,100.0,12,355
Australian Subscription Television and Radio Association,Astra Subscription Television and Radio Association,95.32710280373831,1,355
Australian Subscription Television and Radio Association,Australian Subscription Television & Radio Association,94.54545454545455,2,356
Australian Subscription Television and Radio Association,Australian Subscription Television and Radio Association (ASTRA),93.33333333333333,10,357
Australian Subscription Television and Radio Association,Australian Subscription Television & Radio Association (ASTRA),88.13559322033898,1,358
Australian Subscription Television and Radio Association,"Australian Subscription Television and Radio Association (ASTRA), Austar",87.5,1,359
Australian Subscription Television and Radio Association,Australian Subscription TV Radio Association,86.0,1,360
Australian Subscription Television and Radio Association,"Qantas, Virgin Australia, Australian Subscription Television and Radio Association",81.15942028985508,1,361
Arnold Bloch Leibler,Arnold Bloch Leibler,100.0,12,363
Arnold Bloch Leibler,Arnold Bloch Liebler,95.0,2,363
Arnold Bloch Leibler,Arnold Block Leibler,95.0,1,364
Arnold Bloch Leibler,Arnold Bloch Hiebler,90.0,1,365
Arnold Bloch Leibler,Arnold Bloch Leibler (Lawyers),80.0,1,366
Virgin Lounge,Virgin Lounge,100.0,11,368
Virgin Lounge,Virgin Loungh,92.3076923076923,1,368
Virgin Lounge,Virgin Club Lounge,83.87096774193549,5,369
Virgin Lounge,Virgin Money,80.0,1,370
Qantas Airlines,Qantas Airlines,100.0,11,372
Qantas Airlines,Qatar Airline,85.71428571428572,1,372
Qantas Airlines,Asiana Airlines,80.0,1,373
QANTAS Chairman's Lounge,QANTAS Chairman's Lounge,100.0,11,375
QANTAS Chairman's Lounge,QANTAS Chairmans Lounge,97.87234042553192,1,375
QANTAS Chairman's Lounge,QANTAS Chairman's Club Lounge,90.56603773584906,1,376
QANTAS Chairman's Lounge,QANTAS Chairman's Club,82.6086956521739,2,377
QANTAS Chairman's Lounge,QANTAS Chairman's Lounge Membership,81.35593220338984,1,378
Macquarie Bank Limited,Macquarie Bank Limited,100.0,11,380
Macquarie Bank Limited,Macquarie Group Limited,80.0,5,380
Kimlie Pty Ltd,Kimlie Pty Ltd,100.0,11,382
Kimlie Pty Ltd,Kimlie Pty Ltd ATF,87.5,1,382
Kimlie Pty Ltd,Fiale Pty Ltd,81.4814814814815,6,383
Gufee Pty Ltd,Gufee Pty Ltd,100.0,11,385
Gufee Pty Ltd,ACGee Pty Ltd,84.61538461538461,2,385
Central Queensland Express Holdings Pty Ltd,Central Queensland Express Holdings Pty Ltd,100.0,11,387
Central Queensland Express Holdings Pty Ltd,Central Queensland Express Holdings Pty ltd,90.69767441860466,1,387
Widebay Australia Ltd,Widebay Australia Ltd,100.0,10,389
Widebay Australia Ltd,Widebay Australia,89.47368421052632,1,389
United Voice,United Voice,100.0,10,391
United Voice,United Voice(AE-V),80.0,1,391
South 32,South 32,100.0,10,393
South 32,South 32 Ltd,80.0,1,393
Save the Children Australia,Save the Children Australia,100.0,10,395
Save the Children Australia,Save the Children - Australia,96.42857142857143,2,395
Save the Children Australia,Save The Children Australia,96.2962962962963,1,396
MyState,MyState,100.0,10,398
MyState,My State,93.33333333333333,8,398
Kingston,Kingston,100.0,10,400
Kingston,Kingston ACT,80.0,3,400
Kenley Dale Pty Ltd,Kenley Dale Pty Ltd,100.0,10,402
Kenley Dale Pty Ltd,Henley Dale Pty Ltd,94.73684210526316,2,402
Kenley Dale Pty Ltd,Kenley Dale Pty Ltd (Spouse),80.85106382978724,1,403
Buchholz Family Trust,Buchholz Family Trust,100.0,10,405
Buchholz Family Trust,Brough Family Trust,80.0,1,405
Australian and New Zealand Banking Group Limited (ANZ),Australian and New Zealand Banking Group Limited (ANZ),100.0,10,407
Australian and New Zealand Banking Group Limited (ANZ),Australia and New Zealand Banking Group Limited (ANZ),99.06542056074767,3,407
Australian and New Zealand Banking Group Limited (ANZ),Australian and New Zealand Banking Group Limited,94.11764705882352,10,408
Australian and New Zealand Banking Group Limited (ANZ),Australia and New Zealand Banking Group Limited,93.06930693069306,3,409
Australian and New Zealand Banking Group Limited (ANZ),Australia and New Zealand Banking Group (ANZ),90.9090909090909,1,410
Australian and New Zealand Banking Group Limited (ANZ),Australian and New Zealand Banking Group,85.1063829787234,3,411
Amcor Ltd,Amcor Ltd,100.0,10,413
Amcor Ltd,Amor Ltd,94.11764705882352,2,413
Amcor Ltd,Amcor Limited,81.81818181818181,4,414
Adelaide Football Club,Adelaide Football Club,100.0,10,416
Adelaide Football Club,Port Adelaide Football Club,89.79591836734694,2,416
Adelaide Football Club,South Adelaide Football Club,88.0,2,417
Adelaide Football Club,Adelaide Crows Football Club,88.0,2,418
Adelaide Football Club,West Adelaide Football Club SANFL,80.0,1,419
Adelaide Football Club,South Adelaide football club,80.0,1,420
Yothu Yindi Foundation,Yothu Yindi Foundation,100.0,9,422
Yothu Yindi Foundation,Yotam Yindi Foundation,90.9090909090909,1,422
Van Manen Investments Pty Ltd,Van Manen Investments Pty Ltd,100.0,9,424
Van Manen Investments Pty Ltd,Van Manen Investment Pty Ltd,98.24561403508771,1,424
Van Manen Investments Pty Ltd,Monterey Investments Pty Ltd,80.70175438596492,2,425
Unisuper,Unisuper,100.0,9,427
Unisuper,UniSuper,87.5,2,427
UBank,UBank,100.0,9,429
UBank,Ubank,80.0,1,429
ST GEORGE BANK,ST GEORGE BANK,100.0,9,431
ST GEORGE BANK,"ST GEORGE BANK, ING.",82.35294117647058,1,431
Queensland Courier Services Family Trust,Queensland Courier Services Family Trust,100.0,9,433
Queensland Courier Services Family Trust,Queensland courier Services Family Trust,80.0,1,433
PK Super (Qld) P/L,PK Super (Qld) P/L,100.0,9,435
PK Super (Qld) P/L,PK Super P/L,80.0,2,435
PK Super (Qld) P/L,PK Super (Qld) Pty Ltd,80.0,1,436
McKinnon Institute for Political Leadership,McKinnon Institute for Political Leadership,100.0,9,438
McKinnon Institute for Political Leadership,McKinnon Insititute for Political Leadership,98.85057471264368,1,438
McKinnon Institute for Political Leadership,McKinnon Institute of Political Leadership,96.47058823529412,2,439
McKinnon Institute for Political Leadership,McKinnon Institute For Political Leadership,90.69767441860466,1,440
First State Super,First State Super,100.0,9,442
First State Super,Fm. State Super,81.25,1,442
Fairbank Tower Pty Ltd,Fairbank Tower Pty Ltd,100.0,9,444
Fairbank Tower Pty Ltd,Fairbank Tower Pty Ltd (Spouse),83.01886792452831,1,444
Community and Public Sector Union,Community and Public Sector Union,100.0,9,446
Community and Public Sector Union,Community & Public Sector Union,90.625,4,446
Community and Public Sector Union,Community and Public Sector Union (CPSU),90.41095890410959,1,447
Commonwealth bank,Commonwealth bank,100.0,9,449
Commonwealth bank,"ANZ, Commonwealth bank",87.17948717948718,1,449
Commonwealth bank,"ING, Commonwealth bank.",85.0,1,450
Commercial Radio Australia,Commercial Radio Australia,100.0,9,452
Commercial Radio Australia,Commercial Radio Australia Ltd,92.85714285714286,2,452
Commercial Radio Australia,Commercial Radio Australia Ltd.,91.22807017543859,2,453
Buchholz Investment Trust,Buchholz Investment Trust,100.0,9,455
Buchholz Investment Trust,Buchholz Investments Trust,98.0392156862745,1,455
Boral Ltd,Boral Ltd,100.0,9,457
Boral Ltd,Boral Limited,81.81818181818181,1,457
BANKWEST,BANKWEST,100.0,9,459
BANKWEST,WESTPAC BANK,80.0,4,459
Adelaide Bank,Adelaide Bank,100.0,9,461
Adelaide Bank,Bank of Adelaide,89.65517241379311,1,461
Adelaide Bank,Adelaide Bank Ltd,86.66666666666667,1,462
Zenyellow Pty Ltd,Zenyellow Pty Ltd,100.0,8,464
Zenyellow Pty Ltd,Zenyelloe Pty Ltd,94.11764705882352,1,464
Virgin Australia - The Club,Virgin Australia - The Club,100.0,8,466
Virgin Australia - The Club,The Club - Virgin Australia,100.0,3,466
Virgin Australia - The Club,Virgin Australia The Club,96.15384615384616,5,467
Virgin Australia - The Club,The Club Virgin Australia,96.15384615384616,3,468
Virgin Australia - The Club,"Virgin Australia, The Club",94.33962264150944,1,469
Virgin Australia - The Club,The Club - Virgin Aust.,88.0,1,470
Virgin Australia - The Club,The Club from Virgin Australia,87.71929824561404,1,471
Virgin Australia - The Club,Virgin Australia VIP Club,84.61538461538461,1,472
Virgin Australia - The Club,"Virgin Australia, The Club (member)",83.87096774193549,1,473
Virgin Australia - The Club,Virgin Australia Club Lounge,83.63636363636364,1,474
Virgin Australia - The Club,The Club - Virgin Airlines,83.01886792452831,2,475
Virgin Australia - The Club,Beyond Club - Virgin Australia,80.70175438596492,1,476
UNESCAP,UNESCAP,100.0,8,478
UNESCAP,UN-ESCAP,93.33333333333333,2,478
UNESCAP,ESCAP,83.33333333333334,1,479
Sydney Festival,Sydney Festival,100.0,8,481
Sydney Festival,Sydney Film Festival,85.71428571428572,1,481
Sydney Festival,Sunset Festival,80.0,1,482
Sydney Credit Union,Sydney Credit Union,100.0,8,484
Sydney Credit Union,Credit Union SA,82.35294117647058,8,484
Sydney Credit Union,SGE Credit Union,80.0,2,485
Swanridge Investments Pty Ltd,Swanridge Investments Pty Ltd,100.0,8,487
Swanridge Investments Pty Ltd,Self Swanridge Investments Pty Ltd,92.06349206349206,1,487
Swanridge Investments Pty Ltd,Spouse Swanridge Investments Pty Ltd,89.23076923076923,1,488
South Australian Government,South Australian Government,100.0,8,490
South Australian Government,South Australian State Government,90.0,1,490
South Australian Government,Australian Government,87.5,2,491
South Australian Government,Western Australian Government,82.14285714285714,1,492
Seven West Media,Seven West Media,100.0,8,494
Seven West Media,SevenWest Media,96.7741935483871,1,494
Seven West Media,Seven West Media Limited,80.0,2,495
Quilter Family Trust,Quilter Family Trust,100.0,8,497
Quilter Family Trust,Justice Family Trust,80.0,6,497
Quilter Family Trust,Slipper Family Trust,80.0,1,498
Police Credit Union,Police Credit Union,100.0,8,500
Police Credit Union,Qld Police Credit Union,90.47619047619048,3,500
Police Credit Union,"ANZ, Police Credit Union",88.37209302325581,1,501
PGA of Australia,PGA of Australia,100.0,8,503
PGA of Australia,PGA Australia,89.65517241379311,3,503
PGA of Australia,Golf Australia,86.66666666666667,6,504
PGA of Australia,Australian PGA,86.66666666666667,3,505
PGA of Australia,CPA Australia,82.75862068965517,2,506
PGA of Australia,Australia Post,80.0,6,507
"Liberal Party of Australia, NSW Division","Liberal Party of Australia, NSW Division",100.0,8,509
"Liberal Party of Australia, NSW Division",Liberal Party of Australia (SA Division),87.5,6,509
"Liberal Party of Australia, NSW Division",Liberal Party of Australia – WA Division,87.5,1,510
"Liberal Party of Australia, NSW Division",Liberal Party of Australia (WA Division),87.5,1,511
"Liberal Party of Australia, NSW Division",Liberal Party of Australia (NSW Division),86.41975308641976,4,512
"Liberal Party of Australia, NSW Division","Liberal Party of Australia, New South Wales Division",82.6086956521739,2,513
"Liberal Party of Australia, NSW Division","Millennium Forum, Liberal Party of Australia, NSW Division",81.63265306122449,1,514
"Liberal Party of Australia, NSW Division",Liberal Party of Australia (Victorian Division),80.45977011494253,4,515
Essendon Football Club,Essendon Football Club,100.0,8,517
Essendon Football Club,Member - Essendon Football Club,83.01886792452831,1,517
Coca-Cola Amatil Ltd,Coca-Cola Amatil Ltd,100.0,8,519
Coca-Cola Amatil Ltd,Coca Cola Amatil,83.33333333333334,1,519
Channel 7,Channel 7,100.0,8,521
Channel 7,Channel 9,88.88888888888889,4,521
Channel 7,Channel 10,84.21052631578947,2,522
"CBA, ANZ","CBA, ANZ",100.0,8,524
"CBA, ANZ","ANZ, CBA",87.5,2,524
"CBA, ANZ",CBA & ANZ,82.35294117647058,2,525
"CBA, ANZ",CBA AN2,80.0,2,526
Australia,Australia,100.0,8,528
Australia,JFD Australia,81.81818181818181,1,528
Australia,Austal,80.0,3,529
Atlas Iron,Atlas Iron,100.0,8,531
Atlas Iron,Atlas Iron Ltd,83.33333333333334,1,531
Westpac Group,Westpac Group,100.0,7,533
Westpac Group,The Westpac Group,86.66666666666667,1,533
Westpac Group,Wests Group,83.33333333333334,1,534
Western Australian Cricket Association,Western Australian Cricket Association,100.0,7,536
Western Australian Cricket Association,Western Australia Cricket Association,98.66666666666667,1,536
Western Australian Cricket Association,Western Australian Cricket Association (WACA),91.56626506024097,3,537
Western Australian Cricket Association,Board of Western Australian Cricket Association,89.41176470588236,1,538
Western Australian Cricket Association,Western Australian Cricket Association ('WACCA'),88.37209302325581,1,539
Western Australian Cricket Association,South Australian Cricket Association,86.48648648648648,3,540
Western Australian Cricket Association,West Australia Rifle Association,82.85714285714285,1,541
Western Australian Cricket Association,Western Australian Cricket,81.25,1,542
VIRGIN AUSTRALIA,VIRGIN AUSTRALIA,100.0,7,544
VIRGIN AUSTRALIA,"QANTAS, VIRGIN AUSTRALIA",80.0,1,544
Trembrook Services Pty Ltd,Trembrook Services Pty Ltd,100.0,7,546
Trembrook Services Pty Ltd,Trembrook Services,81.81818181818181,1,546
Sydney Opera House,Sydney Opera House,100.0,7,548
Sydney Opera House,Sydney Opera House Trust,85.71428571428572,1,548
Save the Children,Save the Children,100.0,7,550
Save the Children,Save The Children,94.11764705882352,5,550
Save the Children,Save the Children Fund,87.17948717948718,1,551
Save the Children,Save The Children Fund,82.05128205128204,1,552
S & L Buchholz,S & L Buchholz,100.0,7,554
S & L Buchholz,G & S Buchholz,92.85714285714286,4,554
"Royal Motor Yacht Club, Woolooware","Royal Motor Yacht Club, Woolooware",100.0,7,556
"Royal Motor Yacht Club, Woolooware",Royal Motor Yacht Club Woolooware,98.50746268656717,1,556
Qantas and Virgin Australia,Qantas and Virgin Australia,100.0,7,558
Qantas and Virgin Australia,Virgin Australia & Qantas,88.46153846153845,1,558
Qantas and Virgin Australia,Qantas Airways and Virgin Australia,87.09677419354838,1,559
President of the United States of America,President of the United States of America,100.0,7,561
President of the United States of America,President and First Lady of the United States of America,84.5360824742268,1,561
President of the United States of America,Office of the Vice President of the United States,80.0,1,562
NATIONAL AUSTRALIA BANK,NATIONAL AUSTRALIA BANK,100.0,7,564
NATIONAL AUSTRALIA BANK,NATIONAL AUST BANK,87.8048780487805,1,564
McBain Family Trust,McBain Family Trust,100.0,7,566
McBain Family Trust,McBaiin Family Trust,97.43589743589743,1,566
McBain Family Trust,King Family Trust,83.33333333333334,1,567
McBain Family Trust,Morrison Family Trust,80.0,4,568
Maurice Blackburn Pty Ltd,Maurice Blackburn Pty Ltd,100.0,7,570
Maurice Blackburn Pty Ltd,Maurice Blackburn,80.95238095238095,2,570
Macquarie Group,Macquarie Group,100.0,7,572
Macquarie Group,Macquarie Group Ltd,88.23529411764706,6,572
Macquarie Group,Macquarie Group ltd,88.23529411764706,1,573
Macquarie Group,Macquarie Group (MQG),83.33333333333334,1,574
Lion Co,Lion Co,100.0,7,576
Lion Co,Lion Co.,93.33333333333333,2,576
Lion Co,Lions Co,93.33333333333333,1,577
Insurance Australia Group,Insurance Australia Group,100.0,7,579
Insurance Australia Group,Insurance Group Australia,100.0,3,579
Insurance Australia Group,Insurance Australia Group (IAG),89.28571428571429,2,580
Insurance Australia Group,Insurance Australia,86.36363636363636,2,581
Insurance Australia Group,Insurance Australia Group Limited,86.20689655172413,1,582
Insurance Australia Group,Australian Insurance,84.44444444444444,1,583
Insurance Australia Group,Australian Industry Group,80.0,1,584
Hancock Prospecting,Hancock Prospecting,100.0,7,586
Hancock Prospecting,Hancock Prospecting Pty Ltd,82.6086956521739,1,586
Fortescue Metals Group,Fortescue Metals Group,100.0,7,588
Fortescue Metals Group,Fortescue Metals Grp Ltd,86.95652173913044,3,588
Fortescue Metals Group,Fortescue Metals Group Limited,84.61538461538461,1,589
Fortescue Metals Group,Fortescue Metals Group (ASX: FMG),80.0,1,590
Football Federation Australia,Football Federation Australia,100.0,7,592
Football Federation Australia,Football Federation of Australia,95.08196721311475,1,592
Country Mile Superannuation Pty Ltd,Country Mile Superannuation Pty Ltd,100.0,7,594
Country Mile Superannuation Pty Ltd,"Country Mile Superannuation Pty Ltd, ACGee Pty Ltd",82.35294117647058,1,594
Conventions Queensland Pty Ltd,Conventions Queensland Pty Ltd,100.0,7,596
Conventions Queensland Pty Ltd,Conventions Queensland Pty ltd,86.66666666666667,1,596
Centre for Independent Studies,Centre for Independent Studies,100.0,7,598
Centre for Independent Studies,Centre of Independent Studies,94.91525423728814,3,598
Centre for Independent Studies,The Centre for Independent Studies,93.75,1,599
Centre for Independent Studies,Centre for Independent Studies (CIS),90.9090909090909,1,600
Bendigo and Adelaide Bank,Bendigo and Adelaide Bank,100.0,7,602
Bendigo and Adelaide Bank,Bendigo Adelaide Bank,91.30434782608697,3,602
Bendigo and Adelaide Bank,Adelaide Bendigo Bank,91.30434782608697,2,603
Bendigo and Adelaide Bank,Bendigo/ Adelaide Bank,89.36170212765957,4,604
Bendigo and Adelaide Bank,Bendigo and Adelaide Bank and Westpac,80.64516129032258,1,605
Australian Workers Union,Australian Workers Union,100.0,7,607
Australian Workers Union,Australian Workers' Union,97.95918367346938,4,607
Australian Workers Union,The Australian Workers' Union,90.56603773584906,2,608
Australian Workers Union,Australian Workers Union (WA),90.56603773584906,2,609
Australian Workers Union,"ALP, Australian Workers Union",90.56603773584906,1,610
Australian Workers Union,Australian Workers Union (QLD),88.88888888888889,1,611
Australian Workers Union,Member - Australian Workers Union,84.21052631578947,1,612
Australian Workers Union,Transport Workers Union of Australia,80.0,1,613
Australian Strategic Policy Institute,Australian Strategic Policy Institute,100.0,7,615
Australian Strategic Policy Institute,Australian Strategic Policy Institute (ASPI),91.35802469135803,1,615
Australian Rugby Union,Australian Rugby Union,100.0,7,617
Australian Rugby Union,Australian Rugby Union LTD,91.66666666666666,1,617
Australian Rugby Union,Australian Rugby Union; KPMG,88.0,1,618
Australian Rugby Union,Australian Rugby Union (ARU),88.0,1,619
Australian Rugby Union,Australian Rugby Union Limited,84.61538461538461,1,620
Australian Rugby Union,Rugby Australia,81.08108108108108,5,621
Australian Foundation Investment Company Ltd,Australian Foundation Investment Company Ltd,100.0,7,623
Australian Foundation Investment Company Ltd,Australia Foundation Investment Company Ltd,98.85057471264368,1,623
Australian Foundation Investment Company Ltd,Australian Foundation Investment Company,95.23809523809523,4,624
Australian Foundation Investment Company Ltd,Australian Foundation Investment Corp,88.88888888888889,1,625
AMP Bank,AMP Bank,100.0,7,627
AMP Bank,AMP Bank Ltd,80.0,4,627
Wilcrow Pty Limited,Wilcrow Pty Limited,100.0,6,629
Wilcrow Pty Limited,Wilcrow Pty Ltd,88.23529411764706,3,629
WESFARMERS,WESFARMERS,100.0,6,631
WESFARMERS,WESFARMER,94.73684210526316,1,631
V8 Supercars,V8 Supercars,100.0,6,633
V8 Supercars,Supercars,85.71428571428572,1,633
Taiwanese Ministry of Foreign Affairs,Taiwanese Ministry of Foreign Affairs,100.0,6,635
Taiwanese Ministry of Foreign Affairs,Taiwan Ministry for Foreign Affairs,91.66666666666666,1,635
Taiwanese Ministry of Foreign Affairs,Qatari Ministry of Foreign Affairs,84.50704225352112,2,636
Taiwanese Ministry of Foreign Affairs,Ministry of Foreign Affairs Singapore,83.78378378378379,2,637
Taiwanese Ministry of Foreign Affairs,Singapore Ministry of Foreign Affairs,83.78378378378379,1,638
Taiwanese Ministry of Foreign Affairs,Ministry of Foreign Affairs in Japan,82.1917808219178,1,639
Taiwanese Ministry of Foreign Affairs,Timor-Leste Minister for Foreign Affairs,80.51948051948052,3,640
TEMPLEMORE INVESTMENTS,TEMPLEMORE INVESTMENTS,100.0,6,642
TEMPLEMORE INVESTMENTS,TEMPLEMORE INVESTMENTS PTY LTD,84.61538461538461,2,642
Superannuation,Superannuation,100.0,6,644
Superannuation,AMP Superannuation,87.5,2,644
Superannuation,PSS Superannuation,87.5,1,645
Superannuation,Superannuation Fund,84.84848484848484,4,646
Superannuation,Superannuation fund,84.84848484848484,2,647
Superannuation,REST Superannuation,84.84848484848484,2,648
Superannuation,Rest Superannuation,84.84848484848484,1,649
Superannuation,Plum Superannuation,84.84848484848484,1,650
Superannuation,KPMG Superannuation,84.84848484848484,1,651
Superannuation,M.L.C Superannuation,82.35294117647058,2,652
Superannuation,North Superannuation,82.35294117647058,1,653
Superannuation,HESTA superannuation,82.35294117647058,1,654
Superannuation,HESTA Superannuation,82.35294117647058,1,655
Superannuation,Superannuation - SMSF,80.0,1,656
Superannuation,Nestle Superannuation,80.0,1,657
Superannuation,Hesta Superannuation.,80.0,1,658
Superannuation,A Superannuation Fund,80.0,1,659
Ski Club of Australia,Ski Club of Australia,100.0,6,661
Ski Club of Australia,Ski Club of Australia Committee,80.76923076923077,1,661
Santos Ltd,Santos Ltd,100.0,6,663
Santos Ltd,Santos Limited,83.33333333333334,4,663
Santos Ltd,Santos P/L,80.0,1,664
SJ Irons Superannuation Fund,SJ Irons Superannuation Fund,100.0,6,666
SJ Irons Superannuation Fund,Hogan Superannuation Fund,83.01886792452831,3,666
SJ Irons Superannuation Fund,Marino Superannuation Fund,81.4814814814815,1,667
SJ Irons Superannuation Fund,Indinup Superannuation Fund,80.0,2,668
RHT Investments (Qld) P/L,RHT Investments (Qld) P/L,100.0,6,670
RHT Investments (Qld) P/L,RHT Investment (Qld) P/L,97.95918367346938,1,670
RHT Investments (Qld) P/L,RHT Investments (QId) P/L,96.0,1,671
Primary Health Care Ltd,Primary Health Care Ltd,100.0,6,673
Primary Health Care Ltd,Primary Health Care,90.47619047619048,1,673
Primary Health Care Ltd,Ramsay Health Care Ltd,84.44444444444444,1,674
Panther Enterprises Pty Ltd,Panther Enterprises Pty Ltd,100.0,6,676
Panther Enterprises Pty Ltd,Oligarch Enterprises Pty Ltd,80.0,6,676
NSW Bar Association,NSW Bar Association,100.0,6,678
NSW Bar Association,WA Bar Association,91.89189189189189,1,678
"NAB, Westpac","NAB, Westpac",100.0,6,680
"NAB, Westpac","Westpac, NAB",91.66666666666666,2,680
"NAB, Westpac",Westpac NATB,91.66666666666666,1,681
"NAB, Westpac","CBA, Westpac",83.33333333333334,2,682
"NAB, Westpac",NAB and Westpac,81.4814814814815,4,683
"NAB, Westpac",Westpac and NAB,81.4814814814815,2,684
Mr Nev Power,Mr Nev Power,100.0,6,686
Mr Nev Power,Nev Power,85.71428571428572,2,686
Mr Nev Power,Mr Neville Power,85.71428571428572,1,687
McGrath Foundation,McGrath Foundation,100.0,6,689
McGrath Foundation,Pratt Foundation,82.35294117647058,1,689
Manuela Zappacosta,Manuela Zappacosta,100.0,6,691
Manuela Zappacosta,Manuela Zappacosta (spouse),80.0,1,691
Maitland Superstore Pty Ltd,Maitland Superstore Pty Ltd,100.0,6,693
Maitland Superstore Pty Ltd,Maitland Superstore Pty Ltd No 2 Trust,83.07692307692307,1,693
Leander Holdings PTY LTD,Leander Holdings PTY LTD,100.0,6,695
Leander Holdings PTY LTD,Leander Holdings,80.0,2,695
"Kingston, ACT","Kingston, ACT",100.0,6,697
"Kingston, ACT",Kingston ACT 2604,80.0,1,697
Heritage Building Society,Heritage Building Society,100.0,6,699
Heritage Building Society,Hume Building Society,82.6086956521739,5,699
Heritage Building Society,Home Building Society,82.6086956521739,1,700
Gold Coast Suns,Gold Coast Suns,100.0,6,702
Gold Coast Suns,Sports Gold Coast,81.25,1,702
Gold Coast Suns,Gold Coast Titans,81.25,1,703
Gold Coast Suns,Gold Coast,80.0,2,704
Former Origin Greats (FOGS),Former Origin Greats (FOGS),100.0,6,706
Former Origin Greats (FOGS),Former Origin Greats (FOGs),96.2962962962963,1,706
Former Origin Greats (FOGS),Former Origin Greats,85.1063829787234,2,707
Endeavour Group,Endeavour Group,100.0,6,709
Endeavour Group,Endeavour Group Ltd,88.23529411764706,4,709
Eight H Pty Ltd,Eight H Pty Ltd,100.0,6,711
Eight H Pty Ltd,Eight H Pty Ltd.,96.7741935483871,2,711
Crop Life,Crop Life,100.0,6,713
Crop Life,Croplife,82.35294117647058,4,713
Chevron Australia,Chevron Australia,100.0,6,715
Chevron Australia,Chevron Australia Pty Ltd,80.95238095238095,2,715
CSL Ltd,CSL Ltd,100.0,6,717
CSL Ltd,CSR Ltd,85.71428571428572,3,717
CE & TS Boyce Family Trust,CE & TS Boyce Family Trust,100.0,6,719
CE & TS Boyce Family Trust,TS Boyce Family Trust,89.36170212765957,1,719
C & NB Marino,C & NB Marino,100.0,6,721
C & NB Marino,C+ NB Marino,88.0,1,721
Buchholz Dowling Unit Trust,Buchholz Dowling Unit Trust,100.0,6,723
Buchholz Dowling Unit Trust,Buchholz Dowling Family Unit Trust,88.52459016393442,1,723
Bravus Mining,Bravus Mining,100.0,6,725
Bravus Mining,Bravus Mine,83.33333333333334,1,725
Bluescope Steel Ltd,Bluescope Steel Ltd,100.0,6,727
Bluescope Steel Ltd,Bluescope Steel,88.23529411764706,3,727
Bell Shakespeare,Bell Shakespeare,100.0,6,729
Bell Shakespeare,Bell Shakespeare Company,80.0,2,729
Australian Turf Club,Australian Turf Club,100.0,6,731
Australian Turf Club,The Australian Club,87.17948717948718,1,731
Australian Labor Party (WA Branch),Australian Labor Party (WA Branch),100.0,6,733
Australian Labor Party (WA Branch),Australian Labor Party (SA Branch),97.05882352941177,2,733
Australian Labor Party (WA Branch),Australian Labor Party (NSW) Branch,92.7536231884058,3,734
Australian Institute of Management,Australian Institute of Management,100.0,6,736
Australian Institute of Management,Australian Institute of Management (WA),93.15068493150685,1,736
Australian Institute of Management,Melanoma Institute of Australia,83.07692307692307,1,737
Australian Institute of Management,Planning Institute of Australia,80.0,2,738
Australian Institute of Management,Tax Institute of Australia,80.0,1,739
Argo Investments,Argo Investments,100.0,6,741
Argo Investments,Argo Investments Ltd,88.88888888888889,2,741
Argo Investments,Argo Investments (ARG),84.21052631578947,1,742
Argo Investments,Investments,81.4814814814815,2,743
Argo Investments,ARGO Investments,81.25,1,744
World Hellenic Inter-Parliamentary Association,World Hellenic Inter-Parliamentary Association,100.0,5,746
World Hellenic Inter-Parliamentary Association,World Hellenic Interparliamentary Association,96.7032967032967,2,746
Western Bulldogs,Western Bulldogs,100.0,5,748
Western Bulldogs,Western Bulldogs FC,91.42857142857143,1,748
Western Bulldogs,AFL Western Bulldogs,88.88888888888889,1,749
WOOLWORTHS,WOOLWORTHS,100.0,5,751
WOOLWORTHS,WOOLWORTHS LTD,83.33333333333334,1,751
Virgin Velocity,Virgin Velocity,100.0,5,753
Virgin Velocity,Virgin Velocity Club,85.71428571428572,3,753
Victorian Farmers Federation,Victorian Farmers Federation,100.0,5,755
Victorian Farmers Federation,Victoria Farmers Federation,98.18181818181819,1,755
Victorian Farmers Federation,National Farmers Federation,80.0,5,756
United Workers Union,United Workers Union,100.0,5,758
United Workers Union,United Workers' Union,97.5609756097561,1,758
United Services Union,United Services Union,100.0,5,760
United Services Union,"ALP, United Services Union",89.36170212765957,1,760
Turkish Government,Turkish Government,100.0,5,762
Turkish Government,Turkisti Government,91.89189189189189,1,762
Toll Holdings,Toll Holdings,100.0,5,764
Toll Holdings,Tellus Holdings,85.71428571428572,1,764
The Star,The Star,100.0,5,766
The Star,The Bar,80.0,1,766
The Arts Centre Gold Coast,The Arts Centre Gold Coast,100.0,5,768
The Arts Centre Gold Coast,The Gold Coast Arts Centre,100.0,1,768
The Arts Centre Gold Coast,"The Arts Centre, Gold Coast",98.11320754716981,1,769
The Arts Centre Gold Coast,Gold Coast Arts Centre,91.66666666666666,3,770
TehanTrade Pty Ltd,TehanTrade Pty Ltd,100.0,5,772
TehanTrade Pty Ltd,TehanTrade Pty Ptd,94.44444444444444,1,772
TD Bank,TD Bank,100.0,5,774
TD Bank,PTN Bank,80.0,1,774
Sydney FC,Sydney FC,100.0,5,776
Sydney FC,Sydney,80.0,2,776
Sydney FC,PACA Sydney,80.0,1,777
Swanridge Family Trust,Swanridge Family Trust,100.0,5,779
Swanridge Family Trust,Senga Family Trust,80.0,3,779
Suncorp Metway,Suncorp Metway,100.0,5,781
Suncorp Metway,Suncorp MetwayLimited,80.0,1,781
St George Football Association,St George Football Association,100.0,5,783
St George Football Association,St George Football Assc,86.79245283018868,1,783
Sportsbet,Sportsbet,100.0,5,785
Sportsbet,Sportingbet,80.0,1,785
SkinB5 Pty Ltd,SkinB5 Pty Ltd,100.0,5,787
SkinB5 Pty Ltd,SkinB5 Pty Btd,92.85714285714286,1,787
SkinB5 Pty Ltd,SkinB5 Pty. Itd.,86.66666666666667,1,788
SkinB5 Pty Ltd,SB Pty Ltd,83.33333333333334,3,789
Seven Network,Seven Network,100.0,5,791
Seven Network,Network Seven,100.0,2,791
Seven Network,The Seven Network,86.66666666666667,2,792
Seven Network,Ten Network,83.33333333333334,1,793
Seven Network,Network Ten,83.33333333333334,1,794
Scentre Group,Scentre Group,100.0,5,796
Scentre Group,Scentre Grp,91.66666666666666,1,796
Samuel Griffith Society,Samuel Griffith Society,100.0,5,798
Samuel Griffith Society,Samuel Griffiths Society,97.87234042553192,1,798
Salesforce,Salesforce,100.0,5,800
Salesforce,Salesforce Ltd,83.33333333333334,1,800
Royal Australasian College of Physicians,Royal Australasian College of Physicians,100.0,5,802
Royal Australasian College of Physicians,Royal Australian College of Physicians,97.43589743589743,1,802
Rex Airlines,Rex Airlines,100.0,5,804
Rex Airlines,Nexus Airlines,84.61538461538461,1,804
ROBERT INVESTMENT HOUSE PTY LTD,ROBERT INVESTMENT HOUSE PTY LTD,100.0,5,806
ROBERT INVESTMENT HOUSE PTY LTD,ROBERT INVESTMENT PTY LTD,89.28571428571429,1,806
Queensland Cricket,Queensland Cricket,100.0,5,808
Queensland Cricket,Cricket Queensland,100.0,1,808
Queensland Cricket,Queensland Cricketers Club,81.81818181818181,1,809
Pokana Pty Limited,Pokana Pty Limited,100.0,5,811
Pokana Pty Limited,Pokana Pty Ltd,87.5,1,811
Perth Writers Festival,Perth Writers Festival,100.0,5,813
Perth Writers Festival,Sydney Writers Festival,80.0,1,813
Pengana Capital Investments,Pengana Capital Investments,100.0,5,815
Pengana Capital Investments,MFF Capital Investments,80.0,3,815
News Limited,News Limited,100.0,5,817
News Limited,News Cimited,91.66666666666666,1,817
News Limited,News Ltd,80.0,1,818
National Seniors Australia,National Seniors Australia,100.0,5,820
National Seniors Australia,Australian National University,82.14285714285714,1,820
National Seniors Australia,National Australia bank,81.63265306122449,1,821
Mineralogy Pty Ltd,Mineralogy Pty Ltd,100.0,5,823
Mineralogy Pty Ltd,Melo Pty Ltd,80.0,3,823
Melbourne University Publishing,Melbourne University Publishing,100.0,5,825
Melbourne University Publishing,Monash University Publishing,84.7457627118644,1,825
Melbourne University Publishing,Melbourne uni Publishing,83.63636363636364,1,826
Melbourne University Publishing,Melbourne University Press,80.70175438596492,1,827
McKinnon Institute,McKinnon Institute,100.0,5,829
McKinnon Institute,Mckinnon Institute,94.44444444444444,1,829
McKinnon Institute,Mc Kinnon Institute,86.48648648648648,1,830
McKinnon Institute,"ASTRA, McKinnon Institute",83.72093023255813,1,831
Macedon Ranges Shire Council,Macedon Ranges Shire Council,100.0,5,833
Macedon Ranges Shire Council,Macedon Ranges Shire,83.33333333333334,1,833
Life Education,Life Education,100.0,5,835
Life Education,Life Education NSW,87.5,2,835
Liberal Party,Liberal Party,100.0,5,837
Liberal Party,Liberal Party of WA,81.25,3,837
Kooyong Tennis Club,Kooyong Tennis Club,100.0,5,839
Kooyong Tennis Club,Kooyong Lawn Tennis Club,88.37209302325581,4,839
Kooyong Tennis Club,Kooyong Classic Tennis,82.92682926829268,1,840
Johnson & Johnson,Johnson & Johnson,100.0,5,842
Johnson & Johnson,Johnson and Johnson,83.33333333333334,1,842
JJ & AC McVeigh Family Discretionary Trust,JJ & AC McVeigh Family Discretionary Trust,100.0,5,844
JJ & AC McVeigh Family Discretionary Trust,JJ & AC McVeigh Family Discretionary Trust.,98.82352941176471,2,844
JJ & AC McVeigh Family Discretionary Trust,JJ & AC McVeigh Family Discretionary Trusty,98.82352941176471,1,845
"Intercontinental Hotel, Sydney","Intercontinental Hotel, Sydney",100.0,5,847
"Intercontinental Hotel, Sydney",Intercontinental Hotel,84.61538461538461,2,847
"Intercontinental Hotel, Sydney",Intercontinental Hotel Madrid,81.35593220338984,1,848
"Intercontinental Hotel, Sydney","InterContinental Hotel, Perth",81.35593220338984,1,849
Howarth Family Trust,Howarth Family Trust,100.0,5,851
Howarth Family Trust,Lord Family Trust,81.08108108108108,1,851
Hi Tech Products Pty Ltd,Hi Tech Products Pty Ltd,100.0,5,853
Hi Tech Products Pty Ltd,Hi Tech Products,80.0,1,853
Harold Mitchell,Harold Mitchell,100.0,5,855
Harold Mitchell,Harold Mitchell AC,90.9090909090909,1,855
Gundary Rural Fire Brigade,Gundary Rural Fire Brigade,100.0,5,857
Gundary Rural Fire Brigade,Gundary rural Fire Brigade,96.15384615384616,1,857
Gundary Rural Fire Brigade,Goulburn Rural Fire Brigade,83.01886792452831,2,858
Growth Farms Pty Ltd,Growth Farms Pty Ltd,100.0,5,860
Growth Farms Pty Ltd,Banksia Growth Pty Ltd,80.95238095238095,1,860
Growth Farms Pty Ltd,Growth Farms Australia Pty Ltd,80.0,1,861
Emily's List Australia,Emily's List Australia,100.0,5,863
Emily's List Australia,EMILY's List Australia,81.81818181818181,3,863
Elouera Surf Life Saving Club,Elouera Surf Life Saving Club,100.0,5,865
Elouera Surf Life Saving Club,Cronulla Surf Life Saving Club,84.7457627118644,3,865
Elouera Surf Life Saving Club,Coolum Surf Life Saving Club,84.21052631578947,1,866
Ellis Foster McVeigh (QLD) Pty Ltd,Ellis Foster McVeigh (QLD) Pty Ltd,100.0,5,868
Ellis Foster McVeigh (QLD) Pty Ltd,Ellis Foster McVeigh Pty Ltd,90.32258064516128,1,868
Dutton Holdings (Qld) P/L,Dutton Holdings (Qld) P/L,100.0,5,870
Dutton Holdings (Qld) P/L,Dutton Holdings (QLD) P/L,92.0,1,870
Diageo Australia,Diageo Australia,100.0,5,872
Diageo Australia,Diageo Australia.,96.96969696969697,2,872
Diageo Australia,Diabetes Australia,82.35294117647058,1,873
David + Charlotte Gillespie Family Trust,David + Charlotte Gillespie Family Trust,100.0,5,875
David + Charlotte Gillespie Family Trust,David & Charlotte Gillespie Family Trust,97.5,1,875
Capital Finance,Capital Finance,100.0,5,877
Capital Finance,Capita Finance,96.55172413793103,1,877
Cabonne Council,Cabonne Council,100.0,5,879
Cabonne Council,Cancer Council,82.75862068965517,2,879
Bond University,Bond University,100.0,5,881
Bond University,Monash University,81.25,1,881
Barton ACT,Barton ACT,100.0,5,883
Barton ACT,"Barton, ACT",95.23809523809523,1,883
Australian Unity,Australian Unity,100.0,5,885
Australian Unity,Australian Unity Ltd,88.88888888888889,1,885
Australian Unity,Australian Military,80.0,2,886
Australian Taxation Office,Australian Taxation Office,100.0,5,888
Australian Taxation Office,Australian Tax Office,89.36170212765957,1,888
Australian Pork Limited,Australian Pork Limited,100.0,5,890
Australian Pork Limited,Australian Port Limited (APL),84.61538461538461,3,890
Australian Palestinian Advocacy Network,Australian Palestinian Advocacy Network,100.0,5,892
Australian Palestinian Advocacy Network,The Australian Palestinian Advocacy Network,95.1219512195122,2,892
Australian Palestinian Advocacy Network,Australia Palestine Advocacy Network,93.33333333333333,1,893
Australian Hotels Association,Australian Hotels Association,100.0,5,895
Australian Hotels Association,Australian Hotel Association,98.24561403508771,1,895
Australian Hotels Association,Australian Hotel Assocation,96.42857142857143,1,896
Australian Hotels Association,Australian Hotels Association SA Branch,85.29411764705883,1,897
Australian Hotels Association,Australian Retailers Association,85.24590163934427,1,898
Australian Hotels Association,Australian Medical Association,84.7457627118644,2,899
Australian Hotels Association,Australian Netball Association,84.7457627118644,1,900
Australian Hotels Association,Australian Brewers Association,84.7457627118644,1,901
Australian Hotels Association,Australian Distillers Association,83.87096774193549,2,902
Australian Hotels Association,Australian Bar Association,83.63636363636364,2,903
Australian Hotels Association,Australian Quarter Horse Association,83.07692307692307,1,904
Australian Hotels Association,Australia Festival Association,81.35593220338984,1,905
Australian Hotels Association,Australian Automobile Association,80.64516129032258,3,906
Australian Hotels Association,Australian Veterinary Association,80.64516129032258,1,907
Australian Hotels Association,Australasian Railways Association,80.64516129032258,1,908
Australia/Israel & Jewish Affairs Council (AIJAC),Australia/Israel & Jewish Affairs Council (AIJAC),100.0,5,910
Australia/Israel & Jewish Affairs Council (AIJAC),Australia/Israel Jewish Affairs Council (AIJAC),97.91666666666666,2,910
Australia/Israel & Jewish Affairs Council (AIJAC),Australian/Israel and Jewish Affairs Council (AIJAC),93.06930693069306,3,911
Australia/Israel & Jewish Affairs Council (AIJAC),Australia/Israel & Jewish Affairs Council,91.11111111111111,5,912
Australia/Israel & Jewish Affairs Council (AIJAC),Australian/Israel & Jewish Affairs Council,90.10989010989012,1,913
Australia/Israel & Jewish Affairs Council (AIJAC),Australia/Israel Jewish Affairs Council,88.63636363636364,2,914
Australia/Israel & Jewish Affairs Council (AIJAC),The Australia/Israel & Jewish Affairs Council,87.2340425531915,1,915
Australia/Israel & Jewish Affairs Council (AIJAC),Australian Israel & Jewish Affairs Council (AIJAC),84.84848484848484,1,916
Australia/Israel & Jewish Affairs Council (AIJAC),Australia/Israel and Jewish Affairs Council,84.78260869565217,3,917
Australia/Israel & Jewish Affairs Council (AIJAC),Australian/Israel and Jewish Affairs Council,83.87096774193549,1,918
Australia/Israel & Jewish Affairs Council (AIJAC),Australian Israel Jewish Affairs Council (AIJAC),82.4742268041237,1,919
Australia/Israel & Jewish Affairs Council (AIJAC),AIJAC. Australia Israel Jewish Affairs Council,80.0,1,920
Austar,Austar,100.0,5,922
Austar,Auster,83.33333333333334,1,922
Albany WA,Albany WA,100.0,5,924
Albany WA,Albany,80.0,1,924
Adelaide Festival Centre,Adelaide Festival Centre,100.0,5,926
Adelaide Festival Centre,Adelaide Festival Board,80.85106382978724,2,926
AMP Limited,AMP Limited,100.0,5,928
AMP Limited,AWB Limited,81.81818181818181,4,928
AMP Limited,Amp Limited,81.81818181818181,1,929
ACG Superannuation Fund,ACG Superannuation Fund,100.0,5,931
ACG Superannuation Fund,AMP Superannuation Fund,91.30434782608697,1,931
ACG Superannuation Fund,AMVZ Superannuation Fund,89.36170212765957,4,932
ACG Superannuation Fund,Belle Superannuation Fund,83.33333333333334,4,933
ACG Superannuation Fund,XAI Superannuation Fund,82.6086956521739,2,934
ACG Superannuation Fund,Superannuation Fund (SMSF),81.63265306122449,2,935
ACG Superannuation Fund,A McVeigh Superannuation Fund,80.76923076923077,3,936
iShares S,iShares S,100.0,4,938
iShares S,iShare S,94.11764705882352,1,938
Zappacosta Jewels Pty Ltd,Zappacosta Jewels Pty Ltd,100.0,4,940
Zappacosta Jewels Pty Ltd,Zappacosta Jewels,80.95238095238095,2,940
Virgin Club Membership,Virgin Club Membership,100.0,4,942
Virgin Club Membership,Membership of Virgin Club,93.61702127659575,2,942
Virgin Club Membership,Virgin Blue Club Membership,89.79591836734694,1,943
Virgin Club Membership,Membership - Virgin Velocity Club,80.0,1,944
Virgin Australia Airlines,Virgin Australia Airlines,100.0,4,946
Virgin Australia Airlines,Virgin Australia Airlines PtyLtd,87.71929824561404,1,946
Virgin - The Club,Virgin - The Club,100.0,4,948
Virgin - The Club,Virgin's The Club,88.23529411764706,3,948
Virgin - The Club,The Club at Virgin,85.71428571428572,1,949
Victorian Government,Victorian Government,100.0,4,951
Victorian Government,Victorian State Government,86.95652173913044,2,951
Victorian Government,Mauritian Government,80.0,1,952
Venice Ice Pty Ltd,Venice Ice Pty Ltd,100.0,4,954
Venice Ice Pty Ltd,Venice Ice Pty Limited,90.0,4,954
Vanguard Index Property Securities Fund,Vanguard Index Property Securities Fund,100.0,4,956
Vanguard Index Property Securities Fund,Vanguard Property Securities Index Fund,100.0,1,956
Vanguard Index Property Securities Fund,Vanguard W'sale Australian Property Securities Index Fund,81.25,1,957
Van Manen Family Superannuation Fund,Van Manen Family Superannuation Fund,100.0,4,959
Van Manen Family Superannuation Fund,Van Mannen Family Super Fund,84.375,2,959
Transurban,Transurban,100.0,4,961
Transurban,Trans urban,95.23809523809523,1,961
Toowoomba Express Couriers Pty Ltd,Toowoomba Express Couriers Pty Ltd,100.0,4,963
Toowoomba Express Couriers Pty Ltd,Toowoomba Express Couriers Ltd,93.75,4,963
Toowoomba Express Couriers Pty Ltd,Toowoomba Express Couriers Pty ltd,88.23529411764706,2,964
The Law Society of Western Australia,The Law Society of Western Australia,100.0,4,966
The Law Society of Western Australia,The Law Society of Western Australia Inc,94.73684210526316,1,966
The Law Society of Western Australia,Law Society of Western Australia,94.11764705882352,4,967
The Law Society of Western Australia,The Law Society of Western Australia Inc.,93.5064935064935,1,968
The J. Centenera Family Trust,The J. Centenera Family Trust,100.0,4,970
The J. Centenera Family Trust,The Centenera Family Trust,94.54545454545455,3,970
TehanTrade,TehanTrade,100.0,4,972
TehanTrade,Tehan Trade,95.23809523809523,2,972
Sydney Airport,Sydney Airport,100.0,4,974
Sydney Airport,Sydney Airport Ltd,87.5,1,974
Sydney Airport,Sydney Airport Staple,80.0,1,975
Spouse/partner,Spouse/partner,100.0,4,977
Spouse/partner,Spouse/Partner,92.85714285714286,1,977
Sonic Healthcare Ltd,Sonic Healthcare Ltd,100.0,4,979
Sonic Healthcare Ltd,Sonic Healthcare Limited,90.9090909090909,3,979
Sonic Healthcare Ltd,Sonic Healthcare,88.88888888888889,2,980
Somerton Surf Life Saving Club,Somerton Surf Life Saving Club,100.0,4,982
Somerton Surf Life Saving Club,Stockton Surf Life Saving Club,90.0,1,982
Somerton Surf Life Saving Club,Southport Surf Life Saving Club,85.24590163934427,2,983
Somerton Surf Life Saving Club,Scarborough Surf Life Saving Club,82.53968253968253,3,984
Somerton Surf Life Saving Club,Lorne Surf Lifesaving Club,82.14285714285714,1,985
Scarborough WA,Scarborough WA,100.0,4,987
Scarborough WA,"Scarborough, WA",96.55172413793103,1,987
Scarborough WA,Scarborough,88.0,1,988
Sarina Russo,Sarina Russo,100.0,4,990
Sarina Russo,Sarina Russo Group,80.0,1,990
Royal Australian Mint,Royal Australian Mint,100.0,4,992
Royal Australian Mint,The Royal Australian Mint,91.30434782608697,1,992
Rowing Australia,Rowing Australia,100.0,4,994
Rowing Australia,Australian Canoeing,80.0,1,994
Riviera Super Pty Ltd,Riviera Super Pty Ltd,100.0,4,996
Riviera Super Pty Ltd,Riviera Super Pty Ltd (Trustee),80.76923076923077,2,996
RHT Family Trust,RHT Family Trust,100.0,4,998
RHT Family Trust,JRJM Family Trust,84.84848484848484,2,998
RHT Family Trust,Ramsey Family Trust,80.0,3,999
RHT Family Trust,JD Hay Family Trust,80.0,3,1000
RHT Family Trust,The FW Family Trust,80.0,2,1001
Qantas Money,Qantas Money,100.0,4,1003
Qantas Money,Qantas Lounge,80.0,2,1003
QHF Properties Pty Ltd,QHF Properties Pty Ltd,100.0,4,1005
QHF Properties Pty Ltd,QHF Properties Pty Ltd.,97.77777777777777,1,1005
QHF Properties Pty Ltd,QUF Properties Pty Ltd,95.45454545454545,1,1006
QHF Properties Pty Ltd,OAG Properties Pty Ltd,81.81818181818181,2,1007
QHF Properties Pty Ltd,QHF Properties Pty Ltd Unit Trust,80.0,2,1008
QHF Properties Pty Ltd,Peak Properties Pty Ltd,80.0,2,1009
QHF Properties Pty Ltd,JSTW Properties Pty Ltd,80.0,2,1010
QHF Properties Pty Ltd,Ezra Properties Pty Ltd,80.0,1,1011
President of Indonesia,President of Indonesia,100.0,4,1013
President of Indonesia,President of India,90.0,1,1013
Port Macquarie,Port Macquarie,100.0,4,1015
Port Macquarie,Port Macquarie NSW,87.5,3,1015
Platinum International Fund,Platinum International Fund,100.0,4,1017
Platinum International Fund,Platinum International,89.79591836734694,2,1017
Platinum International Fund,Platinum International Brands Fund,88.52459016393442,4,1018
Platinum International Fund,Platinum InternationalFund,83.01886792452831,1,1019
Platinum International Fund,Plan International,80.0,1,1020
Phosphate Resources,Phosphate Resources,100.0,4,1022
Phosphate Resources,Phosphate Resources Ltd,90.47619047619048,1,1022
Perpetual,Perpetual,100.0,4,1024
Perpetual,Perpetual Ltd,81.81818181818181,3,1024
Perpetual,Perpetual ltd,81.81818181818181,1,1025
Partners Pty Limited,Partners Pty Limited,100.0,4,1027
Partners Pty Limited,Maurtray Pty Limited,80.0,1,1027
Parliament of Azerbaijan,Parliament of Azerbaijan,100.0,4,1029
Parliament of Azerbaijan,Parliament of Australia,80.85106382978724,1,1029
Pacific Friends of the Global Fund,Pacific Friends of the Global Fund,100.0,4,1031
Pacific Friends of the Global Fund,Pacific Friends of The Global Fund,88.23529411764706,1,1031
PMZF Pearl Super Pty Ltd,PMZF Pearl Super Pty Ltd,100.0,4,1033
PMZF Pearl Super Pty Ltd,PFMZ Pearl Super Pty Ltd,95.83333333333334,1,1033
PMZF Pearl Super Pty Ltd,PMZF Pearl Super Pty Limited,92.3076923076923,1,1034
O'Dowd Investments Pty Ltd,O'Dowd Investments Pty Ltd,100.0,4,1036
O'Dowd Investments Pty Ltd,O'Dowd Investment Pty Ltd,98.0392156862745,1,1036
O'Dowd Investments Pty Ltd,OAG Investments Pty Ltd,85.71428571428572,2,1037
O'Dowd Investments Pty Ltd,KO'Dowd Investment Pty Ltd,80.76923076923077,1,1038
"O'Connor, ACT","O'Connor, ACT",100.0,4,1040
"O'Connor, ACT",O'Connor ACT,96.0,2,1040
Nine Entertainment,Nine Entertainment,100.0,4,1042
Nine Entertainment,Nine Entertainment Co,92.3076923076923,3,1042
Nine Entertainment,Nine Entertainment Company,81.81818181818181,1,1043
Newcastle Knights,Newcastle Knights,100.0,4,1045
Newcastle Knights,nib Newcastle Knights,89.47368421052632,1,1045
Newcastle Knights,Newcastle Knights Board,85.0,1,1046
"NAB, CBA","NAB, CBA",100.0,4,1048
"NAB, CBA",NAB & CBA,82.35294117647058,1,1048
MyState Financial,MyState Financial,100.0,4,1050
MyState Financial,My State Financial,97.14285714285714,1,1050
MyElectorate Pty Ltd,MyElectorate Pty Ltd,100.0,4,1052
MyElectorate Pty Ltd,MyElectorate Pty Ltd.,97.5609756097561,1,1052
Moroccan Government,Moroccan Government,100.0,4,1054
Moroccan Government,Government of Morocco,85.0,2,1054
Moroccan Government,Mongolian Government,82.05128205128204,1,1055
Moroccan Government,Local Government,80.0,1,1056
Mornington Golf Club,Mornington Golf Club,100.0,4,1058
Mornington Golf Club,Mornington Golf Course,85.71428571428572,1,1058
Menzies Research Centre,Menzies Research Centre,100.0,4,1060
Menzies Research Centre,The Menzies Research Centre Ltd.,83.63636363636364,1,1060
Melbourne Theatre Company,Melbourne Theatre Company,100.0,4,1062
Melbourne Theatre Company,Malthouse Theatre Company,84.0,1,1062
Melbourne Theatre Company,Subscriber Melbourne Theatre Company,81.9672131147541,1,1063
Melbourne Racing Club,Melbourne Racing Club,100.0,4,1065
Melbourne Racing Club,"PwC, Melbourne Racing Club",89.36170212765957,1,1065
Melbourne Racing Club,Melbourne Club,80.0,1,1066
Melbourne City FC,Melbourne City FC,100.0,4,1068
Melbourne City FC,Melbourne City,90.32258064516128,2,1068
Melbourne,Melbourne,100.0,4,1070
Melbourne,GMT Melbourne,81.81818181818181,1,1070
Malanda QLD,Malanda QLD,100.0,4,1072
Malanda QLD,"Malanda, QLD",95.65217391304348,2,1072
MM & RA COULTON,MM & RA COULTON,100.0,4,1074
MM & RA COULTON,MM and RA COULTON,81.25,2,1074
Live Sideways Pty Ltd trading as CycleStyle,Live Sideways Pty Ltd trading as CycleStyle,100.0,4,1076
Live Sideways Pty Ltd trading as CycleStyle,Live Sideways Pty Ltd trading at CycleStyle,97.67441860465115,1,1076
Korea Foundation,Korea Foundation,100.0,4,1078
Korea Foundation,Korean Foundation,96.96969696969697,1,1078
Korea Foundation,The Korea Foundation,88.88888888888889,1,1079
Korea Foundation,NK Foundation,82.75862068965517,2,1080
Korea Foundation,Heart Foundation,81.25,3,1081
"House, Leederville, Western Australia","House, Leederville, Western Australia",100.0,4,1083
"House, Leederville, Western Australia","House, Mindarie, Western Australia",84.50704225352112,2,1083
Hills Cattle Company Pty Ltd,Hills Cattle Company Pty Ltd,100.0,4,1085
Hills Cattle Company Pty Ltd,Glenapp Cattle Company Pty Ltd,82.75862068965517,1,1085
Harvey Norman Holdings Ltd,Harvey Norman Holdings Ltd,100.0,4,1087
Harvey Norman Holdings Ltd,Harvey Norman Holdings Limited,92.85714285714286,3,1087
Griffith ACT,Griffith ACT,100.0,4,1089
Griffith ACT,"Griffith, ACT",96.0,2,1089
Griffith ACT,Griffiths ACT,96.0,1,1090
Griffith ACT,Griffith,80.0,1,1091
Government of Azerbaijan,Government of Azerbaijan,100.0,4,1093
Government of Azerbaijan,Azerbaijan Government,93.33333333333333,2,1093
Gosford RSL Club,Gosford RSL Club,100.0,4,1095
Gosford RSL Club,Gosford RSL,81.4814814814815,1,1095
Gosford RSL Club,Gosford Racing Club,80.0,1,1096
GHD Pty Ltd,GHD Pty Ltd,100.0,4,1098
GHD Pty Ltd,BHP Pty Ltd,81.81818181818181,1,1098
Fremantle Football Club,Fremantle Football Club,100.0,4,1100
Fremantle Football Club,Fremantle City Football Club,90.19607843137256,1,1100
Fremantle Football Club,South Fremantle Football Club,88.46153846153845,1,1101
Fremantle Football Club,Frankston Football Club,82.6086956521739,4,1102
Fairwares Pty Ltd,Fairwares Pty Ltd,100.0,4,1104
Fairwares Pty Ltd,Fatimas Pty Ltd,81.25,1,1104
Evatt Foundation,Evatt Foundation,100.0,4,1106
Evatt Foundation,Ewald Foundation,81.25,1,1106
Evatt Foundation,Draft Foundation,81.25,1,1107
European Australian Business Council,European Australian Business Council,100.0,4,1109
European Australian Business Council,Europe Australia Business Council,95.65217391304348,1,1109
Department of Education,Department of Education,100.0,4,1111
Department of Education,WA Department of Education,93.87755102040816,2,1111
Department of Education,"Education Department, WA",89.36170212765957,1,1112
Department of Education,Dept. of Education,82.92682926829268,1,1113
Dennis and Cathy O'Toole,Dennis and Cathy O'Toole,100.0,4,1115
Dennis and Cathy O'Toole,Cathy & Dennis O'Toole,86.95652173913044,3,1115
Dairy Australia,Dairy Australia,100.0,4,1117
Dairy Australia,Australian Navy,80.0,1,1117
DDH Graham - Bank of QLD,DDH Graham - Bank of QLD,100.0,4,1119
DDH Graham - Bank of QLD,DDH Graham - Bank of Qld,91.66666666666666,1,1119
Currambine District Centre Two Unit Trust,Currambine District Centre Two Unit Trust,100.0,4,1121
Currambine District Centre Two Unit Trust,Currambine District Centre One Unit Trust,90.2439024390244,4,1121
Currambine District Centre Two Unit Trust,Currambine District Centre Two Pty Ltd,81.0126582278481,4,1122
Coutts-Trotter Family Trust,Coutts-Trotter Family Trust,100.0,4,1124
Coutts-Trotter Family Trust,Coutis-Trouter Family Trust,92.5925925925926,1,1124
Cornubia,Cornubia,100.0,4,1126
Cornubia,Cornica,80.0,1,1126
Constituent,Constituent,100.0,4,1128
Constituent,A constituent,83.33333333333334,1,1128
Clubs NSW,Clubs NSW,100.0,4,1130
Clubs NSW,ClubsNSW,94.11764705882352,2,1130
City of Sydney RSL,City of Sydney RSL,100.0,4,1132
City of Sydney RSL,City of Sydney RSL Club,87.8048780487805,1,1132
City of Sydney RSL,City of Sydney,87.5,1,1133
City of Sydney RSL,City of Ryde,80.0,1,1134
City Tattersalls Club,City Tattersalls Club,100.0,4,1136
City Tattersalls Club,2016 City Tattersalls Club,89.36170212765957,1,1136
City Tattersalls Club,City Tattersalls,86.48648648648648,1,1137
City Tattersalls Club,City Tattersalls Club (Silks),84.0,1,1138
Challenge,Challenge,100.0,4,1140
Challenge,Challenger,94.73684210526316,1,1140
Carlton & United Breweries,Carlton & United Breweries,100.0,4,1142
Carlton & United Breweries,Carlton and United Breweries,88.88888888888889,1,1142
Canberra Theatre,Canberra Theatre,100.0,4,1144
Canberra Theatre,Canberra Theatre Centre,82.05128205128204,1,1144
Canberra Theatre,Canberra Theatre Company,80.0,1,1145
CSL Limited,CSL Limited,100.0,4,1147
CSL Limited,CSL limited,90.9090909090909,1,1147
CSL Limited,Csl Limited,81.81818181818181,1,1148
CB Finance,CB Finance,100.0,4,1150
CB Finance,BMW Finance,85.71428571428572,2,1150
CB Finance,CMI Finance,85.71428571428572,1,1151
Bundaberg,Bundaberg,100.0,4,1153
Bundaberg,Bundaberg Rum,81.81818181818181,1,1153
Bonedale Pty Limited,Bonedale Pty Limited,100.0,4,1155
Bonedale Pty Limited,Bonalil Pty Limited,87.17948717948718,2,1155
Barranco,Barranco,100.0,4,1157
Barranco,Barranco P/L,80.0,1,1157
BankVic,BankVic,100.0,4,1159
BankVic,Bankvic,85.71428571428572,1,1159
Bank of Qld,Bank of Qld,100.0,4,1161
Bank of Qld,Bank of Qld Ltd,84.61538461538461,1,1161
Bank of Qld,Bank of QLD,81.81818181818181,4,1162
BL & BM Broadbent Drapers Pty Ltd,BL & BM Broadbent Drapers Pty Ltd,100.0,4,1164
BL & BM Broadbent Drapers Pty Ltd,BL & BM Broadbent Draperys Pty. Ltd,97.05882352941177,1,1164
BL & BM Broadbent Drapers Pty Ltd,BL & BM Broadbent Drapers Pty/Ltd,87.87878787878788,2,1165
Avondale Investment Trust,Avondale Investment Trust,100.0,4,1167
Avondale Investment Trust,Fea Investment Trust,80.0,2,1167
Australian Sailing,Australian Sailing,100.0,4,1169
Australian Sailing,Shipping Australia,83.33333333333334,3,1169
Australian Sailing,Surfing Australia,80.0,3,1170
Australian Sailing,Cycling Australia,80.0,1,1171
Australian Fabians,Australian Fabians,100.0,4,1173
Australian Fabians,South Australian Fabians,85.71428571428572,1,1173
Australia India Youth Dialogue,Australia India Youth Dialogue,100.0,4,1175
Australia India Youth Dialogue,Australia China Youth Dialogue,80.0,1,1175
Aurizon Holdings,Aurizon Holdings,100.0,4,1177
Aurizon Holdings,Aurizon Holdings Ltd,88.88888888888889,2,1177
Aurizon Holdings,Crown Holdings,80.0,1,1178
Aurizon Holdings,Aurizon Holdings Limited,80.0,1,1179
Alliance for Responsible Citizenship,Alliance for Responsible Citizenship,100.0,4,1181
Alliance for Responsible Citizenship,Alliance for Responsible Citizenship (ARC),92.3076923076923,3,1181
Alliance for Responsible Citizenship,Alliance for Responsible Citizenship LTD (ARC),87.8048780487805,2,1182
Alliance for Responsible Citizenship,ARC (The Alliance for Responsible Citizenship),87.8048780487805,1,1183
Alliance for Responsible Citizenship,Alliance for Responsible Citizenship Conference,86.74698795180723,1,1184
Alanja Pty Ltd,Alanja Pty Ltd,100.0,4,1186
Alanja Pty Ltd,Canva Pty Ltd,81.4814814814815,2,1186
AUSTRALIAN LABOR PARTY (QLD),AUSTRALIAN LABOR PARTY (QLD),100.0,4,1188
AUSTRALIAN LABOR PARTY (QLD),AUSTRALIAN LABOR PARTY,88.0,1,1188
ANZ and Commonwealth Banks,ANZ and Commonwealth Banks,100.0,4,1190
ANZ and Commonwealth Banks,Commonwealth Bank and HSBC,80.76923076923077,1,1190
AGL Energy Ltd,AGL Energy Ltd,100.0,4,1192
AGL Energy Ltd,AGL Energy Limited,87.5,1,1192
AGL Energy Ltd,AGL Energy,83.33333333333334,2,1193
ADFPP,ADFPP,100.0,4,1195
ADFPP,AFPPD,80.0,3,1195
AB & LJ Wallace Superannuation Fund.,AB & LJ Wallace Superannuation Fund.,100.0,4,1197
AB & LJ Wallace Superannuation Fund.,AB & LJ Wallace Superannuation Fund,98.59154929577466,4,1197
AB & LJ Wallace Superannuation Fund.,AB Lj Wallace Superannuation Fund,92.7536231884058,2,1198
89 Degrees East,89 Degrees East,100.0,4,1200
89 Degrees East,89 Degrees,80.0,1,1200
4DS Memory Ltd,4DS Memory Ltd,100.0,4,1202
4DS Memory Ltd,4DS memory Ltd,92.85714285714286,1,1202
Zonta Club Bendigo,Zonta Club Bendigo,100.0,3,1204
Zonta Club Bendigo,Zonta Club of Bendigo,92.3076923076923,1,1204
Woolworths Limited,Woolworths Limited,100.0,3,1206
Woolworths Limited,Woolworths Group Limited,85.71428571428572,2,1206
Woolworths Limited,Woolworths Limited (WOW),85.71428571428572,1,1207
Woolworths Group,Woolworths Group,100.0,3,1209
Woolworths Group,Woolworths Grp Ltd,82.35294117647058,2,1209
Woodside Energy,Woodside Energy,100.0,3,1211
Woodside Energy,Woodside Energy.,96.7741935483871,1,1211
Women's International League for Peace and Freedom,Women's International League for Peace and Freedom,100.0,3,1213
Women's International League for Peace and Freedom,Women's International League for Peace and Freedom QLD,96.15384615384616,1,1213
Wheels of Wellness,Wheels of Wellness,100.0,3,1215
Wheels of Wellness,Wheels of Wellness Ltd,90.0,2,1215
Western Corridor Community Fund,Western Corridor Community Fund,100.0,3,1217
Western Corridor Community Fund,Western Corridor Community Fund (WCCF),89.85507246376811,1,1217
Western Corridor Community Fund,Western Corridor Community Fund Charity,88.57142857142857,1,1218
Wanda Surf Life Saving Club,Wanda Surf Life Saving Club,100.0,3,1220
Wanda Surf Life Saving Club,Yanchep Surf Life Saving Club,85.71428571428572,1,1220
Wanda Surf Life Saving Club,Terrigal Surf Life Saving Club,80.70175438596492,3,1221
Wanda Surf Life Saving Club,Whale Beach Surf Life Saving Club,80.0,1,1222
Vicinity Centres,Vicinity Centres,100.0,3,1224
Vicinity Centres,Vicinty Centres,96.7741935483871,1,1224
VENICE ICE PTY LTD,VENICE ICE PTY LTD,100.0,3,1226
VENICE ICE PTY LTD,VENILE ICE PTY LTD,94.44444444444444,1,1226
University of Queensland,University of Queensland,100.0,3,1228
University of Queensland,University of South Queensland,88.88888888888889,1,1228
University of Melbourne,University of Melbourne,100.0,3,1230
University of Melbourne,Melbourne University.,90.9090909090909,1,1230
University Club of Western Australia,University Club of Western Australia,100.0,3,1232
University Club of Western Australia,University of West Australia Club,95.65217391304348,1,1232
University Club of Western Australia,The University of Western Australia Club,94.73684210526316,1,1233
University Club of Western Australia,University of Western Australia,92.53731343283582,1,1234
University Club of Western Australia,University of Western Australia (UWA),84.93150684931507,1,1235
UNISUPER,UNISUPER,100.0,3,1237
UNISUPER,SUNSUPER,87.5,2,1237
UAE Government,UAE Government,100.0,3,1239
UAE Government,SA Government,88.88888888888889,1,1239
UAE Government,NZ Government,81.4814814814815,1,1240
UAE Government,NT Government,81.4814814814815,1,1241
Tibet Information Office,Tibet Information Office,100.0,3,1243
Tibet Information Office,Tibet Information Office.,97.95918367346938,1,1243
Tibet Information Office,The Tibet Information Office,92.3076923076923,1,1244
The Redcliffe Musical Theatre,The Redcliffe Musical Theatre,100.0,3,1246
The Redcliffe Musical Theatre,Redcliffe Musical Theatre,92.5925925925926,1,1246
The Nirvana Trust,The Nirvana Trust,100.0,3,1248
The Nirvana Trust,The National Trust,80.0,1,1248
The Goodenough Family Trust No. 1,The Goodenough Family Trust No. 1,100.0,3,1250
The Goodenough Family Trust No. 1,The Goodenough Family Trust No.1,95.38461538461537,1,1250
Telstra Corp Ltd,Telstra Corp Ltd,100.0,3,1252
Telstra Corp Ltd,Telstra Corp Limited,88.88888888888889,1,1252
Telstra Corp Ltd,Telstra Corp,85.71428571428572,1,1253
Sydney Institute,Sydney Institute,100.0,3,1255
Sydney Institute,The Sydney Institute,88.88888888888889,1,1255
Sydney Institute,"Sydney Institute, The",86.48648648648648,2,1256
Sydney Institute,The Sydney Institutes,86.48648648648648,1,1257
Sydney Institute,Sydney Institute TAFE,86.48648648648648,1,1258
Swan Districts Football Club,Swan Districts Football Club,100.0,3,1260
Swan Districts Football Club,Port Districts Football Club,85.71428571428572,1,1260
Swan Districts Football Club,Port District Football Club,83.63636363636364,1,1261
Surf Life Saving Australia,Surf Life Saving Australia,100.0,3,1263
Surf Life Saving Australia,Surf Life Saving Western Australia,86.66666666666667,2,1263
Super Retail,Super Retail,100.0,3,1265
Super Retail,Rest Super,81.81818181818181,1,1265
Star Entertainment Group,Star Entertainment Group,100.0,3,1267
Star Entertainment Group,The Star Entertainment Group,92.3076923076923,2,1267
Star Entertainment Group,The Star Entertainment Gp,85.71428571428572,1,1268
Springfield NSW,Springfield NSW,100.0,3,1270
Springfield NSW,Springfield,84.61538461538461,1,1270
Southern Districts Rugby Union Football Club,Southern Districts Rugby Union Football Club,100.0,3,1272
Southern Districts Rugby Union Football Club,Southern Districts Rugby Union Club,88.60759493670886,2,1272
"South Metropolitan Regional Scout Council, NSW","South Metropolitan Regional Scout Council, NSW",100.0,3,1274
"South Metropolitan Regional Scout Council, NSW",South Metropolitan Regional Scout Council,94.25287356321839,1,1274
Singapore Government,Singapore Government,100.0,3,1276
Singapore Government,Singaporean Government,95.23809523809523,2,1276
Singapore Government,Government of Singapore,93.02325581395348,1,1277
Seek Ltd,Seek Ltd,100.0,3,1279
Seek Ltd,Seek Limited,80.0,1,1279
SA Buchholz & LC Buchholz,SA Buchholz & LC Buchholz,100.0,3,1281
SA Buchholz & LC Buchholz,L.C Buchholz and S.A Buchholz,85.18518518518519,2,1281
Royal Motor Yacht Club,Royal Motor Yacht Club,100.0,3,1283
Royal Motor Yacht Club,Royal Perth Yacht Club,81.81818181818181,1,1283
Royal Agricultural Society of NSW,Royal Agricultural Society of NSW,100.0,3,1285
Royal Agricultural Society of NSW,Royal Agriculture Society of NSW,95.38461538461537,1,1285
Royal Agricultural Society of NSW,Royal Agricultural Society of WA,89.23076923076923,1,1286
Royal Agricultural Society of NSW,Royal Agricultural Society,88.13559322033898,2,1287
Robert Investment House Pty Ltd,Robert Investment House Pty Ltd,100.0,3,1289
Robert Investment House Pty Ltd,Robert Investment House,85.18518518518519,1,1289
Regis Resources Ltd,Regis Resources Ltd,100.0,3,1291
Regis Resources Ltd,Regis Resources Limited,90.47619047619048,1,1291
Ramsay Centre for Western Civilisation Ltd,Ramsay Centre for Western Civilisation Ltd,100.0,3,1293
Ramsay Centre for Western Civilisation Ltd,Ramsay Centre for Western Civilisation,95.0,2,1293
RHT Family Trust (RHT Investments P/L ATF),RHT Family Trust (RHT Investments P/L ATF),100.0,3,1295
RHT Family Trust (RHT Investments P/L ATF),RHT Family Trust (RHT Investments (Qld) P/L ATF),93.33333333333333,1,1295
RAE & PARTNERS PTY,RAE & PARTNERS PTY,100.0,3,1297
RAE & PARTNERS PTY,PARTNERS PTY,80.0,1,1297
RACGP,RACGP,100.0,3,1299
RACGP,FRACGP,90.9090909090909,1,1299
RACGP,RACP,88.88888888888889,2,1300
Queensland Nickel Pty Ltd,Queensland Nickel Pty Ltd,100.0,3,1302
Queensland Nickel Pty Ltd,Queensland Nickel Sales Pty Ltd,89.28571428571429,1,1302
Queensland Club,Queensland Club,100.0,3,1304
Queensland Club,Queensland Turf Club,85.71428571428572,1,1304
Qantas Credit Union,Qantas Credit Union,100.0,3,1306
Qantas Credit Union,Qantas Staff Credit Union,86.36363636363636,1,1306
QPAY PTY LTD,QPAY PTY LTD,100.0,3,1308
QPAY PTY LTD,QPAM PTD LTD,83.33333333333334,1,1308
"QANTAS, Virgin","QANTAS, Virgin",100.0,3,1310
"QANTAS, Virgin",QANTAS and Virgin,83.87096774193549,1,1310
QANTAS CHAIRMANS LOUNGE,QANTAS CHAIRMANS LOUNGE,100.0,3,1312
QANTAS CHAIRMANS LOUNGE,QANTAS CLUB CHAIRMAN'S LOUNGE,88.46153846153845,1,1312
QANTAS CHAIRMANS LOUNGE,QANTAS 'CHAIRMAN CLUB',80.0,1,1313
Q Super,Q Super,100.0,3,1315
Q Super,QSuper,92.3076923076923,2,1315
Q Super,Q-Super,85.71428571428572,1,1316
Q Super,Super SA,80.0,1,1317
Public Sector Superannuation Scheme,Public Sector Superannuation Scheme,100.0,3,1319
Public Sector Superannuation Scheme,Public Service Superannuation Scheme,90.14084507042254,1,1319
Prentice Family Trust,Prentice Family Trust,100.0,3,1321
Prentice Family Trust,Nenia Family Trust,82.05128205128204,2,1321
Point Lonsdale Surf Lifesaving Club,Point Lonsdale Surf Lifesaving Club,100.0,3,1323
Point Lonsdale Surf Lifesaving Club,Point Lookout Surf Lifesaving Club,84.05797101449275,1,1323
Platinum Asset,Platinum Asset,100.0,3,1325
Platinum Asset,Platinum Asset (PTM),82.35294117647058,1,1325
Pioneer Resources,Pioneer Resources,100.0,3,1327
Pioneer Resources,Mineral Resources,82.35294117647058,3,1327
Pharmacy Guild of Australia,Pharmacy Guild of Australia,100.0,3,1329
Pharmacy Guild of Australia,The Pharmacy Guild of Australia,93.10344827586206,1,1329
Pharmacy Guild of Australia,Pharmacy Board of Australia,85.18518518518519,1,1330
Pengana Emerging Companies Fund,Pengana Emerging Companies Fund,100.0,3,1332
Pengana Emerging Companies Fund,Pengana Emerging Companies,91.22807017543859,1,1332
Pebema P/L Superannuation Fund,Pebema P/L Superannuation Fund,100.0,3,1334
Pebema P/L Superannuation Fund,PMZF Pearl Superannuation Fund,83.33333333333334,3,1334
Pebema P/L Superannuation Fund,PFMZ Pearl Superannuation Fund,83.33333333333334,1,1335
Panaust Ltd,Panaust Ltd,100.0,3,1337
Panaust Ltd,PanAust Ltd,90.9090909090909,1,1337
Palestinian Authority,Palestinian Authority,100.0,3,1339
Palestinian Authority,Palestinian National Authority,82.35294117647058,2,1339
PMZF Pty Limited,PMZF Pty Limited,100.0,3,1341
PMZF Pty Limited,PMZF Pty Ltd,85.71428571428572,1,1341
P 500 AU ETF,P 500 AU ETF,100.0,3,1343
P 500 AU ETF,P 500 ETF,85.71428571428572,1,1343
Origin Energy Ltd,Origin Energy Ltd,100.0,3,1345
Origin Energy Ltd,Origin Energy,86.66666666666667,3,1345
One Steel,One Steel,100.0,3,1347
One Steel,One Steel.,94.73684210526316,1,1347
OPTISCAN,OPTISCAN,100.0,3,1349
OPTISCAN,GOTISCAN,87.5,1,1349
North Burleigh Surf Club,North Burleigh Surf Club,100.0,3,1351
North Burleigh Surf Club,Burleigh Surf Club,85.71428571428572,1,1351
Nigel Satterley of Satterley Property Group,Nigel Satterley of Satterley Property Group,100.0,3,1353
Nigel Satterley of Satterley Property Group,Nigel Satterley of The Satterley Group,83.9506172839506,1,1353
Network Energy Services,Network Energy Services,100.0,3,1355
Network Energy Services,Network Energy Services.,97.87234042553192,1,1355
Network 7,Network 7,100.0,3,1357
Network 7,7 Network,100.0,1,1357
Network 7,Network 10,84.21052631578947,2,1358
NatWest,NatWest,100.0,3,1360
NatWest,Natwest,85.71428571428572,1,1360
"NAB, Suncorp, Warwick Credit Union","NAB, Suncorp, Warwick Credit Union",100.0,3,1362
"NAB, Suncorp, Warwick Credit Union","NAB, Suncorp, Warwick Credit Union, Westpac",88.31168831168831,1,1362
My Room Children's Cancer Centre,My Room Children's Cancer Centre,100.0,3,1364
My Room Children's Cancer Centre,MyRoom Children's Cancer Centre,98.41269841269842,1,1364
My Room Children's Cancer Centre,My Room Children's Cancer Charity,86.15384615384616,1,1365
Multilink Community Services,Multilink Community Services,100.0,3,1367
Multilink Community Services,Multilink Community Services Inc,93.33333333333333,1,1367
Motor Vehicle,Motor Vehicle,100.0,3,1369
Motor Vehicle,Motor vehicle,92.3076923076923,2,1369
Morrison Strategic Advisory Services,Morrison Strategic Advisory Services,100.0,3,1371
Morrison Strategic Advisory Services,Morrison Strategic Advisory Services Pty LTD,90.0,2,1371
Moroccan Embassy,Moroccan Embassy,100.0,3,1373
Moroccan Embassy,Embassy of Morocco,82.35294117647058,1,1373
Moroccan Embassy,Korean Embassy,80.0,1,1374
Monacan Holdings,Monacan Holdings,100.0,3,1376
Monacan Holdings,Monocan Holdings,93.75,1,1376
Mineral Resources Ltd,Mineral Resources Ltd,100.0,3,1378
Mineral Resources Ltd,Mineral Resources Ltd.,97.67441860465115,2,1378
Mineral Resources Ltd,Mineral Resources Limited,91.30434782608697,2,1379
Mineral Resources Ltd,Mandrake Resources Ltd,83.72093023255813,1,1380
"Maylands, WA","Maylands, WA",100.0,3,1382
"Maylands, WA",Maylands WA,95.65217391304348,2,1382
Maclaughlin River Pastoral Pty Ltd,Maclaughlin River Pastoral Pty Ltd,100.0,3,1384
Maclaughlin River Pastoral Pty Ltd,Maclaughlin River Pastoral Company Pty Ltd,89.47368421052632,1,1384
MEMBERS EQUITY,MEMBERS EQUITY,100.0,3,1386
MEMBERS EQUITY,MEMBERS EQUITY BANK,84.84848484848484,1,1386
Lynas Corporation,Lynas Corporation,100.0,3,1388
Lynas Corporation,Lynas Corporation Ltd,89.47368421052632,2,1388
Lynas Corporation,Lion Corporation,84.84848484848484,1,1389
Logan Chamber of Commerce,Logan Chamber of Commerce,100.0,3,1391
Logan Chamber of Commerce,Local Chambers of Commerce,90.19607843137256,1,1391
Logan Chamber of Commerce,Swan Chamber of Commerce,89.79591836734694,1,1392
Logan Chamber of Commerce,Swan Camber of Commerce,87.5,1,1393
Logan Chamber of Commerce,Hornsby Chamber of Commerce,84.61538461538461,1,1394
Logan Chamber of Commerce,Geelong Chamber of Commerce,84.61538461538461,1,1395
Logan Chamber of Commerce,Erina Chamber of Commerce,84.0,1,1396
Logan Chamber of Commerce,Launceston Chamber of Commerce,83.63636363636364,1,1397
Logan Chamber of Commerce,Chamber of Commerce Mackay,82.35294117647058,1,1398
Logan Chamber of Commerce,Fremantle Chamber of Commerce,81.4814814814815,2,1399
Logan Chamber of Commerce,Toowoomba Chamber of Commerce,81.4814814814815,1,1400
Logan Chamber of Commerce,Penrith Chamber of Commerce,80.76923076923077,1,1401
Logan Chamber of Commerce,Gosford Chamber of Commerce,80.76923076923077,1,1402
Logan Chamber of Commerce,Cranbourne Chamber of Commerce,80.0,1,1403
Local Government NSW,Local Government NSW,100.0,3,1405
Local Government NSW,NSW Government,82.35294117647058,2,1405
La Trobe University,La Trobe University,100.0,3,1407
La Trobe University,Latrobe University,91.89189189189189,1,1407
Kelmscott Agricultural Society,Kelmscott Agricultural Society,100.0,3,1409
Kelmscott Agricultural Society,Huon Agricultural Society,80.0,2,1409
Karawatha Forest Protection Society,Karawatha Forest Protection Society,100.0,3,1411
Karawatha Forest Protection Society,Karawatha Forest Protection Society Inc,94.5945945945946,1,1411
Japanese Ambassador,Japanese Ambassador,100.0,3,1413
Japanese Ambassador,Ambassador or Japan,84.21052631578947,1,1413
Japanese Ambassador,Ambassador of Japan,84.21052631578947,1,1414
Japanese Ambassador,Chinese Ambassador,81.08108108108108,1,1415
Ishares Global Healthcare ETF,Ishares Global Healthcare ETF,100.0,3,1417
Ishares Global Healthcare ETF,IShares Global Healthcare ETF,96.55172413793103,1,1417
Inter-Parliamentary Union,Inter-Parliamentary Union,100.0,3,1419
Inter-Parliamentary Union,Inter Parliamentary Union,96.0,3,1419
Inter-Parliamentary Union,Inner Parliamentary Union,92.0,1,1420
Indonesian Government,Indonesian Government,100.0,3,1422
Indonesian Government,Government of Indonesia,90.9090909090909,1,1422
Hostplus,Hostplus,100.0,3,1424
Hostplus,Host Plus,82.35294117647058,1,1424
Health Services Union,Health Services Union,100.0,3,1426
Health Services Union,Health Service Union,97.5609756097561,1,1426
H&W Quantity Surveyors Pty Ltd,H&W Quantity Surveyors Pty Ltd,100.0,3,1428
H&W Quantity Surveyors Pty Ltd,HSW Quantity Surveyors Pty Ltd,96.66666666666667,1,1428
H&W Quantity Surveyors Pty Ltd,H S W Quantity Surveyors Pty Ltd,90.32258064516128,1,1429
H&W Quantity Surveyors Pty Ltd,W Quantity Surveyors Pty Ltd,89.65517241379311,2,1430
Greencape Wholesale Broadcap Fund,Greencape Wholesale Broadcap Fund,100.0,3,1432
Greencape Wholesale Broadcap Fund,Greenscape Wholesale Broadcap Fund,98.50746268656717,1,1432
Greencape Wholesale Broadcap Fund,Greencape Wholesale Broadcap,91.80327868852459,1,1433
Greencape Wholesale Broadcap Fund,Greencape Broadcap Fund,82.14285714285714,1,1434
Graincorp Ltd,Graincorp Ltd,100.0,3,1436
Graincorp Ltd,Graincorp Limited,86.66666666666667,1,1436
Google Australia,Google Australia,100.0,3,1438
Google Australia,Jolt Australia,80.0,1,1438
Friends of the ABC,Friends of the ABC,100.0,3,1440
Friends of the ABC,Friends of the ABC SA Inc,83.72093023255813,1,1440
Foundation Theatres,Foundation Theatres,100.0,3,1442
Foundation Theatres,Oaktree Foundation,81.08108108108108,1,1442
First State Superannuation,First State Superannuation,100.0,3,1444
First State Superannuation,First State Superannuation account,86.66666666666667,1,1444
First State Superannuation,Colonial First State Superannuation,85.24590163934427,2,1445
First State Superannuation,Statewide Superannuation,80.0,1,1446
Energy Australia,Energy Australia,100.0,3,1448
Energy Australia,Esor Australia,80.0,1,1448
Eley Griffiths Group Small Co Fund,Eley Griffiths Group Small Co Fund,100.0,3,1450
Eley Griffiths Group Small Co Fund,Eley Griffiths Group Small co Fund,91.17647058823529,1,1450
Eley Griffiths Group Small Co Fund,Eley Griffiths Group Small Companies Fund,90.66666666666666,2,1451
Eight H Trust,Eight H Trust,100.0,3,1453
Eight H Trust,Eight H trust,92.3076923076923,2,1453
Eight H Trust,Eight II Trust,88.88888888888889,2,1454
"Easts (Eastern Suburbs Leagues Club Ltd), Woy Woy","Easts (Eastern Suburbs Leagues Club Ltd), Woy Woy",100.0,3,1456
"Easts (Eastern Suburbs Leagues Club Ltd), Woy Woy","Easts (Eastern Suburbs Leagues Club Ltd), Woy",95.74468085106383,1,1456
E.C. Truss & Sons,E.C. Truss & Sons,100.0,3,1458
E.C. Truss & Sons,E. C. Truss & Sons,85.71428571428572,3,1458
E.C. Truss & Sons,E. C. Truss + Sons,80.0,1,1459
Deutsche Bank,Deutsche Bank,100.0,3,1461
Deutsche Bank,Deutsche Bank AG,89.65517241379311,1,1461
David A Gillespie Pty Ltd,David A Gillespie Pty Ltd,100.0,3,1463
David A Gillespie Pty Ltd,David A Gillespie Pty LTD,92.0,1,1463
Dankse,Dankse,100.0,3,1465
Dankse,Danske,83.33333333333334,1,1465
DAVID A GILLESPIE PTY LTD,DAVID A GILLESPIE PTY LTD,100.0,3,1467
DAVID A GILLESPIE PTY LTD,DAVID A GILLESPIE PTYLTD,85.71428571428572,1,1467
Cryo Australia Pty Ltd,Cryo Australia Pty Ltd,100.0,3,1469
Cryo Australia Pty Ltd,Canva Australia Pty Ltd,84.44444444444444,1,1469
Crop Life Australia,Crop Life Australia,100.0,3,1471
Crop Life Australia,Croplife Australia Limited,80.0,1,1471
Cronulla RSL Club,Cronulla RSL Club,100.0,3,1473
Cronulla RSL Club,Cronulla RSL,82.75862068965517,3,1473
Cricket NSW,Cricket NSW,100.0,3,1475
Cricket NSW,Cricket WA,85.71428571428572,1,1475
Credit union SA,Credit union SA,100.0,3,1477
Credit union SA,Credit union Sa,93.33333333333333,1,1477
Credit union SA,Credit unionSa,82.75862068965517,1,1478
Credit union SA,credit union sa,80.0,1,1479
Credit Union Aust.,Credit Union Aust.,100.0,3,1481
Credit Union Aust.,Credit Union Australia,85.0,1,1481
Credit Union Aust.,Australian Credit Union,82.92682926829268,1,1482
Credit Union Aust.,Credit Union AUS,82.35294117647058,1,1483
Credit Union Aust.,CUA Credit Union,82.35294117647058,1,1484
Credit Suisse,Credit Suisse,100.0,3,1486
Credit Suisse,Credit Suisse Ltd,86.66666666666667,1,1486
Commonwealth Parliamentary Association,Commonwealth Parliamentary Association,100.0,3,1488
Commonwealth Parliamentary Association,Commonwealth Parliamentary Association (CPA),92.6829268292683,1,1488
Commonwealth Parliamentary Association,Commonwealth Women's Parliamentary Association,90.47619047619048,1,1489
Coles Group Ltd,Coles Group Ltd,100.0,3,1491
Coles Group Ltd,Coles Group,84.61538461538461,3,1491
Coca-Cola South Pacific,Coca-Cola South Pacific,100.0,3,1493
Coca-Cola South Pacific,Coca Cola South Pacific,95.65217391304348,1,1493
City of Stirling,City of Stirling,100.0,3,1495
City of Stirling,City of Sterling,93.75,1,1495
Child PsychCorp Pty Ltd,Child PsychCorp Pty Ltd,100.0,3,1497
Child PsychCorp Pty Ltd,Child Psych Corp Pty Ltd,80.85106382978724,2,1497
Chester Family Trust,Chester Family Trust,100.0,3,1499
Chester Family Trust,Crewther Family Trust,87.8048780487805,1,1499
Chester Family Trust,CP Family Trust,80.0,1,1500
"Chamber of Minerals and Energy WA (CME), Minerals Council of Australia (MCA), and the Australian Petroleum Production & Exploration Association (APPEA)","Chamber of Minerals and Energy WA (CME), Minerals Council of Australia (MCA), and the Australian Petroleum Production & Exploration Association (APPEA)",100.0,3,1502
"Chamber of Minerals and Energy WA (CME), Minerals Council of Australia (MCA), and the Australian Petroleum Production & Exploration Association (APPEA)","Chamber of Minerals & Energy WA (MCE), Minerals Council of Australia (MCA), and the Australian Petroleum Production & Exploration Association (APPEA)",96.0,1,1502
Caringbah NSW,Caringbah NSW,100.0,3,1504
Caringbah NSW,"Caringbah, NSW",96.2962962962963,1,1504
Caringbah NSW,Caringbah,81.81818181818181,1,1505
Canberra,Canberra,100.0,3,1507
Canberra,QT Canberra,84.21052631578947,1,1507
Canberra,GMT Canberra,80.0,1,1508
CREDIT UNION SA,CREDIT UNION SA,100.0,3,1510
CREDIT UNION SA,MYSTATE CREDIT UNION,85.71428571428572,2,1510
COLLECTION HOUSE,COLLECTION HOUSE,100.0,3,1512
COLLECTION HOUSE,COLLECTION HOUSE ETA,88.88888888888889,1,1512
CGM Communications,CGM Communications,100.0,3,1514
CGM Communications,CMAX Communications,91.89189189189189,2,1514
C.B.A,C.B.A,100.0,3,1516
C.B.A,C.B.A.,90.9090909090909,1,1516
"Brisbane, QLD","Brisbane, QLD",100.0,3,1518
"Brisbane, QLD",Brisbane QLD,96.0,3,1518
Brisbane Airport Corporation,Brisbane Airport Corporation,100.0,3,1520
Brisbane Airport Corporation,Brisbane Airport Corporation Pty Ltd.,86.15384615384616,1,1520
Branyan Holdings Pty Ltd,Branyan Holdings Pty Ltd,100.0,3,1522
Branyan Holdings Pty Ltd,Branyan Holdings Pty Ltd.,97.95918367346938,1,1522
Bowls Australia,Bowls Australia,100.0,3,1524
Bowls Australia,Ports Australia,80.0,1,1524
Bowls Australia,Lions Australia,80.0,1,1525
Blue Energy,Blue Energy,100.0,3,1527
Blue Energy,Cue Energy,85.71428571428572,2,1527
Black Swan State Theatre Company,Black Swan State Theatre Company,100.0,3,1529
Black Swan State Theatre Company,Black Swan Theatre Company,89.65517241379311,1,1529
Betashares S,Betashares S,100.0,3,1531
Betashares S,BetaShares S,91.66666666666666,3,1531
Betashares S,Betashares,90.9090909090909,1,1532
Belvoir Theatre,Belvoir Theatre,100.0,3,1534
Belvoir Theatre,Belvoir St Theatre,90.9090909090909,1,1534
Beach Energy,Beach Energy,100.0,3,1536
Beach Energy,Beach Energy Ltd,85.71428571428572,2,1536
Babbage Hockey Pty Ltd,Babbage Hockey Pty Ltd,100.0,3,1538
Babbage Hockey Pty Ltd,Babbage Hockey Pty Ltd.,97.77777777777777,1,1538
Babbage Hockey Pty Ltd,Babbage Hockey Pty Limited,91.66666666666666,2,1539
BHP Billiton Limited,BHP Billiton Limited,100.0,3,1541
BHP Billiton Limited,Bhp Billiton Limited,90.0,1,1541
BANK OF QLD,BANK OF QLD,100.0,3,1543
BANK OF QLD,BANK QLD,84.21052631578947,1,1543
Australian-American Leadership Dialogue,Australian-American Leadership Dialogue,100.0,3,1545
Australian-American Leadership Dialogue,Australia-America Leadership Dialogue,97.36842105263158,2,1545
Australian Parliamentary Sports Club,Australian Parliamentary Sports Club,100.0,3,1547
Australian Parliamentary Sports Club,Australian Parliament Sports Club,95.65217391304348,2,1547
Australian Parliamentary Sports Club,Parliamentary Sports Club,81.9672131147541,1,1548
Australian National Credit Union,Australian National Credit Union,100.0,3,1550
Australian National Credit Union,"Australia National Credit Union, AGEST, PSS",82.66666666666667,1,1550
Australian Museum Foundation,Australian Museum Foundation,100.0,3,1552
Australian Museum Foundation,Australian War Memorial Foundation,80.64516129032258,2,1552
Australian Museum Foundation,Stroke Foundation Australia,80.0,2,1553
Australian Museum Foundation,Australian Security Medals Foundation,80.0,1,1554
Australian Israel and Jewish Affairs Council,Australian Israel and Jewish Affairs Council,100.0,3,1556
Australian Israel and Jewish Affairs Council,Australia Israel and Jewish Affairs Council,98.85057471264368,1,1556
Australian Israel and Jewish Affairs Council,Australian Israel Jewish Affairs Council,95.23809523809523,1,1557
Australian Israel and Jewish Affairs Council,Australia Israel Jewish Affairs Council,93.97590361445783,1,1558
Australian Israel and Jewish Affairs Council,Australia Israel & Jewish Affairs Council,91.76470588235294,3,1559
Australian Israel and Jewish Affairs Council,Australian Israel and Jewish Affairs Council (AIJAC),91.66666666666666,1,1560
Australian Israel and Jewish Affairs Council,Australia / Israel & Jewish Affairs Council,89.65517241379311,3,1561
Australian Institute of Architects,Australian Institute of Architects,100.0,3,1563
Australian Institute of Architects,Australian Institute of Landscape Architects,87.17948717948718,1,1563
Australian Institute of Architects,Life Fellow Australian Institute of Architects,85.0,2,1564
Australian Food and Grocery Council,Australian Food and Grocery Council,100.0,3,1566
Australian Food and Grocery Council,Australian Food & Grocery Council,91.17647058823529,3,1566
Australian Food and Grocery Council,The Australian Food & Grocery Council,88.88888888888889,1,1567
Australian Food and Grocery Council,Australian Grocery Council,85.24590163934427,1,1568
Australian Food and Grocery Council,Food and Grocery Council,81.35593220338984,1,1569
Australian Fabian Society,Australian Fabian Society,100.0,3,1571
Australian Fabian Society,Fabian Society of Australia,92.3076923076923,1,1571
Australian Distilling Pty Ltd,Australian Distilling Pty Ltd,100.0,3,1573
Australian Distilling Pty Ltd,Australian Distilling pty ltd,93.10344827586206,1,1573
Australia Israel Leadership Forum,Australia Israel Leadership Forum,100.0,3,1575
Australia Israel Leadership Forum,Australian Israel Leadership Forum,98.50746268656717,2,1575
Australia Israel Leadership Forum,Australian Israel Leadership Dialogue,85.71428571428572,1,1576
Australia Israel Leadership Forum,Australia Israel UK Leadership Dialogue,83.33333333333334,2,1577
Australia Israel Leadership Forum,Israel Leadership Forum,82.14285714285714,1,1578
Australia Israel Leadership Forum,ADC Australian Leadership Forum,81.25,1,1579
Aurizon,Aurizon,100.0,3,1581
Aurizon,Aurizou,85.71428571428572,1,1581
Aurizon,Aurizan,85.71428571428572,1,1582
Andco Building Services P/L,Andco Building Services P/L,100.0,3,1584
Andco Building Services P/L,Andco Building Services Pty Ltd,86.20689655172413,2,1584
Alumina,Alumina,100.0,3,1586
Alumina,Alumuina,93.33333333333333,1,1586
AT Media Pty Ltd,AT Media Pty Ltd,100.0,3,1588
AT Media Pty Ltd,AT Media Pty Limited,88.88888888888889,1,1588
"ANZ, Commonwealth, NAB, Metway and others","ANZ, Commonwealth, NAB, Metway and others",100.0,3,1590
"ANZ, Commonwealth, NAB, Metway and others","ANZ, Commonwealth, NAB, Metway",84.50704225352112,1,1590
"ANZ, Commonwealth, NAB, Metway and others","ANZ, Commonwealth, NAB, Metway, Qld Country Bank and others",82.0,1,1591
ANZ Banking Group Ltd,ANZ Banking Group Ltd,100.0,3,1593
ANZ Banking Group Ltd,ANZ Banking Grp Ltd,95.0,1,1593
ANZ Banking Group Ltd,ANZ Banking Group Limited,91.30434782608697,1,1594
ANZ Banking Group Ltd,ANZ Banking Group,89.47368421052632,1,1595
ANZ Banking Group Ltd,NZ Banking Group (ANZ),83.72093023255813,1,1596
AFSH Nominees,AFSH Nominees,100.0,3,1598
AFSH Nominees,AFSH Nominees P/L,86.66666666666667,2,1598
credit union SA,credit union SA,100.0,2,1600
credit union SA,"ANZ, credit union SA",85.71428571428572,1,1600
Zonta International,Zonta International,100.0,2,1602
Zonta International,Rotary International,87.17948717948718,1,1602
Zoe Support Australia,Zoe Support Australia,100.0,2,1604
Zoe Support Australia,Zoe Support Australia Ltd,91.30434782608697,1,1604
YLE Enterprises Pty Ltd,YLE Enterprises Pty Ltd,100.0,2,1606
YLE Enterprises Pty Ltd,RBW Enterprises Pty Ltd,86.95652173913044,2,1606
YLE Enterprises Pty Ltd,RBW Enterprises Pty Ltd.,85.1063829787234,1,1607
XAI Family Pty Ltd,XAI Family Pty Ltd,100.0,2,1609
XAI Family Pty Ltd,XAI Family Pty Limited,90.0,2,1609
Women in Business Awards,Women in Business Awards,100.0,2,1611
Women in Business Awards,Gold Coast Women in Business Awards,81.35593220338984,1,1611
Whitsunday Tourism Awards,Whitsunday Tourism Awards,100.0,2,1613
Whitsunday Tourism Awards,Tourism Whitsundays,81.81818181818181,1,1613
Whitehaven Coal,Whitehaven Coal,100.0,2,1615
Whitehaven Coal,Whiitehaven Coal,96.7741935483871,1,1615
Western Sydney University,Western Sydney University,100.0,2,1617
Western Sydney University,Sydney University,80.95238095238095,2,1617
Western Sydney University,University of Sydney,80.0,1,1618
West Coast Eagels,West Coast Eagels,100.0,2,1620
West Coast Eagels,West Coast Eagles,94.11764705882352,1,1620
Wesfarmers Limited,Wesfarmers Limited,100.0,2,1622
Wesfarmers Limited,Wesfarmers Limited (WES),85.71428571428572,1,1622
Werribee Tigers Football Club,Werribee Tigers Football Club,100.0,2,1624
Werribee Tigers Football Club,West Tigers Football Club,85.18518518518519,1,1624
Werribee Netball Association,Werribee Netball Association,100.0,2,1626
Werribee Netball Association,Perth Netball Assciation,80.76923076923077,1,1626
Werribee Netball Association,Life Member - Werribee Netball Association,80.0,1,1627
Werribee,Werribee,100.0,2,1629
Werribee,Werribee Zoo,80.0,1,1629
Watson PR Trust,Watson PR Trust,100.0,2,1631
Watson PR Trust,Watron IR Trust,86.66666666666667,1,1631
Walter Scott Global Equity Fund,Walter Scott Global Equity Fund,100.0,2,1633
Walter Scott Global Equity Fund,Walter Scott Global Equity Fund (Hedged),87.32394366197182,1,1633
Walter Scott Global Equity Fund,Walter Scott Global Equity Fund (Unhedged),84.93150684931507,1,1634
Walt Disney Corporation (ESPN),Walt Disney Corporation (ESPN),100.0,2,1636
Walt Disney Corporation (ESPN),Walt Disney Corp (ESPN),86.79245283018868,1,1636
Walt Disney,Walt Disney,100.0,2,1638
Walt Disney,Walt Disney Co,88.0,1,1638
Wakehurst Golf Club,Wakehurst Golf Club,100.0,2,1640
Wakehurst Golf Club,Wakehurst Football Club,80.95238095238095,1,1640
Vulcan Energy Resources (VUL),Vulcan Energy Resources (VUL),100.0,2,1642
Vulcan Energy Resources (VUL),Vulcan Energy Resources (ASX:VUL),93.5483870967742,1,1642
Vulcan Energy Resources (VUL),Vulcan Energy Resources Ltd,82.14285714285714,1,1643
Virgin the club,Virgin the club,100.0,2,1645
Virgin the club,Virgin- the club,96.7741935483871,1,1645
Virgin the club,Virgin - the club,93.75,1,1646
Virgin Money UK PLC,Virgin Money UK PLC,100.0,2,1648
Virgin Money UK PLC,Virgin Money UK,88.23529411764706,2,1648
Virgin Club & Qantas,Virgin Club & Qantas,100.0,2,1650
Virgin Club & Qantas,"Qantas, The Club, Virgin",81.81818181818181,1,1650
Victorian Teachers Credit Union,Victorian Teachers Credit Union,100.0,2,1652
Victorian Teachers Credit Union,Teachers Credit Union,80.76923076923077,1,1652
Victorian Netball Association,Victorian Netball Association,100.0,2,1654
Victorian Netball Association,Victorian Golf Association,83.63636363636364,1,1654
Victorian Netball Association,Royal Victorian Regiment Association,80.0,1,1655
Vibe International,Vibe International,100.0,2,1657
Vibe International,Virgin International,84.21052631578947,1,1657
Venload Pty Ltd,Venload Pty Ltd,100.0,2,1659
Venload Pty Ltd,Yenload Pty Ltd,93.33333333333333,1,1659
Velocity Virgin Australia,Velocity Virgin Australia,100.0,2,1661
Velocity Virgin Australia,Virgin Australia Velocity,100.0,1,1661
Various other accounts,Various other accounts,100.0,2,1663
Various other accounts,Various accounts,84.21052631578947,1,1663
Various Parliamentary Friendship Groups,Various Parliamentary Friendship Groups,100.0,2,1665
Various Parliamentary Friendship Groups,Tibetan Parliamentary Friendship Group,83.11688311688312,1,1665
Vanguard Investment Unit Holdings,Vanguard Investment Unit Holdings,100.0,2,1667
Vanguard Investment Unit Holdings,Vanguard Investments Unit Holdings,98.50746268656717,1,1667
Vanguard Index International Fund,Vanguard Index International Fund,100.0,2,1669
Vanguard Index International Fund,Vanguard International Shares Index Fund,90.41095890410959,1,1669
Vanguard Australian Shares Index Fund,Vanguard Australian Shares Index Fund,100.0,2,1671
Vanguard Australian Shares Index Fund,Vanguard Australian Share Index,91.17647058823529,1,1671
Vanguard Australian Shares Index Fund,VAS - Vanguard Australian Shares Index ETF,86.07594936708861,1,1672
Vanguard Australian Shares Index Fund,Vanguard Australian Shares ETF,83.5820895522388,1,1673
Vanguard Australian Shares Index Fund,Vanguard Australia Shares ETF,81.81818181818181,2,1674
Vanguard Australian Shares High Yield ETF,Vanguard Australian Shares High Yield ETF,100.0,2,1676
Vanguard Australian Shares High Yield ETF,Vanguard Australia High Yield ETF,89.1891891891892,2,1676
Vanguard Australian Shares High Yield ETF,Vanguard Australian Shares High Yield Exchange Traded Fund,80.8080808080808,1,1677
VANGUARD,VANGUARD,100.0,2,1679
VANGUARD,ASGUARD,80.0,1,1679
University of Notre Dame Australia,University of Notre Dame Australia,100.0,2,1681
University of Notre Dame Australia,University of South Australia,82.53968253968253,1,1681
University of Canberra,University of Canberra,100.0,2,1683
University of Canberra,The University of Canberra Alumni,80.0,1,1683
USA Department of State,USA Department of State,100.0,2,1685
USA Department of State,US Department of State,97.77777777777777,2,1685
USA Department of State,US State Department,90.47619047619048,2,1686
U Bank,U Bank,100.0,2,1688
U Bank,UP Bank,92.3076923076923,1,1688
Transport Workers Union (TWU),Transport Workers Union (TWU),100.0,2,1690
Transport Workers Union (TWU),Transport Workers Union (NSW),93.10344827586206,1,1690
Transport Workers Union (TWU),Transport Workers Union,88.46153846153845,2,1691
Transport Workers Union (TWU),Transport Workers' Union,86.79245283018868,1,1692
Transport Workers Union (TWU),Transport Worker's Union,86.79245283018868,1,1693
Transport Workers Union (TWU),Transport Workers Union and ACTU,85.24590163934427,1,1694
Toyota Financial Services,Toyota Financial Services,100.0,2,1696
Toyota Financial Services,Financial Services Union,81.63265306122449,2,1696
Tourism Council of WA,Tourism Council of WA,100.0,2,1698
Tourism Council of WA,Tourism Council WA,92.3076923076923,1,1698
Tomaree Business Chamber,Tomaree Business Chamber,100.0,2,1700
Tomaree Business Chamber,Tamworth Business Chamber,81.63265306122449,2,1700
Thoroughbred Breeders Association,Thoroughbred Breeders Association,100.0,2,1702
Thoroughbred Breeders Association,Thoroughbred Breeders Australia,81.25,1,1702
The Park Hyatt Melbourne,The Park Hyatt Melbourne,100.0,2,1704
The Park Hyatt Melbourne,Park Hyatt Melbourne,90.9090909090909,2,1704
The Daily Edited,The Daily Edited,100.0,2,1706
The Daily Edited,The Daily Edition,84.84848484848484,1,1706
The Bill and Melinda Gates Foundation,The Bill and Melinda Gates Foundation,100.0,2,1708
The Bill and Melinda Gates Foundation,Bill and Melinda Gates Foundation,94.28571428571428,2,1708
The Bill and Melinda Gates Foundation,Bill & Melinda Gates Foundation,85.29411764705883,1,1709
The Australia Institute,The Australia Institute,100.0,2,1711
The Australia Institute,Australia Institute,90.47619047619048,1,1711
Templeton Global Growth Fund Ltd,Templeton Global Growth Fund Ltd,100.0,2,1713
Templeton Global Growth Fund Ltd,Templeton Global Growth Fund Limited,94.11764705882352,1,1713
Target Energy Limited,Target Energy Limited,100.0,2,1715
Target Energy Limited,Strike Energy Limited,80.95238095238095,1,1715
TELSTRA CORPORATION LIMITED,TELSTRA CORPORATION LIMITED,100.0,2,1717
TELSTRA CORPORATION LIMITED,TELSTRA CORPORATION LTD,92.0,1,1717
T.C.O.B Consulting Pty Ltd,T.C.O.B Consulting Pty Ltd,100.0,2,1719
T.C.O.B Consulting Pty Ltd,T.C.O.B. Consulting Pty Ltd,98.11320754716981,1,1719
Sydney Cricket and Sports Ground Trust,Sydney Cricket and Sports Ground Trust,100.0,2,1721
Sydney Cricket and Sports Ground Trust,Sydney Cricket Ground Trust,83.07692307692307,2,1721
Swiss Business Chamber,Swiss Business Chamber,100.0,2,1723
Swiss Business Chamber,NSW Business Chamber,85.71428571428572,1,1723
Swanridge Super Pty Ltd,Swanridge Super Pty Ltd,100.0,2,1725
Swanridge Super Pty Ltd,Self Swanridge Super Pty Ltd,90.19607843137256,1,1725
Surf Life Saving WA (SLSWA),Surf Life Saving WA (SLSWA),100.0,2,1727
Surf Life Saving WA (SLSWA),Surf Life Saving WA,82.6086956521739,2,1727
Surf Life Saving WA (SLSWA),Surf Life Savingg WA,80.85106382978724,1,1728
Suncorp Grp Ltd,Suncorp Grp Ltd,100.0,2,1730
Suncorp Grp Ltd,Suncorp Group Ltd,93.75,2,1730
Suncorp Grp Ltd,Suncorp Group Limited,83.33333333333334,2,1731
Steel Harbour Pty Ltd,Steel Harbour Pty Ltd,100.0,2,1733
Steel Harbour Pty Ltd,Steel Harbour Pty Limited,91.30434782608697,2,1733
Statecover Mutual,Statecover Mutual,100.0,2,1735
Statecover Mutual,StateCover Mutual,94.11764705882352,1,1735
St Mary's Football and Netball Club,St Mary's Football and Netball Club,100.0,2,1737
St Mary's Football and Netball Club,Lorne Football and Netball Club,81.81818181818181,1,1737
"Southern Districts Rugby Union Club, Sylvania Waters","Southern Districts Rugby Union Club, Sylvania Waters",100.0,2,1739
"Southern Districts Rugby Union Club, Sylvania Waters","Southern Districts Rugby Union Club, Sylvania Waters.",99.04761904761905,1,1739
South Australian Department of Health and Ageing,South Australian Department of Health and Ageing,100.0,2,1741
South Australian Department of Health and Ageing,"South Australian Department of Health and Ageing, TAFE",94.11764705882352,1,1741
Sky News Australia,Sky News Australia,100.0,2,1743
Sky News Australia,SkyNews Australia,80.0,1,1743
Sheraton Club International,Sheraton Club International,100.0,2,1745
Sheraton Club International,Lions Clubs International,80.76923076923077,1,1745
Shell Company of Australia Limited,Shell Company of Australia Limited,100.0,2,1747
Shell Company of Australia Limited,The Shell Company of Australia Limited,94.44444444444444,1,1747
Shell Company of Australia Limited,Shell Company of Australia,86.66666666666667,1,1748
Servcorp Limited,Servcorp Limited,100.0,2,1750
Servcorp Limited,Servcorp Ltd,85.71428571428572,1,1750
See Attached,See Attached,100.0,2,1752
See Attached,See Attached List,82.75862068965517,1,1752
Sebastian Joyce Trust,Sebastian Joyce Trust,100.0,2,1754
Sebastian Joyce Trust,Sebastian Joyce,83.33333333333334,1,1754
Schroder Credit Securities Fund,Schroder Credit Securities Fund,100.0,2,1756
Schroder Credit Securities Fund,Schroder Credit Securities Fund.,98.41269841269842,1,1756
Schroder Credit Securities Fund,Schroder Credit Securities Fund WS Class,87.32394366197182,1,1757
Schapper Family Trust,Schapper Family Trust,100.0,2,1759
Schapper Family Trust,Sharma Family Trust,85.0,1,1759
Save the Children Foundation,Save the Children Foundation,100.0,2,1761
Save the Children Foundation,Save The Children Foundation,96.42857142857143,1,1761
"Save the Children Australia, Gates Foundation","Save the Children Australia, Gates Foundation",100.0,2,1763
"Save the Children Australia, Gates Foundation",Save the Children Australia / Gates Foundation,96.7032967032967,1,1763
"Save the Children Australia, Gates Foundation",Gates Foundation and Save the Children Australia,94.6236559139785,1,1764
"Save the Children Australia, Gates Foundation",Save the Children Australia and the Gates Foundation,90.72164948453609,1,1765
"Save the Children Australia, Gates Foundation",Save The Children Australia/Gates Foundation,83.14606741573034,1,1766
"Save the Children Australia, Gates Foundation",Save the Children Australia/Bill and Melinda Gates Foundation,83.01886792452831,1,1767
Rural Co Holdings,Rural Co Holdings,100.0,2,1769
Rural Co Holdings,RuralCo Holdings,84.84848484848484,1,1769
"Royal Princess Larn Luang Hotel, Bangkok","Royal Princess Larn Luang Hotel, Bangkok",100.0,2,1771
"Royal Princess Larn Luang Hotel, Bangkok","Royal Princess Hotel Larn Luang, Bangkok",97.5,1,1771
Rotary Club of Nunawading,Rotary Club of Nunawading,100.0,2,1773
Rotary Club of Nunawading,Rotary Club of Engadine,83.33333333333334,1,1773
"Rosebery, NSW","Rosebery, NSW",100.0,2,1775
"Rosebery, NSW",Rosebery NSW,96.0,2,1775
Robert Bosch Foundation,Robert Bosch Foundation,100.0,2,1777
Robert Bosch Foundation,Robert Bosch Foundation (Germany),82.14285714285714,1,1777
Risdon Vale Neighbourhood House,Risdon Vale Neighbourhood House,100.0,2,1779
Risdon Vale Neighbourhood House,Rokeby Neighbourhood House,80.70175438596492,1,1779
Retail Food Group,Retail Food Group,100.0,2,1781
Retail Food Group,Retail Food Group Limited,80.95238095238095,1,1781
Rengan Trust,Rengan Trust,100.0,2,1783
Rengan Trust,Rengan trust,91.66666666666666,1,1783
Rayandwill Pty Ltd,Rayandwill Pty Ltd,100.0,2,1785
Rayandwill Pty Ltd,Rayandwill Land Pty Ltd,87.8048780487805,2,1785
Rayandwill Pty Ltd,Rayand Pty Ltd,87.5,2,1786
Rayandwill Pty Ltd,Rayandwill Holdings Pty Ltd,80.0,2,1787
Randall Family Trust,Randall Family Trust,100.0,2,1789
Randall Family Trust,Khalil Family Trust,82.05128205128204,1,1789
RE & TM Ramsey,RE & TM Ramsey,100.0,2,1791
RE & TM Ramsey,R & TM Ramsey,96.2962962962963,1,1791
RAMSEY FAMILY TRUST,RAMSEY FAMILY TRUST,100.0,2,1793
RAMSEY FAMILY TRUST,LAMB FAMILY TRUST,83.33333333333334,2,1793
RAC WA,RAC WA,100.0,2,1795
RAC WA,RAS WA,83.33333333333334,1,1795
RAC WA,RACA,80.0,1,1796
RA Coulton self-managed super Fund,RA Coulton self-managed super Fund,100.0,2,1798
RA Coulton self-managed super Fund,RA Coulton Self-managed Super Fund,94.11764705882352,1,1798
RA Coulton self-managed super Fund,MM RA Coulton Self-Managed Super Fund,87.32394366197182,1,1799
Qantas Frequent Flyer,Qantas Frequent Flyer,100.0,2,1801
Qantas Frequent Flyer,Qantas Gold Frequent Flyer,89.36170212765957,1,1801
Qantas Frequent Flyer,Qantas Frequent Flyer Service,84.0,1,1802
Qantas Frequent Flyer,Qantas Platinum Frequent Flyer,82.35294117647058,1,1803
QATAR AIRWAYS,QATAR AIRWAYS,100.0,2,1805
QATAR AIRWAYS,QANTAS AIRWAYS,88.88888888888889,1,1805
"QANTAS, VIRGIN","QANTAS, VIRGIN",100.0,2,1807
"QANTAS, VIRGIN",QANTAS/VIRGIN,88.88888888888889,1,1807
"QANTAS, VIRGIN",QANTAS AND VIRGIN,83.87096774193549,1,1808
QANTAS CHAIRMAN'S LOUNGE MEMBERSHIP,QANTAS CHAIRMAN'S LOUNGE MEMBERSHIP,100.0,2,1810
QANTAS CHAIRMAN'S LOUNGE MEMBERSHIP,MEMBERSHIP CHAIRMAN'S LOUNGE,88.88888888888889,1,1810
QANTAS AND VIRGIN LOUNGE MEMBERSHIP,QANTAS AND VIRGIN LOUNGE MEMBERSHIP,100.0,2,1812
QANTAS AND VIRGIN LOUNGE MEMBERSHIP,QANTAS MEMBERSHIP VIRGIN VIP LOUNGE,88.57142857142857,1,1812
Public Service Superannuation,Public Service Superannuation,100.0,2,1814
Public Service Superannuation,Public Service Super,81.63265306122449,1,1814
Project Tableland Pty Ltd,Project Tableland Pty Ltd,100.0,2,1816
Project Tableland Pty Ltd,Project Tableland Pty Ltd.,98.0392156862745,1,1816
Premier Investments Limited,Premier Investments Limited,100.0,2,1818
Premier Investments Limited,Super Members Investments Limited,80.0,1,1818
Port Pirie Chamber of Commerce,Port Pirie Chamber of Commerce,100.0,2,1820
Port Pirie Chamber of Commerce,Port Kembla Chamber of Commerce,85.24590163934427,1,1820
Port Melbourne,Port Melbourne,100.0,2,1822
Port Melbourne,North Melbourne,89.65517241379311,1,1822
Port Melbourne,Melbourne Storm,82.75862068965517,2,1823
"Perth, WA","Perth, WA",100.0,2,1825
"Perth, WA",Perth WA,94.11764705882352,1,1825
Perth Festival,Perth Festival,100.0,2,1827
Perth Festival,Perth Arts Festival,84.84848484848484,1,1827
Perth Airport Corporation,Perth Airport Corporation,100.0,2,1829
Perth Airport Corporation,Sydney Airport Corporation,82.35294117647058,1,1829
Perth Airport Corporation,Newcastle Airport Corporation,81.4814814814815,1,1830
Perpetual Wholesale Concentrated Equity Fund,Perpetual Wholesale Concentrated Equity Fund,100.0,2,1832
Perpetual Wholesale Concentrated Equity Fund,Perpetual Wholesale Concentrated Equity,93.97590361445783,2,1832
Perpetual Wholesale Concentrated Equity Fund,Perpetual WIS Concentrated Equity Fund,87.8048780487805,1,1833
Peregian Springs,Peregian Springs,100.0,2,1835
Peregian Springs,Peregian Springs Golf,86.48648648648648,1,1835
Pepe Family Trust / Pasin Nominees Pty Ltd,Pepe Family Trust / Pasin Nominees Pty Ltd,100.0,2,1837
Pepe Family Trust / Pasin Nominees Pty Ltd,Pepe Family Trust - Pasin Nominees Pty Ltd,97.61904761904762,1,1837
Pepe Family Trust / Pasin Nominees Pty Ltd,Pepe Family Trust/ Pasin Nominees Pty Ltd,96.3855421686747,1,1838
Pepe Family Trust / Pasin Nominees Pty Ltd,L&G Pasin Family Trust / Pasin Nominees Pty Ltd,87.64044943820225,2,1839
Pepe Family Trust / Pasin Nominees Pty Ltd,L&G Pasin Family Trust/ Pasin Nominees Pty Ltd,84.0909090909091,1,1840
Pepe Family Trust / Pasin Nominees Pty Ltd,L & G Pasin Family Trust - Pasin Nominees Pty Ltd,83.51648351648352,1,1841
Peoples Choice Credit Union,Peoples Choice Credit Union,100.0,2,1843
Peoples Choice Credit Union,People's Choice Credit Union,98.18181818181819,1,1843
Pentract Holdings Pty Ltd,Pentract Holdings Pty Ltd,100.0,2,1845
Pentract Holdings Pty Ltd,Partners Holdings Pty Ltd,80.0,2,1845
Parramatta,Parramatta,100.0,2,1847
Parramatta,Parramatta Eels,80.0,1,1847
Parliamentary Press Gallery,Parliamentary Press Gallery,100.0,2,1849
Parliamentary Press Gallery,Federal Parliamentary Press Gallery,87.09677419354838,1,1849
Paradice Global Small Cap Fund,Paradice Global Small Cap Fund,100.0,2,1851
Paradice Global Small Cap Fund,Paradice Global Small Mid Cap,84.7457627118644,1,1851
"Paddington, NSW","Paddington, NSW",100.0,2,1853
"Paddington, NSW",Paddington NSW,96.55172413793103,2,1853
P&M Fletcher Superannuation Fund,P&M Fletcher Superannuation Fund,100.0,2,1855
P&M Fletcher Superannuation Fund,M Fletcher Superannuation Fund,96.7741935483871,2,1855
Operation Food for Life,Operation Food for Life,100.0,2,1857
Operation Food for Life,Operation Food For Life,82.6086956521739,1,1857
Oil Search Pty Ltd,Oil Search Pty Ltd,100.0,2,1859
Oil Search Pty Ltd,Oil Search Ltd,87.5,2,1859
Oil Search,Oil Search,100.0,2,1861
Oil Search,Oilsearch,84.21052631578947,1,1861
OGX.ASX,OGX.ASX,100.0,2,1863
OGX.ASX,OGXOD.ASX,87.5,1,1863
Newcastle Wests Group,Newcastle Wests Group,100.0,2,1865
Newcastle Wests Group,Wests Group Newcastle,100.0,1,1865
Newcastle Wests Group,Wests Newcastle,83.33333333333334,1,1866
New Zealand Government,New Zealand Government,100.0,2,1868
New Zealand Government,Government of New Zealand,93.61702127659575,1,1868
Nepean Historical Society,Nepean Historical Society,100.0,2,1870
Nepean Historical Society,Nepean District Historical Society,84.7457627118644,1,1870
Nepean Historical Society,Malvern Historical Society,82.35294117647058,2,1871
Nauru Airlines,Nauru Airlines,100.0,2,1873
Nauru Airlines,Garuda Airlines,82.75862068965517,1,1873
National Union of Workers,National Union of Workers,100.0,2,1875
National Union of Workers,National Union of Workers (NUW),89.28571428571429,1,1875
National Servicemen's Association of Australia,National Servicemen's Association of Australia,100.0,2,1877
National Servicemen's Association of Australia,National Serviceman's Association of Australia,97.82608695652173,1,1877
National Servicemen's Association of Australia,NSW National Servicemen's Association,81.92771084337349,2,1878
National Servicemen's Association of Australia,National Serviceman's Association,81.0126582278481,1,1879
National Servicemen's Association of Australia,Penrith Sub-Branch of National Servicemen's Association of Australia,80.70175438596492,1,1880
National Gallery of Australia,National Gallery of Australia,100.0,2,1882
National Gallery of Australia,National Library of Australia,86.20689655172413,1,1882
National Folk Festival,National Folk Festival,100.0,2,1884
National Folk Festival,National Folk Festival organisers,80.0,1,1884
National Bank (NAB),National Bank (NAB),100.0,2,1886
National Bank (NAB),National Bank,81.25,1,1886
National Assembly of Vietnam,National Assembly of Vietnam,100.0,2,1888
National Assembly of Vietnam,National Assembly of Turkey,80.0,1,1888
NSW AHA,NSW AHA,100.0,2,1890
NSW AHA,AHA NSW,100.0,1,1890
NRL & ARL,NRL & ARL,100.0,2,1892
NRL & ARL,ARL & NRL,100.0,1,1892
NRL & ARL,NFL & ARL,88.88888888888889,1,1893
NORTHERN STAR RESOURCES,NORTHERN STAR RESOURCES,100.0,2,1895
NORTHERN STAR RESOURCES,NORTH STAR RESOURCES,93.02325581395348,1,1895
NORTHERN STAR RESOURCES,NORTHERNSTAR RESOURCES,80.0,1,1896
N. Swanson Family Trust,N. Swanson Family Trust,100.0,2,1898
N. Swanson Family Trust,N.Swanson Family Trust,97.77777777777777,1,1898
Murrumbeena / East Malvern Community Financial Services Limited,Murrumbeena / East Malvern Community Financial Services Limited,100.0,2,1900
Murrumbeena / East Malvern Community Financial Services Limited,East Malvern Community Financial Services Limited,87.5,1,1900
Murrumbeena / East Malvern Community Financial Services Limited,Murrumbeena Community Financial Services Limited,86.48648648648648,1,1901
Ms Yulin Zhu,Ms Yulin Zhu,100.0,2,1903
Ms Yulin Zhu,Ms Yilin Zhu,91.66666666666666,2,1903
Mr Andrew Forrest,Mr Andrew Forrest,100.0,2,1905
Mr Andrew Forrest,Andrew Forrest,90.32258064516128,1,1905
Mooloolaba Surf Lifesaving Club,Mooloolaba Surf Lifesaving Club,100.0,2,1907
Mooloolaba Surf Lifesaving Club,Maroubra Surf Lifesaving Club,83.33333333333334,1,1907
Monteray Mining,Monteray Mining,100.0,2,1909
Monteray Mining,Monteray Mining Group,83.33333333333334,1,1909
Michael Cassel Group,Michael Cassel Group,100.0,2,1911
Michael Cassel Group,Michael Cassell Group,97.5609756097561,1,1911
Mercedes Benz Finance,Mercedes Benz Finance,100.0,2,1913
Mercedes Benz Finance,Mercedes Benz Financial,90.9090909090909,1,1913
Mentoring Men,Mentoring Men,100.0,2,1915
Mentoring Men,Mentoring Men Ltd,86.66666666666667,1,1915
Membership of Qantas Chairmans Club,Membership of Qantas Chairmans Club,100.0,2,1917
Membership of Qantas Chairmans Club,Qantas Chairmans Lounge Membership,84.05797101449275,1,1917
Membership of Qantas Chairmans Club,Membership - Qantas Chairmans Lounge,81.69014084507043,1,1918
Melbourne Heart,Melbourne Heart,100.0,2,1920
Melbourne Heart,Melbourne Health,90.32258064516128,1,1920
Melbourne Bowling Club,Melbourne Bowling Club,100.0,2,1922
Melbourne Bowling Club,Molong Bowling Club,82.92682926829268,1,1922
Melbourne Bowling Club,Malvern Bowling Club,80.95238095238095,2,1923
Media Entertainment Alliance,Media Entertainment Alliance,100.0,2,1925
Media Entertainment Alliance,Media Entertainment Arts Alliance,91.80327868852459,1,1925
Media Entertainment Alliance,Media Entertainment & Arts Alliance,88.88888888888889,2,1926
Mecu,Mecu,100.0,2,1928
Mecu,Mecure,80.0,1,1928
"Marmion, Western Australia","Marmion, Western Australia",100.0,2,1930
"Marmion, Western Australia","Geraldton, Western Australia",81.4814814814815,2,1930
"Marmion, Western Australia",Western Australia Marathon Club,80.70175438596492,1,1931
Marmion WA,Marmion WA,100.0,2,1933
Marmion WA,Marmion,82.35294117647058,2,1933
Maritime Union of Australia,Maritime Union of Australia,100.0,2,1935
Maritime Union of Australia,Credit Union of Australia,84.61538461538461,1,1935
Malaysian Government,Malaysian Government,100.0,2,1937
Malaysian Government,Italian Government,84.21052631578947,1,1937
Maitland Repertory Theatre,Maitland Repertory Theatre,100.0,2,1939
Maitland Repertory Theatre,Maitland Repertory Theatre Inc,92.85714285714286,1,1939
Maitland Business Chamber,Maitland Business Chamber,100.0,2,1941
Maitland Business Chamber,Hamilton Business Chamber,84.0,1,1941
Maitland Business Chamber,Kalamunda Chamber of Business,81.4814814814815,1,1942
Maitland Business Chamber,Shoalhaven Business Chamber,80.76923076923077,1,1943
Magellan Global Fund,Magellan Global Fund,100.0,2,1945
Magellan Global Fund,Magellan Global,85.71428571428572,2,1945
Maclaughlin River Land Trust No.1,Maclaughlin River Land Trust No.1,100.0,2,1947
Maclaughlin River Land Trust No.1,Maclaughlin River Land Trust No. 1,95.52238805970148,1,1947
Maclaughlin River Holdings No 1. Pty Ltd,Maclaughlin River Holdings No 1. Pty Ltd,100.0,2,1949
Maclaughlin River Holdings No 1. Pty Ltd,Maclaughlin River Holdings No.1 Pty Ltd,93.67088607594937,1,1949
MAQUARIE BANK,MAQUARIE BANK,100.0,2,1951
MAQUARIE BANK,MACQUARIE BANK,96.2962962962963,2,1951
M2 GROUP,M2 GROUP,100.0,2,1953
M2 GROUP,TMA GROUP,82.35294117647058,1,1953
M.WASHER FAM/TRUST 2,M.WASHER FAM/TRUST 2,100.0,2,1955
M.WASHER FAM/TRUST 2,M.WASHER FAM/TRUST,94.73684210526316,2,1955
Lynas Rare Earths Ltd (LYC),Lynas Rare Earths Ltd (LYC),100.0,2,1957
Lynas Rare Earths Ltd (LYC),Lynas Rare Earths Ltd (ASX:LYC),93.10344827586206,1,1957
Lynas Rare Earths Ltd (LYC),Lynas Rare Earths Ltd,87.5,1,1958
Lynas Rare Earths,Lynas Rare Earths,100.0,2,1960
Lynas Rare Earths,Lynas Rare Earths LTD,89.47368421052632,1,1960
Lindisfarne Football Club,Lindisfarne Football Club,100.0,2,1962
Lindisfarne Football Club,Mindarie Football Club,85.1063829787234,1,1962
Lendlease,Lendlease,100.0,2,1964
Lendlease,Leadlease,88.88888888888889,1,1964
Laundy Exhibition Pty Ltd as trustee for the Laundy Family Trust No: 1,Laundy Exhibition Pty Ltd as trustee for the Laundy Family Trust No: 1,100.0,2,1966
Laundy Exhibition Pty Ltd as trustee for the Laundy Family Trust No: 1,Entasil Pty Ltd as trustee for the Laundy Family Trust No: 2,84.61538461538461,2,1966
Laundy Exhibition Pty Ltd as trustee for the Laundy Family Trust No: 1,Artlaun Pty Ltd as trustee for the Laundy Family Trust No: 4,83.07692307692307,2,1967
Launceston Friendly Care Chemist Pty Ltd,Launceston Friendly Care Chemist Pty Ltd,100.0,2,1969
Launceston Friendly Care Chemist Pty Ltd,Launceston Friendly Care Chemist,88.88888888888889,1,1969
Kurri Kurri Business Chamber,Kurri Kurri Business Chamber,100.0,2,1971
Kurri Kurri Business Chamber,Kurri Kurri District Business Chamber,86.15384615384616,1,1971
Kudos Management Group Trust,Kudos Management Group Trust,100.0,2,1973
Kudos Management Group Trust,Kudos Management Group Pty Ltd,82.75862068965517,2,1973
Ku-Ring-Gai Historical Society,Ku-Ring-Gai Historical Society,100.0,2,1975
Ku-Ring-Gai Historical Society,Ku-ring-gai Historical Society,93.33333333333333,1,1975
Ku-Ring-Gai Historical Society,Kuringgai Historical Society,89.65517241379311,1,1976
Klare (Qld) Pty Ltd Trustee for K & A Pitt Family Trust,Klare (Qld) Pty Ltd Trustee for K & A Pitt Family Trust,100.0,2,1978
Klare (Qld) Pty Ltd Trustee for K & A Pitt Family Trust,K & A Pitt Family Trust Trustee Klare (Qld) Pty Ltd,96.22641509433963,1,1978
Kids Pty Ltd,Kids Pty Ltd,100.0,2,1980
Kids Pty Ltd,TAZ & Kids Pty Ltd,80.0,1,1980
Kew Hockey Club,Kew Hockey Club,100.0,2,1982
Kew Hockey Club,UWA Hockey Club,80.0,1,1982
Kew Hockey Club,MCC Hockey Club,80.0,1,1983
Kepcove Pty Ltd,Kepcove Pty Ltd,100.0,2,1985
Kepcove Pty Ltd,Kepcore Pty Ltd,93.33333333333333,1,1985
Kepcove Pty Ltd,Kepcore Pty. Ltd.,87.5,1,1986
Kelly and Partners Opportunities Fund,Kelly and Partners Opportunities Fund,100.0,2,1988
Kelly and Partners Opportunities Fund,Kelly Partners Special Opportunities Fund,89.74358974358975,1,1988
Jonkel Family Trusts Nos 1 & 2,Jonkel Family Trusts Nos 1 & 2,100.0,2,1990
Jonkel Family Trusts Nos 1 & 2,Jonkel Family Trust Nos. 1 & 2,96.66666666666667,1,1990
John Cameron,John Cameron,100.0,2,1992
John Cameron,Jock Cameron,83.33333333333334,2,1992
Japanese Ministry of Foreign Affairs,Japanese Ministry of Foreign Affairs,100.0,2,1994
Japanese Ministry of Foreign Affairs,Ministry of Foreign Affairs Japan,95.65217391304348,1,1994
Japanese Ministry of Foreign Affairs,Ministry of Foreign Affairs of Japan,91.66666666666666,1,1995
JC Street Real Estate Pty Ltd,JC Street Real Estate Pty Ltd,100.0,2,1997
JC Street Real Estate Pty Ltd,JC Street Real Estate,84.0,2,1997
JB Hi-Fi Ltd,JB Hi-Fi Ltd,100.0,2,1999
JB Hi-Fi Ltd,JB Hi-Fi Limited,85.71428571428572,1,1999
Investment Properties,Investment Properties,100.0,2,2001
Investment Properties,Investment Property,90.0,1,2001
International Institute for Strategic Leadership Dialogue,International Institute for Strategic Leadership Dialogue,100.0,2,2003
International Institute for Strategic Leadership Dialogue,International Institute For Strategic Leadership Dialogue,92.98245614035088,1,2003
Inter-Parliamentary Alliance on China,Inter-Parliamentary Alliance on China,100.0,2,2005
Inter-Parliamentary Alliance on China,"Atlantic Council, Inter-Parliamentary Alliance on China",80.43478260869566,1,2005
India Australia Strategic Alliance Trade Delegation,India Australia Strategic Alliance Trade Delegation,100.0,2,2007
India Australia Strategic Alliance Trade Delegation,India Australia Strategic Alliance,80.0,2,2007
ISDELL PTY LTD,ISDELL PTY LTD,100.0,2,2009
ISDELL PTY LTD,ISDELL PTY LTD atf,87.5,1,2009
IPAC,IPAC,100.0,2,2011
IPAC,RIMPAC,80.0,1,2011
IMAGIO PTY LTD,IMAGIO PTY LTD,100.0,2,2013
IMAGIO PTY LTD,DAG PTY LTD,80.0,2,2013
Hunter New England Health Service,Hunter New England Health Service,100.0,2,2015
Hunter New England Health Service,Hunter New England Health,86.20689655172413,1,2015
Hunter Hall Value Growth Trust,Hunter Hall Value Growth Trust,100.0,2,2017
Hunter Hall Value Growth Trust,Hunter Hall Value Growth Trust (spouse),86.95652173913044,1,2017
Huawei Technologies (Aust) Pty Ltd,Huawei Technologies (Aust) Pty Ltd,100.0,2,2019
Huawei Technologies (Aust) Pty Ltd,Huawei Technologies (Australia) Pty Ltd,93.15068493150685,1,2019
Huawei Technologies (Aust) Pty Ltd,Huawei Technologies (Australia Pty Ltd),90.41095890410959,1,2020
Hills Choral Society,Hills Choral Society,100.0,2,2022
Hills Choral Society,The Hills Choral Society,90.9090909090909,1,2022
Hendren Tink Corporation Pty Ltd,Hendren Tink Corporation Pty Ltd,100.0,2,2024
Hendren Tink Corporation Pty Ltd,Hendren Tink Corporation PTY Ltd,93.75,1,2024
Hendren Tink Corporation Pty Ltd,Hendren Tink Corporation Pty,93.33333333333333,1,2025
HUME BLG SOCIETY,HUME BLG SOCIETY,100.0,2,2027
HUME BLG SOCIETY,HUME BUILDING SOCIETY,86.48648648648648,1,2027
Griff-Dev Investments Pty Ltd as Trustee of the P&M Fletcher Superannuation Fund,Griff-Dev Investments Pty Ltd as Trustee of the P&M Fletcher Superannuation Fund,100.0,2,2029
Griff-Dev Investments Pty Ltd as Trustee of the P&M Fletcher Superannuation Fund,Griff-Dev investments Pty Ltd as Trustee of the P&M Fletcher Superannuation Fund,85.0,1,2029
Griff-Dev Investments Pty Ltd as Trustee of the P&M Fletcher Superannuation Fund,Griff-Dev Investments Pty Ltd ATF P&M Fletcher Superannuation Fund,84.93150684931507,1,2030
Griff-Dev Investments Pty Ltd as Trustee of the P&M Fletcher Superannuation Fund,Griff Dev Investments Pty Ltd atf P&M Fletcher Superannuation Fund,83.56164383561644,1,2031
Great Southern Bank,Great Southern Bank,100.0,2,2033
Great Southern Bank,Great Southern Bank/CUA,90.47619047619048,1,2033
Government of the United Arab Emirates,Government of the United Arab Emirates,100.0,2,2035
Government of the United Arab Emirates,United Arab Emirates Government,89.85507246376811,1,2035
Government of the United Arab Emirates,Foreign Minister of the United Arab Emirates,80.48780487804879,1,2036
Government of Qatar,Government of Qatar,100.0,2,2038
Government of Qatar,Qatar Government,91.42857142857143,1,2038
Government of Qatar,Government of Japan,84.21052631578947,2,2039
Government of Qatar,Government of Sri Lanka,80.95238095238095,1,2040
Government of Hong Kong Special Administrative Region,Government of Hong Kong Special Administrative Region,100.0,2,2042
Government of Hong Kong Special Administrative Region,Government of the Hong Kong Special Administrative Region (HKSAR),89.83050847457628,1,2042
Government of Hong Kong Special Administrative Region,Hong Kong Special Administrative Region,84.78260869565217,1,2043
Global Creatures Pty Ltd,Global Creatures Pty Ltd,100.0,2,2045
Global Creatures Pty Ltd,Global Creatures,80.0,1,2045
GILBERT FRANK INVESTMENTS P/L,GILBERT FRANK INVESTMENTS P/L,100.0,2,2047
GILBERT FRANK INVESTMENTS P/L,GILBERT FRANK INVESTMENTS PL,98.24561403508771,1,2047
G8 Education Ltd,G8 Education Ltd,100.0,2,2049
G8 Education Ltd,G8 Education,85.71428571428572,1,2049
Foxtel from ASTRA,Foxtel from ASTRA,100.0,2,2051
Foxtel from ASTRA,"ASTRA, Foxtel",80.0,1,2051
Foxtel Cable Television Pty Ltd,Foxtel Cable Television Pty Ltd,100.0,2,2053
Foxtel Cable Television Pty Ltd,Foxtel Cable Television Pty Itd,96.7741935483871,1,2053
Fairfax Media,Fairfax Media,100.0,2,2055
Fairfax Media,Fairfax media,92.3076923076923,1,2055
Fairfax Media,Fairfax Media Ltd,86.66666666666667,1,2056
Fairfax Media,Nine Fairfax Media,83.87096774193549,1,2057
Evolution Mining,Evolution Mining,100.0,2,2059
Evolution Mining,Evolution Mining Shares,82.05128205128204,1,2059
"Everglades Country Club, Woy Woy","Everglades Country Club, Woy Woy",100.0,2,2061
"Everglades Country Club, Woy Woy",Everglades Country Club Woy Woy,98.41269841269842,1,2061
"Everglades Country Club, Woy Woy",Everglades Country Club,83.63636363636364,1,2062
Ettalong Beach Memorial Club,Ettalong Beach Memorial Club,100.0,2,2064
Ettalong Beach Memorial Club,"Ettalong Beach Memorial Club, Ettalong",84.84848484848484,1,2064
Escarpment Group,Escarpment Group,100.0,2,2066
Escarpment Group,The Escarpment Group,88.88888888888889,1,2066
Entsch Family Trust,Entsch Family Trust,100.0,2,2068
Entsch Family Trust,Banks Family Trust,81.08108108108108,1,2068
Embassy of Thailand,Embassy of Thailand,100.0,2,2070
Embassy of Thailand,Embassy of Japan,80.0,1,2070
Electorate Office,Electorate Office,100.0,2,2072
Electorate Office,Electorate office,94.11764705882352,1,2072
Electorate Office,Electoral Office,90.9090909090909,1,2073
Electorate Office,electorate office,88.23529411764706,1,2074
Electorate Office,Reid Electorate Office,87.17948717948718,1,2075
Electorate Office,Telstra Electorate Office,80.95238095238095,1,2076
Echo Entertainment,Echo Entertainment,100.0,2,2078
Echo Entertainment,Echo Entertainment Group,85.71428571428572,1,2078
East Malvern Junior Girls Football Team,East Malvern Junior Girls Football Team,100.0,2,2080
East Malvern Junior Girls Football Team,East Malvern Junior Football club,80.55555555555556,1,2080
EZRA PROPERTIES PTY LTD,EZRA PROPERTIES PTY LTD,100.0,2,2082
EZRA PROPERTIES PTY LTD,LIBERAL PROPERTIES LTD,80.0,1,2082
ETFS Battery Tech,ETFS Battery Tech,100.0,2,2084
ETFS Battery Tech,EFTS Battery Tech,94.11764705882352,1,2084
EML Payment Ltd (EML),EML Payment Ltd (EML),100.0,2,2086
EML Payment Ltd (EML),EML Payments Ltd (EML),97.67441860465115,1,2086
Dreyfus Superannuation Fund/Kenley Dale Pty Ltd,Dreyfus Superannuation Fund/Kenley Dale Pty Ltd,100.0,2,2088
Dreyfus Superannuation Fund/Kenley Dale Pty Ltd,Dreyfus Superannuation Fund (trustee Kenley Dale Pty Ltd),88.46153846153845,1,2088
Dee Why NSW,Dee Why NSW,100.0,2,2090
Dee Why NSW,Dee Why RSL,81.81818181818181,1,2090
Danske Bank,Danske Bank,100.0,2,2092
Danske Bank,Dankse Bank,90.9090909090909,1,2092
DAVID & CHARLOTTE GILLESPIE FAMILY TRUST,DAVID & CHARLOTTE GILLESPIE FAMILY TRUST,100.0,2,2094
DAVID & CHARLOTTE GILLESPIE FAMILY TRUST,DAVID & CHARLOTTE GILLESPIE,80.59701492537313,1,2094
D and S Thwaites,D and S Thwaites,100.0,2,2096
D and S Thwaites,D & S Thwaites,80.0,1,2096
Cumberland Park SA,Cumberland Park SA,100.0,2,2098
Cumberland Park SA,Cumberland park sa,83.33333333333334,1,2098
Cromwell Phoenix Property Securities Fund,Cromwell Phoenix Property Securities Fund,100.0,2,2100
Cromwell Phoenix Property Securities Fund,Cromwell Phoenix Property Securities Fnd,98.76543209876543,1,2100
Cricket Australia and New Zealand Cricket,Cricket Australia and New Zealand Cricket,100.0,2,2102
Cricket Australia and New Zealand Cricket,Cricket Australia and Cricket Queensland,88.88888888888889,2,2102
Cricket Australia and New Zealand Cricket,Queensland Cricket and Cricket Australia,88.88888888888889,1,2103
Cricket Australia and New Zealand Cricket,Cricket Australia and Queensland Cricket,88.88888888888889,1,2104
Cowboys,Cowboys,100.0,2,2106
Cowboys,NQ Cowboys,82.35294117647058,1,2106
Conaghan Lawyers Pty Limited,Conaghan Lawyers Pty Limited,100.0,2,2108
Conaghan Lawyers Pty Limited,Conaghan Lawyers Pty Ltd,92.3076923076923,1,2108
Compass Group,Compass Group,100.0,2,2110
Compass Group,Colemans Group,81.4814814814815,1,2110
Commonwealth Games Australia,Commonwealth Games Australia,100.0,2,2112
Commonwealth Games Australia,Australian Commonwealth Games Association,81.15942028985508,1,2112
Commonwealth Bank of Australia and Bank of Queensland,Commonwealth Bank of Australia and Bank of Queensland,100.0,2,2114
Commonwealth Bank of Australia and Bank of Queensland,"Commonwealth Bank of Australia, Bank of Queensland",95.14563106796116,1,2114
Commonwealth Bank of Australia and Bank of Queensland,Australian Mutual Bank and Commonwealth Bank,80.41237113402062,1,2115
Colonial Managed Savings,Colonial Managed Savings,100.0,2,2117
Colonial Managed Savings,Colonial Managed Saving Plan,88.46153846153845,1,2117
Cobar Shire Council,Cobar Shire Council,100.0,2,2119
Cobar Shire Council,Cloncurry Shire Council,80.95238095238095,1,2119
Club Berowra,Club Berowra,100.0,2,2121
Club Berowra,Berowra Lions Club,80.0,2,2121
Clifton Golf Club,Clifton Golf Club,100.0,2,2123
Clifton Golf Club,Calliope Golf Club,80.0,1,2123
China First Pty Ltd,China First Pty Ltd,100.0,2,2125
China First Pty Ltd,China First Coal Pty Ltd,88.37209302325581,1,2125
Chairman's Club,Chairman's Club,100.0,2,2127
Chairman's Club,Etihad Chairman's Club,81.08108108108108,1,2127
Central Coast Mariners Membership,Central Coast Mariners Membership,100.0,2,2129
Central Coast Mariners Membership,Central Coast Mariners,80.0,1,2129
"Central Coast Leagues Club, Gosford","Central Coast Leagues Club, Gosford",100.0,2,2131
"Central Coast Leagues Club, Gosford",Central Coast Leagues Club Gosford,98.55072463768117,1,2131
Care Leavers of Australia Network,Care Leavers of Australia Network,100.0,2,2133
Care Leavers of Australia Network,Care Leaver Australia Network (CLAN),84.05797101449275,1,2133
Care Leavers of Australia Network,Care Leavers Australasia Network (CLAN),83.33333333333334,1,2134
Canterbury Bulldogs,Canterbury Bulldogs,100.0,2,2136
Canterbury Bulldogs,Canterbury Bulldogs NRL,90.47619047619048,1,2136
Canterbury Bulldogs,Canterbury Bulldogs Club,88.37209302325581,1,2137
Canterbury Bulldogs,NRL Canterbury Bulldogs Club,80.85106382978724,1,2138
Caltex,Caltex,100.0,2,2140
Caltex,Caltex VB,80.0,1,2140
COLONIAL MUTUAL LIFE INSURANCE,COLONIAL MUTUAL LIFE INSURANCE,100.0,2,2142
COLONIAL MUTUAL LIFE INSURANCE,CITY MUTUAL LIFE INSURANCE,85.71428571428572,1,2142
CITIC Pacific Mining,CITIC Pacific Mining,100.0,2,2144
CITIC Pacific Mining,Citic Pacific Mining,80.0,1,2144
CHILD PSYCHCORP PTY LTD,CHILD PSYCHCORP PTY LTD,100.0,2,2146
CHILD PSYCHCORP PTY LTD,CHILD PSYCH CORP PTY LTD,80.85106382978724,1,2146
CBN Developments Pty Ltd,CBN Developments Pty Ltd,100.0,2,2148
CBN Developments Pty Ltd,Cosmo Developments Pty Ltd,88.0,1,2148
CBN Developments Pty Ltd,FFR Developments Pty Ltd,83.33333333333334,1,2149
CBN Developments Pty Ltd,FFR Development Pty Ltd,80.85106382978724,1,2150
Brumbies Rugby,Brumbies Rugby,100.0,2,2152
Brumbies Rugby,Brumbies Rugby Club,84.84848484848484,1,2152
Brisbane,Brisbane,100.0,2,2154
Brisbane,GMT Brisbane,80.0,1,2154
"Breakers Country Club, Wamberal","Breakers Country Club, Wamberal",100.0,2,2156
"Breakers Country Club, Wamberal",Breakers Country Club,80.76923076923077,1,2156
Brambles Industries Ltd,Brambles Industries Ltd,100.0,2,2158
Brambles Industries Ltd,Brambles Industries,90.47619047619048,2,2158
BlackRock,BlackRock,100.0,2,2160
BlackRock,Blackrock,88.88888888888889,1,2160
Bisalloy Steel,Bisalloy Steel,100.0,2,2162
Bisalloy Steel,Bisalloy Steel (BIS),82.35294117647058,1,2162
Birtus Health Limited SPO,Birtus Health Limited SPO,100.0,2,2164
Birtus Health Limited SPO,Birtus Health Limted SPO,97.95918367346938,1,2164
Billson Family Trust,Billson Family Trust,100.0,2,2166
Billson Family Trust,JI Bishop Family Trust,80.95238095238095,1,2166
Bankstown Sports Club,Bankstown Sports Club,100.0,2,2168
Bankstown Sports Club,"Bankstown Sports Club, NRL",89.36170212765957,1,2168
BHP Group,BHP Group,100.0,2,2170
BHP Group,CBH Group,88.88888888888889,1,2170
B'nai B'rith,B'nai B'rith,100.0,2,2172
B'nai B'rith,B'nai B'rith NSW,85.71428571428572,1,2172
Azumah Resources Limited,Azumah Resources Limited,100.0,2,2174
Azumah Resources Limited,Iluka Resources Limited,85.1063829787234,1,2174
Aware Superannuation account,Aware Superannuation account,100.0,2,2176
Aware Superannuation account,ING Superannuation account,85.18518518518519,1,2176
Avondale Trust,Avondale Trust,100.0,2,2178
Avondale Trust,Avon Trust,83.33333333333334,1,2178
Aviva Investors Prof High Growth Shares,Aviva Investors Prof High Growth Shares,100.0,2,2180
Aviva Investors Prof High Growth Shares,Aviva Investors High Growth Shares (WA),87.17948717948718,1,2180
Australian retirement trust,Australian retirement trust,100.0,2,2182
Australian retirement trust,Australian Retirement Trust,92.5925925925926,2,2182
Australian Trucking Association,Australian Trucking Association,100.0,2,2184
Australian Trucking Association,Australian Clay Target Association,80.0,1,2184
Australian Rugby League Commission and National Rugby League,Australian Rugby League Commission and National Rugby League,100.0,2,2186
Australian Rugby League Commission and National Rugby League,"Australian Rugby League Commission, National Rugby League",95.72649572649573,1,2186
Australian Rugby League Commission and National Rugby League,National Rugby League (NRL) and Australian Rugby League (ARL),80.99173553719008,1,2187
Australian Made Campaign Limited,Australian Made Campaign Limited,100.0,2,2189
Australian Made Campaign Limited,Australian Made Campaign,85.71428571428572,1,2189
Australian Lawyers Alliance,Australian Lawyers Alliance,100.0,2,2191
Australian Lawyers Alliance,Australian Taxpayers Alliance,89.28571428571429,1,2191
"Australian Institute of Political Science, The","Australian Institute of Political Science, The",100.0,2,2193
"Australian Institute of Political Science, The",Australian Institute of Policy and Science,86.36363636363636,2,2193
Australian Council for Educational Research,Australian Council for Educational Research,100.0,2,2195
Australian Council for Educational Research,Australian Council of Educational Research,96.47058823529412,1,2195
Australia-Israel Cultural Exchange (AICE),Australia-Israel Cultural Exchange (AICE),100.0,2,2197
Australia-Israel Cultural Exchange (AICE),The Australia-Israel Cultural Exchange,86.07594936708861,1,2197
Australia-Israel Cultural Exchange (AICE),Australia Israel Cultural Exchange (AICE),82.92682926829268,1,2198
Australia-Guangdong Chamber of Commerce and the Communist Party of China,Australia-Guangdong Chamber of Commerce and the Communist Party of China,100.0,2,2200
Australia-Guangdong Chamber of Commerce and the Communist Party of China,Australian - Guangdong Chamber of Commerce and the Communist Party of China,85.71428571428572,1,2200
Australia Israel Cultural Exchange Ltd,Australia Israel Cultural Exchange Ltd,100.0,2,2202
Australia Israel Cultural Exchange Ltd,Australia Israel Cultural Exchange,94.44444444444444,2,2202
Australia Israel Cultural Exchange Ltd,Australian Israel Cultural Exchange,93.15068493150685,1,2203
Australia Israel Cultural Exchange Ltd,Australia - Israel Cultural Exchange,91.89189189189189,1,2204
Aust/India Institute,Aust/India Institute,100.0,2,2206
Aust/India Institute,Australia India Institute,84.44444444444444,1,2206
Ausbil Investment Trust - Australian Active Equity Fund,Ausbil Investment Trust - Australian Active Equity Fund,100.0,2,2208
Ausbil Investment Trust - Australian Active Equity Fund,Ausbil Investment Trust - Aust Active Equity Fund,94.23076923076923,1,2208
Astral Resources NL (AAR),Astral Resources NL (AAR),100.0,2,2210
Astral Resources NL (AAR),Pan Australia Resources NL (PNA),80.70175438596492,1,2210
Astra Foxtel,Astra Foxtel,100.0,2,2212
Astra Foxtel,Astra - Foxtel,92.3076923076923,2,2212
Astra Foxtel,Astra/Foxtel,91.66666666666666,1,2213
Astra Foxtel,Foxtel Australia,85.71428571428572,1,2214
Astra Foxtel,Foxtel from Astra,82.75862068965517,1,2215
Asteron,Asteron,100.0,2,2217
Asteron,Asterton,93.33333333333333,1,2217
Assange Campaign,Assange Campaign,100.0,2,2219
Assange Campaign,Assange Campaign Group,84.21052631578947,1,2219
Asian Forum on Parliamentarians for Population Development (AFPPD),Asian Forum on Parliamentarians for Population Development (AFPPD),100.0,2,2221
Asian Forum on Parliamentarians for Population Development (AFPPD),Asian Forum of Parliamentarians on Population and Development (AFPPD),94.81481481481482,1,2221
Asian Forum on Parliamentarians for Population Development (AFPPD),Asian Forum Parliamentarians on Population and Development Secretariat,82.35294117647058,1,2222
Art Gallery NSW,Art Gallery NSW,100.0,2,2224
Art Gallery NSW,Art Gallery of NSW,90.9090909090909,1,2224
Arcana Partners PTY LTD,Arcana Partners PTY LTD,100.0,2,2226
Arcana Partners PTY LTD,Arcana Partner PTY LTD,97.77777777777777,1,2226
Apple Pty Ltd,Apple Pty Ltd,100.0,2,2228
Apple Pty Ltd,Acline Pty Ltd,81.4814814814815,1,2228
Appen Limited,Appen Limited,100.0,2,2230
Appen Limited,Appen Limited (APX),81.25,1,2230
Ambassador of Life Education,Ambassador of Life Education,100.0,2,2232
Ambassador of Life Education,Life Education NSW (Ambassador),88.13559322033898,1,2232
Allan Gray Australia Equity Fund,Allan Gray Australia Equity Fund,100.0,2,2234
Allan Gray Australia Equity Fund,Allan Gray Australia Equity Fund Class A,88.88888888888889,1,2234
Alinta Energy,Alinta Energy,100.0,2,2236
Alinta Energy,Alinta Energy Ltd,86.66666666666667,1,2236
Advance Property Securities M-Blend,Advance Property Securities M-Blend,100.0,2,2238
Advance Property Securities M-Blend,Advance Property Securities M Blend,94.28571428571428,1,2238
Advance Property Securities M-Blend,Advance Properties Securities Multi-Blend Fund,83.9506172839506,1,2239
Adelaide Fringe,Adelaide Fringe,100.0,2,2241
Adelaide Fringe,Adelaide Fringe Office,81.08108108108108,1,2241
Accor,Accor,100.0,2,2243
Accor,Acorn,80.0,1,2243
Abbotsleigh School Foundation,Abbotsleigh School Foundation,100.0,2,2245
Abbotsleigh School Foundation,Abbotsleigh Foundation,86.27450980392157,2,2245
AUSTRALIAN WORKERS UNION,AUSTRALIAN WORKERS UNION,100.0,2,2247
AUSTRALIAN WORKERS UNION,THE AUSTRALIAN WORKERS' UNION,90.56603773584906,1,2247
ASTRA Subscription Television Australia,ASTRA Subscription Television Australia,100.0,2,2249
ASTRA Subscription Television Australia,Subscription Television Australia,91.66666666666666,1,2249
ASTRA Subscription Television Australia,Astra Subscription Television Australia,89.74358974358975,1,2250
ASTRA Subscription Television Australia,Australian Subscription Television Assoc/Foxtel,81.3953488372093,1,2251
ASTRA Subscription Television Australia,AUSTAR Subscription Television,81.15942028985508,1,2252
ASTRA Subscription Media Australia,ASTRA Subscription Media Australia,100.0,2,2254
ASTRA Subscription Media Australia,Astra Subscription Media Australia,88.23529411764706,1,2254
ASTRA ENTERPRISES QLD PTY LTD,ASTRA ENTERPRISES QLD PTY LTD,100.0,2,2256
ASTRA ENTERPRISES QLD PTY LTD,ASTRA ENTERPRISES QHD PTY LTD,96.55172413793103,1,2256
ASTRA ENTERPRISES QLD PTY LTD,ASTRA ENTERPRISES PTY LTD,92.5925925925926,1,2257
APHRA,APHRA,100.0,2,2259
APHRA,AHPRA,80.0,2,2259
APA Group,APA Group,100.0,2,2261
APA Group,Ai Group,82.35294117647058,1,2261
"ANZ, Commonwealth, Westpac etc.","ANZ, Commonwealth, Westpac etc.",100.0,2,2263
"ANZ, Commonwealth, Westpac etc.","ANZ, Commonwealth, Westpac",91.22807017543859,2,2263
ALC Global Enterprise Trust,ALC Global Enterprise Trust,100.0,2,2265
ALC Global Enterprise Trust,ALC Global Enterprises Pty Ltd,80.70175438596492,1,2265
AICD,AICD,100.0,2,2267
AICD,GAICD,88.88888888888889,1,2267
per perpetual fund,per perpetual fund,100.0,1,2269
per perpetual fund,Per Perpetual Fund,83.33333333333334,1,2269
"former State Minister for Tourism, the Hon Leon Bignell MP","former State Minister for Tourism, the Hon Leon Bignell MP",100.0,1,2271
"former State Minister for Tourism, the Hon Leon Bignell MP","State Minister for Tourism, the Hon Leon Bignell MP",93.57798165137613,1,2271
challanger infrastructure fund,challanger infrastructure fund,100.0,1,2273
challanger infrastructure fund,Challanger Infrastructure Fund,90.0,1,2273
antares personal choice fund,antares personal choice fund,100.0,1,2275
antares personal choice fund,Antares personal choice fund,96.42857142857143,1,2275
antares personal choice fund,Antares Personal Choice Fund,85.71428571428572,1,2276
Zampatti Pty. Limited,Zampatti Pty. Limited,100.0,1,2278
Zampatti Pty. Limited,Zampatti Pty Ltd,86.48648648648648,1,2278
Zabulon Disbursements Pty Ltd,Zabulon Disbursements Pty Ltd,100.0,1,2280
Zabulon Disbursements Pty Ltd,Zabulon Disbursements,84.0,1,2280
Young Liberal Movement of NSW,Young Liberal Movement of NSW,100.0,1,2282
Young Liberal Movement of NSW,Young Liberal Movement of Australia NSW,85.29411764705883,1,2282
XOP (self),XOP (self),100.0,1,2284
XOP (self),XLP (self),90.0,1,2284
XOP (self),VOD (self),80.0,1,2285
XOP (self),PFF (self),80.0,1,2286
XOP (self),BHP (self),80.0,1,2287
Wyong Regional Chamber of Commerce,Wyong Regional Chamber of Commerce,100.0,1,2289
Wyong Regional Chamber of Commerce,South Coast Regional Chambers of Commerce,80.0,1,2289
Wyndham Track and Field Club,Wyndham Track and Field Club,100.0,1,2291
Wyndham Track and Field Club,Wyndham Track and Field,90.19607843137256,1,2291
Wyndham Track and Field Club,Patron - Wyndham Track and Field,80.0,1,2292
World Vision supporter/contributor,World Vision supporter/contributor,100.0,1,2294
World Vision supporter/contributor,World Vision contributor,82.75862068965517,1,2294
Woolmers Foundation,Woolmers Foundation,100.0,1,2296
Woolmers Foundation,Palmer Foundation,83.33333333333334,1,2296
Wishlist Sunshine Coast Hospital Foundation,Wishlist Sunshine Coast Hospital Foundation,100.0,1,2298
Wishlist Sunshine Coast Hospital Foundation,Wishlist Sunshine Coast Health Foundation,90.47619047619048,1,2298
Windsor Hotel,Windsor Hotel,100.0,1,2300
Windsor Hotel,Hotel Windsor,100.0,1,2300
Willunga Basin Inc,Willunga Basin Inc,100.0,1,2302
Willunga Basin Inc,Willunga Basin,87.5,1,2302
William Ernest Hendy Family Foundation Trust,William Ernest Hendy Family Foundation Trust,100.0,1,2304
William Ernest Hendy Family Foundation Trust,William Ernest Hendy Estate and Family Foundation Trust,88.88888888888889,1,2304
Wide Bay Capricorn Surf Life Saving Branch,Wide Bay Capricorn Surf Life Saving Branch,100.0,1,2306
Wide Bay Capricorn Surf Life Saving Branch,Vice Patron Wide Bay Capricorn Surf Life Saving Branch,87.5,1,2306
Whale Beach Surf Lifesaving Club,Whale Beach Surf Lifesaving Club,100.0,1,2308
Whale Beach Surf Lifesaving Club,West Beach Surf Life Saving Club,87.5,1,2308
Wests Group Australia,Wests Group Australia,100.0,1,2310
Wests Group Australia,Guest Australia,83.33333333333334,1,2310
"Westpac, Commonwealth bank.","Westpac, Commonwealth bank.",100.0,1,2312
"Westpac, Commonwealth bank.",Westpac and Commonwealth Banks,80.70175438596492,1,2312
"Westpac, CBA, QPCU","Westpac, CBA, QPCU",100.0,1,2314
"Westpac, CBA, QPCU","QPCU, Westpac, CBA",94.44444444444444,1,2314
"Westpac, CBA, QPCU","Westpac, CBA",80.0,1,2315
"Westpac, ANZ","Westpac, ANZ",100.0,1,2317
"Westpac, ANZ",Westpac and ANZ,81.4814814814815,1,2317
Westpac Convertible Preference Shares,Westpac Convertible Preference Shares,100.0,1,2319
Westpac Convertible Preference Shares,Westpac Bank Convertible Preferences Shares,92.5,1,2319
"Westpac Banking Corporation, Commonwealth Bank","Westpac Banking Corporation, Commonwealth Bank",100.0,1,2321
"Westpac Banking Corporation, Commonwealth Bank","Commonwealth Bank, Westpac Banking Corporation",97.82608695652173,1,2321
Westpac (Dependent children),Westpac (Dependent children),100.0,1,2323
Westpac (Dependent children),ING (Dependent children),80.76923076923077,1,2323
Westfield Corporation Limited,Westfield Corporation Limited,100.0,1,2325
Westfield Corporation Limited,News Corporation Limited,83.01886792452831,1,2325
Westfield Corporation Limited,Ridley Corporation Limited,80.0,1,2326
Western Region Environment Centre,Western Region Environment Centre,100.0,1,2328
Western Region Environment Centre,Western Environment Centre,88.13559322033898,1,2328
Western Region Environment Centre,Member - Western Environment Centre,82.35294117647058,1,2329
West Wits Mining Limited,West Wits Mining Limited,100.0,1,2331
West Wits Mining Limited,West Wits Mining,80.0,1,2331
Wesley Mission Regional Aged Care Board (Member of Board),Wesley Mission Regional Aged Care Board (Member of Board),100.0,1,2333
Wesley Mission Regional Aged Care Board (Member of Board),Wesley Mission Regional Aged Care Board,81.25,1,2333
Wayward Brewing Company,Wayward Brewing Company,100.0,1,2335
Wayward Brewing Company,Nomad Brewing Company,81.81818181818181,1,2335
Waverley Blues Football Club,Waverley Blues Football Club,100.0,1,2337
Waverley Blues Football Club,Harvey Bulls Football Club,81.4814814814815,1,2337
Warriparinga Advisory team,Warriparinga Advisory team,100.0,1,2339
Warriparinga Advisory team,Warriparinga Advisory Team,80.76923076923077,1,2339
Wahroonga Rotary,Wahroonga Rotary,100.0,1,2341
Wahroonga Rotary,Rotary Club of Wahroonga,80.0,1,2341
Waeriver Pty Ltd,Waeriver Pty Ltd,100.0,1,2343
Waeriver Pty Ltd,Waeriver Pty Limited,88.88888888888889,1,2343
WSN Holdings Pty Ltd,WSN Holdings Pty Ltd,100.0,1,2345
WSN Holdings Pty Ltd,Stritech Holdings Pty Ltd,80.0,1,2345
WSN Holdings Pty Ltd,Salroand Holdings Pty Ltd,80.0,1,2346
WSN Holdings Pty Ltd,OAG Holdings Pty Ltd,80.0,1,2347
WSN Holdings Pty Ltd,ALP Holdings Pty Ltd,80.0,1,2348
WJ Bishop Pty Ltd,WJ Bishop Pty Ltd,100.0,1,2350
WJ Bishop Pty Ltd,NJ Bishop Pty Ltd,82.35294117647058,1,2350
WFE (spouse),WFE (spouse),100.0,1,2352
WFE (spouse),FB (spouse),86.95652173913044,1,2352
WFE (spouse),MFF (spouse),83.33333333333334,1,2353
WA Sporting Car Club,WA Sporting Car Club,100.0,1,2355
WA Sporting Car Club,W.A. Sporting Car Club Inc.,85.1063829787234,1,2355
WA Football Commission,WA Football Commission,100.0,1,2357
WA Football Commission,SA Football Commission,95.45454545454545,1,2357
WA Cricket Association,WA Cricket Association,100.0,1,2359
WA Cricket Association,Southern Cricket Association,80.0,1,2359
WA Chamber of Mineral and Energy,WA Chamber of Mineral and Energy,100.0,1,2361
WA Chamber of Mineral and Energy,Chamber of Minerals and Energy,93.5483870967742,1,2361
WA Chamber of Mineral and Energy,Chamber of Minerals & Energy WA,88.88888888888889,1,2362
"Voyages Indigenous Tourism Australia, Ayres Rock","Voyages Indigenous Tourism Australia, Ayres Rock",100.0,1,2364
"Voyages Indigenous Tourism Australia, Ayres Rock",Voyages Indigenous Tourism Australia,85.71428571428572,1,2364
"Volvo Cars, Bilia South Yarra","Volvo Cars, Bilia South Yarra",100.0,1,2366
"Volvo Cars, Bilia South Yarra",Volvo Cars Bilia South Yarra,98.24561403508771,1,2366
Visy and The Australian,Visy and The Australian,100.0,1,2368
Visy and The Australian,The Australian Wine,80.95238095238095,1,2368
Virgin Blue Holdings,Virgin Blue Holdings,100.0,1,2370
Virgin Blue Holdings,Virgin Aust Holdings,85.0,1,2370
Virgin Australia Velocity Frequent Flyer,Virgin Australia Velocity Frequent Flyer,100.0,1,2372
Virgin Australia Velocity Frequent Flyer,Virgin Australia Platinum Frequent Flyer,85.0,1,2372
Victorian Employee Chamber of Commerce and Industry,Victorian Employee Chamber of Commerce and Industry,100.0,1,2374
Victorian Employee Chamber of Commerce and Industry,Victorian Chamber of Commerce & Industry,83.51648351648352,1,2374
Victorian Employee Chamber of Commerce and Industry,Italian Chamber of Commerce and Industry,81.31868131868131,1,2375
"Victoria Racing Club, Emirates and Crown Resorts","Victoria Racing Club, Emirates and Crown Resorts",100.0,1,2377
"Victoria Racing Club, Emirates and Crown Resorts",Victoria Racing Club and Emirates,81.4814814814815,1,2377
Victoria Properties & Investments Pty Ltd,Victoria Properties & Investments Pty Ltd,100.0,1,2379
Victoria Properties & Investments Pty Ltd,Victoria Investments & Properties,89.1891891891892,1,2379
Various organisations,Various organisations,100.0,1,2381
Various organisations,Various local organisations,87.5,1,2381
Vanguard MSCI International Small Companies Index ETF (VISM),Vanguard MSCI International Small Companies Index ETF (VISM),100.0,1,2383
Vanguard MSCI International Small Companies Index ETF (VISM),Vanguard MSCI Index International Shares ETF (VGS),81.81818181818181,1,2383
Vanguard Investment Unit Holdings by Self-Managed Super Fund,Vanguard Investment Unit Holdings by Self-Managed Super Fund,100.0,1,2385
Vanguard Investment Unit Holdings by Self-Managed Super Fund,Vanguard Investment Unit Holdings by Self- Managed Super Fund,90.9090909090909,1,2385
Van Manen SMSF,Van Manen SMSF,100.0,1,2387
Van Manen SMSF,Van Manen Family SMSF,80.0,1,2387
Van Manen Family SMSF - ETFSS S,Van Manen Family SMSF - ETFSS S,100.0,1,2389
Van Manen Family SMSF - ETFSS S,Van Manen Family SMSF - ETFS S,98.36065573770492,1,2389
Van Manen Family SMSF - ETFSS S,Van Manen Family SMSF - EFTS YUS,85.71428571428572,1,2390
Van Manen Family SMSF - ETFSS S,Van Manen Family SMSF - EFTS YAU,85.71428571428572,1,2391
Van Manen Family SMSF - ETFSS S,Van Manen Family SMSF - EFTS Gold,84.375,1,2392
VIE (self),VIE (self),100.0,1,2394
VIE (self),TEF (self),80.0,1,2394
VIE (self),FTE (self),80.0,1,2395
VANGROVE FINANCIAL PLANNING Pty Ltd.,VANGROVE FINANCIAL PLANNING Pty Ltd.,100.0,1,2397
VANGROVE FINANCIAL PLANNING Pty Ltd.,VANGROVE FINANCIAL PLANNING PTY LTD,87.32394366197182,1,2397
VAN MANNEN FAMILY TRust,VAN MANNEN FAMILY TRust,100.0,1,2399
VAN MANNEN FAMILY TRust,VAN MANNEN FAMILY TRUST,86.95652173913044,1,2399
VAN MANN INVESTMENTS PTY LTD,VAN MANN INVESTMENTS PTY LTD,100.0,1,2401
VAN MANN INVESTMENTS PTY LTD,VAN MAN INVESTMENTS PTY LTD,98.18181818181819,1,2401
University Press,University Press,100.0,1,2403
University Press,Monash University Press,82.05128205128204,1,2403
Universal,Universal,100.0,1,2405
Universal,NBC Universal,81.81818181818181,1,2405
United Farmers Co-operative,United Farmers Co-operative,100.0,1,2407
United Farmers Co-operative,United Farmers Co-op,85.1063829787234,1,2407
Union Aid Abroad APHEDA,Union Aid Abroad APHEDA,100.0,1,2409
Union Aid Abroad APHEDA,Union Aid Abroad,82.05128205128204,1,2409
UniballrodaWestfield,UniballrodaWestfield,100.0,1,2411
UniballrodaWestfield,UnibailrodaWestfield,95.0,1,2411
US Embassy,US Embassy,100.0,1,2413
US Embassy,U.S. Embassy,90.9090909090909,1,2413
"UNICEF, Parliamentary Association","UNICEF, Parliamentary Association",100.0,1,2415
"UNICEF, Parliamentary Association",UNICEF Parliamentary Association,98.46153846153847,1,2415
UBS Inflation Linked Bond Fund,UBS Inflation Linked Bond Fund,100.0,1,2417
UBS Inflation Linked Bond Fund,Aberdeen Inflation Linked Bond Fund,80.0,1,2417
Tugun Progress Association,Tugun Progress Association,100.0,1,2419
Tugun Progress Association,Stirling Progress Association,80.0,1,2419
Trilogy Foundation of Canterbury-Basnkstown,Trilogy Foundation of Canterbury-Basnkstown,100.0,1,2421
Trilogy Foundation of Canterbury-Basnkstown,Trilogy Foundation of Canterbury-Bankstown,98.82352941176471,1,2421
Triginta Pty Ltd,Triginta Pty Ltd,100.0,1,2423
Triginta Pty Ltd,Triginta Pty LTD,87.5,1,2423
Transport Tourism Forum,Transport Tourism Forum,100.0,1,2425
Transport Tourism Forum,Tourism & Transport Forum,95.83333333333334,1,2425
Tourism Training Australia,Tourism Training Australia,100.0,1,2427
Tourism Training Australia,Group Training Australia,84.0,1,2427
Tourism North East,Tourism North East,100.0,1,2429
Tourism North East,North East Tourism,100.0,1,2429
Tourism Central Australia,Tourism Central Australia,100.0,1,2431
Tourism Central Australia,Tourism Australia,80.95238095238095,1,2431
Torquay Football and Netball Club,Torquay Football and Netball Club,100.0,1,2433
Torquay Football and Netball Club,Portarlington Football and Netball Club,80.55555555555556,1,2433
Tony Mitevski of Sylvania Waters,Tony Mitevski of Sylvania Waters,100.0,1,2435
Tony Mitevski of Sylvania Waters,Mr Tony Mitevski of Sylvania Waters,95.52238805970148,1,2435
Tibro Enterprizes,Tibro Enterprizes,100.0,1,2437
Tibro Enterprizes,Tibro Enterprises,94.11764705882352,1,2437
Thomson Geer,Thomson Geer,100.0,1,2439
Thomson Geer,Thomas Geer,86.95652173913044,1,2439
The Willcox Trading Trust,The Willcox Trading Trust,100.0,1,2441
The Willcox Trading Trust,The Tom Willcox Trust,82.6086956521739,1,2441
The Tom Willcox Trust No 2,The Tom Willcox Trust No 2,100.0,1,2443
The Tom Willcox Trust No 2,The Jack Willcox Trust No 2,83.01886792452831,1,2443
"The St George Leagues Club Limited, The St George District Rugby League Limited.","The St George Leagues Club Limited, The St George District Rugby League Limited.",100.0,1,2445
"The St George Leagues Club Limited, The St George District Rugby League Limited.","St George District Rugby League Football Club Limited, St George Leagues Club Limited.",86.74698795180723,1,2445
The Shannon Willcox Trust No 2,The Shannon Willcox Trust No 2,100.0,1,2447
The Shannon Willcox Trust No 2,The Shannon Willcox Trust,90.9090909090909,1,2447
The Returned and Services League of Australia - Rockingham,The Returned and Services League of Australia - Rockingham,100.0,1,2449
The Returned and Services League of Australia - Rockingham,The Returned Services League of Australia,82.82828282828282,1,2449
The Returned and Services League of Australia - Kwinana Sub Branch,The Returned and Services League of Australia - Kwinana Sub Branch,100.0,1,2451
The Returned and Services League of Australia - Kwinana Sub Branch,The Returned Services League of Australia - Kwinana Sub Branch,96.875,1,2451
The PSA* Unit Trust,The PSA* Unit Trust,100.0,1,2453
The PSA* Unit Trust,The P.S.A. Unit Trust,90.0,1,2453
The Owen Trust No 3,The Owen Trust No 3,100.0,1,2455
The Owen Trust No 3,The Owen Trust No 2,94.73684210526316,1,2455
The Owen Trust No 3,The Owen Trust,84.84848484848484,1,2456
The National Farmers Federation,The National Farmers Federation,100.0,1,2458
The National Farmers Federation,"Rabobank, National Farmers Federation",82.35294117647058,1,2458
"The Jack, Shannon & Tom Partnership No 2","The Jack, Shannon & Tom Partnership No 2",100.0,1,2460
"The Jack, Shannon & Tom Partnership No 2","The Jack, Shannon & Tom Partnership No 1",97.5,1,2460
The Herald Sun,The Herald Sun,100.0,1,2462
The Herald Sun,Herald Sun,83.33333333333334,1,2462
The Georgia Trust No 3,The Georgia Trust No 3,100.0,1,2464
The Georgia Trust No 3,The Georgia Trust No 2,95.45454545454545,1,2464
The Georgia Trust No 3,The Georgia Trust,87.17948717948718,1,2465
The Georgia Owen Fun Partnership No 3,The Georgia Owen Fun Partnership No 3,100.0,1,2467
The Georgia Owen Fun Partnership No 3,The Georgia Owen Fun Partnership No 2,97.2972972972973,1,2467
The Georgia Owen Fun Partnership No 3,The Georgia Owen Fun Partnership,92.7536231884058,1,2468
The Fun Trust No 3,The Fun Trust No 3,100.0,1,2470
The Fun Trust No 3,The Fun Trust No 2,94.44444444444444,1,2470
The Fun Trust No 3,The Fun Trust,83.87096774193549,1,2471
The Copyright Agency,The Copyright Agency,100.0,1,2473
The Copyright Agency,Copyright Agency,88.88888888888889,1,2473
"The Charge d'Affaires a.i, James Carouso and Elizabeth Visbeek and the entire US Mission in Australia.","The Charge d'Affaires a.i, James Carouso and Elizabeth Visbeek and the entire US Mission in Australia.",100.0,1,2475
"The Charge d'Affaires a.i, James Carouso and Elizabeth Visbeek and the entire US Mission in Australia.","The Charge d'Affaires a.i, James Carouso and Elizabeth Visbeek and the entire US Mission in Australia",99.50738916256158,1,2475
The Brisbane Club,The Brisbane Club,100.0,1,2477
The Brisbane Club,Brisbane Club,86.66666666666667,1,2477
The Brisbane Club,Brisbane Turf Club,85.71428571428572,1,2478
The Australian Institute of International Affairs,The Australian Institute of International Affairs,100.0,1,2480
The Australian Institute of International Affairs,Australian Institute of International Affairs,95.74468085106383,1,2480
The Australian Construction Industry Redundancy Trust,The Australian Construction Industry Redundancy Trust,100.0,1,2482
The Australian Construction Industry Redundancy Trust,Australian Construction Industry Redundancy Trust,96.07843137254902,1,2482
The Australian British Chamber of Commerce,The Australian British Chamber of Commerce,100.0,1,2484
The Australian British Chamber of Commerce,Australian Chamber of Commerce,83.33333333333334,1,2484
The Australian British Chamber of Commerce,Irish Australian Chamber of Commerce,82.05128205128204,1,2485
The Asciano Group,The Asciano Group,100.0,1,2487
The Asciano Group,Asciano Group,86.66666666666667,1,2487
The Albury Club,The Albury Club,100.0,1,2489
The Albury Club,Albury Ski Club,80.0,1,2489
Tennis Australia/Australian Open,Tennis Australia/Australian Open,100.0,1,2491
Tennis Australia/Australian Open,Tennis Australia & Australian Open,93.93939393939394,1,2491
Tennis Australia and Optus,Tennis Australia and Optus,100.0,1,2493
Tennis Australia and Optus,Tennis Australia and Emirates,83.63636363636364,1,2493
Tennis Australia and Optus,Emirates and Tennis Australia,83.63636363636364,1,2494
Ten Network Holdings Limited,Ten Network Holdings Limited,100.0,1,2496
Ten Network Holdings Limited,Ten Network Holdings,83.33333333333334,1,2496
Templemore Investments Pty Ltd,Templemore Investments Pty Ltd,100.0,1,2498
Templemore Investments Pty Ltd,Templemore Investments Pty LTD,93.33333333333333,1,2498
"Templemore Investment Pty Ltd, Goldenboots Pty Ltd","Templemore Investment Pty Ltd, Goldenboots Pty Ltd",100.0,1,2500
"Templemore Investment Pty Ltd, Goldenboots Pty Ltd","Templemore Investment Pty Ltd, Goldenboot Pty Ltd",98.98989898989899,1,2500
Telefonica Bonds (self),Telefonica Bonds (self),100.0,1,2502
Telefonica Bonds (self),Telefonica Bonds,82.05128205128204,1,2502
Tassal Group Ltd,Tassal Group Ltd,100.0,1,2504
Tassal Group Ltd,Tassal Group Limited,88.88888888888889,1,2504
Tasmanian Fine Merino Wool Breeders Association,Tasmanian Fine Merino Wool Breeders Association,100.0,1,2506
Tasmanian Fine Merino Wool Breeders Association,Tasmanian Fine Merino Breeders Association,94.3820224719101,1,2506
Tasmanian Fine Merino Wool Breeders Association,Tasmanian Fine Merina Breeders Association,92.13483146067416,1,2507
Tasmanian Chamber of Commerce & Industry,Tasmanian Chamber of Commerce & Industry,100.0,1,2509
Tasmanian Chamber of Commerce & Industry,Peel Chamber of Commerce and Industry,80.51948051948052,1,2509
Taiwanese dignitaries,Taiwanese dignitaries,100.0,1,2511
Taiwanese dignitaries,Senior Taiwanese dignitaries,85.71428571428572,1,2511
Taiwanese Representative,Taiwanese Representative,100.0,1,2513
Taiwanese Representative,Taiwan Representative,93.33333333333333,1,2513
Tabcorp and Lion,Tabcorp and Lion,100.0,1,2515
Tabcorp and Lion,Lion and Tabcorp,100.0,1,2515
TRLIJ Hartsuyker,TRLIJ Hartsuyker,100.0,1,2517
TRLIJ Hartsuyker,TRLAJ Hartsuyker,93.75,1,2517
TAC Victoria,TAC Victoria,100.0,1,2519
TAC Victoria,LPA Victoria,83.33333333333334,1,2519
Sydney Hilton Hotel,Sydney Hilton Hotel,100.0,1,2521
Sydney Hilton Hotel,"Hilton Hotel, Sydney",97.43589743589743,1,2521
Sydney Airport Stapled,Sydney Airport Stapled,100.0,1,2523
Sydney Airport Stapled,Syd Airport Stapled,92.6829268292683,1,2523
Sydney Airport Stapled,Sydney Airport Limited,81.81818181818181,1,2524
Swanbourne,Swanbourne,100.0,1,2526
Swanbourne,Cranbourne,80.0,1,2526
Surf Lifesaving WA,Surf Lifesaving WA,100.0,1,2528
Surf Lifesaving WA,Surf Lifesaving,90.9090909090909,1,2528
Surf Lifesaving WA,Surf Lifesaving SA,83.33333333333334,1,2529
Surf Life Saving QLD,Surf Life Saving QLD,100.0,1,2531
Surf Life Saving QLD,Surf Life Saving NT,87.17948717948718,1,2531
Surefire Resources,Surefire Resources,100.0,1,2533
Surefire Resources,Superior Resources,83.33333333333334,1,2533
Support Lindfield Inc.,Support Lindfield Inc.,100.0,1,2535
Support Lindfield Inc.,Support Lindfield,87.17948717948718,1,2535
Superannuation Fund (Red Super),Superannuation Fund (Red Super),100.0,1,2537
Superannuation Fund (Red Super),Guild Super Superannuation Fund,80.64516129032258,1,2537
Suncorp and IAG,Suncorp and IAG,100.0,1,2539
Suncorp and IAG,Suncorp and ARU,86.66666666666667,1,2539
Suncorp Superannuation Fund,Suncorp Superannuation Fund,100.0,1,2541
Suncorp Superannuation Fund,HESTA Superannuation Fund,80.76923076923077,1,2541
Suncorp Insurance,Suncorp Insurance,100.0,1,2543
Suncorp Insurance,Suncorp - Life Insurance,82.92682926829268,1,2543
"Summer Park, Brisbane","Summer Park, Brisbane",100.0,1,2545
"Summer Park, Brisbane",Summer Park Brisbane,97.5609756097561,1,2545
Street Law Centre WA Inc,Street Law Centre WA Inc,100.0,1,2547
Street Law Centre WA Inc,Street Law Centre WA,90.9090909090909,1,2547
Street Law Centre WA Inc,Street Law Centre (WA) Inc.,82.35294117647058,1,2548
"Strathfield, NSW","Strathfield, NSW",100.0,1,2550
"Strathfield, NSW",Strathfield,81.4814814814815,1,2550
Store Invest Enhanced Income Fund No. 1,Store Invest Enhanced Income Fund No. 1,100.0,1,2552
Store Invest Enhanced Income Fund No. 1,Store Invest Enhanced Income Fund No 1,98.7012987012987,1,2552
State Government,State Government,100.0,1,2554
State Government,Saudi Government,81.25,1,2554
"Stanwell Park, NSW","Stanwell Park, NSW",100.0,1,2556
"Stanwell Park, NSW",Stanwell Park,83.87096774193549,1,2556
Stanley Lewis Inc,Stanley Lewis Inc,100.0,1,2558
Stanley Lewis Inc,Stanley Lewis,86.66666666666667,1,2558
Standard Life,Standard Life,100.0,1,2560
Standard Life,"GIC, Standard Life",83.87096774193549,1,2560
Stanbroke Pastoral Coy,Stanbroke Pastoral Coy,100.0,1,2562
Stanbroke Pastoral Coy,Stanbroke Pastoral Company,91.66666666666666,1,2562
St George bank.,St George bank.,100.0,1,2564
St George bank.,St George bank,96.55172413793103,1,2564
St George Commercial Finance,St George Commercial Finance,100.0,1,2566
St George Commercial Finance,Sme Commercial Finance,80.0,1,2566
St George Commercial Finance,SME Commercial Finance,80.0,1,2567
St Brendan's Old Boys Club,St Brendan's Old Boys Club,100.0,1,2569
St Brendan's Old Boys Club,St Brendan's Old Boys,89.36170212765957,1,2569
Sprint Bonds(self),Sprint Bonds(self),100.0,1,2571
Sprint Bonds(self),Sprint Bonds,80.0,1,2571
Springwood Sports Club,Springwood Sports Club,100.0,1,2573
Springwood Sports Club,Springwood Rotary Club,81.81818181818181,1,2573
Sportsyear Pty Ltd.,Sportsyear Pty Ltd.,100.0,1,2575
Sportsyear Pty Ltd.,Sportsbet Pty Ltd,83.33333333333334,1,2575
Southport Golf Club,Southport Golf Club,100.0,1,2577
Southport Golf Club,Southport Flying Club,80.0,1,2577
Southern Cross Austero,Southern Cross Austero,100.0,1,2579
Southern Cross Austero,Southern Cross Austereo,97.77777777777777,1,2579
South West Rocks Surf Life Saving Club,South West Rocks Surf Life Saving Club,100.0,1,2581
South West Rocks Surf Life Saving Club,South West Rocks Surf Club,81.25,1,2581
South Sydney Rugby League Football Club,South Sydney Rugby League Football Club,100.0,1,2583
South Sydney Rugby League Football Club,North Sydney Rugby League Football Club.,83.54430379746836,1,2583
South Sydney Rugby League Football Club,South Sydney Football Club,80.0,1,2584
South Barwon Football and Netball Club,South Barwon Football and Netball Club,100.0,1,2586
South Barwon Football and Netball Club,Barwon Heads Football and Netball Club,84.21052631578947,1,2586
Smithfield RSL,Smithfield RSL,100.0,1,2588
Smithfield RSL,Smithfield,83.33333333333334,1,2588
Small Business Organisation Australia,Small Business Organisation Australia,100.0,1,2590
Small Business Organisation Australia,Council of Small Business Organisations Australia,86.04651162790698,1,2590
Small Business Organisation Australia,Council of small Business organisations Australia,81.3953488372093,1,2591
Sixth Floor Limited,Sixth Floor Limited,100.0,1,2593
Sixth Floor Limited,Sith Floor Limited,97.2972972972973,1,2593
Sir Paul Hasluck Foundation,Sir Paul Hasluck Foundation,100.0,1,2595
Sir Paul Hasluck Foundation,Sir Paul Hashick Foundation,92.5925925925926,1,2595
Shriro Holdings Limited,Shriro Holdings Limited,100.0,1,2597
Shriro Holdings Limited,Ruralco Holdings Limited,80.85106382978724,1,2597
Sheraton on the Park Sydney,Sheraton on the Park Sydney,100.0,1,2599
Sheraton on the Park Sydney,Sheraton on the Park,85.1063829787234,1,2599
Seven Locks Enhanced Fund Ltd,Seven Locks Enhanced Fund Ltd,100.0,1,2601
Seven Locks Enhanced Fund Ltd,Seven Locks Enhanced Fund Limited,80.64516129032258,1,2601
Semaphore and Port Adelaide RSL Clubs,Semaphore and Port Adelaide RSL Clubs,100.0,1,2603
Semaphore and Port Adelaide RSL Clubs,Semaphore and Port Adelaide RSL Club,98.63013698630137,1,2603
Self Managed Super Fund,Self Managed Super Fund,100.0,1,2605
Self Managed Super Fund,RA Coulton Self Managed Super Fund,80.70175438596492,1,2605
"Seddon, VIC","Seddon, VIC",100.0,1,2607
"Seddon, VIC","Meldon, VIC",81.81818181818181,1,2607
Scouts Australia,Scouts Australia,100.0,1,2609
Scouts Australia,Australian Sceptics,80.0,1,2609
Save the Children and the Bill & Melinda Gates Foundation,Save the Children and the Bill & Melinda Gates Foundation,100.0,1,2611
Save the Children and the Bill & Melinda Gates Foundation,Save the Children & Bill and Melinda Gates Foundation,96.36363636363636,1,2611
SZGG.DE (Spouse),SZGG.DE (Spouse),100.0,1,2613
SZGG.DE (Spouse),SIEGn.DE (Spouse),84.84848484848484,1,2613
SPAA Conference 2010,SPAA Conference 2010,100.0,1,2615
SPAA Conference 2010,HACO 2011 Conference,80.0,1,2615
SIL.ASX,SIL.ASX,100.0,1,2617
SIL.ASX,ASIA.ASX,80.0,1,2617
SDRL.K,SDRL.K,100.0,1,2619
SDRL.K,SDRL,80.0,1,2619
SDA union,SDA union,100.0,1,2621
SDA union,SDA Union,88.88888888888889,1,2621
SCINTILLA STRATEGIC INVESTMENTS LTD,SCINTILLA STRATEGIC INVESTMENTS LTD,100.0,1,2623
SCINTILLA STRATEGIC INVESTMENTS LTD,SCINTILLA STRATEGIC INVESTMENTS,93.93939393939394,1,2623
SBS Television Australia,SBS Television Australia,100.0,1,2625
SBS Television Australia,Astra Television,80.0,1,2625
SA Buchholz & LC Buchholz and CE Fanning & AH Fanning,SA Buchholz & LC Buchholz and CE Fanning & AH Fanning,100.0,1,2627
SA Buchholz & LC Buchholz and CE Fanning & AH Fanning,SA Buchholz & LC Buchholz & CE Fanning & AH Fanning,94.23076923076923,1,2627
SA Buchholz & CE & AH Fanning,SA Buchholz & CE & AH Fanning,100.0,1,2629
SA Buchholz & CE & AH Fanning,S.A Buchholz & A Fanning & C Fanning,83.07692307692307,1,2629
SA Buchholz & CE & AH Fanning,CE Fanning & AH Fanning G&S Buchholz,80.0,1,2630
Rural Fire Service,Rural Fire Service,100.0,1,2632
Rural Fire Service,NSW Rural Fire Service,90.0,1,2632
Rural Fire Service,Davidson Rural Fire Service,80.0,1,2633
Royal Sydney Golf Club,Royal Sydney Golf Club,100.0,1,2635
Royal Sydney Golf Club,Royal Sydney G C,84.21052631578947,1,2635
Royal Automobile Club of Tasmania (RACT),Royal Automobile Club of Tasmania (RACT),100.0,1,2637
Royal Automobile Club of Tasmania (RACT),Royal Automobile Club of Tasmania,90.41095890410959,1,2637
Rotory Club of North Sydney,Rotory Club of North Sydney,100.0,1,2639
Rotory Club of North Sydney,Rotary of North Sydney,85.71428571428572,1,2639
Rotary Club of Manly,Rotary Club of Manly,100.0,1,2641
Rotary Club of Manly,Rotary Club of Mandurah,83.72093023255813,1,2641
"Riviera Super Pty Ltd (Trustee), Van Manen Family Superannuation Fund","Riviera Super Pty Ltd (Trustee), Van Manen Family Superannuation Fund",100.0,1,2643
"Riviera Super Pty Ltd (Trustee), Van Manen Family Superannuation Fund",Riviera Super Pty Ltd (Trustee) Van Manen Family Superannuation Fund,99.27007299270073,1,2643
Riverside Theatre Parramatta,Riverside Theatre Parramatta,100.0,1,2645
Riverside Theatre Parramatta,Riverside National Theatre of Parramatta,82.35294117647058,1,2645
Riverside Industrial Maintenance Qld Pty Ltd,Riverside Industrial Maintenance Qld Pty Ltd,100.0,1,2647
Riverside Industrial Maintenance Qld Pty Ltd,Riverside Industrial Maintenance QLD Pty,90.47619047619048,1,2647
Riverside Industrial Maintenance Qld Pty Ltd,Riverside Industrial Maintenance Qld (Pty Ltd),88.88888888888889,1,2648
Returned Servicemen's League,Returned Servicemen's League,100.0,1,2650
Returned Servicemen's League,Returned & Services League,88.88888888888889,1,2650
Redhead Surf Life Saving Club,Redhead Surf Life Saving Club,100.0,1,2652
Redhead Surf Life Saving Club,Mt Martha Surf Life Saving Club,80.0,1,2652
Ramsay Street Developments Pty Ltd,Ramsay Street Developments Pty Ltd,100.0,1,2654
Ramsay Street Developments Pty Ltd,Ramsay Street Development Pty Ltd,98.50746268656717,1,2654
RMBL Investments Ltd,RMBL Investments Ltd,100.0,1,2656
RMBL Investments Ltd,RMBL Investments Limited,90.9090909090909,1,2656
RL Windsor & Son Pty Ltd,RL Windsor & Son Pty Ltd,100.0,1,2658
RL Windsor & Son Pty Ltd,R.L. Windsor & Son Pty Ltd,96.0,1,2658
RIVERSIDE INDUSTRIAL MAINTENANCE QLD PTY LTD,RIVERSIDE INDUSTRIAL MAINTENANCE QLD PTY LTD,100.0,1,2660
RIVERSIDE INDUSTRIAL MAINTENANCE QLD PTY LTD,RIVERSIDE INDUSTRIAL MAINTAINCE,80.0,1,2660
RFX.ASX,RFX.ASX,100.0,1,2662
RFX.ASX,RF1.ASX,85.71428571428572,1,2662
REM RAMSEY,REM RAMSEY,100.0,1,2664
REM RAMSEY,RE TM RAMSEY,90.9090909090909,1,2664
RARE Infrastructure Value Fund,RARE Infrastructure Value Fund,100.0,1,2666
RARE Infrastructure Value Fund,RARE Infrastructure Value Fd – Unhedged,81.15942028985508,1,2666
RAM Consultants Pty Ltd,RAM Consultants Pty Ltd,100.0,1,2668
RAM Consultants Pty Ltd,RAM Consultants P/L,80.95238095238095,1,2668
RAAF Reserve,RAAF Reserve,100.0,1,2670
RAAF Reserve,R.A.A.F Reserve,88.88888888888889,1,2670
RAAF Reserve,R.A.A.F. Reserve,85.71428571428572,1,2671
R Willcox Pty Ltd,R Willcox Pty Ltd,100.0,1,2673
R Willcox Pty Ltd,A & R Willcox Pty Ltd,89.47368421052632,1,2673
R Property Development Pty Ltd,R Property Development Pty Ltd,100.0,1,2675
R Property Development Pty Ltd,A & R Property Development Pty Ltd,93.75,1,2675
R Land Pty Ltd,R Land Pty Ltd,100.0,1,2677
R Land Pty Ltd,A & R Land Pty Ltd,87.5,1,2677
R & A Corporation Pty Ltd,R & A Corporation Pty Ltd,100.0,1,2679
R & A Corporation Pty Ltd,A Corporation Pty Ltd,91.30434782608697,1,2679
Queenslanders' Credit Union,Queenslanders' Credit Union,100.0,1,2681
Queenslanders' Credit Union,Queenslanders Credit Union,98.11320754716981,1,2681
Queensland Rugby Union,Queensland Rugby Union,100.0,1,2683
Queensland Rugby Union,Qld Rugby Union,81.08108108108108,1,2683
"Qantas, Virgin Australia, Foxtel, ASTRA","Qantas, Virgin Australia, Foxtel, ASTRA",100.0,1,2685
"Qantas, Virgin Australia, Foxtel, ASTRA","Qantas, Virgin Australia, Foxtel",90.14084507042254,1,2685
"Qantas, Virgin Australia, Foxtel, ASTRA","ASTRA, Qantas, Virgin Australia",85.71428571428572,1,2686
Qantas and Emirates,Qantas and Emirates,100.0,1,2688
Qantas and Emirates,Emirates; Qantas,85.71428571428572,1,2688
Qantas and Emirates,Emirates/Qantas,82.35294117647058,1,2689
Qantas Lounge and Virgin Club,Qantas Lounge and Virgin Club,100.0,1,2691
Qantas Lounge and Virgin Club,Qantas Chairmans Lounge and Virgin Club,85.29411764705883,1,2691
Qantas Lounge and Virgin Club,Qantas Chairman's Lounge and Virgin Club,84.05797101449275,1,2692
Qantas Chairmans Lounge & Virgin Airlines,Qantas Chairmans Lounge & Virgin Airlines,100.0,1,2694
Qantas Chairmans Lounge & Virgin Airlines,Qantas Chairman's Lounge & Virgin Club,81.0126582278481,1,2694
QT Lounge,QT Lounge,100.0,1,2696
QT Lounge,QANTAS Lounge,81.81818181818181,1,2696
QSuper Limited,QSuper Limited,100.0,1,2698
QSuper Limited,Q Super Ltd,80.0,1,2698
"QBank, NAB, CBA, Westpac","QBank, NAB, CBA, Westpac",100.0,1,2700
"QBank, NAB, CBA, Westpac","ANZ, QBank, NAB, Westpac",91.66666666666666,1,2700
QBE Insurance Group Limited,QBE Insurance Group Limited,100.0,1,2702
QBE Insurance Group Limited,QBE Insurance Group,82.6086956521739,1,2702
Pyne and Partners,Pyne and Partners,100.0,1,2704
Pyne and Partners,Pyne & Partners,81.25,1,2704
Provenance Artists Studio,Provenance Artists Studio,100.0,1,2706
Provenance Artists Studio,Provenance Artists,83.72093023255813,1,2706
Project Tableland Environment Trust.,Project Tableland Environment Trust.,100.0,1,2708
Project Tableland Environment Trust.,Project Tableland Environment Trust,98.59154929577466,1,2708
Prime Minister of Papua New Guinea,Prime Minister of Papua New Guinea,100.0,1,2710
Prime Minister of Papua New Guinea,"Peter O'Neill, Prime Minister of Papua New Guinea",81.92771084337349,1,2710
Prime Minister of PNG,Prime Minister of PNG,100.0,1,2712
Prime Minister of PNG,Prime Minister,80.0,1,2712
President of the Moroccan House of Representatives,President of the Moroccan House of Representatives,100.0,1,2714
President of the Moroccan House of Representatives,President of the House of Representatives of Cyprus,81.1881188118812,1,2714
President of IATA,President of IATA,100.0,1,2716
President of IATA,President of ABC,84.84848484848484,1,2716
"Port Macquarie, Port Macquarie, Wauchope","Port Macquarie, Port Macquarie, Wauchope",100.0,1,2718
"Port Macquarie, Port Macquarie, Wauchope","Port Macquarie, Port Macquarie",85.71428571428572,1,2718
Port Bouvard Pistol and Small Bore Rife Club,Port Bouvard Pistol and Small Bore Rife Club,100.0,1,2720
Port Bouvard Pistol and Small Bore Rife Club,Port Bouvard Pistol & Small Bore Rifle Club Inc.,86.95652173913044,1,2720
"Pollard Street, Geraldton WA","Pollard Street, Geraldton WA",100.0,1,2722
"Pollard Street, Geraldton WA","Pollard St, Geraldton WA",92.3076923076923,1,2722
Police & Nurses Ltd,Police & Nurses Ltd,100.0,1,2724
Police & Nurses Ltd,Police & Nurses,88.23529411764706,1,2724
Plympton Flyers Little Athletics Club,Plympton Flyers Little Athletics Club,100.0,1,2726
Plympton Flyers Little Athletics Club,Plympton Flyers Little Athletics,92.7536231884058,1,2726
Pilatus Australia Pty Ltd,Pilatus Australia Pty Ltd,100.0,1,2728
Pilatus Australia Pty Ltd,Pilatus Australia,80.95238095238095,1,2728
Piedmont Lithium Inc.,Piedmont Lithium Inc.,100.0,1,2730
Piedmont Lithium Inc.,Piedmont Lithium,86.48648648648648,1,2730
Peter O'Connell,Peter O'Connell,100.0,1,2732
Peter O'Connell,Peter McConnell,86.66666666666667,1,2732
Pepe Family Trust/Pasin Nominees,Pepe Family Trust/Pasin Nominees,100.0,1,2734
Pepe Family Trust/Pasin Nominees,L&G Pasin Family Trust/Pasin Nominees,84.05797101449275,1,2734
Penrith District Rugby League Club,Penrith District Rugby League Club,100.0,1,2736
Penrith District Rugby League Club,Penrith District Junior Rugby League,82.85714285714285,1,2736
Penrith Disability Resource Centre (PDRC),Penrith Disability Resource Centre (PDRC),100.0,1,2738
Penrith Disability Resource Centre (PDRC),Penrith Disabilities Resource Centre Inc,81.4814814814815,1,2738
Pengana Global Resources Fund (spouse),Pengana Global Resources Fund (spouse),100.0,1,2740
Pengana Global Resources Fund (spouse),Pengana Global Resources Fund,86.56716417910448,1,2740
Paypal Australia,Paypal Australia,100.0,1,2742
Paypal Australia,PayPal Australia,93.75,1,2742
Patron of the Aboriginal Benefits Foundation,Patron of the Aboriginal Benefits Foundation,100.0,1,2744
Patron of the Aboriginal Benefits Foundation,Aboriginal Benefits Foundation - Patron,89.1566265060241,1,2744
Patron of the Aboriginal Benefits Foundation,Aboriginal Benefits Foundation,81.08108108108108,1,2745
Patron of Nowra Show Society,Patron of Nowra Show Society,100.0,1,2747
Patron of Nowra Show Society,Patron of Berry Show Society,85.71428571428572,1,2747
Patron Bundaberg Clay Target Club,Patron Bundaberg Clay Target Club,100.0,1,2749
Patron Bundaberg Clay Target Club,Bundaberg clay target club,81.35593220338984,1,2749
Patron - Hoppers Crossing Bowls,Patron - Hoppers Crossing Bowls,100.0,1,2751
Patron - Hoppers Crossing Bowls,Hoppers Crossing Bowls,83.01886792452831,1,2751
Parramatta Leagues Club & Westpac,Parramatta Leagues Club & Westpac,100.0,1,2753
Parramatta Leagues Club & Westpac,Parramatta Leagues Club,82.14285714285714,1,2753
Parliamentary Partners Association,Parliamentary Partners Association,100.0,1,2755
Parliamentary Partners Association,Parliamentary Partner's Association,98.55072463768117,1,2755
Palmer Coolum Resort Pty Ltd,Palmer Coolum Resort Pty Ltd,100.0,1,2757
Palmer Coolum Resort Pty Ltd,Palmer Coolum Resort,83.33333333333334,1,2757
"Palm Beach, Qld","Palm Beach, Qld",100.0,1,2759
"Palm Beach, Qld",Palm Beach Qld,96.55172413793103,1,2759
PST NL Griggs,PST NL Griggs,100.0,1,2761
PST NL Griggs,PS & NL Griggs,88.88888888888889,1,2761
PRRO (Spouse),PRRO (Spouse),100.0,1,2763
PRRO (Spouse),BHP (Spouse),80.0,1,2763
PRL Group,PRL Group,100.0,1,2765
PRL Group,LMPR Group,84.21052631578947,1,2765
P. Afkos,P. Afkos,100.0,1,2767
P. Afkos,P Afkos,93.33333333333333,1,2767
Orange Health Service Auxilliary,Orange Health Service Auxilliary,100.0,1,2769
Orange Health Service Auxilliary,Orange Health Service Auxiliary,98.41269841269842,1,2769
Onepath,Onepath,100.0,1,2771
Onepath,One Path,80.0,1,2771
One Pool Australia Equity Fund,One Pool Australia Equity Fund,100.0,1,2773
One Pool Australia Equity Fund,One Path Australia Equity,80.0,1,2773
Old Cranbrookians Association,Old Cranbrookians Association,100.0,1,2775
Old Cranbrookians Association,Old Cranbrokians Association,98.24561403508771,1,2775
Ocean Respect Racing Pty Ltd,Ocean Respect Racing Pty Ltd,100.0,1,2777
Ocean Respect Racing Pty Ltd,Ocean Respect Racing Ltd,92.3076923076923,1,2777
Ocean Grove Football and Netball Club,Ocean Grove Football and Netball Club,100.0,1,2779
Ocean Grove Football and Netball Club,Grovedale Tigers Football and Netball Club,83.54430379746836,1,2779
Oberon Tarana Heritage Railway Inc.,Oberon Tarana Heritage Railway Inc.,100.0,1,2781
Oberon Tarana Heritage Railway Inc.,Oberon Tarana Heritage Railway Inc,98.55072463768117,1,2781
OLESTA ANDREW LAMING SUPERANNUATION FUND,OLESTA ANDREW LAMING SUPERANNUATION FUND,100.0,1,2783
OLESTA ANDREW LAMING SUPERANNUATION FUND,OLESTA AND ANDREW LAMING SUPERANNUATION FUND,95.23809523809523,1,2783
O'Dowd Investments Pty Ltd for the O'Dowd Family Trust,O'Dowd Investments Pty Ltd for the O'Dowd Family Trust,100.0,1,2785
O'Dowd Investments Pty Ltd for the O'Dowd Family Trust,O'Dowd Investment Pty Ltd for the O'Dowd Family Trust,99.06542056074767,1,2785
North Queensland Toyota Cowboys,North Queensland Toyota Cowboys,100.0,1,2787
North Queensland Toyota Cowboys,North Queensland Cowboys,87.27272727272728,1,2787
North Queensland Toyota Cowboys,North QLD Toyota Cowboys,80.0,1,2788
"North Melbourne, VIC","North Melbourne, VIC",100.0,1,2790
"North Melbourne, VIC","Melbourne, VIC",82.35294117647058,1,2790
North Beach Bowls Club,North Beach Bowls Club,100.0,1,2792
North Beach Bowls Club,Altona North Bowls Club,80.0,1,2792
Nobbys Beach Surf Club,Nobbys Beach Surf Club,100.0,1,2794
Nobbys Beach Surf Club,Nobby Beach Surf Club,97.67441860465115,1,2794
Nexus,Nexus,100.0,1,2796
Nexus,Lexus,80.0,1,2796
Nexus,Dexus,80.0,1,2797
Newman College Scholarship Fund Ltd,Newman College Scholarship Fund Ltd,100.0,1,2799
Newman College Scholarship Fund Ltd,Newman College Scholarship Fund,93.93939393939394,1,2799
Newman College Foundation,Newman College Foundation,100.0,1,2801
Newman College Foundation,Newman College Council,80.85106382978724,1,2801
Newell Lock and Co.,Newell Lock and Co.,100.0,1,2803
Newell Lock and Co.,Newell Lock & Co,80.0,1,2803
Nettflow Trust,Nettflow Trust,100.0,1,2805
Nettflow Trust,Netlflow Trust,92.85714285714286,1,2805
Netball Victoria,Netball Victoria,100.0,1,2807
Netball Victoria,Basketball Victoria,85.71428571428572,1,2807
Nepean Family History Society Inc,Nepean Family History Society Inc,100.0,1,2809
Nepean Family History Society Inc,Nepean Family History Society,93.5483870967742,1,2809
Nefute Pty Ltd,Nefute Pty Ltd,100.0,1,2811
Nefute Pty Ltd,Nefute Pty Limited,87.5,1,2811
Navy Reserve,Navy Reserve,100.0,1,2813
Navy Reserve,ADF - Navy Reserve,80.0,1,2813
Nationals Party,Nationals Party,100.0,1,2815
Nationals Party,National Party,96.55172413793103,1,2815
Nationals Party,National Party NSW,84.84848484848484,1,2816
National Rugby League and Queensland Rugby league,National Rugby League and Queensland Rugby league,100.0,1,2818
National Rugby League and Queensland Rugby league,National Rugby League and Queensland Rugby League,85.71428571428572,1,2818
National Press Club Membership,National Press Club Membership,100.0,1,2820
National Press Club Membership,Membership - National Press Club,96.7741935483871,1,2820
Narellan Rotary Ball,Narellan Rotary Ball,100.0,1,2822
Narellan Rotary Ball,Narellan Rotary,85.71428571428572,1,2822
NT Cattlemen's Association,NT Cattlemen's Association,100.0,1,2824
NT Cattlemen's Association,NT Cattleman's Association,96.15384615384616,1,2824
NSW Veterans' Table Tennis,NSW Veterans' Table Tennis,100.0,1,2826
NSW Veterans' Table Tennis,NSW Veterans Table Tennis,98.0392156862745,1,2826
NSW Dept. Education,NSW Dept. Education,100.0,1,2828
NSW Dept. Education,Education Dept TAS,86.48648648648648,1,2828
NRL Commission,NRL Commission,100.0,1,2830
NRL Commission,NBL Commissioner,86.66666666666667,1,2830
NLY (self),NLY (self),100.0,1,2832
NLY (self),LYC (self),90.0,1,2832
NISSAN FINANCIAL,NISSAN FINANCIAL,100.0,1,2834
NISSAN FINANCIAL,NISSAN FINANCE,86.66666666666667,1,2834
NANTOB PTY LTD,NANTOB PTY LTD,100.0,1,2836
NANTOB PTY LTD,NANHUB PTY LTD.,82.75862068965517,1,2836
"NAB, QPCU, WESTPAC","NAB, QPCU, WESTPAC",100.0,1,2838
"NAB, QPCU, WESTPAC","NAB, QPCU, CBA, WESTPAC",87.8048780487805,1,2838
NAB Shares,NAB Shares,100.0,1,2840
NAB Shares,AGO Shares,80.0,1,2840
NAB Homeside,NAB Homeside,100.0,1,2842
NAB Homeside,Homeside/NAB,91.66666666666666,1,2842
NAB Homeside,Homeside,80.0,1,2843
N.Swanson Nominees Pty Ltd,N.Swanson Nominees Pty Ltd,100.0,1,2845
N.Swanson Nominees Pty Ltd,N.Swanson Nominees Ltd,91.66666666666666,1,2845
Mt Vale Holdings,Mt Vale Holdings,100.0,1,2847
Mt Vale Holdings,Mount Vale Holdings P/L,82.05128205128204,1,2847
Mt Vale Holdings,Mount Vale Holdings P/I,82.05128205128204,1,2848
Mount Gambier Racing Club,Mount Gambier Racing Club,100.0,1,2850
Mount Gambier Racing Club,Mount Gambier Club,83.72093023255813,1,2850
Mornington Football & Netball Club,Mornington Football & Netball Club,100.0,1,2852
Mornington Football & Netball Club,Lorne Football Netball Club,81.9672131147541,1,2852
Morgan Investment Trust,Morgan Investment Trust,100.0,1,2854
Morgan Investment Trust,Keenan Investment Trust,82.6086956521739,1,2854
Montague's,Montague's,100.0,1,2856
Montague's,Montague,88.88888888888889,1,2856
Momento Hospitality,Momento Hospitality,100.0,1,2858
Momento Hospitality,Memento Hospitality,94.73684210526316,1,2858
Mindarie Senior College,Mindarie Senior College,100.0,1,2860
Mindarie Senior College,Marden Senior College,86.36363636363636,1,2860
Mid-North Coast Youth Trust,Mid-North Coast Youth Trust,100.0,1,2862
Mid-North Coast Youth Trust,Mid North Coast Youth Trust,96.2962962962963,1,2862
Men of Magic Pty Ltd,Men of Magic Pty Ltd,100.0,1,2864
Men of Magic Pty Ltd,Men Of Magic Pty Ltd,85.0,1,2864
Member - Australian Labor Party VIC Division,Member - Australian Labor Party VIC Division,100.0,1,2866
Member - Australian Labor Party VIC Division,Australian Labor Party VIC Division,88.60759493670886,1,2866
Melba Disability Support Services,Melba Disability Support Services,100.0,1,2868
Melba Disability Support Services,Melba Disability & Support Services,97.05882352941177,1,2868
Maroubra Sports Club,Maroubra Sports Club,100.0,1,2870
Maroubra Sports Club,Maroubra Seals Club,82.05128205128204,1,2870
Maribyrnong Council,Maribyrnong Council,100.0,1,2872
Maribyrnong Council,Maribrynong Council,94.73684210526316,1,2872
Marconi Club,Marconi Club,100.0,1,2874
Marconi Club,Club Marconi,100.0,1,2874
"Manly Sea Eagles, NRMA","Manly Sea Eagles, NRMA",100.0,1,2876
"Manly Sea Eagles, NRMA",Manly Sea Eagles,84.21052631578947,1,2876
Maitland Superstore No.2 Trust,Maitland Superstore No.2 Trust,100.0,1,2878
Maitland Superstore No.2 Trust,Maitland Superstore No. 2 Trust,95.08196721311475,1,2878
"Macquarie, NAB","Macquarie, NAB",100.0,1,2880
"Macquarie, NAB","Macquarie, MLC, NAB",84.84848484848484,1,2880
MacQuarie Leasing,MacQuarie Leasing,100.0,1,2882
MacQuarie Leasing,Mac Quarie Leasing.,94.44444444444444,1,2882
MaTelecom,MaTelecom,100.0,1,2884
MaTelecom,Ma Telecom,94.73684210526316,1,2884
MIC UNIT TRUST,MIC UNIT TRUST,100.0,1,2886
MIC UNIT TRUST,JIB UNIT TRUST,85.71428571428572,1,2886
MGFO.ASX,MGFO.ASX,100.0,1,2888
MGFO.ASX,MGF.ASX,93.33333333333333,1,2888
MFFO (self),MFFO (self),100.0,1,2890
MFFO (self),MFF (self),95.23809523809523,1,2890
MFFO (Pokana),MFFO (Pokana),100.0,1,2892
MFFO (Pokana),MFF (Pokana),96.0,1,2892
"MEMBERS EQUITY BANK, AMERICAN EXPRESS","MEMBERS EQUITY BANK, AMERICAN EXPRESS",100.0,1,2894
"MEMBERS EQUITY BANK, AMERICAN EXPRESS","MEMBERS EQUITI BANK, AMERICAN EXPRESS",97.2972972972973,1,2894
Lord Baden Powell Society (Scouting Assoc.),Lord Baden Powell Society (Scouting Assoc.),100.0,1,2896
Lord Baden Powell Society (Scouting Assoc.),Lord Baden Powell Society (Scouting Assc.),98.82352941176471,1,2896
Live@Live,Live@Live,100.0,1,2898
Live@Live,Live@ Live,84.21052631578947,1,2898
Live@Live,Live @ Live,80.0,1,2899
Lithgow RSL Sub-Branch,Lithgow RSL Sub-Branch,100.0,1,2901
Lithgow RSL Sub-Branch,Hawthorn RSL Sub-Branch,80.0,1,2901
Lions Club,Lions Club,100.0,1,2903
Lions Club,Lion's Club,95.23809523809523,1,2903
Lion Brewery,Lion Brewery,100.0,1,2905
Lion Brewery,Lion Beer,85.71428571428572,1,2905
Lion Beer Australia,Lion Beer Australia,100.0,1,2907
Lion Beer Australia,Beef Australia Ltd,81.08108108108108,1,2907
Lifestyle Communities Shares,Lifestyle Communities Shares,100.0,1,2909
Lifestyle Communities Shares,Lifestyle Communities,85.71428571428572,1,2909
Leander,Leander,100.0,1,2911
Leander,Leadvert,80.0,1,2911
League,League,100.0,1,2913
League,A League,85.71428571428572,1,2913
Launceston Golf Club,Launceston Golf Club,100.0,1,2915
Launceston Golf Club,Launceston Club,85.71428571428572,1,2915
Launceston Golf Club,Launceston Football Club,81.81818181818181,1,2916
Launceston Bowls Club,Launceston Bowls Club,100.0,1,2918
Launceston Bowls Club,Frankston Bowls Club,82.92682926829268,1,2918
"Lammermoor, Yeppoon QLD","Lammermoor, Yeppoon QLD",100.0,1,2920
"Lammermoor, Yeppoon QLD","Cammermoor, Yeppoon",85.71428571428572,1,2920
"Kuwait Parliament, Palestinian Authority","Kuwait Parliament, Palestinian Authority",100.0,1,2922
"Kuwait Parliament, Palestinian Authority",Kuwait Parliament and Palestinian Authority,93.97590361445783,1,2922
Kusatsu Pty Ltd,Kusatsu Pty Ltd,100.0,1,2924
Kusatsu Pty Ltd,Kusatsu Lty Limited,82.35294117647058,1,2924
"King Henry Cafe, Sassafras","King Henry Cafe, Sassafras",100.0,1,2926
"King Henry Cafe, Sassafras",King Henry Arts Sassafras,82.35294117647058,1,2926
Kids Tennis Foundation,Kids Tennis Foundation,100.0,1,2928
Kids Tennis Foundation,Kid's Tennis Foundation,97.77777777777777,1,2928
Khalil Family Trust/Arcana Partners PTY LTD,Khalil Family Trust/Arcana Partners PTY LTD,100.0,1,2930
Khalil Family Trust/Arcana Partners PTY LTD,Khalil Family Trust /Arcana Partners PTY LTD,82.75862068965517,1,2930
Kensington Park SA,Kensington Park SA,100.0,1,2932
Kensington Park SA,Kensington Park,90.9090909090909,1,2932
"Kelowna, British Columbia, Canada.","Kelowna, British Columbia, Canada.",100.0,1,2934
"Kelowna, British Columbia, Canada.","Kelowna, British Columbia, Canada",98.50746268656717,1,2934
KSX Pty Ltd,KSX Pty Ltd,100.0,1,2936
KSX Pty Ltd,ISN Pty Ltd,81.81818181818181,1,2936
KLARE (QLD) Pty Ltd,KLARE (QLD) Pty Ltd,100.0,1,2938
KLARE (QLD) Pty Ltd,KLARE (QId) Pty Ltd,89.47368421052632,1,2938
KJ & AJ Pitt Super Fund No. 2 Trustee K & A Pitt Super Pty Ltd,KJ & AJ Pitt Super Fund No. 2 Trustee K & A Pitt Super Pty Ltd,100.0,1,2940
KJ & AJ Pitt Super Fund No. 2 Trustee K & A Pitt Super Pty Ltd,K & A Pitt Super Pty Ltd Trustee for KJ & AJ Pitt Super Fund No. 2,96.875,1,2940
KJ & AJ Pitt Super Fund No. 2 Trustee K & A Pitt Super Pty Ltd,K & A Pitt Super Pty Ltd Trustee for KJ & AJ Pitt Super Fund No 2,96.06299212598425,1,2941
KJ & AJ Pitt Super Fund No. 2 Trustee K & A Pitt Super Pty Ltd,KJ & AJ Pitt Super Fund No. 2 / K & A Pitt Super Pty Ltd,91.52542372881356,1,2942
KJ & AJ Pitt Super Fund No. 2 Trustee K & A Pitt Super Pty Ltd,K & A Pitt Pty Ltd ATF KJ & AJ Pitt Superfund No 2,80.35714285714286,1,2943
KJ & AJ Pitt Family Trust /KLARE (QId) Pty Ltd,KJ & AJ Pitt Family Trust /KLARE (QId) Pty Ltd,100.0,1,2945
KJ & AJ Pitt Family Trust /KLARE (QId) Pty Ltd,K & A Pitt Family Trust / KLARE (Qld) Pty Ltd,83.51648351648352,1,2945
KIRRIBILLI EX-SERVICES CLUB LTD,KIRRIBILLI EX-SERVICES CLUB LTD,100.0,1,2947
KIRRIBILLI EX-SERVICES CLUB LTD,KIRRIBILLI EX-SERVICES CLUB,93.10344827586206,1,2947
"KINGSTON, ACT","KINGSTON, ACT",100.0,1,2949
"KINGSTON, ACT",KINGSTON ACT,96.0,1,2949
KINGSIZE HOLDINGS PTY LTD,KINGSIZE HOLDINGS PTY LTD,100.0,1,2951
KINGSIZE HOLDINGS PTY LTD,KINGSIZE HOLDING P/L,80.0,1,2951
KI Wines by Geoff Hardy,KI Wines by Geoff Hardy,100.0,1,2953
KI Wines by Geoff Hardy,K1 Wines by Geoff Hardy,95.65217391304348,1,2953
K.D.Investmentss (Qld) Pty Ltd,K.D.Investmentss (Qld) Pty Ltd,100.0,1,2955
K.D.Investmentss (Qld) Pty Ltd,K.D.Investments (Qld) Pty Ltd,98.30508474576271,1,2955
John Deere Financial Ltd.,John Deere Financial Ltd.,100.0,1,2957
John Deere Financial Ltd.,John Deere Financial Ltd,97.95918367346938,1,2957
Joe Hockey & XAI Pty Ltd (new portion of Platypus Creek Farm),Joe Hockey & XAI Pty Ltd (new portion of Platypus Creek Farm),100.0,1,2959
Joe Hockey & XAI Pty Ltd (new portion of Platypus Creek Farm),Joe Hockey & XAI Pty Ltd (new part of Platypus Creek Farm),95.7983193277311,1,2959
Joe Hockey & M. Babbage (t/a Platypus Creek Farm),Joe Hockey & M. Babbage (t/a Platypus Creek Farm),100.0,1,2961
Joe Hockey & M. Babbage (t/a Platypus Creek Farm),Joe Hockey & M Babbage (t/a Platypus Creek Farm),98.96907216494846,1,2961
Joe Hockey & M. Babbage (t/a Platypus Creek Farm),Joe Hockey & M Babbage t/a Platypus Creek Farm,88.42105263157895,1,2962
Jennifer Porter estate,Jennifer Porter estate,100.0,1,2964
Jennifer Porter estate,Jennifer Porter,81.08108108108108,1,2964
JPG Advisory,JPG Advisory,100.0,1,2966
JPG Advisory,DPG Advisory,91.66666666666666,1,2966
Italo Australia Club Mount Gambier,Italo Australia Club Mount Gambier,100.0,1,2968
Italo Australia Club Mount Gambier,Italo Australia Club (Mount Gambier),80.0,1,2968
Italian Club Fremantle,Italian Club Fremantle,100.0,1,2970
Italian Club Fremantle,Fremantle Italian Club,100.0,1,2970
Italian Chamber of Commerce and Industry in Australia Inc.,Italian Chamber of Commerce and Industry in Australia Inc.,100.0,1,2972
Italian Chamber of Commerce and Industry in Australia Inc.,French Australia Chamber of Commerce and Industry,84.11214953271028,1,2972
Italian Chamber of Commerce and Industry in Australia Inc.,Australian Chamber of Commerce and Industry,83.16831683168317,1,2973
Italian Chamber of Commerce and Industry in Australia Inc.,Italian Chamber of Commerce and Industry (Queensland),81.08108108108108,1,2974
Isys Search Software Pty Ltd (spouse),Isys Search Software Pty Ltd (spouse),100.0,1,2976
Isys Search Software Pty Ltd (spouse),Isys Search Software Pty Ltd,86.15384615384616,1,2976
Ipswich Turf Club,Ipswich Turf Club,100.0,1,2978
Ipswich Turf Club,Ipswich Rifle Club,80.0,1,2978
International Consultation Jewish Parliamentarians,International Consultation Jewish Parliamentarians,100.0,1,2980
International Consultation Jewish Parliamentarians,International Coalition of Jewish Parliamentarians,90.0,1,2980
Inner City Legal Centre Ltd,Inner City Legal Centre Ltd,100.0,1,2982
Inner City Legal Centre Ltd,Inner City Legal Centre,92.0,1,2982
Initiatives of Change,Initiatives of Change,100.0,1,2984
Initiatives of Change,Initiatives for China,80.95238095238095,1,2984
Ing direct,Ing direct,100.0,1,2986
Ing direct,ING direct,80.0,1,2986
Industry Super Fund,Industry Super Fund,100.0,1,2988
Industry Super Fund,Howarth Industry Super Fund,82.6086956521739,1,2988
IndiGold Pty Ltd.,IndiGold Pty Ltd.,100.0,1,2990
IndiGold Pty Ltd.,IndiGold Pty Ltd,96.96969696969697,1,2990
Incapacitated Servicemen and Women's Association of Australia,Incapacitated Servicemen and Women's Association of Australia,100.0,1,2992
Incapacitated Servicemen and Women's Association of Australia,Incapacitated Servicemen and Women's Asso. of Australia,93.10344827586206,1,2992
IMF Conference,IMF Conference,100.0,1,2994
IMF Conference,IATA Conference,82.75862068965517,1,2994
"Hyde Park, Townsville","Hyde Park, Townsville",100.0,1,2996
"Hyde Park, Townsville",Hyde Park Townsville,97.5609756097561,1,2996
"Hunters Hill, NSW","Hunters Hill, NSW",100.0,1,2998
"Hunters Hill, NSW",Hunters Hill,82.75862068965517,1,2998
Humpty Dumpty Foundations,Humpty Dumpty Foundations,100.0,1,3000
Humpty Dumpty Foundations,Humpty Dumpty Foundation,97.95918367346938,1,3000
Huawei and Asialink.,Huawei and Asialink.,100.0,1,3002
Huawei and Asialink.,Huawei and Asialink,97.43589743589743,1,3002
Huawei and Asialink.,Asialink and Huawei,97.43589743589743,1,3003
Huawei and Asialink.,Huawei & Asialink,81.08108108108108,1,3004
Huawei Pty Ltd,Huawei Pty Ltd,100.0,1,3006
Huawei Pty Ltd,Huawei Ltd,83.33333333333334,1,3006
House- Mangerton,House- Mangerton,100.0,1,3008
House- Mangerton,House - Mangerton,90.9090909090909,1,3008
Hornsby and District Chamber of Commerce and Industry,Hornsby and District Chamber of Commerce and Industry,100.0,1,3010
Hornsby and District Chamber of Commerce and Industry,Hornsby and District Chamber of Commerce & Industry,94.23076923076923,1,3010
Hornsby Rotary Club,Hornsby Rotary Club,100.0,1,3012
Hornsby Rotary Club,Hawthorn Rotary Club,82.05128205128204,1,3012
Honorary Consul-General of Azerbaijan,Honorary Consul-General of Azerbaijan,100.0,1,3014
Honorary Consul-General of Azerbaijan,Consul-General of Azerbaijan,86.15384615384616,1,3014
Hong Kong Economic and Trade Office,Hong Kong Economic and Trade Office,100.0,1,3016
Hong Kong Economic and Trade Office,Hong Kong Economic & Trade Office,91.17647058823529,1,3016
Homeside (Nab),Homeside (Nab),100.0,1,3018
Homeside (Nab),Homeside (NAB),85.71428571428572,1,3018
Hinduja Group Books,Hinduja Group Books,100.0,1,3020
Hinduja Group Books,Hinduja Group,81.25,1,3020
Hilmerore PIL,Hilmerore PIL,100.0,1,3022
Hilmerore PIL,Hilmero PIL,91.66666666666666,1,3022
High Commissioner of the Republic of Singapore,High Commissioner of the Republic of Singapore,100.0,1,3024
High Commissioner of the Republic of Singapore,High Commission of the Republic of Singapore,97.77777777777777,1,3024
High Commissioner of the Republic of Singapore,"HE Burhan Gafoor, High Commissioner of the Republic of Singapore",83.63636363636364,1,3025
Hayman Island Resort,Hayman Island Resort,100.0,1,3027
Hayman Island Resort,Hamilton Island Resort,85.71428571428572,1,3027
"Hastings Point, NSW","Hastings Point, NSW",100.0,1,3029
"Hastings Point, NSW","Darling Point, NSW",81.08108108108108,1,3029
Hastings Funds Management Limited,Hastings Funds Management Limited,100.0,1,3031
Hastings Funds Management Limited,Hastings Fund Management Ltd,91.80327868852459,1,3031
Harper Collins Publishing,Harper Collins Publishing,100.0,1,3033
Harper Collins Publishing,Harper Collins Christian Publishing,83.33333333333334,1,3033
"Hampton, Victoria","Hampton, Victoria",100.0,1,3035
"Hampton, Victoria","Hamilton, Victoria",91.42857142857143,1,3035
HH The Crown Prince of Abu Dhabi,HH The Crown Prince of Abu Dhabi,100.0,1,3037
HH The Crown Prince of Abu Dhabi,Crown Prince of Abu Dhabi,87.71929824561404,1,3037
Gymea Bowling Club,Gymea Bowling Club,100.0,1,3039
Gymea Bowling Club,Bowling Club,80.0,1,3039
Greater Western Sydney Giants Football Club,Greater Western Sydney Giants Football Club,100.0,1,3041
Greater Western Sydney Giants Football Club,Greater Western Sydney Giants,80.55555555555556,1,3041
Goulburn and District Education Foundation,Goulburn and District Education Foundation,100.0,1,3043
Goulburn and District Education Foundation,Goulburn And District Education Foundation,90.47619047619048,1,3043
Goldenboot Pty Ltd,Goldenboot Pty Ltd,100.0,1,3045
Goldenboot Pty Ltd,Goldenboot Pty LTD,88.88888888888889,1,3045
Golden Key International Honour Society (ANU),Golden Key International Honour Society (ANU),100.0,1,3047
Golden Key International Honour Society (ANU),Golden Key International Honour Society (ANU and UC),90.72164948453609,1,3047
Gold ETFS,Gold ETFS,100.0,1,3049
Gold ETFS,Gold ETF,94.11764705882352,1,3049
"Gold Coast, QLD","Gold Coast, QLD",100.0,1,3051
"Gold Coast, QLD",Gold Coast QLD,96.55172413793103,1,3051
Gold Coast Business Excellence Awards,Gold Coast Business Excellence Awards,100.0,1,3053
Gold Coast Business Excellence Awards,GC Business Excellence Awards,84.84848484848484,1,3053
Glomesh International Pty Ltd,Glomesh International Pty Ltd,100.0,1,3055
Glomesh International Pty Ltd,1.Robert International Pty Ltd,81.35593220338984,1,3055
Global Tuberculosis Caucus,Global Tuberculosis Caucus,100.0,1,3057
Global Tuberculosis Caucus,Global Executive Tuberculosis Caucus,83.87096774193549,1,3057
Global Panel Foundation of America and Australia (Advisory Board),Global Panel Foundation of America and Australia (Advisory Board),100.0,1,3059
Global Panel Foundation of America and Australia (Advisory Board),Global Panel Foundation of America and Australasia,83.47826086956522,1,3059
Global Fund and APLMA,Global Fund and APLMA,100.0,1,3061
Global Fund and APLMA,"APLMA, Global Fund",87.17948717948718,1,3061
Global Foundation,Global Foundation,100.0,1,3063
Global Foundation,GO Foundation,80.0,1,3063
Global Alliance for Vaccines and Immunisation,Global Alliance for Vaccines and Immunisation,100.0,1,3065
Global Alliance for Vaccines and Immunisation,Global Alliance For Vaccines and Immunisations,90.10989010989012,1,3065
Gladstone Turf Club Incorp.,Gladstone Turf Club Incorp.,100.0,1,3067
Gladstone Turf Club Incorp.,Gladstone Turf Club Incorp,98.11320754716981,1,3067
Georgina Moody Trust,Georgina Moody Trust,100.0,1,3069
Georgina Moody Trust,Georgina Maree Moody Trust,86.95652173913044,1,3069
GPT group shares,GPT group shares,100.0,1,3071
GPT group shares,APA group share,83.87096774193549,1,3071
GPT GROUP SHARES,GPT GROUP SHARES,100.0,1,3073
GPT GROUP SHARES,APA GROUP SHARES,87.5,1,3073
GPT GROUP SHARES,DUET GROUP SHARES,84.84848484848484,1,3074
GPRIX and Elbrook Offshore Fund,GPRIX and Elbrook Offshore Fund,100.0,1,3076
GPRIX and Elbrook Offshore Fund,Elbrook Offshore Fund,80.76923076923077,1,3076
GOLDMAN-SACHS CASH TRUST,GOLDMAN-SACHS CASH TRUST,100.0,1,3078
GOLDMAN-SACHS CASH TRUST,GOLDMAN SACHS CASH TRUST,95.83333333333334,1,3078
GB Pearce Investments ATF GB Pearce Super Fund,GB Pearce Investments ATF GB Pearce Super Fund,100.0,1,3080
GB Pearce Investments ATF GB Pearce Super Fund,GB Pearce Investment ATF GB Pearce Super Fund,98.9010989010989,1,3080
G & A Richardson,G & A Richardson,100.0,1,3082
G & A Richardson,36 Richardson & CO,82.35294117647058,1,3082
Friends of Israel WA,Friends of Israel WA,100.0,1,3084
Friends of Israel WA,Friends of Israel (WA),80.95238095238095,1,3084
Fremantle Tennis Club,Fremantle Tennis Club,100.0,1,3086
Fremantle Tennis Club,Fremantle Lawn Tennis Club,89.36170212765957,1,3086
Frankston RSL,Frankston RSL,100.0,1,3088
Frankston RSL,Bankstown RSL,84.61538461538461,1,3088
Foxtel/ASTRA,Foxtel/ASTRA,100.0,1,3090
Foxtel/ASTRA,ASTRA (Foxtel),84.61538461538461,1,3090
Fox Sports News,Fox Sports News,100.0,1,3092
Fox Sports News,Fox Sports,80.0,1,3092
Fletcher Building Ltd,Fletcher Building Ltd,100.0,1,3094
Fletcher Building Ltd,Fletcher Building,89.47368421052632,1,3094
Fitzgerald Memorial Aged Care Facility Ltd,Fitzgerald Memorial Aged Care Facility Ltd,100.0,1,3096
Fitzgerald Memorial Aged Care Facility Ltd,Fitzgerald Memorial Aged Care,81.69014084507043,1,3096
Festival organisers,Festival organisers,100.0,1,3098
Festival organisers,Festival Organisers,94.73684210526316,1,3098
"Fellow, Australian Academy of Health and Medical Sciences","Fellow, Australian Academy of Health and Medical Sciences",100.0,1,3100
"Fellow, Australian Academy of Health and Medical Sciences",Australia Academy of Heath and Medical Sciences,90.38461538461539,1,3100
FOGs (Former Origin Greats),FOGs (Former Origin Greats),100.0,1,3102
FOGs (Former Origin Greats),FOGS (Former Origin Greats),96.2962962962963,1,3102
FIAT.MI,FIAT.MI,100.0,1,3104
FIAT.MI,FIA.MI,92.3076923076923,1,3104
FFR Pty Ltd,FFR Pty Ltd,100.0,1,3106
FFR Pty Ltd,FFR Dev Pty Ltd,84.61538461538461,1,3106
Eyre Peninsula Agricultural Research Foundation (EPARE),Eyre Peninsula Agricultural Research Foundation (EPARE),100.0,1,3108
Eyre Peninsula Agricultural Research Foundation (EPARE),Eyre Peninsula Agricultural Foundation,81.72043010752688,1,3108
Exquisart P/L,Exquisart P/L,100.0,1,3110
Exquisart P/L,Exquisant P/L,92.3076923076923,1,3110
Event organisers,Event organisers,100.0,1,3112
Event organisers,Event Organisers,93.75,1,3112
Essendon FC,Essendon FC,100.0,1,3114
Essendon FC,Essendon,84.21052631578947,1,3114
Esanda finance,Esanda finance,100.0,1,3116
Esanda finance,Esanda Finance,92.85714285714286,1,3116
"Erina Leagues Club, Erina","Erina Leagues Club, Erina",100.0,1,3118
"Erina Leagues Club, Erina",Erina Leagues Club Erina,97.95918367346938,1,3118
"Erina Leagues Club, Erina",Erina Leagues Club,83.72093023255813,1,3119
Epoch Gbl Equity Shareholder Yld Unhdg,Epoch Gbl Equity Shareholder Yld Unhdg,100.0,1,3121
Epoch Gbl Equity Shareholder Yld Unhdg,Epoch Gbl Equity Shareholder Yid Unhdg,97.36842105263158,1,3121
Ensemble Theatre,Ensemble Theatre,100.0,1,3123
Ensemble Theatre,Enmore Theatre,80.0,1,3123
Energy Developments (EDL),Energy Developments (EDL),100.0,1,3125
Energy Developments (EDL),Energy Developments,86.36363636363636,1,3125
Embassy of the Islamic Republic of Iran,Embassy of the Islamic Republic of Iran,100.0,1,3127
Embassy of the Islamic Republic of Iran,Ambassador of the Islamic Republic of Iran,91.35802469135803,1,3127
Embassy of Italy,Embassy of Italy,100.0,1,3129
Embassy of Italy,Embassy of Israel,84.84848484848484,1,3129
Economics Society of Australia,Economics Society of Australia,100.0,1,3131
Economics Society of Australia,Economic Society of Australia,98.30508474576271,1,3131
Eastwood-Thornleigh Tennis Association,Eastwood-Thornleigh Tennis Association,100.0,1,3133
Eastwood-Thornleigh Tennis Association,Eastwood-Thornleigh District Tennis Association,89.41176470588236,1,3133
ENDEAVOUR GROUP (EDV),ENDEAVOUR GROUP (EDV),100.0,1,3135
ENDEAVOUR GROUP (EDV),ENDEAVOUR GROUP,83.33333333333334,1,3135
ELDERS RURAL BANK,ELDERS RURAL BANK,100.0,1,3137
ELDERS RURAL BANK,ELDER'S RURAL BANK,97.14285714285714,1,3137
Dunsborough WA,Dunsborough WA,100.0,1,3139
Dunsborough WA,Dunsborough,88.0,1,3139
Dunamis Christian Centre Ltd,Dunamis Christian Centre Ltd,100.0,1,3141
Dunamis Christian Centre Ltd,Dunamis Christian Centre Limited,93.33333333333333,1,3141
"Dolans Bay, NSW","Dolans Bay, NSW",100.0,1,3143
"Dolans Bay, NSW",Dolans Bay NSW,96.55172413793103,1,3143
Distilled Spirits Industry Council of Australia Inc.,Distilled Spirits Industry Council of Australia Inc.,100.0,1,3145
Distilled Spirits Industry Council of Australia Inc.,Distilled Spirits Industry Council of Australia Inc,99.02912621359224,1,3145
Digital Radio Plus,Digital Radio Plus,100.0,1,3147
Digital Radio Plus,Digital Radio,83.87096774193549,1,3147
Deakin University Burwood,Deakin University Burwood,100.0,1,3149
Deakin University Burwood,Deakin University,80.95238095238095,1,3149
DPAKS O'Dwyer Family Trust,DPAKS O'Dwyer Family Trust,100.0,1,3151
DPAKS O'Dwyer Family Trust,DP & KS O'Dwyer Family Trust,85.18518518518519,1,3151
DG Lawnton Gosford P/L,DG Lawnton Gosford P/L,100.0,1,3153
DG Lawnton Gosford P/L,DG Lawnton Gosford,90.0,1,3153
DEBORAH CHADWICK DESIGNS PTY,DEBORAH CHADWICK DESIGNS PTY,100.0,1,3155
DEBORAH CHADWICK DESIGNS PTY,DEBORAH CHADWICK DESIGN PTY LTD,91.52542372881356,1,3155
Customers Limited,Customers Limited,100.0,1,3157
Customers Limited,Coles Limited,80.0,1,3157
Cuban Ambassador,Cuban Ambassador,100.0,1,3159
Cuban Ambassador,Ambassador of Cuba,88.23529411764706,1,3159
Crown Towers Hotel,Crown Towers Hotel,100.0,1,3161
Crown Towers Hotel,Crown Towers,80.0,1,3161
Crochdantish Pty Ltd (Spouse),Crochdantish Pty Ltd (Spouse),100.0,1,3163
Crochdantish Pty Ltd (Spouse),Crochdantish Pty Ltd,81.63265306122449,1,3163
Crochdantigh Pty Ltd,Crochdantigh Pty Ltd,100.0,1,3165
Crochdantigh Pty Ltd,Croch Dantish Pty Ltd,87.8048780487805,1,3165
Cricket teams,Cricket teams,100.0,1,3167
Cricket teams,Cricket Teams,92.3076923076923,1,3167
Cricket Australia and the SCG Trust,Cricket Australia and the SCG Trust,100.0,1,3169
Cricket Australia and the SCG Trust,Cricket Australia and SCG Trust,93.93939393939394,1,3169
Crawford Australian Leadership Forum,Crawford Australian Leadership Forum,100.0,1,3171
Crawford Australian Leadership Forum,ANU Crawford Leadership Forum,83.07692307692307,1,3171
Crawford Australian Leadership Forum,Australia-Israel Leadership Forum,81.15942028985508,1,3172
Counsels Chambers Limited,Counsels Chambers Limited,100.0,1,3174
Counsels Chambers Limited,Counsel's Chambers Limited,98.0392156862745,1,3174
Costa group,Costa group,100.0,1,3176
Costa group,Costa Group,90.9090909090909,1,3176
Costa group,Coles group,81.81818181818181,1,3177
Consolidated Pastoral Company Pty Ltd (CPC),Consolidated Pastoral Company Pty Ltd (CPC),100.0,1,3179
Consolidated Pastoral Company Pty Ltd (CPC),Consolidated Pastoral Company,80.55555555555556,1,3179
Commonwealth Bank of Australia CBAPC - Perls VI,Commonwealth Bank of Australia CBAPC - Perls VI,100.0,1,3181
Commonwealth Bank of Australia CBAPC - Perls VI,Commonwealth Bank of Australia CBAPC - Perks VI,97.87234042553192,1,3181
"Colonial First State, ANZ, NAB, Adelaide Bendigo, Westpac","Colonial First State, ANZ, NAB, Adelaide Bendigo, Westpac",100.0,1,3183
"Colonial First State, ANZ, NAB, Adelaide Bendigo, Westpac","Colonial First State, ANZ, NAB, Adelaide Bendigo",91.42857142857143,1,3183
Colonial First State Managed Funds,Colonial First State Managed Funds,100.0,1,3185
Colonial First State Managed Funds,Colonial Fire State Managed Funds,95.52238805970148,1,3185
College of Australian Training,College of Australian Training,100.0,1,3187
College of Australian Training,Australian College of Ministries,80.64516129032258,1,3187
Collection House Ltd.,Collection House Ltd.,100.0,1,3189
Collection House Ltd.,Collection House Ltd,97.5609756097561,1,3189
Collection House Ltd.,Collection House Itd,92.6829268292683,1,3190
Colac Tigers Football Netball Club,Colac Tigers Football Netball Club,100.0,1,3192
Colac Tigers Football Netball Club,Colac Football and Netball Club,86.15384615384616,1,3192
"Coffs Harbour, NSW","Coffs Harbour, NSW",100.0,1,3194
"Coffs Harbour, NSW","Coff Harbour, NSW",97.14285714285714,1,3194
Coeur de Lion Investments Pty limited,Coeur de Lion Investments Pty limited,100.0,1,3196
Coeur de Lion Investments Pty limited,Coeur de Lion Investments Pty Ltd,82.85714285714285,1,3196
Coalition for Conservation International Climate Conference,Coalition for Conservation International Climate Conference,100.0,1,3198
Coalition for Conservation International Climate Conference,Coalition for Conservation International,80.8080808080808,1,3198
Clock,Clock,100.0,1,3200
Clock,Block,80.0,1,3200
Climate Council,Climate Council,100.0,1,3202
Climate Council,Cattle Council,82.75862068965517,1,3202
Clifton Beach Royal Life Saving Club,Clifton Beach Royal Life Saving Club,100.0,1,3204
Clifton Beach Royal Life Saving Club,Clifton Beach Royal Life Saving,92.53731343283582,1,3204
CircusOz,CircusOz,100.0,1,3206
CircusOz,Circus Oz,94.11764705882352,1,3206
Chinese Government,Chinese Government,100.0,1,3208
Chinese Government,Chilean Government,83.33333333333334,1,3208
Challenger Ltd,Challenger Ltd,100.0,1,3210
Challenger Ltd,Challenger Limited,87.5,1,3210
Central Coast Volleyball Club Inc.,Central Coast Volleyball Club Inc.,100.0,1,3212
Central Coast Volleyball Club Inc.,Central Coast Volleyball Club Inc,98.50746268656717,1,3212
"Central Coast Bears, Woongarah Football Club","Central Coast Bears, Woongarah Football Club",100.0,1,3214
"Central Coast Bears, Woongarah Football Club","Central Coast Bears, Woongarah FC",83.11688311688312,1,3214
Catholic Social Services Australia,Catholic Social Services Australia,100.0,1,3216
Catholic Social Services Australia,Australian Council of Social Service,80.0,1,3216
Cartagen Group Pty Ltd,Cartagen Group Pty Ltd,100.0,1,3218
Cartagen Group Pty Ltd,Calibre Group Pty Ltd,83.72093023255813,1,3218
Carlton Football Club; MCC; RACV; Pontiac Car Club of Australia; Union-University and Schools Club - Sydney; Melbourne University Liberal Club,Carlton Football Club; MCC; RACV; Pontiac Car Club of Australia; Union-University and Schools Club - Sydney; Melbourne University Liberal Club,100.0,1,3220
Carlton Football Club; MCC; RACV; Pontiac Car Club of Australia; Union-University and Schools Club - Sydney; Melbourne University Liberal Club,"Carlton Football Club, MCC, RACV, Liberal Party of Australia (Victorian Division), Pontiac Car Club of Australia, Union-University and Schools Club, Sydney, Melbourne University, Liberal Club",81.68168168168168,1,3220
Carindale QLD,Carindale QLD,100.0,1,3222
Carindale QLD,Carina QLD,86.95652173913044,1,3222
Carina Leagues Club,Carina Leagues Club,100.0,1,3224
Carina Leagues Club,Cabramatta Leagues Club,80.95238095238095,1,3224
"Carers Australia, the Royal Flying Doctor Service, Ronald McDonald House, Youth Insearch and the Paralympic Games","Carers Australia, the Royal Flying Doctor Service, Ronald McDonald House, Youth Insearch and the Paralympic Games",100.0,1,3226
"Carers Australia, the Royal Flying Doctor Service, Ronald McDonald House, Youth Insearch and the Paralympic Games","Carers Australia, Royal Flying Doctor Service, Ronald McDonald House, Youth Insearch, Paralympic Games",93.95348837209302,1,3226
"Canterbury, VIC","Canterbury, VIC",100.0,1,3228
"Canterbury, VIC",Canterbury,80.0,1,3228
Canterbury Rotary Club,Canterbury Rotary Club,100.0,1,3230
Canterbury Rotary Club,Canterbury Rotary,87.17948717948718,1,3230
Canterbury & District Soccer Football Association,Canterbury & District Soccer Football Association,100.0,1,3232
Canterbury & District Soccer Football Association,Canterbury & District Soccer Football Assc Inc,88.42105263157895,1,3232
Campbell Arnotts,Campbell Arnotts,100.0,1,3234
Campbell Arnotts,Campbell Arnott's,96.96969696969697,1,3234
Caltex Australia Limited,Caltex Australia Limited,100.0,1,3236
Caltex Australia Limited,CB Australia Limited,86.36363636363636,1,3236
Cairns Penny Savings and Loans,Cairns Penny Savings and Loans,100.0,1,3238
Cairns Penny Savings and Loans,Cairns Penny Savings + Loans,89.65517241379311,1,3238
CURTIN UNIVERSITY WA,CURTIN UNIVERSITY WA,100.0,1,3240
CURTIN UNIVERSITY WA,CURTIN UNIVERSITY,91.89189189189189,1,3240
CROCHDANTIGH PTY. LTD.,CROCHDANTIGH PTY. LTD.,100.0,1,3242
CROCHDANTIGH PTY. LTD.,CROCHDANTIGH PTY LTD.,97.67441860465115,1,3242
CPS Membership,CPS Membership,100.0,1,3244
CPS Membership,ALP Membership,85.71428571428572,1,3244
CJC Property Consultants Pty Ltd (t/a Nineteen Consulting),CJC Property Consultants Pty Ltd (t/a Nineteen Consulting),100.0,1,3246
CJC Property Consultants Pty Ltd (t/a Nineteen Consulting),CJC Property Consultants PL (t/a Nineteen Consulting),90.09009009009009,1,3246
CANTAB (WA) PTY LTP,CANTAB (WA) PTY LTP,100.0,1,3248
CANTAB (WA) PTY LTP,CANTAB (WA) PTY LTD,94.73684210526316,1,3248
Burnett Institute,Burnett Institute,100.0,1,3250
Burnett Institute,Burnet Institute,96.96969696969697,1,3250
Buckleboo Sports Club,Buckleboo Sports Club,100.0,1,3252
Buckleboo Sports Club,Buckleboo Club,80.0,1,3252
Buckettys,Buckettys,100.0,1,3254
Buckettys,Bucketty's,94.73684210526316,1,3254
Bronte Surf Life Saving Club,Bronte Surf Life Saving Club,100.0,1,3256
Bronte Surf Life Saving Club,Bridport Surf Life Saving Club,89.65517241379311,1,3256
Bronte Surf Life Saving Club,Alkimos Surf Life Saving Club,80.70175438596492,1,3257
Bright Smart Media Services Pty Ltd,Bright Smart Media Services Pty Ltd,100.0,1,3259
Bright Smart Media Services Pty Ltd,Bright Smart Media Services PL,89.23076923076923,1,3259
Bright Smart Media Services Pty Ltd,Bright Smart Media Services,87.09677419354838,1,3260
Brendan Menegazzo,Brendan Menegazzo,100.0,1,3262
Brendan Menegazzo,Brendan Menegarzzo,97.14285714285714,1,3262
Bravus Mining and Resources,Bravus Mining and Resources,100.0,1,3264
Bravus Mining and Resources,Bravus Mining & Resources,88.46153846153845,1,3264
Branyan Investments Pty Ltd Trustee for Branyan Investments Bare Trust,Branyan Investments Pty Ltd Trustee for Branyan Investments Bare Trust,100.0,1,3266
Branyan Investments Pty Ltd Trustee for Branyan Investments Bare Trust,Branyan Investments Bare Trust Trustee Branyan Investments Pty Ltd,97.05882352941177,1,3266
Bluestar Intercultural Centre; Turkish Parliament; Qantas,Bluestar Intercultural Centre; Turkish Parliament; Qantas,100.0,1,3268
Bluestar Intercultural Centre; Turkish Parliament; Qantas,Bluestar Intercultural Centre & Turkish Parliament,89.7196261682243,1,3268
Birregurra Football and Netball Club,Birregurra Football and Netball Club,100.0,1,3270
Birregurra Football and Netball Club,Birregurra Football Netball Club,94.11764705882352,1,3270
Birregurra Football and Netball Club,Anglesea Football and Netball Club,80.0,1,3271
Beverley Twelftree Superannuation,Beverley Twelftree Superannuation,100.0,1,3273
Beverley Twelftree Superannuation,Beadle Twelftrees Superannuation Fund,82.85714285714285,1,3273
"Bendigo Bank, Westpac and CBA","Bendigo Bank, Westpac and CBA",100.0,1,3275
"Bendigo Bank, Westpac and CBA","Bendigo Bank, Westpac",84.0,1,3275
Barwon Heads Golf Club,Barwon Heads Golf Club,100.0,1,3277
Barwon Heads Golf Club,Barwon Heads Gold Club,95.45454545454545,1,3277
Barker Foundation (Barker College Old Boys' Union),Barker Foundation (Barker College Old Boys' Union),100.0,1,3279
Barker Foundation (Barker College Old Boys' Union),Barker College Foundation (Barker College Old Boy's Union),90.74074074074075,1,3279
BT Personal Superannuation Fund Account,BT Personal Superannuation Fund Account,100.0,1,3281
BT Personal Superannuation Fund Account,BT Personal Superannuation Account,93.15068493150685,1,3281
BHP BILLITON LTD,BHP BILLITON LTD,100.0,1,3283
BHP BILLITON LTD,BHP BILLITON,85.71428571428572,1,3283
BHP BILLITON LTD,BHP BILITON,81.4814814814815,1,3284
BENDIGO AND ADELALDE BANK LTD,BENDIGO AND ADELALDE BANK LTD,100.0,1,3286
BENDIGO AND ADELALDE BANK LTD,BENDIGO ADELAIDE BANK,80.0,1,3286
BDC & Associates Family Trust,BDC & Associates Family Trust,100.0,1,3288
BDC & Associates Family Trust,BDC & Associate's Family Trust,98.30508474576271,1,3288
Avanti Investments P/L,Avanti Investments P/L,100.0,1,3290
Avanti Investments P/L,ANZ Investments P/L,82.92682926829268,1,3290
Avanti Investments P/L,ANZ Investments P/L.,80.95238095238095,1,3291
Avalon Airshow,Avalon Airshow,100.0,1,3293
Avalon Airshow,Avalon AirShow,92.85714285714286,1,3293
Australian-Israel Chamber of Commerce,Australian-Israel Chamber of Commerce,100.0,1,3295
Australian-Israel Chamber of Commerce,Australia-Israel Chamber of Commerce,98.63013698630137,1,3295
"Australian Workers' Union of Employees, Qld","Australian Workers' Union of Employees, Qld",100.0,1,3297
"Australian Workers' Union of Employees, Qld","Australian Workers Union of Employees, Qld",98.82352941176471,1,3297
Australian Vintage Ltd,Australian Vintage Ltd,100.0,1,3299
Australian Vintage Ltd,Australian Vanadium Ltd,80.0,1,3299
Australian V8 Supercar Organisation (AVESCO),Australian V8 Supercar Organisation (AVESCO),100.0,1,3301
Australian V8 Supercar Organisation (AVESCO),Australian V8 Supercar Organisation,88.60759493670886,1,3301
Australian Rugby League Commission,Australian Rugby League Commission,100.0,1,3303
Australian Rugby League Commission,Australian Rugby League,80.70175438596492,1,3303
Australian Property Trust (APT),Australian Property Trust (APT),100.0,1,3305
Australian Property Trust (APT),Australian Property Trust,89.28571428571429,1,3305
Australian Political Exchange Council/Ministry of Foreign Affairs Japan,Australian Political Exchange Council/Ministry of Foreign Affairs Japan,100.0,1,3307
Australian Political Exchange Council/Ministry of Foreign Affairs Japan,Australian Political Exchange Council (APEC) Japanese Ministry of Foreign Affairs,81.57894736842105,1,3307
Australian Organic Ltd,Australian Organic Ltd,100.0,1,3309
Australian Organic Ltd,Australian Organic,90.0,1,3309
Australian National University - Asia-Pacific Advisory Council,Australian National University - Asia-Pacific Advisory Council,100.0,1,3311
Australian National University - Asia-Pacific Advisory Council,Australian National University - Asia Pacific Advisory Council,87.09677419354838,1,3311
Australian Manufacturing Workers' Union,Australian Manufacturing Workers' Union,100.0,1,3313
Australian Manufacturing Workers' Union,Australian Manufacturers Workers Union,90.9090909090909,1,3313
Australian Manufacturing Workers' Union,AMWU (Australian Manufacturing Workers Union),90.47619047619048,1,3314
Australian Lebanese Chamber of Commerce and Industry (ALCCI),Australian Lebanese Chamber of Commerce and Industry (ALCCI),100.0,1,3316
Australian Lebanese Chamber of Commerce and Industry (ALCCI),Australian Israel Chamber of Commerce (AICC),80.76923076923077,1,3316
Australian Indigenous Football Council - Australia scarf,Australian Indigenous Football Council - Australia scarf,100.0,1,3318
Australian Indigenous Football Council - Australia scarf,Australian Indigenous Football Council - Australia jersey,92.03539823008849,1,3318
Australian Community Inspired Association Inc.,Australian Community Inspired Association Inc.,100.0,1,3320
Australian Community Inspired Association Inc.,Australian Community Inspired Association Inc,98.9010989010989,1,3320
Australia China Economic Trade and Cultural Association,Australia China Economic Trade and Cultural Association,100.0,1,3322
Australia China Economic Trade and Cultural Association,Australia China Economic Trade & Culture Association,91.58878504672897,1,3322
Aust Super,Aust Super,100.0,1,3324
Aust Super,AusSuper,88.88888888888889,1,3324
Aussies Café,Aussies Café,100.0,1,3326
Aussies Café,Aussies Cafe,91.66666666666666,1,3326
Astra Enterprises Qld Pty Ltd,Astra Enterprises Qld Pty Ltd,100.0,1,3328
Astra Enterprises Qld Pty Ltd,Astra Enterprise Qld Pty Ltd,98.24561403508771,1,3328
Ass of Professional Engineers Scientists and Managers Aust. (APESMA),Ass of Professional Engineers Scientists and Managers Aust. (APESMA),100.0,1,3330
Ass of Professional Engineers Scientists and Managers Aust. (APESMA),Ass of Professional Engineers Scientists and Managers Aust (APESMA),99.25925925925925,1,3330
Asgard eWrap Investment Account,Asgard eWrap Investment Account,100.0,1,3332
Asgard eWrap Investment Account,Asgard Investment Account,89.28571428571429,1,3332
Asbestos Diseases Foundation,Asbestos Diseases Foundation,100.0,1,3334
Asbestos Diseases Foundation,Asbestos Disease Foundation,98.18181818181819,1,3334
As Above ATC,As Above ATC,100.0,1,3336
As Above ATC,As Above,80.0,1,3336
Alexandra Headland SCSC,Alexandra Headland SCSC,100.0,1,3338
Alexandra Headland SCSC,Alexandra Headland,87.8048780487805,1,3338
Alexandra Headland SCSC,Alexandra Headland QLD,84.44444444444444,1,3339
Alannah and Madeline Foundation,Alannah and Madeline Foundation,100.0,1,3341
Alannah and Madeline Foundation,Alannah & Madeline Foundation,90.0,1,3341
Akshardham Temple Delhi,Akshardham Temple Delhi,100.0,1,3343
Akshardham Temple Delhi,Akshardham Temple,85.0,1,3343
Afterpay Touch (APT),Afterpay Touch (APT),100.0,1,3345
Afterpay Touch (APT),Afterpay Touch,82.35294117647058,1,3345
After Pay touch,After Pay touch,100.0,1,3347
After Pay touch,After Pay Touch,93.33333333333333,1,3347
Aeromil Pacific Pty Ltd.,Aeromil Pacific Pty Ltd.,100.0,1,3349
Aeromil Pacific Pty Ltd.,Aeromil Pacific Pty Ltd,97.87234042553192,1,3349
Account with Sportsbet,Account with Sportsbet,100.0,1,3351
Account with Sportsbet,Account with Sportingbet,91.30434782608697,1,3351
AccorHotels,AccorHotels,100.0,1,3353
AccorHotels,Accor Hotels,95.65217391304348,1,3353
Aberdeen Emerging Opportunities Fund,Aberdeen Emerging Opportunities Fund,100.0,1,3355
Aberdeen Emerging Opportunities Fund,Aberdeen Asian Opportunities Fund,86.95652173913044,1,3355
AUSTRALIAN FOUNDATION INVESTMENTS,AUSTRALIAN FOUNDATION INVESTMENTS,100.0,1,3357
AUSTRALIAN FOUNDATION INVESTMENTS,AUSTRALIAN FOUNDATION INVESTMENT,98.46153846153847,1,3357
AUSBIL Investment Trust,AUSBIL Investment Trust,100.0,1,3359
AUSBIL Investment Trust,A&E Investments Trust,81.81818181818181,1,3359
ARC Centre for Excellence for Antimatter/Mitter Research,ARC Centre for Excellence for Antimatter/Mitter Research,100.0,1,3361
ARC Centre for Excellence for Antimatter/Mitter Research,ARC Centre for Excellence for Antimatter,83.33333333333334,1,3361
APSE SPV 4 Pte Ltd,APSE SPV 4 Pte Ltd,100.0,1,3363
APSE SPV 4 Pte Ltd,APSE SPV 3 Pte Ltd,94.44444444444444,1,3363
APSE SPV 4 Pte Ltd,APSE SPV 2 Pte Ltd,94.44444444444444,1,3364
APSE SPV 4 Pte Ltd,APSE SPV 1 Pte Ltd,94.44444444444444,1,3365
AP Goldsmith Investments/L,AP Goldsmith Investments/L,100.0,1,3367
AP Goldsmith Investments/L,AP Goldsmith Investments Pty Limited,80.64516129032258,1,3367
"ANZ, QPCU, NAB, CBA","ANZ, QPCU, NAB, CBA",100.0,1,3369
"ANZ, QPCU, NAB, CBA","ANZ, QBank, NAB, CBA",82.05128205128204,1,3369
ANZ and NAB,ANZ and NAB,100.0,1,3371
ANZ and NAB,ANZ and MBF,81.81818181818181,1,3371
ANZ & ING; VicSuper; Westpac & ANZ; Health Super,ANZ & ING; VicSuper; Westpac & ANZ; Health Super,100.0,1,3373
ANZ & ING; VicSuper; Westpac & ANZ; Health Super,"ANZ & ING, VicSuper, Westpac & ANZ, Health Super",93.75,1,3373
ANZ & C'wealth Bank.,ANZ & C'wealth Bank.,100.0,1,3375
ANZ & C'wealth Bank.,ANZ & C'wealth Bank,97.43589743589743,1,3375
AMP Capital Core Infrastructure Fund,AMP Capital Core Infrastructure Fund,100.0,1,3377
AMP Capital Core Infrastructure Fund,AMP Capital Core Infrastructure Class A Managed Fund,81.81818181818181,1,3377
AMCOR,AMCOR,100.0,1,3379
AMCOR,ACCOR,80.0,1,3379
"ALI Group, MSBS, Australian Super Fund","ALI Group, MSBS, Australian Super Fund",100.0,1,3381
"ALI Group, MSBS, Australian Super Fund","ALI Group, Australian Super Fund",91.42857142857143,1,3381
ALC Global Holdings Pty. Ltd.,ALC Global Holdings Pty. Ltd.,100.0,1,3383
ALC Global Holdings Pty. Ltd.,ALC Global Holdings Pty Ltd,96.42857142857143,1,3383
AIMPE,AIMPE,100.0,1,3385
AIMPE,AIME,88.88888888888889,1,3385
A Class Imports Pty Ltd,A Class Imports Pty Ltd,100.0,1,3387
A Class Imports Pty Ltd,"""A' Class Imports Pty Ltd",95.83333333333334,1,3387
"500 Club, Liberal Party, RPGC, MFC","500 Club, Liberal Party, RPGC, MFC",100.0,1,3389
"500 Club, Liberal Party, RPGC, MFC","500 Club, Liberal Party",80.70175438596492,1,3389
"3G Natural Resources Offshore Fund, GYLD, DBJP","3G Natural Resources Offshore Fund, GYLD, DBJP",100.0,1,3391
"3G Natural Resources Offshore Fund, GYLD, DBJP",3G Natural Resources Offshore Fund,85.0,1,3391
