chamber,parliament,member_name,electorate_or_state,source_url,listed_date,pdf_path,pdf_sha256,page_count,fetched_at
house,43,Tony Abbott,Warringah,https://www.aph.gov.au/Parliamentary_Business/Committees/House_of_Representatives_Committees?url=pmi/declarations/abbotta_43p.pdf,,pdfs/43/abbotta_43p.pdf,07a98bf77088c2545f44c7548d5d499d286cd9ba301944dcda7a61e63775c465,34,
house,43,Dick Adams,Lyons,https://www.aph.gov.au/Parliamentary_Business/Committees/House_of_Representatives_Committees?url=pmi/declarations/adamsd_43p.pdf,,pdfs/43/adamsd_43p.pdf,d3e2f9d7f003502ddb0e3e0400ea9e22290af601b7f324b0a599549bfe4d576c,9,
house,43,Anthony Albanese,Grayndler,https://www.aph.gov.au/Parliamentary_Business/Committees/House_of_Representatives_Committees?url=pmi/declarations/albanesea_43p.pdf,,pdfs/43/albanesea_43p.pdf,551001288378eb317ae7bc138bd9995de1c9875942258fc6c5fedc006e57ec47,48,
house,43,John Alexander,Bennelong,https://www.aph.gov.au/Parliamentary_Business/Committees/House_of_Representatives_Committees?url=pmi/declarations/alexanderj_43p.pdf,,pdfs/43/alexanderj_43p.pdf,4cdf99190dc2d7dee6e5959309952d00cb0e9098258b3657af582c4612d9640a,14,
house,43,Kevin Andrews,Menzies,https://www.aph.gov.au/Parliamentary_Business/Committees/House_of_Representatives_Committees?url=pmi/declarations/andrewsk_43p.pdf,,pdfs/43/andrewsk_43p.pdf,2b4db89e803f39d6ee03227ae7ef20f9a7afc786de50786dd9311b296a80ebc8,15,
house,43,Karen Andrews,McPherson,https://www.aph.gov.au/Parliamentary_Business/Committees/House_of_Representatives_Committees?url=pmi/declarations/andrewskaren_43p.pdf,,pdfs/43/andrewskaren_43p.pdf,724413164245d00e36cf1c0756e61c372f79634a7082a03f8d7901e13691cb6f,21,
house,43,Bob Baldwin,Paterson,https://www.aph.gov.au/Parliamentary_Business/Committees/House_of_Representatives_Committees?url=pmi/declarations/baldwinb_43p.pdf,,pdfs/43/baldwinb_43p.pdf,4eb3c4e7441cb6974ddffdeafb08ea0a2f73b39d2c61ab06241483f131d55b76,30,
house,43,Adam Bandt,Melbourne,https://www.aph.gov.au/Parliamentary_Business/Committees/House_of_Representatives_Committees?url=pmi/declarations/bandta_43p.pdf,,pdfs/43/bandta_43p.pdf,6922c44d5f9ca7ab412083b35d1237fb057ccc47d36d11237c8d46de54d87a03,12,
house,43,Bruce Billson,Dunkley,https://www.aph.gov.au/Parliamentary_Business/Committees/House_of_Representatives_Committees?url=pmi/declarations/billsonb_43p.pdf,,pdfs/43/billsonb_43p.pdf,7e99f48f25e6378826f68cbe781d43aeb14d2efdb6710b9fdc949ffa310172c4,17,
house,43,Sharon Bird,Cunningham,https://www.aph.gov.au/Parliamentary_Business/Committees/House_of_Representatives_Committees?url=pmi/declarations/birds_43p.pdf,,pdfs/43/birds_43p.pdf,ad3da299abf731728ad446b1e50dbf990569c8f1759a93fb432127cf8a1c0f17,11,
house,43,Bronwyn Bishop,Mackellar,https://www.aph.gov.au/Parliamentary_Business/Committees/House_of_Representatives_Committees?url=pmi/declarations/bishopb_43p.pdf,,pdfs/43/bishopb_43p.pdf,74566a939d031ca4b5f60668070afdbf7e6e419bd18e3fd72a56905950393ba3,27,
house,43,Julie Bishop,Curtin,https://www.aph.gov.au/Parliamentary_Business/Committees/House_of_Representatives_Committees?url=pmi/declarations/bishopj_43p.pdf,,pdfs/43/bishopj_43p.pdf,f4d17e5c4fd80c4b21c4aaa6e63649714ffaf7e9c4ace3aeec10d22714130c3e,37,
house,43,Chris Bowen,McMahon,https://www.aph.gov.au/Parliamentary_Business/Committees/House_of_Representatives_Committees?url=pmi/declarations/bowenc_43p.pdf,,pdfs/43/bowenc_43p.pdf,23112417183f2d031fea85d9d7432f4731131e64748c028c567407cd9d20a4be,20,
house,43,David Bradbury,Lindsay,https://www.aph.gov.au/Parliamentary_Business/Committees/House_of_Representatives_Committees?url=pmi/declarations/bradburyd_43p.pdf,,pdfs/43/bradburyd_43p.pdf,3c9f6d1f134b17557b2772ac269d3536ac48ef2579c3b09a802300304092af20,25,
house,43,Jamie Briggs,Mayo,https://www.aph.gov.au/Parliamentary_Business/Committees/House_of_Representatives_Committees?url=pmi/declarations/briggsj_43p.pdf,,pdfs/43/briggsj_43p.pdf,12171ba75b7ed213a1db96605d759ab357336281cf258c55e68bfbe87f63f75a,21,
house,43,Russell Broadbent,Monash,https://www.aph.gov.au/Parliamentary_Business/Committees/House_of_Representatives_Committees?url=pmi/declarations/broadbentr_43p.pdf,,pdfs/43/broadbentr_43p.pdf,f6f1652154f5050ca978ec57fa9591fc9ae2fe87e1c9f42994ebf4a1dd887025,10,
house,43,Gai Brodtmann,Canberra,https://www.aph.gov.au/Parliamentary_Business/Committees/House_of_Representatives_Committees?url=pmi/declarations/brodtmanng_43p.pdf,,pdfs/43/brodtmanng_43p.pdf,410f22140032b23577bb082cc36f48b473e8be4c09bb1bd2b597683fde150884,12,
house,43,Scott Buchholz,Wright,https://www.aph.gov.au/Parliamentary_Business/Committees/House_of_Representatives_Committees?url=pmi/declarations/buchholzs_43p.pdf,,pdfs/43/buchholzs_43p.pdf,96419c7819c724e4b1f2a0d0c4efadfa46162f294fa428e04e8999afc5aa53eb,15,
house,43,Anna Burke,Chisholm,https://www.aph.gov.au/Parliamentary_Business/Committees/House_of_Representatives_Committees?url=pmi/declarations/burkea_43p.pdf,,pdfs/43/burkea_43p.pdf,560f9dbb7c947c4751297721e0c0d93d9e9d425d18769203dbd597b8fda67346,11,
house,43,Tony Burke,Watson,https://www.aph.gov.au/Parliamentary_Business/Committees/House_of_Representatives_Committees?url=pmi/declarations/burket_43p.pdf,,pdfs/43/burket_43p.pdf,4084a01f3e5c1720375db385b9f6ca354551baa9e08bf8ec425d8f70c269ba8d,12,
house,43,Mark Butler,Port Adelaide,https://www.aph.gov.au/Parliamentary_Business/Committees/House_of_Representatives_Committees?url=pmi/declarations/butlerm_43p.pdf,,pdfs/43/butlerm_43p.pdf,de79f5f36931b686f1e4efee35c0c2620c9e0bc34ff146a302051b876c68a961,70,
house,43,Anthony Byrne,Holt,https://www.aph.gov.au/Parliamentary_Business/Committees/House_of_Representatives_Committees?url=pmi/declarations/byrnea_43p.pdf,,pdfs/43/byrnea_43p.pdf,ac6e69daf103c5e950aa8f51f5b8a8cda027cdca3a127cde48594e6984f814a0,9,
house,43,Nick Champion,Wakefield,https://www.aph.gov.au/Parliamentary_Business/Committees/House_of_Representatives_Committees?url=pmi/declarations/championn_43p.pdf,,pdfs/43/championn_43p.pdf,3abc653817867d7b0f899d323ddf983a0961fd26178809292f9a83f9732b74a4,10,
house,43,Darren Cheeseman,Corangamite,https://www.aph.gov.au/Parliamentary_Business/Committees/House_of_Representatives_Committees?url=pmi/declarations/cheesemand_43p.pdf,,pdfs/43/cheesemand_43p.pdf,f5d719e53e4fffeb3d51f57b039375ceb3623640ee7ced7229c0ebc2fc4d5998,10,
house,43,Darren Chester,Gippsland,https://www.aph.gov.au/Parliamentary_Business/Committees/House_of_Representatives_Committees?url=pmi/declarations/chesterd_43p.pdf,,pdfs/43/chesterd_43p.pdf,daf60ab55fb7e5509eb669a053b7717a085e39f59fd77c049fdb251bf285dafb,19,
house,43,George Christensen,Dawson,https://www.aph.gov.au/Parliamentary_Business/Committees/House_of_Representatives_Committees?url=pmi/declarations/christenseng_43p.pdf,,pdfs/43/christenseng_43p.pdf,e0fad7d81ec833121aa50e2ab1ee382836aa361fb35a4379e20dbd100fa8ae40,14,
house,43,Steven Ciobo,Moncrieff,https://www.aph.gov.au/Parliamentary_Business/Committees/House_of_Representatives_Committees?url=pmi/declarations/ciobos_43p.pdf,,pdfs/43/ciobos_43p.pdf,2fcb142619642fdde3acc34de05c72a79ac4c4801fb5793408786bfcb613e568,17,
house,43,Jason Clare,Blaxland,https://www.aph.gov.au/Parliamentary_Business/Committees/House_of_Representatives_Committees?url=pmi/declarations/clarej_43p.pdf,,pdfs/43/clarej_43p.pdf,9c94fefc7f9805a44944b532e11167dea037e7e33ba4fe0f4baf3e2adc739378,38,
house,43,John Cobb,Calare,https://www.aph.gov.au/Parliamentary_Business/Committees/House_of_Representatives_Committees?url=pmi/declarations/cobbj_43p.pdf,,pdfs/43/cobbj_43p.pdf,d3d8062d44cf00edbd2d9ac5ab72ae30c825105d4648b012084809664a84c606,9,
house,43,Julie Collins,Franklin,https://www.aph.gov.au/Parliamentary_Business/Committees/House_of_Representatives_Committees?url=pmi/declarations/collinsj_43p.pdf,,pdfs/43/collinsj_43p.pdf,5762acab87734c4209127a69a07426ccbb485777fac747cc9e7f6e8079ec62d0,8,
house,43,Greg Combet,Charlton,https://www.aph.gov.au/Parliamentary_Business/Committees/House_of_Representatives_Committees?url=pmi/declarations/combetg_43p.pdf,,pdfs/43/combetg_43p.pdf,63d5b6121fd611e6e816cc6446ced7cb055ee1ce22185f833d9840ef244cae29,10,
house,43,Mark Coulton,Parkes,https://www.aph.gov.au/Parliamentary_Business/Committees/House_of_Representatives_Committees?url=pmi/declarations/coultonm_43p.pdf,,pdfs/43/coultonm_43p.pdf,9bc1f0a7de0dac20cf9c1aa6af405445b389cb046e6caade185e63931c40fa6f,11,
house,43,Simon Crean,Hotham,https://www.aph.gov.au/Parliamentary_Business/Committees/House_of_Representatives_Committees?url=pmi/declarations/creans_43p.pdf,,pdfs/43/creans_43p.pdf,2dfc2a24a534a3fa5f293d87122cfdb0691e0534f08e8f13e402864e10ed7f28,12,
house,43,Tony Crook,O'Connor,https://www.aph.gov.au/Parliamentary_Business/Committees/House_of_Representatives_Committees?url=pmi/declarations/crookt_43p.pdf,,pdfs/43/crookt_43p.pdf,e71a46ae6128e1246eff9a09c681cfb97ddf56fedc6436cb0fc6d10ed79ef7de,9,
house,43,Michael Danby,Melbourne Ports,https://www.aph.gov.au/Parliamentary_Business/Committees/House_of_Representatives_Committees?url=pmi/declarations/danbym_43p.pdf,,pdfs/43/danbym_43p.pdf,4930e48083c9487dabf27b41e2c5b39e4df4d7e311d890eb3efc28f318e397ec,19,
house,43,Yvette D'Ath,Petrie,https://www.aph.gov.au/Parliamentary_Business/Committees/House_of_Representatives_Committees?url=pmi/declarations/dathy_43p.pdf,,pdfs/43/dathy_43p.pdf,4271b070a683935a32b78e59bb6c9e328ad910c75ea140c203419053701ef42c,25,
house,43,Mark Dreyfus,Isaacs,https://www.aph.gov.au/Parliamentary_Business/Committees/House_of_Representatives_Committees?url=pmi/declarations/dreyfusm_43p.pdf,,pdfs/43/dreyfusm_43p.pdf,ee475895e7a8b382cc17dbbddc683fc17255d860867a2abfde3fa3fa46de4886,17,
house,43,Peter Dutton,Dickson,https://www.aph.gov.au/Parliamentary_Business/Committees/House_of_Representatives_Committees?url=pmi/declarations/duttonp_43p.pdf,,pdfs/43/duttonp_43p.pdf,0c7440c014d4a766188cced23c201878d31b69073e4f579c00d602488d6fa101,20,
house,43,Justine Elliot,Richmond,https://www.aph.gov.au/Parliamentary_Business/Committees/House_of_Representatives_Committees?url=pmi/declarations/elliotj_43p.pdf,,pdfs/43/elliotj_43p.pdf,b73fd99005d7b56ac11316d03a5b6398dc16acfc55e7c2e17d859d12a56fd6aa,11,
house,43,Kate Ellis,Adelaide,https://www.aph.gov.au/Parliamentary_Business/Committees/House_of_Representatives_Committees?url=pmi/declarations/ellisk_43p.pdf,,pdfs/43/ellisk_43p.pdf,c3a8ae5ff90c9d614c7d83415eb2ca8812e248ec11b106edb273e877889058c6,24,
house,43,Craig Emerson,Rankin,https://www.aph.gov.au/Parliamentary_Business/Committees/House_of_Representatives_Committees?url=pmi/declarations/emersonc_43p.pdf,,pdfs/43/emersonc_43p.pdf,1427de9b3e7ca6784cedeb405666d889866b0e8be88317aaf9eb9b1737cc08bd,65,
house,43,Warren Entsch,Leichhardt,https://www.aph.gov.au/Parliamentary_Business/Committees/House_of_Representatives_Committees?url=pmi/declarations/entschw_43p.pdf,,pdfs/43/entschw_43p.pdf,f6b79d1044a7178947fcd79f68931b338723ee27c7745343a0936f7ff122715e,13,
house,43,Laurie Ferguson,Werriwa,https://www.aph.gov.au/Parliamentary_Business/Committees/House_of_Representatives_Committees?url=pmi/declarations/fergusonl_43p.pdf,,pdfs/43/fergusonl_43p.pdf,83d08fcac77f5f3ae52c1d87361383d45eea476b10e01a3b2a5f7c07a53caacc,10,
house,43,Martin Ferguson,Batman,https://www.aph.gov.au/Parliamentary_Business/Committees/House_of_Representatives_Committees?url=pmi/declarations/fergusonm_43p.pdf,,pdfs/43/fergusonm_43p.pdf,b4c937acdf3749a260f426a5a6896a32211913ee0cb419f9535f434e6ae21168,21,
house,43,Joel Fitzgibbon,Hunter,https://www.aph.gov.au/Parliamentary_Business/Committees/House_of_Representatives_Committees?url=pmi/declarations/fitzgibbonj_43p.pdf,,pdfs/43/fitzgibbonj_43p.pdf,964296fcc57010eea58d9692aa87e16417f9340a614b64048da5d7957fd5dede,18,
house,43,Paul Fletcher,Bradfield,https://www.aph.gov.au/Parliamentary_Business/Committees/House_of_Representatives_Committees?url=pmi/declarations/fletcherp_43p.pdf,,pdfs/43/fletcherp_43p.pdf,f32a6be47865af60176cf48e8244a648e0ca39d0010cf7506275b5b2fe006eb8,27,
house,43,John Forrest,Mallee,https://www.aph.gov.au/Parliamentary_Business/Committees/House_of_Representatives_Committees?url=pmi/declarations/forrestj_43p.pdf,,pdfs/43/forrestj_43p.pdf,381c3cc1fc7692c2c8bdb3541f6f062be8a84befecba8215c11776e3542ebd40,8,
house,43,Josh Frydenberg,Kooyong,https://www.aph.gov.au/Parliamentary_Business/Committees/House_of_Representatives_Committees?url=pmi/declarations/frydenbergj_43p.pdf,,pdfs/43/frydenbergj_43p.pdf,560a8223ffc3359a1a01d6e15f64151315561a403738117e2aad2bd5278ea493,44,
house,43,Teresa Gambaro,Brisbane,https://www.aph.gov.au/Parliamentary_Business/Committees/House_of_Representatives_Committees?url=pmi/declarations/gambarot_43p.pdf,,pdfs/43/gambarot_43p.pdf,211f1b71f4e76c96f9dbeedc3068e3923d99b74c6db7ba05e3cf684dee202e4a,19,
house,43,Peter Garrett,Kingsford Smith,https://www.aph.gov.au/Parliamentary_Business/Committees/House_of_Representatives_Committees?url=pmi/declarations/garrettp_43p.pdf,,pdfs/43/garrettp_43p.pdf,d4d36b77e80d1957a09ba40118f6c69b732b6641303c2a438f35e96ad9a83d71,13,
house,43,Joanna Gash,Gilmore,https://www.aph.gov.au/Parliamentary_Business/Committees/House_of_Representatives_Committees?url=pmi/declarations/gashj_43p.pdf,,pdfs/43/gashj_43p.pdf,e7e8f484fa1033a50e224c4dad085be4c661b32b03f548b0141b0773e7e55e1c,11,
house,43,Steve Georganas,Adelaide,https://www.aph.gov.au/Parliamentary_Business/Committees/House_of_Representatives_Committees?url=pmi/declarations/georganass_43p.pdf,,pdfs/43/georganass_43p.pdf,fe43c94c127ecaf724c08dbb6844137c3b5836cd063a4768e00c7e83d3f91158,12,
house,43,Steve Gibbons,Bendigo,https://www.aph.gov.au/Parliamentary_Business/Committees/House_of_Representatives_Committees?url=pmi/declarations/gibbonss_43p.pdf,,pdfs/43/gibbonss_43p.pdf,1c0e9b34ae0b3841d1c5741eb03464b40d646fd5380db5f62b8ea949015eef01,7,
house,43,Julia Gillard,Lalor,https://www.aph.gov.au/Parliamentary_Business/Committees/House_of_Representatives_Committees?url=pmi/declarations/gillardj_43p.pdf,,pdfs/43/gillardj_43p.pdf,733b9cefab720e6853262e751472257d0e1e33732146e16a5158db51c8bb3403,43,
house,43,Gary Gray,Brand,https://www.aph.gov.au/Parliamentary_Business/Committees/House_of_Representatives_Committees?url=pmi/declarations/grayg_43p.pdf,,pdfs/43/grayg_43p.pdf,c4b165c69b0a6706104b7bc0ba0334cb59d7b45c1588fe1b65c17f42422a6c64,43,
house,43,Sharon Grierson,Newcastle,https://www.aph.gov.au/Parliamentary_Business/Committees/House_of_Representatives_Committees?url=pmi/declarations/griersons_43p.pdf,,pdfs/43/griersons_43p.pdf,f2859de8dc85edd1d8b8466fb6a1660502d4f83616fb82f25e2df6c1b6d36754,9,
house,43,Alan Griffin,Bruce,https://www.aph.gov.au/Parliamentary_Business/Committees/House_of_Representatives_Committees?url=pmi/declarations/griffina_43p.pdf,,pdfs/43/griffina_43p.pdf,b35d157977b354af84815d9321b2094c0e09c4a44e2996c96bc62e5ce6978e2d,15,
house,43,Natasha Griggs,Solomon,https://www.aph.gov.au/Parliamentary_Business/Committees/House_of_Representatives_Committees?url=pmi/declarations/griggsn_43p.pdf,,pdfs/43/griggsn_43p.pdf,2eab8217fc054837446068cc991deec10ef8380faed4fcbcc01913ffa8c78fbf,16,
house,43,Barry Haase,Durack,https://www.aph.gov.au/Parliamentary_Business/Committees/House_of_Representatives_Committees?url=pmi/declarations/haaseb_43p.pdf,,pdfs/43/haaseb_43p.pdf,643b18ab66ec91c4738b9c6dfb41ddf270cf0765ab94f8c761261d6a009d3194,16,
house,43,Jill Hall,Shortland,https://www.aph.gov.au/Parliamentary_Business/Committees/House_of_Representatives_Committees?url=pmi/declarations/hallj_43p.pdf,,pdfs/43/hallj_43p.pdf,ea3125b585a0deb26e772b5a118ed2080adc8d13402b1e3330a873650f1e19cb,12,
house,43,Luke Hartsuyker,Cowper,https://www.aph.gov.au/Parliamentary_Business/Committees/House_of_Representatives_Committees?url=pmi/declarations/hartsuykerl_43p.pdf,,pdfs/43/hartsuykerl_43p.pdf,09c69f675ad7f48cd9406a174091637e3fca1717854a676290b8010bc23697bf,8,
house,43,Alex Hawke,Mitchell,https://www.aph.gov.au/Parliamentary_Business/Committees/House_of_Representatives_Committees?url=pmi/declarations/hawkea_43p.pdf,,pdfs/43/hawkea_43p.pdf,b14469675a26bce77fecbedf68f010bfa93b91f0e3d7e7d7675364e51b71c43a,14,
house,43,Chris Hayes,Fowler,https://www.aph.gov.au/Parliamentary_Business/Committees/House_of_Representatives_Committees?url=pmi/declarations/hayesc_43p.pdf,,pdfs/43/hayesc_43p.pdf,67c456c0697964847f4e965d9ab8d39a39c03b6f3ce2c76590b0b8035ab097d1,22,
house,43,Joe Hockey,North Sydney,https://www.aph.gov.au/Parliamentary_Business/Committees/House_of_Representatives_Committees?url=pmi/declarations/hockeyj_43p.pdf,,pdfs/43/hockeyj_43p.pdf,104f1497c6bbec80c1c94602236643c2ff7335e069421be906c88308718a4559,26,
house,43,Greg Hunt,Flinders,https://www.aph.gov.au/Parliamentary_Business/Committees/House_of_Representatives_Committees?url=pmi/declarations/huntg_43p.pdf,,pdfs/43/huntg_43p.pdf,1da8116d4ae54e64de296e3bd4695faa74dd16ebf80f45bd59de03d2a83790b3,41,
house,43,Ed Husic,Chifley,https://www.aph.gov.au/Parliamentary_Business/Committees/House_of_Representatives_Committees?url=pmi/declarations/husice_43p.pdf,,pdfs/43/husice_43p.pdf,ccac555feddaa3c34980711c01bfed8debc78c49bbd52e399d221bdff35faa9c,16,
house,43,Steve Irons,Swan,https://www.aph.gov.au/Parliamentary_Business/Committees/House_of_Representatives_Committees?url=pmi/declarations/ironss_43p.pdf,,pdfs/43/ironss_43p.pdf,5eeb5015da72ecf2246029261bbf022eb976fbc4853d962e477c11d111b1154c,20,
house,43,Harry Jenkins,Scullin,https://www.aph.gov.au/Parliamentary_Business/Committees/House_of_Representatives_Committees?url=pmi/declarations/jenkinsh_43p.pdf,,pdfs/43/jenkinsh_43p.pdf,a26b8c0ae71579890a6d43773c815d8fe28b7c47482cc752e0d11a123f00d8f0,11,
house,43,Dennis Jensen,Tangney,https://www.aph.gov.au/Parliamentary_Business/Committees/House_of_Representatives_Committees?url=pmi/declarations/jensend_43p.pdf,,pdfs/43/jensend_43p.pdf,a855b71dc529333c41dbd6db25d2d0f01abbd55047766c10dbc7054bbf11fb95,8,
house,43,Ewen Jones,Herbert,https://www.aph.gov.au/Parliamentary_Business/Committees/House_of_Representatives_Committees?url=pmi/declarations/jonese_43p.pdf,,pdfs/43/jonese_43p.pdf,c808ed75238cb8a86553df33ecc4a27e53ed8b9da024b48b54fe04ce9802cff9,13,
house,43,Stephen Jones,Throsby,https://www.aph.gov.au/Parliamentary_Business/Committees/House_of_Representatives_Committees?url=pmi/declarations/joness_43p.pdf,,pdfs/43/joness_43p.pdf,2aeb21a06a0de2dd854b785361704a4e9420c37d5332e0bf02bb8f4a165155ec,13,
house,43,Bob Katter,Kennedy,https://www.aph.gov.au/Parliamentary_Business/Committees/House_of_Representatives_Committees?url=pmi/declarations/katterb_43p.pdf,,pdfs/43/katterb_43p.pdf,e60747b4cceb29e0a1cdbb49315a7ec491d3aedae5eea99fa255aa7b03aaffba,8,
house,43,Michael Keenan,Stirling,https://www.aph.gov.au/Parliamentary_Business/Committees/House_of_Representatives_Committees?url=pmi/declarations/keenanm_43p.pdf,,pdfs/43/keenanm_43p.pdf,136edc3230a260813ba6fdbd08363e44bbab1eecacd22268440c290caa34582d,15,
house,43,Craig Kelly,Hughes,https://www.aph.gov.au/Parliamentary_Business/Committees/House_of_Representatives_Committees?url=pmi/declarations/kellyc_43p.pdf,,pdfs/43/kellyc_43p.pdf,f240c03a34e30475d80e5c716d42daa1cd0f3e81eb33fb1eaa33113034d15b9c,10,
house,43,Mike Kelly,Eden-Monaro,https://www.aph.gov.au/Parliamentary_Business/Committees/House_of_Representatives_Committees?url=pmi/declarations/kellym_43p.pdf,,pdfs/43/kellym_43p.pdf,26b9b35ffc8e1cc1319b5ac490d0eb14977385693eedc95558915fcf9c4b8d45,15,
house,43,Catherine King,Ballarat,https://www.aph.gov.au/Parliamentary_Business/Committees/House_of_Representatives_Committees?url=pmi/declarations/kingc_43p.pdf,,pdfs/43/kingc_43p.pdf,22010ec84ef1573e1b55cc42bfc579377ab9ccfd837259bbbdb1427b43f5a363,10,
house,43,Andrew Laming,Bowman,https://www.aph.gov.au/Parliamentary_Business/Committees/House_of_Representatives_Committees?url=pmi/declarations/laminga_43p.pdf,,pdfs/43/laminga_43p.pdf,8b0e276ed03c669701b58aeec286e93d8e7781a2738233e84a0823b39b43b3ae,8,
house,43,Andrew Leigh,Fenner,https://www.aph.gov.au/Parliamentary_Business/Committees/House_of_Representatives_Committees?url=pmi/declarations/leigha_43p.pdf,,pdfs/43/leigha_43p.pdf,1a941184ea159e6f4d0337acc28589553484d618ef59c78ff165425d52de4d44,25,
house,43,Sussan Ley,Farrer,https://www.aph.gov.au/Parliamentary_Business/Committees/House_of_Representatives_Committees?url=pmi/declarations/leys_43p.pdf,,pdfs/43/leys_43p.pdf,42bb876e86071884923ea6520704e68452918209992c2b239e8006ce254a31ee,8,
house,43,Kirsten Livermore,Capricornia,https://www.aph.gov.au/Parliamentary_Business/Committees/House_of_Representatives_Committees?url=pmi/declarations/livermorek_43p.pdf,,pdfs/43/livermorek_43p.pdf,78c6f94e84d72b3066bb903141fa96c45f8771605c9c975b85281160669ca807,10,
house,43,Geoff Lyons,Bass,https://www.aph.gov.au/Parliamentary_Business/Committees/House_of_Representatives_Committees?url=pmi/declarations/lyonsg_43p.pdf,,pdfs/43/lyonsg_43p.pdf,44ab4e928f36220d60147b55450cb1ab2db39f1626c7401b469c4d1d3d472e2d,13,
house,43,Ian Macfarlane,Groom,https://www.aph.gov.au/Parliamentary_Business/Committees/House_of_Representatives_Committees?url=pmi/declarations/macfarlanei_43p.pdf,,pdfs/43/macfarlanei_43p.pdf,c1bf1fa3bd858bf4cad33298504c71997ebfb7a61671c3ca381ca8a4d35d26ca,29,
house,43,Jenny Macklin,Jagajaga,https://www.aph.gov.au/Parliamentary_Business/Committees/House_of_Representatives_Committees?url=pmi/declarations/macklinj_43p.pdf,,pdfs/43/macklinj_43p.pdf,0606b55e96402da6d3069c0519938d5a97e989782da80ec3f9fc24e882f1a034,30,
house,43,Nola Marino,Forrest,https://www.aph.gov.au/Parliamentary_Business/Committees/House_of_Representatives_Committees?url=pmi/declarations/marinon_43p.pdf,,pdfs/43/marinon_43p.pdf,db2c9662e5d77b7157c210219d6eb5b87403f52a6ff66e6a2b23f2d59f9f6009,13,
house,43,Louise Markus,Macquarie,https://www.aph.gov.au/Parliamentary_Business/Committees/House_of_Representatives_Committees?url=pmi/declarations/markusl_43p.pdf,,pdfs/43/markusl_43p.pdf,40531bbb49e0a2f64e0e68bf0e5150ee13178b451a18fe01df6ec75ccff36bc5,13,
house,43,Richard Marles,Corio,https://www.aph.gov.au/Parliamentary_Business/Committees/House_of_Representatives_Committees?url=pmi/declarations/marlesr_43p.pdf,,pdfs/43/marlesr_43p.pdf,b2f4288091e85a38542ce63f7a4e41dbd52289da7178cb7389829d6591b074a4,33,
house,43,Russell Matheson,Macarthur,https://www.aph.gov.au/Parliamentary_Business/Committees/House_of_Representatives_Committees?url=pmi/declarations/mathesonr_43p.pdf,,pdfs/43/mathesonr_43p.pdf,f4a6ea617dfd985eee254180a638248fbe8ed86e1cf8beb0f6f992ccfe277cc9,11,
house,43,Robert McClelland,Barton,https://www.aph.gov.au/Parliamentary_Business/Committees/House_of_Representatives_Committees?url=pmi/declarations/mcclellandr_43p.pdf,,pdfs/43/mcclellandr_43p.pdf,7dadc614aff5ca21e172b4592f878e8a7e8e80b81244c2e29ebde2a0d21a8243,25,
house,43,Michael McCormack,Riverina,https://www.aph.gov.au/Parliamentary_Business/Committees/House_of_Representatives_Committees?url=pmi/declarations/mccormackm_43p.pdf,,pdfs/43/mccormackm_43p.pdf,c2d5aab1b29d876b26d0345a87d4a5e7d629508ed4a1ff126e7add7b2313e299,11,
house,43,Daryl Melham,Banks,https://www.aph.gov.au/Parliamentary_Business/Committees/House_of_Representatives_Committees?url=pmi/declarations/melhamd_43p.pdf,,pdfs/43/melhamd_43p.pdf,3253f61a5a032af42dd0cbe0a3a73816e73868106afe9a2a12e142dd58d59c1a,8,
house,43,Sophie Mirabella,Indi,https://www.aph.gov.au/Parliamentary_Business/Committees/House_of_Representatives_Committees?url=pmi/declarations/mirabellas_43p.pdf,,pdfs/43/mirabellas_43p.pdf,9181df8d11f567b85ede477abc89fd7d2dc6177830cba15df0011ced5ae3a473,17,
house,43,Rob Mitchell,McEwen,https://www.aph.gov.au/Parliamentary_Business/Committees/House_of_Representatives_Committees?url=pmi/declarations/mitchellr_43p.pdf,,pdfs/43/mitchellr_43p.pdf,88cb8aca98a9bf9fe5ebf0dc3796be107496c59acd416a6ca52317dc858ffd35,8,
house,43,Scott Morrison,Cook,https://www.aph.gov.au/Parliamentary_Business/Committees/House_of_Representatives_Committees?url=pmi/declarations/morrisons_43p.pdf,,pdfs/43/morrisons_43p.pdf,becc0ab2bc3b2de32f0291ed7991d5ce2408631d0a129e848e71773e37f28f68,25,
house,43,Judi Moylan,Pearce,https://www.aph.gov.au/Parliamentary_Business/Committees/House_of_Representatives_Committees?url=pmi/declarations/moylanj_43p.pdf,,pdfs/43/moylanj_43p.pdf,ab02ff75aec44e212662ddc7cb030cb708f2b3d520507597f6323aef0f708fae,12,
house,43,John Murphy,Reid,https://www.aph.gov.au/Parliamentary_Business/Committees/House_of_Representatives_Committees?url=pmi/declarations/murphyj_43p.pdf,,pdfs/43/murphyj_43p.pdf,cdd990742aecf91cab866b99ddac76a7175e368cadc9f3093b2c03508434793f,11,
house,43,Shayne Neumann,Blair,https://www.aph.gov.au/Parliamentary_Business/Committees/House_of_Representatives_Committees?url=pmi/declarations/neumanns_43p.pdf,,pdfs/43/neumanns_43p.pdf,99d0e3bf3a6c5eec9a496a3dc4a3438fd116a54311dd2bf5625a52e45af829d3,9,
house,43,Paul Neville,Hinkler,https://www.aph.gov.au/Parliamentary_Business/Committees/House_of_Representatives_Committees?url=pmi/declarations/nevillep_43p.pdf,,pdfs/43/nevillep_43p.pdf,24872ffd352ae98a993bb031b074cd28a4061ae1b3f73c94bbf85897426d115d,16,
house,43,Rob Oakeshott,Lyne,https://www.aph.gov.au/Parliamentary_Business/Committees/House_of_Representatives_Committees?url=pmi/declarations/oakeshottr_43p.pdf,,pdfs/43/oakeshottr_43p.pdf,3c2931e902f3740fc7a78e7bdf68be65741420a79672f63b2b081b9c72668b08,15,
house,43,Brendan O'Connor,Gorton,https://www.aph.gov.au/Parliamentary_Business/Committees/House_of_Representatives_Committees?url=pmi/declarations/oconnorb_43p.pdf,,pdfs/43/oconnorb_43p.pdf,1558f9f12150863f46338c33c637fd387183add7dc18d8645962f0cc42c0ba43,13,
house,43,Ken O'Dowd,Flynn,https://www.aph.gov.au/Parliamentary_Business/Committees/House_of_Representatives_Committees?url=pmi/declarations/odowdk_43p.pdf,,pdfs/43/odowdk_43p.pdf,8470ee4b6f467783642abfbb71aa81a843b3c6fc2780cf8e001f850fc00ea4ea,14,
house,43,Kelly O'Dwyer,Higgins,https://www.aph.gov.au/Parliamentary_Business/Committees/House_of_Representatives_Committees?url=pmi/declarations/odwyerk_43p.pdf,,pdfs/43/odwyerk_43p.pdf,a4f6a379aa2d9ad200b4e4d35e42a3fa7a247a5e9ec14ccc825d4573a7c7c69a,18,
house,43,Deborah O'Neill,Robertson,https://www.aph.gov.au/Parliamentary_Business/Committees/House_of_Representatives_Committees?url=pmi/declarations/oneilld_43p.pdf,,pdfs/43/oneilld_43p.pdf,ec2b027596661ac87e521c32211341c4112d01be1a0bd73d848008ee2ad90c67,7,
house,43,Julie Owens,Parramatta,https://www.aph.gov.au/Parliamentary_Business/Committees/House_of_Representatives_Committees?url=pmi/declarations/owensj_43p.pdf,,pdfs/43/owensj_43p.pdf,5faf58fdf8d392a899993fef3a2a521da36af9ecf5cace5eba4d8e7c5ebfd6c1,9,
house,43,Melissa Parke,Fremantle,https://www.aph.gov.au/Parliamentary_Business/Committees/House_of_Representatives_Committees?url=pmi/declarations/parkem_43p.pdf,,pdfs/43/parkem_43p.pdf,c18d11707203a493c7f0a0b403f1c71ed3195f0990add5b53fa8ae3478bf9be7,16,
house,43,Graham Perrett,Moreton,https://www.aph.gov.au/Parliamentary_Business/Committees/House_of_Representatives_Committees?url=pmi/declarations/perrettg_43p.pdf,,pdfs/43/perrettg_43p.pdf,1f3b161236f565f895b61464e1cc8f2feedd07da0fd9ca9d3dd379c8d7800427,11,
house,43,Tanya Plibersek,Sydney,https://www.aph.gov.au/Parliamentary_Business/Committees/House_of_Representatives_Committees?url=pmi/declarations/plibersekt_43p.pdf,,pdfs/43/plibersekt_43p.pdf,5ff2d46b637f304c740c9d2f2487b959aa4af225bd198a888f62d4a6f0827be2,15,
house,43,Jane Prentice,Ryan,https://www.aph.gov.au/Parliamentary_Business/Committees/House_of_Representatives_Committees?url=pmi/declarations/prenticej_43p.pdf,,pdfs/43/prenticej_43p.pdf,b8a4c97f68532b8e9d2135ccfa641a47f581e9fb86523fd3ffeba3193c584de1,22,
house,43,Christopher Pyne,Sturt,https://www.aph.gov.au/Parliamentary_Business/Committees/House_of_Representatives_Committees?url=pmi/declarations/pynec_43p.pdf,,pdfs/43/pynec_43p.pdf,5919212a30e2a0c65877032f2cfd4af88555ef3522044a6a200ee394769f50b0,11,
house,43,Rowan Ramsey,Grey,https://www.aph.gov.au/Parliamentary_Business/Committees/House_of_Representatives_Committees?url=pmi/declarations/ramseyr_43p.pdf,,pdfs/43/ramseyr_43p.pdf,903e7fed35e4c667d5b0468e3e9b0a5b6ffc456bb37de4f2e9b7ac05a6b8b8c7,23,
house,43,Don Randall,Canning,https://www.aph.gov.au/Parliamentary_Business/Committees/House_of_Representatives_Committees?url=pmi/declarations/randalld_43p.pdf,,pdfs/43/randalld_43p.pdf,2e3aba664bc4590c58457bbe525dd77c6c1b415f6bc97f6a2f19d6301cdc7879,10,
house,43,Bernie Ripoll,Oxley,https://www.aph.gov.au/Parliamentary_Business/Committees/House_of_Representatives_Committees?url=pmi/declarations/ripollb_43p.pdf,,pdfs/43/ripollb_43p.pdf,7985d4e6825ebae1fb14d7ccc5c52e605a9053e126dafb4f6507e164c807c433,23,
house,43,Amanda Rishworth,Kingston,https://www.aph.gov.au/Parliamentary_Business/Committees/House_of_Representatives_Committees?url=pmi/declarations/rishwortha_43p.pdf,,pdfs/43/rishwortha_43p.pdf,b10be2088a3a1e8e6949aa8a8d0f9e27b4e64a26adaa7d972b1ff105f3df2f8f,17,
house,43,Andrew Robb,Goldstein,https://www.aph.gov.au/Parliamentary_Business/Committees/House_of_Representatives_Committees?url=pmi/declarations/robba_43p.pdf,,pdfs/43/robba_43p.pdf,0c0e586672db5a2eb35e91ee7c6ba6e4d1f43112a83e3ac5fa916d2deaa84561,30,
house,43,Stuart Robert,Fadden,https://www.aph.gov.au/Parliamentary_Business/Committees/House_of_Representatives_Committees?url=pmi/declarations/roberts_43p.pdf,,pdfs/43/roberts_43p.pdf,41db441840129574dd810fed50fed2786490bf3d525a9f3a8093a549704e373e,29,
house,43,Michelle Rowland,Greenway,https://www.aph.gov.au/Parliamentary_Business/Committees/House_of_Representatives_Committees?url=pmi/declarations/rowlandm_43p.pdf,,pdfs/43/rowlandm_43p.pdf,bb6e27bff74e435203478967010fb0b654ce3cd8ac4a182b64ce3e9e17ac0cce,14,
house,43,Nicola Roxon,Gellibrand,https://www.aph.gov.au/Parliamentary_Business/Committees/House_of_Representatives_Committees?url=pmi/declarations/roxonn_43p.pdf,,pdfs/43/roxonn_43p.pdf,b98eac255139a06d1dc0a811f448cea2451147d77706660589b916a1b9d418ed,28,
house,43,Wyatt Roy,Longman,https://www.aph.gov.au/Parliamentary_Business/Committees/House_of_Representatives_Committees?url=pmi/declarations/royw_43p.pdf,,pdfs/43/royw_43p.pdf,aa4196f2d4ec3ab6e76509184841fd3f94e042400ce4647b6284c7feb76efe90,14,
house,43,Kevin Rudd,Griffith,https://www.aph.gov.au/Parliamentary_Business/Committees/House_of_Representatives_Committees?url=pmi/declarations/ruddk_43p.pdf,,pdfs/43/ruddk_43p.pdf,e9a1a96b5150e4f78cd077b33e9558c261966d49eb3339b7f0fd46640f128d23,73,
house,43,Philip Ruddock,Berowra,https://www.aph.gov.au/Parliamentary_Business/Committees/House_of_Representatives_Committees?url=pmi/declarations/ruddockp_43p.pdf,,pdfs/43/ruddockp_43p.pdf,994dd93b21cdf3dc477985c8fe634624833269075146e0f58df527a5c6eab911,27,
house,43,Janelle Saffin,Page,https://www.aph.gov.au/Parliamentary_Business/Committees/House_of_Representatives_Committees?url=pmi/declarations/saffinj_43p.pdf,,pdfs/43/saffinj_43p.pdf,ae7f9326c7762bc84b4f23c4f7f18852649a1c8fc115623ed7e7a327c7e4a6ae,28,
house,43,Alby Schultz,Hume,https://www.aph.gov.au/Parliamentary_Business/Committees/House_of_Representatives_Committees?url=pmi/declarations/schultza_43p.pdf,,pdfs/43/schultza_43p.pdf,297b9e14a3907c25adf2f27ab45cde08565a323a6795d105456ba793165a2417,8,
house,43,Bruce Scott,Maranoa,https://www.aph.gov.au/Parliamentary_Business/Committees/House_of_Representatives_Committees?url=pmi/declarations/scottb_43p.pdf,,pdfs/43/scottb_43p.pdf,dc8a9642b73f2af8dd3c846d6c94dd6e0f9bc8f616b7e41b92076da9d123600a,12,
house,43,Patrick Secker,Barker,https://www.aph.gov.au/Parliamentary_Business/Committees/House_of_Representatives_Committees?url=pmi/declarations/seckerp_43p.pdf,,pdfs/43/seckerp_43p.pdf,418becab5cb9394f81b8901c273ac1818fed79f46b40242af0ed2bae8132448f,7,
house,43,Bill Shorten,Maribyrnong,https://www.aph.gov.au/Parliamentary_Business/Committees/House_of_Representatives_Committees?url=pmi/declarations/shortenb_43p.pdf,,pdfs/43/shortenb_43p.pdf,24944d3dc487fc5e432fffb0fc5e045dbabcd8045611bab0f4703a097cbdb255,23,
house,43,Sid Sidebottom,Braddon,https://www.aph.gov.au/Parliamentary_Business/Committees/House_of_Representatives_Committees?url=pmi/declarations/sidebottoms_43p.pdf,,pdfs/43/sidebottoms_43p.pdf,af47546013427e25b2143fe2c61f62d52549e13c1c211080eda7724f583b481e,5,
house,43,Luke Simpkins,Cowan,https://www.aph.gov.au/Parliamentary_Business/Committees/House_of_Representatives_Committees?url=pmi/declarations/simpkinsl_43p.pdf,,pdfs/43/simpkinsl_43p.pdf,28671ddaccf5ee6da7da5fe9363c1b8fd39120f5b2aecddfa15938dcb745a533,16,
house,43,Peter Slipper,Fisher,https://www.aph.gov.au/Parliamentary_Business/Committees/House_of_Representatives_Committees?url=pmi/declarations/slipperp_43p.pdf,,pdfs/43/slipperp_43p.pdf,c0646d7952123bf76b7f21a18e6225b99dd36f2504a339aef0dcf4fcff960eda,22,
house,43,Stephen Smith,Perth,https://www.aph.gov.au/Parliamentary_Business/Committees/House_of_Representatives_Committees?url=pmi/declarations/smiths_43p.pdf,,pdfs/43/smiths_43p.pdf,5a85b54ebebbeeeb0db72d7567754819a0d6abb614986ee0b80f45c54167b3f1,17,
house,43,Tony Smith,Casey,https://www.aph.gov.au/Parliamentary_Business/Committees/House_of_Representatives_Committees?url=pmi/declarations/smitht_43p.pdf,,pdfs/43/smitht_43p.pdf,bfcbcc66a22bd0ecb93dfa9f62d1918ab962da059509bcec13f5af1770246b47,16,
house,43,Laura Smyth,La Trobe,https://www.aph.gov.au/Parliamentary_Business/Committees/House_of_Representatives_Committees?url=pmi/declarations/smythl_43p.pdf,,pdfs/43/smythl_43p.pdf,75ce2673127d2c800f4088dd3c7de5e8cfc3809c70d96acbb949b3f9ac9aa1c3,9,
house,43,Warren Snowdon,Lingiari,https://www.aph.gov.au/Parliamentary_Business/Committees/House_of_Representatives_Committees?url=pmi/declarations/snowdonw_43p.pdf,,pdfs/43/snowdonw_43p.pdf,2895821e9593f61abbb42e3f8ca0582eeba3244005f52c95eac3d7d506a84378,28,
house,43,Alex Somlyay,Fairfax,https://www.aph.gov.au/Parliamentary_Business/Committees/House_of_Representatives_Committees?url=pmi/declarations/somlyaya_43p.pdf,,pdfs/43/somlyaya_43p.pdf,cd0626f6179a7d21eb4670c0c4d03fdbb0bb03462789e7bba53b40eb69fddc9d,10,
house,43,Andrew Southcott,Boothby,https://www.aph.gov.au/Parliamentary_Business/Committees/House_of_Representatives_Committees?url=pmi/declarations/southcotta_43p.pdf,,pdfs/43/southcotta_43p.pdf,02f94a01997894a61aa78e96fbbe2564e7a745e513539439cf3fa6d2c4103b8f,26,
house,43,Sharman Stone,Murray,https://www.aph.gov.au/Parliamentary_Business/Committees/House_of_Representatives_Committees?url=pmi/declarations/stones_43p.pdf,,pdfs/43/stones_43p.pdf,6cd493ec5fc2266be4339cdc1aa8d946d363029f0e64e29a17e78685ebca054c,13,
house,43,Wayne Swan,Lilley,https://www.aph.gov.au/Parliamentary_Business/Committees/House_of_Representatives_Committees?url=pmi/declarations/swanw_43p.pdf,,pdfs/43/swanw_43p.pdf,ec0e8114bbf2d2ce74f0e5551a9a085d1f05b852b4375475c712a5f56a4c607e,46,
house,43,Mike Symon,Deakin,https://www.aph.gov.au/Parliamentary_Business/Committees/House_of_Representatives_Committees?url=pmi/declarations/symonm_43p.pdf,,pdfs/43/symonm_43p.pdf,e1b440de74e98c37702189b5c67a39386db63dae7cfce9c1ecc8903e6addd9c2,10,
house,43,Dan Tehan,Wannon,https://www.aph.gov.au/Parliamentary_Business/Committees/House_of_Representatives_Committees?url=pmi/declarations/tehand_43p.pdf,,pdfs/43/tehand_43p.pdf,db551ba802f6594b6618cb766464cb8f67920138d3a825bdeb7494fec71e62a0,21,
house,43,Craig Thomson,Dobell,https://www.aph.gov.au/Parliamentary_Business/Committees/House_of_Representatives_Committees?url=pmi/declarations/thomsonc_43p.pdf,,pdfs/43/thomsonc_43p.pdf,75b97265995b806007d0796533ed638b527926b20c608662bf42b86e337ade37,11,
house,43,Kelvin Thomson,Wills,https://www.aph.gov.au/Parliamentary_Business/Committees/House_of_Representatives_Committees?url=pmi/declarations/thomsonk_43p.pdf,,pdfs/43/thomsonk_43p.pdf,b92c3c34e6ced9c91a57cdb108cb32166334a7b94ae8c197bab9640585edeeeb,13,
house,43,Warren Truss,Wide Bay,https://www.aph.gov.au/Parliamentary_Business/Committees/House_of_Representatives_Committees?url=pmi/declarations/trussw_43p.pdf,,pdfs/43/trussw_43p.pdf,3d271e30adaec559f30c4d140ca8795fbd7de92cede263415810713e259a5e57,13,
house,43,Alan Tudge,Aston,https://www.aph.gov.au/Parliamentary_Business/Committees/House_of_Representatives_Committees?url=pmi/declarations/tudgea_43p.pdf,,pdfs/43/tudgea_43p.pdf,6eae62a4236fbed13fd8264a772b0705d5dab2c455fe484a0602b906a75d4cbf,20,
house,43,Malcolm Turnbull,Wentworth,https://www.aph.gov.au/Parliamentary_Business/Committees/House_of_Representatives_Committees?url=pmi/declarations/turnbullm_43p.pdf,,pdfs/43/turnbullm_43p.pdf,6291fa28964ff7199da1328d5d57c5ec0c0a2d27467b173bd1a5bf187fbae9b6,36,
house,43,Maria Vamvakinou,Calwell,https://www.aph.gov.au/Parliamentary_Business/Committees/House_of_Representatives_Committees?url=pmi/declarations/vamvakinoum_43p.pdf,,pdfs/43/vamvakinoum_43p.pdf,d9dcffc80200202a10b9f3bed3756e06c8847ff8394bb5950fd864dce47579b4,11,
house,43,Bert van Manen,Forde,https://www.aph.gov.au/Parliamentary_Business/Committees/House_of_Representatives_Committees?url=pmi/declarations/vanmanenb_43p.pdf,,pdfs/43/vanmanenb_43p.pdf,fa7d404f025cd61873ce56d5e21d6ccfd0e2d0f1981fce32d03840f3b4aec038,18,
house,43,Ross Vasta,Bonner,https://www.aph.gov.au/Parliamentary_Business/Committees/House_of_Representatives_Committees?url=pmi/declarations/vastar_43p.pdf,,pdfs/43/vastar_43p.pdf,79b4c940de1d5c62c6d6dce5f471cf57bc9729bd0f93d8f037496bbd79f2e74c,8,
house,43,Mal Washer,Moore,https://www.aph.gov.au/Parliamentary_Business/Committees/House_of_Representatives_Committees?url=pmi/declarations/washerm_43p.pdf,,pdfs/43/washerm_43p.pdf,7a098be92763a81dfeaf6508e0fadc77ce2c84d3682b229069fade1cb0cfcd73,9,
house,43,Andrew Wilkie,Denison,https://www.aph.gov.au/Parliamentary_Business/Committees/House_of_Representatives_Committees?url=pmi/declarations/wilkiea_43p.pdf,,pdfs/43/wilkiea_43p.pdf,e066dede06e1aa977489ab4bcdefe5a30157e4fd3d75f47e4a5a87bee7805b89,12,
house,43,Tony Windsor,New England,https://www.aph.gov.au/Parliamentary_Business/Committees/House_of_Representatives_Committees?url=pmi/declarations/windsort_43p.pdf,,pdfs/43/windsort_43p.pdf,f22a8283a96cbb5fa51844ac3bd9fd300283e7e07ef1dad17f8dc43381aef74d,11,
house,43,Ken Wyatt,Hasluck,https://www.aph.gov.au/Parliamentary_Business/Committees/House_of_Representatives_Committees?url=pmi/declarations/wyattk_43p.pdf,,pdfs/43/wyattk_43p.pdf,3814f902a338269815640a1d6a97cdd4d4e0c4e0680d59f59916762cd4ab3bc0,16,
house,43,Tony Zappia,Makin,https://www.aph.gov.au/Parliamentary_Business/Committees/House_of_Representatives_Committees?url=pmi/declarations/zappiat_43p.pdf,,pdfs/43/zappiat_43p.pdf,5a58208cce2a67232739a5256655fde0285bf812a53e9ab4a74df78f8e6ade04,14,
house,44,Tony Abbott,Warringah,https://static.aph.gov.au/-/media/03_Senators_and_Members/32_Members/Register/44p/AB/AbbottA_44P.pdf?rev=b5caac12d4d84f099439817909f64cfd&hash=EA9248F9B7776988F9CA7477E4069DBB,2016-05-05,pdfs/44/abbotta_44p.pdf,f13c0f8e849fa4f5c9ef9845e5ee8aa06b194796712b6ea72b95d683c3e37bbd,64,
house,44,Anthony Albanese,Grayndler,https://static.aph.gov.au/-/media/03_Senators_and_Members/32_Members/Register/44p/AB/AlbaneseA_44P.pdf?rev=1fa5ebd797a840e19f893b71e5f30b6c&hash=830A9C167B1CA91208BEF10A64727E86,2016-04-29,pdfs/44/albanesea_44p.pdf,a47823b7d21e3274a22e8f14faf532ab32bbd07003bc0ae39fb67b2e2f49f8d3,44,
house,44,John Alexander,Bennelong,https://static.aph.gov.au/-/media/03_Senators_and_Members/32_Members/Register/44p/AB/AlexanderJ_44P.pdf?rev=f7681ad8b86e422fa835e96d73b3f489&hash=D9F12AFF5E01CDB03C3FC5E1BA17FBDB,2016-02-11,pdfs/44/alexanderj_44p.pdf,5d4a3a1c4e1e2483ae2c50d7fd78eabed7f3a2f1550083c40554cd588a3c2398,13,
house,44,Karen Andrews,McPherson,https://static.aph.gov.au/-/media/03_Senators_and_Members/32_Members/Register/44p/AB/AndrewsKaren_44P.pdf?rev=679f8bcd336e476aa0746390e6c83b46&hash=C8C0F3FC5CC5A89207EA498BD11FE4B2,2016-02-10,pdfs/44/andrewskaren_44p.pdf,2e6d406279bd0d1f20bf1b542a51cc7349eb72dbcfcc19ad038474de51f43651,23,
house,44,Kevin Andrews,Menzies,https://static.aph.gov.au/-/media/03_Senators_and_Members/32_Members/Register/44p/AB/AndrewsKevin_44P.pdf?rev=9fe3b04ac00349029871959092770f05&hash=D4DFE7C562F8491BDB2A7DD127AB8A46,2015-06-16,pdfs/44/andrewskevin_44p.pdf,b99c4a60ca5a46a961af65806150aca5e7ac782e3c5ca6ff0514e03bda6efeb1,13,
house,44,Bob Baldwin,Paterson,https://static.aph.gov.au/-/media/03_Senators_and_Members/32_Members/Register/44p/AB/BaldwinR_44P.pdf?rev=182b023b2e594e2f8ec7d447e1b9ce17&hash=CE77A95E638EBBBE72D87E1AE696B954,2016-02-04,pdfs/44/baldwinr_44p.pdf,b781388ed29d7486560f5e63f816bdeeffd04fdd0eea150a3b286f6e2ba87fcd,16,
house,44,Adam Bandt,Melbourne,https://static.aph.gov.au/-/media/03_Senators_and_Members/32_Members/Register/44p/AB/BandtA_44P.pdf?rev=667b00f02a804921b9d321d6c3ab449c&hash=FDAFCF040074156E8BF22D94F2EFBC55,2015-07-20,pdfs/44/bandta_44p.pdf,e207ce189fbda5cb78060074434742f8cde92cc6f2dea472ea5457325590870e,9,
house,44,Bruce Billson,Dunkley,https://static.aph.gov.au/-/media/03_Senators_and_Members/32_Members/Register/44p/AB/BillsonB_44P.pdf?rev=2cc421ba90bb4f30ba5abbbf04bf64eb&hash=33A963E3CDF73DE7AF761FFAFC809654,2016-03-15,pdfs/44/billsonb_44p.pdf,8cbc9d0ba5a96e45781a97687ba8126d3b7a9853879cf7d7584504b92e4167d3,25,
house,44,Sharon Bird,Cunningham,https://static.aph.gov.au/-/media/03_Senators_and_Members/32_Members/Register/44p/AB/BirdS_44P.pdf?rev=d118fc35fb7f4af28562d52bd8ead412&hash=E76AF3C8DC3EEBBF15DF1E75980B2878,2015-07-31,pdfs/44/birds_44p.pdf,b2d3c20f5019561b70a605fb46ca28f33add012a140774228cfb3643ece95ec5,13,
house,44,Bronwyn Bishop,Mackellar,https://static.aph.gov.au/-/media/03_Senators_and_Members/32_Members/Register/44p/AB/BishopBronwyn_44P.pdf?rev=aefd620b4f5242b180c1767446ca3f3c&hash=58F61ED1A11308214584FC90898F76BF,2016-02-05,pdfs/44/bishopbronwyn_44p.pdf,d8332518fb1b17b38ac2d2b15bd7a827ca4c92f92b0be353ba355f6616c5807e,39,
house,44,Julie Bishop,Curtin,https://static.aph.gov.au/-/media/03_Senators_and_Members/32_Members/Register/44p/AB/BishopJulie_44P.pdf?rev=f12b6cb5b6cd440d99e6b0cd7bad90f0&hash=5CF352822E3DD7F02294476433F3EA52,2016-04-04,pdfs/44/bishopjulie_44p.pdf,e1b078650a16af08d98c9e2f1167bffefcbbce80a4832698fc85e8858b0ba014,46,
house,44,Chris Bowen,McMahon,https://static.aph.gov.au/-/media/03_Senators_and_Members/32_Members/Register/44p/AB/BowenC_44P.pdf?rev=870cb8ce5d1f411c9d5bec67011c1a30&hash=5A7445F70FB0F3B07E4F28EF9D5EFA77,2016-01-18,pdfs/44/bowenc_44p.pdf,3cdc9f1200956c9af3e285a6ccd484f29e2525e756838bb6e8dcc73d7600e071,19,
house,44,Jamie Briggs,Mayo,https://static.aph.gov.au/-/media/03_Senators_and_Members/32_Members/Register/44p/AB/BriggsJ_44P.pdf?rev=44980f5c5b5449a7a9a246d006eb0684&hash=87A6C61835F98D6E1A8EA5CBB4F3E31D,2015-08-19,pdfs/44/briggsj_44p.pdf,c9127203ee9b1a1c6dfa0d27ccf394957d768ca4759d9da9dc460ad01ab916e1,17,
house,44,Andrew Broad,Mallee,https://static.aph.gov.au/-/media/03_Senators_and_Members/32_Members/Register/44p/AB/BroadA_44P.pdf?rev=cd3e3a2a2ed64bbdbbce304994705bf8&hash=6D1A09DFD2683DD2A2BE1B5B3FA777AE,2016-02-26,pdfs/44/broada_44p.pdf,911d107480377985ad935ddc0a88338f1cc3b62b9b301dc0bca8e0ecd22394e0,15,
house,44,Russell Broadbent,McMillan,https://static.aph.gov.au/-/media/03_Senators_and_Members/32_Members/Register/44p/AB/BroadbentR_44P.pdf?rev=6437236831974fd3be05be5358ae31da&hash=5033F5B2F20E299F85BA938A9FA7D337,2016-02-23,pdfs/44/broadbentr_44p.pdf,c964af75809d47dce126d0aedd8c59fdc2ecb9c067bfccb25c9d64c19623d527,10,
house,44,Gai Brodtmann,Canberra,https://static.aph.gov.au/-/media/03_Senators_and_Members/32_Members/Register/44p/AB/BrodtmannG_44P.pdf?rev=e98fc2e2c8054e5f819bd270095b9647&hash=C7909AD0ABD4A37E3BFE31083994B89D,2016-02-16,pdfs/44/brodtmanng_44p.pdf,3b5cda05b5712fd8f3d6472c8e23f9f8b0cf65dceef8a278ea4efcf57806d95e,16,
house,44,Mal Brough,Fisher,https://static.aph.gov.au/-/media/03_Senators_and_Members/32_Members/Register/44p/AB/BroughM_44P.pdf?rev=425b8b94dc2649199cc3ed934441aacb&hash=BBFB5761E079600746F700AF61191A9A,2015-12-11,pdfs/44/broughm_44p.pdf,f3f44a87e4daef47bdc26e479b506c9a15eae6c99fcf42a9827503b39c5554c2,13,
house,44,Scott Buchholz,Wright,https://static.aph.gov.au/-/media/03_Senators_and_Members/32_Members/Register/44p/AB/BuchholzS_44P.pdf?rev=8d6daf265eab4d6cbf71be632f079dd0&hash=E349A722735EA2DFBE40F1284BA8CF79,2016-03-15,pdfs/44/buchholzs_44p.pdf,72112d5831f22cbea74d409abc88486aa5e71a7f3b49aa5bac9f54af53803809,12,
house,44,Anna Burke,Chisholm,https://static.aph.gov.au/-/media/03_Senators_and_Members/32_Members/Register/44p/AB/BurkeAnna_44P.pdf?rev=787232e77904494283c3b7198e0dcb19&hash=438C9E171606F93A04A62AF6BF4BC7AA,2014-10-29,pdfs/44/burkeanna_44p.pdf,6d02d8cd6af28e86c27f35932fe047fc0190a358a8279eba8fac3bedcf0119d2,10,
house,44,Tony Burke,Watson,https://static.aph.gov.au/-/media/03_Senators_and_Members/32_Members/Register/44p/AB/BurkeTony_44P.pdf?rev=bf9ad5120d4e460aa64deae4abe2eb82&hash=E20E68111105202C15044B1B6FB05968,2016-02-05,pdfs/44/burketony_44p.pdf,d3d4a3a5db8c1e8c6202ffa2b05f02cc48d5b5979aa98fda4d304bed3aaf7b6c,19,
house,44,Mark Butler,Port Adelaide,https://static.aph.gov.au/-/media/03_Senators_and_Members/32_Members/Register/44p/AB/ButlerM_44P.pdf?rev=8f2d5c3bd1c94209a0e916d70653ba6a&hash=44352AC6149946A86283024D500F60A5,2016-03-10,pdfs/44/butlerm_44p.pdf,9328efeb2867909e15fa5c72be0edd80ea824b58d9bafa8d61c1b8c5c4b79896,13,
house,44,Terri Butler,Griffith,https://static.aph.gov.au/-/media/03_Senators_and_Members/32_Members/Register/44p/AB/ButlerTerri_44P.pdf?rev=c6ad2d32f6594b16abc8d5232bdbdcfb&hash=2C4CE02BA930F6501EDE6C69E71E5604,2016-02-18,pdfs/44/butlerterri_44p.pdf,f6ce2217d0d96369e3323de087def8120db90e6ff2143aa9b7cb591e9ee1d8e7,28,
house,44,Anthony Byrne,Holt,https://static.aph.gov.au/-/media/03_Senators_and_Members/32_Members/Register/44p/AB/ByrneA_44P.pdf?rev=7a74ed9e1f2b4ba1869db16075557227&hash=190BFD4F17306FF9D4B57DB2D086A311,2015-12-29,pdfs/44/byrnea_44p.pdf,72d7af5e505702b1b4e8b556feab654243cc15fa7a966da79c6a907da0ad0409,10,
house,44,Jim Chalmers,Rankin,https://static.aph.gov.au/-/media/03_Senators_and_Members/32_Members/Register/44p/CF/ChalmersJ_44P.pdf?rev=8d4b29a6b2ee482785e5a3e3a86f2914&hash=988313026541BDF7B674AADCA180EE94,2016-05-02,pdfs/44/chalmersj_44p.pdf,c7e68f5434f5c7600e64af17a70e72e4ae6e249c0cde862252023601a3de3dce,34,
house,44,Nick Champion,Wakefield,https://static.aph.gov.au/-/media/03_Senators_and_Members/32_Members/Register/44p/CF/ChampionN_44P.pdf?rev=417af9fa0fbf4a2483aa1ccff6b3bafb&hash=46FC0FEFFC50D3AE2941402DBC905B21,2015-10-15,pdfs/44/championn_44p.pdf,14003f1670977a4ea35f171b285613f9bf0757128c67c25a2f3ab6c89cd8602d,14,
house,44,Darren Chester,Gippsland,https://static.aph.gov.au/-/media/03_Senators_and_Members/32_Members/Register/44p/CF/ChesterD_44P.pdf?rev=e17dc79714bf4546b5f5667caf72df9f&hash=97F7AEE6062C42EAC69AA16AC5998BD5,2016-02-24,pdfs/44/chesterd_44p.pdf,994c3c6069a35a74cb60c0d88c927fe56ead9c758b3e824d46bdb13c2a14ea12,26,
house,44,Lisa Chesters,Bendigo,https://static.aph.gov.au/-/media/03_Senators_and_Members/32_Members/Register/44p/CF/ChestersL_44P.pdf?rev=c5533d4398b644eaa2d78661a238a653&hash=9C885AFD4EA885CB5951D1520658FEBB,2016-03-17,pdfs/44/chestersl_44p.pdf,6676d9e2b272bf27fd399f7b486d6e1d2604c5ef55726485578c255990236675,13,
house,44,George Christensen,Dawson,https://static.aph.gov.au/-/media/03_Senators_and_Members/32_Members/Register/44p/CF/ChristensenG_44P.pdf?rev=0255a6a4e2b548aba7037b0ad273818c&hash=7D0E298F396600B632CEDCC962F3DB08,2015-02-11,pdfs/44/christenseng_44p.pdf,cb153de7d708ad232c644a96ea3a1707b0487b1e8fb5a2bcc4228e5a15310479,9,
house,44,Steven Ciobo,Moncrieff,https://static.aph.gov.au/-/media/03_Senators_and_Members/32_Members/Register/44p/CF/CioboS_44P.pdf?rev=5f71fbf5e67b4295af0f4a3efa86bfc2&hash=9350C793324ECC5129003429475D18F2,2016-05-03,pdfs/44/ciobos_44p.pdf,684066a465df73bbb12dcc5ac395dea48a8f18ff881171de1713b7fbc58ba7cb,25,
house,44,Jason Clare,Blaxland,https://static.aph.gov.au/-/media/03_Senators_and_Members/32_Members/Register/44p/CF/ClareJ_44P.pdf?rev=cede0d79be204ee682ceb3d495d3ca0f&hash=D33FB1936D4682BC71577995C44C1D70,2016-04-19,pdfs/44/clarej_44p.pdf,aab14eac6c764895c40c7ad509ef662c45c44de567d1b4e64fb17ea6b36b9e37,28,
house,44,Sharon Claydon,Newcastle,https://static.aph.gov.au/-/media/03_Senators_and_Members/32_Members/Register/44p/CF/ClaydonS_44P.pdf?rev=390ce150740e4cb098df9506a6d6faa5&hash=585B8661FFB0F2F17199FD303E31347E,2016-03-18,pdfs/44/claydons_44p.pdf,a40eee81b501e61fe76af9a425f8fa1c65afe0d1080e937be004834b3b5bc5a2,11,
house,44,John Cobb,Calare,https://static.aph.gov.au/-/media/03_Senators_and_Members/32_Members/Register/44p/CF/CobbJ_44P.pdf?rev=e550a169b5f5447d89f75cfe44388f97&hash=C700FB549442CD169847C90E71623D68,2015-12-15,pdfs/44/cobbj_44p.pdf,b1d4f839f4141f4741bdded8b55ab2dec4a857de8b2882286c9a99a4ec1b5962,11,
house,44,David Coleman,Banks,https://static.aph.gov.au/-/media/03_Senators_and_Members/32_Members/Register/44p/CF/ColemanD_44P.pdf?rev=acfd00c9c26d4fa7a52b6925b0035ddc&hash=CEE400973D49F356BDE16C57D6F39D4E,2016-04-08,pdfs/44/colemand_44p.pdf,4642694acfa0a397e3e2d966aad810be6a0898e069e7f3c2b658d2dcb1a0ebee,44,
house,44,Julie Collins,Franklin,https://static.aph.gov.au/-/media/03_Senators_and_Members/32_Members/Register/44p/CF/CollinsJ_44P.pdf?rev=d480a4fc0f1a4bc9b6d1a0315dc3448b&hash=D5B25E4DC7D76FCCE7531909FDADC3AB,2015-10-15,pdfs/44/collinsj_44p.pdf,73e66596d03bb7362ca0cb9bb2d63d6b41291b7b2f82dfbd174a9e8ac6b7b5c0,11,
house,44,Pat Conroy,Shortland,https://static.aph.gov.au/-/media/03_Senators_and_Members/32_Members/Register/44p/CF/ConroyP_44P.pdf?rev=6e2c15442b3a4b60801e3a061710fa99&hash=E9FB8BF3308414EA76CE00DC53F4FAD7,2015-10-14,pdfs/44/conroyp_44p.pdf,b71454b9e92ffec7e27835fcf41747ac01bb3fb0bba8dd2ca603f5978e7db1ec,12,
house,44,Mark Coulton,Parkes,https://static.aph.gov.au/-/media/03_Senators_and_Members/32_Members/Register/44p/CF/CoultonM_44P.pdf?rev=3161f37ae7ba4075b19766abb34a5ffe&hash=9139B06E25CC2334595F8CF0484745A6,2015-07-22,pdfs/44/coultonm_44p.pdf,ce5ff806ccb6ce44cb00880af4113533f3c10029da3114ae59cf6a4e32f4b713,9,
house,44,Michael Danby,Melbourne Ports,https://static.aph.gov.au/-/media/03_Senators_and_Members/32_Members/Register/44p/CF/DanbyM_44P.pdf?rev=43ea1aeb3bd24629a5764e68543ef88c&hash=CA99F304DC329A96FB98C7C7CABA1A02,2015-12-04,pdfs/44/danbym_44p.pdf,3138f96612969e911602a08eeb6a91810f2b8da0def8f40f2fe5060cc90e153d,13,
house,44,Mark Dreyfus,Isaacs,https://static.aph.gov.au/-/media/03_Senators_and_Members/32_Members/Register/44p/CF/DreyfusM_44P.pdf?rev=a89ceecdb5f74a4b80f6c20a51ef93e5&hash=95BD222170F66670978C899F9C4EB720,2015-07-23,pdfs/44/dreyfusm_44p.pdf,b6532257cce1b91d95aba435bb763eee39dfc53616902e89ad626e5c0af89bfa,9,
house,44,Peter Dutton,Dickson,https://static.aph.gov.au/-/media/03_Senators_and_Members/32_Members/Register/44p/CF/DuttonP_44P.pdf?rev=446e3024657441a39317092c6b3e806a&hash=9EBD7D2439E46FA4BD684C93E594C27E,2015-11-27,pdfs/44/duttonp_44p.pdf,590c4fced52542d7f4f1a78a245f22e855ed081a7a2d8536d076576e859ad8d8,26,
house,44,Justine Elliot,Richmond,https://static.aph.gov.au/-/media/03_Senators_and_Members/32_Members/Register/44p/CF/ElliotJ_44P.pdf?rev=c552cb3b2f3d43bb89f7666cce4fad65&hash=B8788A703A972FFECA473F50B01585C3,2016-05-05,pdfs/44/elliotj_44p.pdf,427c02e4fff06bbc7868acfb654f13b906abb9233712bb55b3652d67d4fc0cdc,10,
house,44,Kate Ellis,Adelaide,https://static.aph.gov.au/-/media/03_Senators_and_Members/32_Members/Register/44p/CF/EllisK_44P.pdf?rev=e9e6235dba494fb48c60f93079ee5129&hash=E13ADB43E59BDFB9843EF820295A60A3,2015-05-15,pdfs/44/ellisk_44p.pdf,e670877f4e967d8750bad88b32175fd2d6ebe23bddf770432a15efdb55680c68,8,
house,44,Warren Entsch,Leichhardt,https://static.aph.gov.au/-/media/03_Senators_and_Members/32_Members/Register/44p/CF/EntschW_44P.pdf?rev=8a4e8c3b5d6b400380094ee3169c44b7&hash=3152E4F19D61E8C37F339D6AF4011F37,2016-02-08,pdfs/44/entschw_44p.pdf,34fe9de1366b586ff45c5d004ae94af7e98cffa9d738d129b428d5ef3338ffb4,9,
house,44,David Feeney,Batman,https://static.aph.gov.au/-/media/03_Senators_and_Members/32_Members/Register/44p/CF/FeeneyD_44P.pdf?rev=4ecbaaf8269941b285c6533ebe0c80eb&hash=B03AD71EB30A6166EA9DF7DF0DD2DADC,2015-08-19,pdfs/44/feeneyd_44p.pdf,8a39db1fc0c72f24bdd15eebdaae49715949498d3ab74255d24f3c1ecc34021e,10,
house,44,Laurie Ferguson,Werriwa,https://static.aph.gov.au/-/media/03_Senators_and_Members/32_Members/Register/44p/CF/FergusonL_44P.pdf?rev=78ec25c07b9147929f5dad2885317c02&hash=1DB23AC9CA111B639BE9C0927E289F69,2016-01-11,pdfs/44/fergusonl_44p.pdf,02da91b80d0dacc18bf56758348e26ef2bf27a9ed7804c51d04fc9633ab0786c,10,
house,44,Joel Fitzgibbon,Hunter,https://static.aph.gov.au/-/media/03_Senators_and_Members/32_Members/Register/44p/CF/FitzgibbonJ_44P.pdf?rev=d98b8fb33c094b3abfb20c3b9ba4876b&hash=D9A860E86C46022ED9D19DEDAA12129E,2016-04-08,pdfs/44/fitzgibbonj_44p.pdf,6296e2a51b1d7356406268947a937f1066fcf252a75d91f32e7ba49fdacb0c63,45,
house,44,Paul Fletcher,Bradfield,https://static.aph.gov.au/-/media/03_Senators_and_Members/32_Members/Register/44p/CF/Fletcher_44P.pdf?rev=78614e06991c40d896fb8eee3c0d9eba&hash=4D63768DB94E652A0EE6D0E10E436AA4,2016-04-15,pdfs/44/fletcher_44p.pdf,3307658a15a82b5d6fe06e64452cf1a462a2d7842dd5ce898a85467d3df6949c,39,
house,44,Josh Frydenberg,Kooyong,https://static.aph.gov.au/-/media/03_Senators_and_Members/32_Members/Register/44p/CF/FrydenbergJ_44P.pdf?rev=2bef8490e7a9435aa72a42ca21764d16&hash=40476343F8B4D1872A19CA629952B4AF,2016-03-16,pdfs/44/frydenbergj_44p.pdf,c9cb50c9083339acf358e99056642c5e581f6c259bcf349c7343681725dc15c4,34,
house,44,Teresa Gambaro,Brisbane,https://static.aph.gov.au/-/media/03_Senators_and_Members/32_Members/Register/44p/GK/GambaroT_44P.pdf?rev=e2b7a5067e8347dc81d7277f0bcdd5ec&hash=0B20B5ECA58199E8B9216EBB9CA52C8E,2015-12-01,pdfs/44/gambarot_44p.pdf,9fe677c9fa41a500343d568df506003ae4de76f170fc1a50a657fa83eb6a1b2e,10,
house,44,Andrew Giles,Scullin,https://static.aph.gov.au/-/media/03_Senators_and_Members/32_Members/Register/44p/GK/GilesA_44P.pdf?rev=5cd1f7f4da4746aabcc92dfb4be99542&hash=574029A9F2EFA1DBC9CB8DFC9C6E10AD,2015-10-14,pdfs/44/gilesa_44p.pdf,03e4f932fa61ed71d8425a9e7db845078362d9945b7192c89b88bbc638e890d2,17,
house,44,David Gillespie,Lyne,https://static.aph.gov.au/-/media/03_Senators_and_Members/32_Members/Register/44p/GK/GillespieD_44P.pdf?rev=2a3a3b4f8403483b94b7a1c433015f18&hash=B65C504476ED468DF4611D67C76F86FF,2016-01-08,pdfs/44/gillespied_44p.pdf,854f02b42dd7103aa2818cba4db6ba1a8ab15eb818860531560b599c55b2d283,13,
house,44,Ian Goodenough,Moore,https://static.aph.gov.au/-/media/03_Senators_and_Members/32_Members/Register/44p/GK/GoodenoughI_44P.pdf?rev=c69b79477b1e447f91f7694d752854d2&hash=9FF12252A5FD98840A222B9B3423D060,2016-04-13,pdfs/44/goodenoughi_44p.pdf,dee741d804a54ed847b68c7af20d93f68d0ad2e142bcf0660bc0e18ffbaca320,13,
house,44,Gary Gray,Brand,https://static.aph.gov.au/-/media/03_Senators_and_Members/32_Members/Register/44p/GK/GrayG_44P.pdf?rev=9b573b1ef0634835ab3cfc3017400d49&hash=90DA3143CBD3E4CE6D0ACBCE66959D12,2016-02-24,pdfs/44/grayg_44p.pdf,975e0d074bbe27cb5bae29af92732ac1fc289c99eeb7fd11268db6783aa363c4,34,
house,44,Alan Griffin,Bruce,https://static.aph.gov.au/-/media/03_Senators_and_Members/32_Members/Register/44p/GK/GriffinA_44P.pdf?rev=ec79193c893a41cba1a03a7cc7568630&hash=22B3F3459E83EA8B74C3CF9E792D87BA,2016-03-15,pdfs/44/griffina_44p.pdf,4166dde2b259f5db55d9bf35ef05092afc804e85678321437007035a947e8624,10,
house,44,Natasha Griggs,Solomon,https://static.aph.gov.au/-/media/03_Senators_and_Members/32_Members/Register/44p/GK/GriggsJ_44P.pdf?rev=c9f21d73eec947399a6a2fd742e69c94&hash=09E8606501EA31EA70DF3CE438BBE45A,2016-03-18,pdfs/44/griggsj_44p.pdf,bf1850458e33c87b82f92e4a6c5304986a227b969e450baff52076ed6e67dbae,17,
house,44,Jill Hall,Shortland,https://static.aph.gov.au/-/media/03_Senators_and_Members/32_Members/Register/44p/GK/HallJ_44P.pdf?rev=55777418ea4c47b698a6fda8602e8b93&hash=7D145886691BCDD2537881798563BCC3,2013-12-11,pdfs/44/hallj_44p.pdf,bd14599362033e7ed36741efe2652133621aa32b1fd2591fd3152fe15119ad32,7,
house,44,Luke Hartsuyker,Cowper,https://static.aph.gov.au/-/media/03_Senators_and_Members/32_Members/Register/44p/GK/HartsuykerL_44P.pdf?rev=f7bafa5ffc6e43e89c21335a5ea38f57&hash=418584FD65A0064871422C02BB514398,2015-09-24,pdfs/44/hartsuykerl_44p.pdf,179dea527d141946819bb53fac2f85d7b07ee56885dc7faf9675a2fcfb97bc6e,9,
house,44,Andrew Hastie,Canning,https://static.aph.gov.au/-/media/03_Senators_and_Members/32_Members/Register/44p/GK/Hastie_44P.pdf?rev=6f9c533698e943f19450bfee2d559d69&hash=C8341A1BC8AC9D6D192C823837D02B8E,,pdfs/44/hastie_44p.pdf,f94e08124d523f8ff4cac22006426adf11168f5e9c06cfa7a7ad379f4058311b,7,
house,44,Alex Hawke,Mitchell,https://static.aph.gov.au/-/media/03_Senators_and_Members/32_Members/Register/44p/GK/HawkeA_44P.pdf?rev=78a147bd3d5a4d608330bbe608be9763&hash=E04B12599F25845A06074382F83F9AA2,2016-04-08,pdfs/44/hawkea_44p.pdf,7aef54d47b5fa90958abb9ce1baaa72202a783c9b322e681d464ed1f363695c5,11,
house,44,Chris Hayes,Fowler,https://static.aph.gov.au/-/media/03_Senators_and_Members/32_Members/Register/44p/GK/HayesC_44P.pdf?rev=d79d178f981a48f086ede9c3beb6c8f6&hash=B74D1EA0337C595E291396979E9F62B3,2016-01-11,pdfs/44/hayesc_44p.pdf,41ec73f0b0b030d8d19bcc76e14c56a46437ae5dc3304fad2eb0721ba0f5dfc9,19,
house,44,Sarah Henderson,Corangamite,https://static.aph.gov.au/-/media/03_Senators_and_Members/32_Members/Register/44p/GK/HendersonS_44P.pdf?rev=614ba7507e924a85915bb510bb56488d&hash=42D0122A72C17BC31AA350B32C565B42,2015-11-24,pdfs/44/hendersons_44p.pdf,a237d089d70830b68a9765d4536bfcbc48a068206be54d384b1586063f22b75a,10,
house,44,Peter Hendy,Eden-Monaro,https://static.aph.gov.au/-/media/03_Senators_and_Members/32_Members/Register/44p/GK/HendyP_44P.pdf?rev=a04a8ee804b74f968355918e8279f440&hash=4E1CBFD930908A1D4438454910C94692,2016-04-20,pdfs/44/hendyp_44p.pdf,ac37e1d41f320d323aa864caa9a170fb0c2535de37c35ec4b9a021844d89f372,22,
house,44,Joe Hockey,North Sydney,https://static.aph.gov.au/-/media/03_Senators_and_Members/32_Members/Register/44p/GK/HockeyJ_44P.pdf?rev=265f31c12ce1407ba211e47e2f45881e&hash=51E9231018D9D3B78BC3AC0FA1E7E177,2015-06-17,pdfs/44/hockeyj_44p.pdf,fa271e6091735dd5e1c935082fdeb494ec799be1e47c1bdd19183d53665cb23a,17,
house,44,Kevin Hogan,Page,https://static.aph.gov.au/-/media/03_Senators_and_Members/32_Members/Register/44p/GK/HoganK_44P.pdf?rev=deea707401ca4f059b8cdfd6f01fa981&hash=D4B9075DE378028359BDC9C04D6E55AC,2016-03-15,pdfs/44/hogank_44p.pdf,999268fda93f934d5ad6f0cce5fbbe326ff2c76f1fd3714f67be389384c644f4,15,
house,44,Luke Howarth,Petrie,https://static.aph.gov.au/-/media/03_Senators_and_Members/32_Members/Register/44p/GK/HowarthL_44P.pdf?rev=b4e1816cdb5b424eb89a8397c1e5655d&hash=5238549DF69DE161D4103A600BE0103A,2016-02-24,pdfs/44/howarthl_44p.pdf,2aa078d247c0a1c6a81475f3161a89e74152bca8ac309d9a5cf08cb45129b245,10,
house,44,Greg Hunt,Flinders,https://static.aph.gov.au/-/media/03_Senators_and_Members/32_Members/Register/44p/GK/HuntG_44P.pdf?rev=2a700cc6f75342d2b3f2860083ed7b7e&hash=6E59007D468E2A4ACD818AB5AAB34027,2016-04-15,pdfs/44/huntg_44p.pdf,285391b1ef6d003eb8b5b35fcc26c884aa7e301f770a8b93a9fe244c9cf9d904,26,
house,44,Ed Husic,Chifley,https://static.aph.gov.au/-/media/03_Senators_and_Members/32_Members/Register/44p/GK/HusicE_44P.pdf?rev=6c9a6e4dad714ca78f7f0e2a334f843d&hash=DB50AD225DA9BE66E46741CA54F3A07F,2015-08-11,pdfs/44/husice_44p.pdf,42983557732c9330d115e47b1b769956146dbfacb07b135e818d0ed02d32e401,10,
house,44,Eric Hutchinson,Lyons,https://static.aph.gov.au/-/media/03_Senators_and_Members/32_Members/Register/44p/GK/HutchinsonE_44P.pdf?rev=72a4301168324a84b8823f66112c1f6d&hash=C54600AE09E6A314301D2351F8A8E9D8,2016-03-15,pdfs/44/hutchinsone_44p.pdf,8166f5192cb96c3f2ac6f83fa0639aafbf4a29c3bf136b9afd1d6aaaab28430e,20,
house,44,,,,,pdfs/44/interestsr_44p.pdf,43ef4234705c14df5affdd15f3bdd725afaa8efd121925bc5260e89dbc208a80,2,
house,44,Steve Irons,Swan,https://static.aph.gov.au/-/media/03_Senators_and_Members/32_Members/Register/44p/GK/IronsS_44P.pdf?rev=4a8d9d8bb9614734b0eee880d94fcfdc&hash=43515B6A8F31B00B43DA6E89BFAA3CB2,2016-02-24,pdfs/44/ironss_44p.pdf,f7eba127329a25ef50e5d059fff15ef2483a1fbc8c74da94a6c027a459edfe8b,23,
house,44,Dennis Jensen,Tangney,https://static.aph.gov.au/-/media/03_Senators_and_Members/32_Members/Register/44p/GK/JensenD_44P.pdf?rev=6145f9d9eae0488ba0afcad5666b5a75&hash=31EB8E73C307E3587B3CDAC2D5D747A8,2015-08-10,pdfs/44/jensend_44p.pdf,1de26fa8dec97482ac09332293856a0a4237aab8ec43d6b83cabd58eb94c8ffd,10,
house,44,Ewen Jones,Herbert,https://static.aph.gov.au/-/media/03_Senators_and_Members/32_Members/Register/44p/GK/JonesE_44P.pdf?rev=412b70c9462f4edf9c5e27affad8555d&hash=8CFFE887ED164EC06CDEB4BA997DA42C,2016-03-15,pdfs/44/jonese_44p.pdf,2796a69ddedc15378476ecb1d558c8f2154600663cc32e7987bd6b870ccf74d9,13,
house,44,Stephen Jones,Throsby,https://static.aph.gov.au/-/media/03_Senators_and_Members/32_Members/Register/44p/GK/JonesS_44P.pdf?rev=5272d8c1463c4d5fbdb878f0e074c89f&hash=5E9B237C7D692C33124ABB5845323365,2016-01-19,pdfs/44/joness_44p.pdf,dfede22d9799a5595f1c48f6a0bb490c8d7439bf7cba4945d31657cc1fe5ee1d,15,
house,44,Barnaby Joyce,New England,https://static.aph.gov.au/-/media/03_Senators_and_Members/32_Members/Register/44p/GK/JoyceB_44P.pdf?rev=f799355d8d4748eb8dada3370b8dbce2&hash=CB4E368F646A667F95376F83C1322439,2016-03-29,pdfs/44/joyceb_44p.pdf,3f8d7307198eac1db3c11b1b49ada087ffde07f54f71d1c6e5c45d3da2ed942a,32,
house,44,Bob Katter,Kennedy,https://static.aph.gov.au/-/media/03_Senators_and_Members/32_Members/Register/44p/GK/KatterB_44P.pdf?rev=63093fce5e64403d97ad636bbe446fea&hash=4B7283B62B7E0702A1E0D87367A69224,2015-12-14,pdfs/44/katterb_44p.pdf,be328651a0d87c3f35c59bd8a6303497ac149030094d0009dbc38752721211ea,9,
house,44,Michael Keenan,Stirling,https://static.aph.gov.au/-/media/03_Senators_and_Members/32_Members/Register/44p/GK/KeenanM_44P.pdf?rev=94dc9c1832094ce19417cba8e2e67d84&hash=363FC6FBCF1845A8257EE1C652CD188A,2016-05-06,pdfs/44/keenanm_44p.pdf,8f9fb37ad359286f83899a3f80db1ed8993e16054e6edf825ef8a3fd0fa5eeee,22,
house,44,Craig Kelly,Hughes,https://static.aph.gov.au/-/media/03_Senators_and_Members/32_Members/Register/44p/GK/KellyC_44P.pdf?rev=36356271085c4500a04c03240f9c4042&hash=825CFE502456DDBEF5714C3DC5683614,2015-08-06,pdfs/44/kellyc_44p.pdf,e3d953ea007555327648f467039a7dfc73d2cec88df65e49c1c47ae6200f5a01,10,
house,44,Catherine King,Ballarat,https://static.aph.gov.au/-/media/03_Senators_and_Members/32_Members/Register/44p/GK/KingC_44P.pdf?rev=551968d3dadf4eebaea294261dab6f3e&hash=6DDB02B10AD664C83F9525E827B8A3EE,2015-12-16,pdfs/44/kingc_44p.pdf,324c04f62c7158daa416942a917650b0bbda55ca7551c87c6dfa9f428e62fe22,14,
house,44,Andrew Laming,Bowman,https://static.aph.gov.au/-/media/03_Senators_and_Members/32_Members/Register/44p/LO/LamingA_44P.pdf?rev=1c9c371530554e81ac37c8d14759a1dc&hash=6C00E8F18DF79DE5F60EF2026699225F,2014-06-05,pdfs/44/laminga_44p.pdf,dcc44ebd8c0fc8cfa259a7be730c7dd4d7a1297d418b63751e42d5eaf9a0709f,8,
house,44,Michelle Landry,Capricornia,https://static.aph.gov.au/-/media/03_Senators_and_Members/32_Members/Register/44p/LO/LandryM_44P.pdf?rev=5ff87eb92e7b40369f4ecd31c4287b13&hash=270456E15E838829660D9DEE2D6E429D,2014-11-26,pdfs/44/landrym_44p.pdf,75c6fa5184fd99a286a6c8309aec6b3e5758201c780eb4ecc4e1b2a92f6c14cb,9,
house,44,Craig Laundy,Reid,https://static.aph.gov.au/-/media/03_Senators_and_Members/32_Members/Register/44p/LO/LaundyC_44P.pdf?rev=8470d5f38f2c42febd8270da3ec209aa&hash=7E6A9BF3E1C4C58EEF3194ED02797D70,2016-02-18,pdfs/44/laundyc_44p.pdf,474cd4f9900aeae0db992d67955a48e80cca4135cec2dcdc1b982a2ff039b6ad,20,
house,44,Andrew Leigh,Fenner,https://static.aph.gov.au/-/media/03_Senators_and_Members/32_Members/Register/44p/LO/LeighA_44P.pdf?rev=dfcb3f558c19430c8ab19bbeaf6a3490&hash=8E2F2AADC48A54E54DBB1743DEF39E19,2016-05-03,pdfs/44/leigha_44p.pdf,2de79f57ef8ad579618da066342bf238a4c03c2405b1bc20b51d780801aa55be,35,
house,44,Sussan Ley,Farrer,https://static.aph.gov.au/-/media/03_Senators_and_Members/32_Members/Register/44p/LO/LeyS_44P.pdf?rev=337f07d566b84114a54e0d5c7f9e38c6&hash=4439EF9D6F8020FBE7851A28086B48C7,2015-06-23,pdfs/44/leys_44p.pdf,e156089b8511dddf3ba00d42faeabd1325a270c0ded93f4148f6c285c367211d,8,
house,44,Ian Macfarlane,Groom,https://static.aph.gov.au/-/media/03_Senators_and_Members/32_Members/Register/44p/LO/MacfarlaneI_44P.pdf?rev=b2fc7b47cba84c17a615039a865719f0&hash=3D178BBD1306B7096E24E13D34AB39E2,2016-04-01,pdfs/44/macfarlanei_44p.pdf,0b353ba2a201d825944e9a78a311e113786eaeca8b6da25153286da520fed1a6,17,
house,44,Jenny Macklin,Jagajaga,https://static.aph.gov.au/-/media/03_Senators_and_Members/32_Members/Register/44p/LO/MacklinJ_44P.pdf?rev=63fd899dd984478cb1652eca1aa60bed&hash=9202F1994036EBE1A9D83ED5783F4D0B,2015-11-17,pdfs/44/macklinj_44p.pdf,2c5dcdc95f0e77ab1cb37e03180922078f1c481bbf0033e187829f1d49c1ec78,14,
house,44,Alannah MacTiernan,Perth,https://static.aph.gov.au/-/media/03_Senators_and_Members/32_Members/Register/44p/LO/MacTiernanA_44P.pdf?rev=a813fb2382b14de588be5f885cc8e5ab&hash=53BF690B1650F4596EAAEF0ACFE5883E,2015-03-24,pdfs/44/mactiernana_44p.pdf,f5028f5414d26673f8b8ae667398c451e654ad59d0b86a81be79c587d1fb1914,10,
house,44,Nola Marino,Forrest,https://static.aph.gov.au/-/media/03_Senators_and_Members/32_Members/Register/44p/LO/MarinoN_44P.pdf?rev=29350ea4afa642c9ad190fcd78d707c4&hash=F7BD1E2B2EA881024F916EA72893190F,2015-11-23,pdfs/44/marinon_44p.pdf,4667882c72d9cf3b40ecc3c3b39c745cc5d8175ac17515e4c0c9cf1f48299835,10,
house,44,Louise Markus,Macquarie,https://static.aph.gov.au/-/media/03_Senators_and_Members/32_Members/Register/44p/LO/MarkusL_44P.pdf?rev=67ffcc2275c240a3957f21687a387ac0&hash=17A3B2CE1EF27E8A33833ED23243DD73,2015-01-20,pdfs/44/markusl_44p.pdf,32fd23bbe19581a978f58c6e8f2a80005a7e0ea67505c00bc0c693bf433defbb,12,
house,44,Richard Marles,Corio,https://static.aph.gov.au/-/media/03_Senators_and_Members/32_Members/Register/44p/LO/MarlesR_44P.pdf?rev=ce480a0b826b4d5b9e5a5d33b01a7db4&hash=C250AC2D16648F5BCAB884D7DD968EE3,2016-03-15,pdfs/44/marlesr_44p.pdf,d320c1f5e93986e74277107e11b899a4903348b131ef26f967037455b17cf6ec,24,
house,44,Russell Matheson,Macarthur,https://static.aph.gov.au/-/media/03_Senators_and_Members/32_Members/Register/44p/LO/MathesonR_44P.pdf?rev=7bba55a1fb4145638749dbb1ede39f6f&hash=D4948E12DD72B37E41AFDF4BDBB98C34,2016-02-23,pdfs/44/mathesonr_44p.pdf,01413ea6f99c2ce2fe7e1258a5ca148e987bd6a0ca2f2bac8f486ed9d74d1c93,13,
house,44,Michael McCormack,Riverina,https://static.aph.gov.au/-/media/03_Senators_and_Members/32_Members/Register/44p/LO/McCormackM_44P.pdf?rev=1c3d355a91e048dd86fe35c05250c2c6&hash=354E7C5B367C54BF0D3F21386ED10DAA,2016-04-05,pdfs/44/mccormackm_44p.pdf,77099755197bc2e45f0cdd3c2fe3f6e8ea5a6763d6aabec98a0570b490a17339,12,
house,44,Cathy McGowan,Indi,https://static.aph.gov.au/-/media/03_Senators_and_Members/32_Members/Register/44p/LO/McGowanC_44P.pdf?rev=fc9dd2ba2cbe4e91822281dd594710a2&hash=4981861C0B5C316B59707F5AC6A25100,2016-03-16,pdfs/44/mcgowanc_44p.pdf,0aa395a15ae258d6c8340f58a2ca0a0ced9a2548889cff0c56f07872b39b7256,18,
house,44,Karen McNamara,Dobell,https://static.aph.gov.au/-/media/03_Senators_and_Members/32_Members/Register/44p/LO/McNamaraK_44P.pdf?rev=aa83be03faa54c8bb335b896372cea0e&hash=726E3B2867E7A24E6F1F4A0D797D4C61,2015-10-26,pdfs/44/mcnamarak_44p.pdf,d52bc2f4f877d99b00291e2da4c23dd2c165f9429ed847aa582b91be3f477173,9,
house,44,Rob Mitchell,McEwen,https://static.aph.gov.au/-/media/03_Senators_and_Members/32_Members/Register/44p/LO/MitchellR_44P.pdf?rev=3424d85a7f874ba19fe364fe246a8c7b&hash=421DC72FF5E86DB3692EA58EBDCCE3B4,2015-07-22,pdfs/44/mitchellr_44p.pdf,4f3d3dcaf45a8a941ddc6dfea93749e07b67bc2d9c7214b04cad42b8809384ff,10,
house,44,Scott Morrison,Cook,https://static.aph.gov.au/-/media/03_Senators_and_Members/32_Members/Register/44p/LO/MorrisonS_44P.pdf?rev=cccf74def62547c6a05b5f693fde6ac4&hash=DF42706F848EDAE2F6213E5D669B0D2A,2016-03-29,pdfs/44/morrisons_44p.pdf,a52bbd96d9fae6e7f2eef7171b15908da4564c1ea34920a0684b7a4659840c55,14,
house,44,Shayne Neumann,Blair,https://static.aph.gov.au/-/media/03_Senators_and_Members/32_Members/Register/44p/LO/NeumannS_44P.pdf?rev=944c09b6f8a54a5480003cf5f38b2c50&hash=F390D1CE220B2EA319B067D05A3772E5,2016-02-15,pdfs/44/neumanns_44p.pdf,edc7e9437fb9d59995c18302f048d748ad5de1d2a29fc9057e51213c25746b88,10,
house,44,Andrew Nikolic,Bass,https://static.aph.gov.au/-/media/03_Senators_and_Members/32_Members/Register/44p/LO/NikolicA_44P.pdf?rev=478aec739a44460b81a9f4c15bd6035e&hash=19AA88117FD4EABA979AA56E837C1698,2016-01-11,pdfs/44/nikolica_44p.pdf,d8225a72b4184736d856b56f631fb404a05b341ba5c515dfe82ae62b67ef0264,11,
house,44,Brendan O'Connor,Gorton,https://static.aph.gov.au/-/media/03_Senators_and_Members/32_Members/Register/44p/LO/OConnorB_44P.pdf?rev=11d460bc0aea434bbe3dbc9cf7af4a8f&hash=4BE061B197D367CBFF516CAB888D8ED2,2016-01-28,pdfs/44/oconnorb_44p.pdf,67105ef1274187e605c062220a30f3a90e8864de12b908ce350cda3d50d5ed09,13,
house,44,Ken O'Dowd,Flynn,https://static.aph.gov.au/-/media/03_Senators_and_Members/32_Members/Register/44p/LO/ODowdK_44P.pdf?rev=2c7e20acad9c433c87a7777fe5342fee&hash=55FA0B2BC6ECA249E5625BF43503DCA5,2016-03-10,pdfs/44/odowdk_44p.pdf,e2b69402691a9e401abb662cfb8e38378ecd233d050020557e1abe08c491ee91,17,
house,44,Kelly O'Dwyer,Higgins,https://static.aph.gov.au/-/media/03_Senators_and_Members/32_Members/Register/44p/LO/ODwyerK_44P.pdf?rev=0924e9540fb649afa2c3affcc1cf6e97&hash=CD7AC48B6A435A09B2C22B198871720D,2016-02-29,pdfs/44/odwyerk_44p.pdf,1c01e5539a7f0961a063dcee7b37a185e2d9035d587a2e514fa764ff9c3d5a50,26,
house,44,Clare O'Neil,Hotham,https://static.aph.gov.au/-/media/03_Senators_and_Members/32_Members/Register/44p/LO/ONeilC44P.pdf?rev=a8cfbda0f55d48ed96cc683f9934e34e&hash=1648E3F28A1E25E01585A08895B87442,2016-03-17,pdfs/44/oneilc44p.pdf,0089976c30405e87b3b69b4adc8c02fd337f280e88940c4cf06458553a460456,21,
house,44,Julie Owens,Parramatta,https://static.aph.gov.au/-/media/03_Senators_and_Members/32_Members/Register/44p/LO/OwensJ_44P.pdf?rev=f4cfaa01c7f6465496accfaa24fa4e87&hash=C1E5E015FF2A4F79AC2C183A0AC5F651,2016-05-02,pdfs/44/owensj_44p.pdf,b6dc184b1a43b77e36c954b66c6a70b2d520db460e5d5acb974ac967bb5bcd75,11,
house,44,Clive Palmer,Fairfax,https://static.aph.gov.au/-/media/03_Senators_and_Members/32_Members/Register/44p/PS/PalmerC_44P.pdf?rev=1c9e8c712bc945388cb1491bdbea28ea&hash=362B59675FBD4747FE2A15D0BFF4F1AF,2016-02-11,pdfs/44/palmerc_44p.pdf,8950e06eb33ed21792f14f7771d0ee43d18181bc27233ab54fda84cd0ae01738,25,
house,44,Melissa Parke,Fremantle,https://static.aph.gov.au/-/media/03_Senators_and_Members/32_Members/Register/44p/PS/ParkeM_44P.pdf?rev=6aac78dbb2874783bed7b804a9f8c866&hash=6B23CDB068CE88D509C11DC01B7C7D8D,2015-11-10,pdfs/44/parkem_44p.pdf,e7f8c5fc556131ce790b65b326693cd4010526388af86dd513f5e89459d89003,14,
house,44,Tony Pasin,Barker,https://static.aph.gov.au/-/media/03_Senators_and_Members/32_Members/Register/44p/PS/PasinT_44P.pdf?rev=1424879276fe4dca9e69d3f34129cd58&hash=9BC2C6865E5081CBF5A50EED6D6EBBAB,2016-03-15,pdfs/44/pasint_44p.pdf,e9d1d7f5083c11188fdaa2f43da38a1bdfcc0cee814dc3145feaf113cac36996,13,
house,44,Graham Perrett,Moreton,https://static.aph.gov.au/-/media/03_Senators_and_Members/32_Members/Register/44p/PS/PerrettG_44P.pdf?rev=f53103588ea747d5b1f29ac55b140d53&hash=DE2CBC85C8C64EAF5179D29C61E1EEF6,2016-03-15,pdfs/44/perrettg_44p.pdf,30b206a8017d69660421082872e173f83b623393e73b298a1b5b85b2c8def258,12,
house,44,Keith Pitt,Hinkler,https://static.aph.gov.au/-/media/03_Senators_and_Members/32_Members/Register/44p/PS/PittK_44P.pdf?rev=0c497b4cefe048deac2b1eb00a91cc21&hash=2D74788402A39E4E43235AD3945BA088,2015-12-01,pdfs/44/pittk_44p.pdf,bc2fd8af9436c1c9522f93ebe2a7e4be6ee817c9b336ed0ef7eabf9cfdcca419,15,
house,44,Tanya Plibersek,Sydney,https://static.aph.gov.au/-/media/03_Senators_and_Members/32_Members/Register/44p/PS/PlibersekT_44P.pdf?rev=049f592a567040f2a725af07bb2526f5&hash=09616BF55336AC543ECBA57212C6A4C5,2016-04-04,pdfs/44/plibersekt_44p.pdf,96ca28f31205d43cbf77aa229767d3cef017adfea9250893b7112d4a84ce501b,21,
house,44,Christian Porter,Pearce,https://static.aph.gov.au/-/media/03_Senators_and_Members/32_Members/Register/44p/PS/PorterC_44P.pdf?rev=1bb1895a6ec743fda252ca18649eec1c&hash=605FBEFEB84C09FF7B3C72E918018D6A,2016-02-24,pdfs/44/porterc_44p.pdf,824b32f3356484d3fdc3e65bfd44cd0c52fd7d837d264c27cb0fa768dcc2c749,20,
house,44,Jane Prentice,Ryan,https://static.aph.gov.au/-/media/03_Senators_and_Members/32_Members/Register/44p/PS/PrenticeJ_44P.pdf?rev=d71c2a06d0974140be9d6db548408c81&hash=B5DF6DA366C26675F10D5DB6D95369DB,2014-11-05,pdfs/44/prenticej_44p.pdf,939bfeb4e05a0c6c41dddc60fbdca2165461a2b1d8e76f6ec2d83870094fafe1,16,
house,44,Melissa Price,Durack,https://static.aph.gov.au/-/media/03_Senators_and_Members/32_Members/Register/44p/PS/PriceM_44P.pdf?rev=3ccad872ea35464693a490ae38d0cea9&hash=F8EC181DDBF58447646D5A8FA46E412F,2015-09-15,pdfs/44/pricem_44p.pdf,15595bbfce2740bcbe46b1688289cd7a9c6adb733997d89c83368a72cbd9858e,11,
house,44,Christopher Pyne,Sturt,https://static.aph.gov.au/-/media/03_Senators_and_Members/32_Members/Register/44p/PS/PyneC_44P.pdf?rev=f44a84b9d07c4b09b8e70cf43f59e25b&hash=B6F8E6BF8BF71D52068C2BCFD1CF1FDC,2016-03-03,pdfs/44/pynec_44p.pdf,509d22ae0eb2d8b6bb899bb097af4a2dc190dfe1b2b768e1cdad9c3141981a49,22,
house,44,Rowan Ramsey,Grey,https://static.aph.gov.au/-/media/03_Senators_and_Members/32_Members/Register/44p/PS/RamseyR_44P.pdf?rev=bea0a4cd02d541159170721c74a09ead&hash=6FC376723056B80593F0974963B0856C,2015-12-14,pdfs/44/ramseyr_44p.pdf,2333c37420272f6b950528f94f30716e02cf4e02f596cca4ebd721231de667c4,12,
house,44,Don Randall,Canning,https://static.aph.gov.au/-/media/03_Senators_and_Members/32_Members/Register/44p/PS/RandallD_44P.pdf?rev=45308038e0344fe7af96b409151533c4&hash=90AADFC82C8C3B97B74A39C7A28B9491,2014-07-01,pdfs/44/randalld_44p.pdf,337d87b7aea5acca05c61e8ead31716fd78be9f46aa630ccf30662eb97ccd515,9,
house,44,Bernie Ripoll,Oxley,https://static.aph.gov.au/-/media/03_Senators_and_Members/32_Members/Register/44p/PS/RipollB_44P.pdf?rev=b2b58919b5da430e977b5c3650f02696&hash=C1627706126B612F1B1A466E83D92D89,2016-02-10,pdfs/44/ripollb_44p.pdf,bba2888635aa1a23c9ccd5ff21836b5f70105912081f0479d340d9b1406eebec,26,
house,44,Amanda Rishworth,Kingston,https://static.aph.gov.au/-/media/03_Senators_and_Members/32_Members/Register/44p/PS/RishworthA_44P.pdf?rev=db933d53f8144ec2b44f4bdeddb81514&hash=91A970F5A06E38A5A18283AF631A1B51,2016-12-07,pdfs/44/rishwortha_44p.pdf,c0bdeb05264b4d57ed8854b64da599bed96f3bc6c6bc8811fffc4bfabb488564,21,
house,44,Andrew Robb,Goldstein,https://static.aph.gov.au/-/media/03_Senators_and_Members/32_Members/Register/44p/PS/RobbA_44P.pdf?rev=ed4873a9a68c45b5ab61fa828f75a3a8&hash=3A7BB3E45878BAC708BD7740AD4E58E8,2016-03-10,pdfs/44/robba_44p.pdf,66e9372e3f9859588835e580014d2c058b0aa75f2582eae8497fdf387e496da1,38,
house,44,Stuart Robert,Fadden,https://static.aph.gov.au/-/media/03_Senators_and_Members/32_Members/Register/44p/PS/RobertS_44P.pdf?rev=8e0bd0d039044982bba0303859f6c4c3&hash=42AC7CD67E50863F0D660280A2F627A2,2016-04-06,pdfs/44/roberts_44p.pdf,e73e2b237cf0706dccdf9d76fb8cb9e5fcaae0c7f027ba01b4f33d850fa59457,17,
house,44,Michelle Rowland,Greenway,https://static.aph.gov.au/-/media/03_Senators_and_Members/32_Members/Register/44p/PS/RowlandM_44P.pdf?rev=151442673d3344f3b358df3c10b5cc62&hash=43E1B92A476860A363C23245CC7315E2,2016-02-05,pdfs/44/rowlandm_44p.pdf,7e81488b55b1860a9ecde35e48ac3639766ad33fb7cd0897dd78a3269e419085,23,
house,44,Wyatt Roy,Longman,https://static.aph.gov.au/-/media/03_Senators_and_Members/32_Members/Register/44p/PS/RoyW_44P.pdf?rev=0b6e2f4724bf4f6582dca0f5c6be4e04&hash=C5D9BBDC5F761A814179E74661E52B73,2016-01-04,pdfs/44/royw_44p.pdf,652c77409ca6cc02c97ad2c4a28fb4c97359339e5c70d451160ad6cc1dbf8fad,16,
house,44,Philip Ruddock,Berowra,https://static.aph.gov.au/-/media/03_Senators_and_Members/32_Members/Register/44p/PS/RuddockP_44P.pdf?rev=070e911f713247f5a713045a25707fea&hash=D8895BA8CE3705EFA0E9C27751DD8281,2015-03-13,pdfs/44/ruddockp_44p.pdf,24d316dc62fa4e2bab853c22d28e7fbe1b0c27510de64235663de5d481b0a4ae,13,
house,44,Joanne Ryan,Lalor,https://static.aph.gov.au/-/media/03_Senators_and_Members/32_Members/Register/44p/PS/RyanJ_44P.pdf?rev=ac9734e421db4ee9a26482ec60f82c0f&hash=1E9B0E5C9CDF8D0824DEE2DF90808DA3,2015-11-23,pdfs/44/ryanj_44p.pdf,b517ceae56956f49adf565b9bf4f9f3d766dc083b5af4cc9866ec594165086bd,17,
house,44,Bruce Scott,Maranoa,https://static.aph.gov.au/-/media/03_Senators_and_Members/32_Members/Register/44p/PS/ScottBruce_44P.pdf?rev=fcb7a0f03ff049e580a821c82930ef3f&hash=E5713CAC8120203A1D7DA311A06F457B,2014-11-04,pdfs/44/scottbruce_44p.pdf,2f929cc1fd3b8d7b40f517cf69a5f1841734fc456c24859859150337a4ec2f96,10,
house,44,Fiona Scott,Lindsay,https://static.aph.gov.au/-/media/03_Senators_and_Members/32_Members/Register/44p/PS/ScottFiona_44P.pdf?rev=67ff4ff22ae94de1b13c1c3a21470ca0&hash=96D3CE98C91778213089E8C8AFA99175,2016-04-04,pdfs/44/scottfiona_44p.pdf,5842327cda650cff506e7576bdfa66c04abbf0eeb1b687b1c6a059b89ab41541,25,
house,44,Bill Shorten,Maribyrnong,https://static.aph.gov.au/-/media/03_Senators_and_Members/32_Members/Register/44p/PS/ShortenB_44P.pdf?rev=5f81ca77baa34ee399a440f5eec6a52c&hash=71B88C045F476A56568A79BA0C8F5DEB,2016-02-23,pdfs/44/shortenb_44p.pdf,8f9349339525ecbfe55bced5dec533bde510cf616e420e628a28de1fff25eb9d,30,
house,44,Luke Simpkins,Cowan,https://static.aph.gov.au/-/media/03_Senators_and_Members/32_Members/Register/44p/PS/SimpkinsL_44P.pdf?rev=21c1d10972014c03a7920022e987f322&hash=C7B9ED37C635764591394C3C76E423BE,2016-03-15,pdfs/44/simpkinsl_44p.pdf,f5cf5dd521f744f964d8fd98529c7cd2277215e6a35634c6b025762cb387e3cc,13,
house,44,Tony Smith,Casey,https://static.aph.gov.au/-/media/03_Senators_and_Members/32_Members/Register/44p/PS/SmithT_44P.pdf?rev=54ed0f0ab3564a5fb4c0750538952f9d&hash=27B63A510861E31ABA8628C783D83758,2016-04-07,pdfs/44/smitht_44p.pdf,f784406839ee509bbf5b2d07ef295f675b7534f0b5921c5baf9b5bbd60f80de7,19,
house,44,Warren Snowdon,Lingiari,https://static.aph.gov.au/-/media/03_Senators_and_Members/32_Members/Register/44p/PS/SnowdonW_44P.pdf?rev=806b10eea7594671b51ddff93a4b69bc&hash=3C9D004062FD4AF8E34230A0F89F5A46,2016-03-01,pdfs/44/snowdonw_44p.pdf,a4b30586c5f33adcf9e4b266d8338f27bb1ae90fb124dbdd04a99e98eb056e10,18,
house,44,Andrew Southcott,Boothby,https://static.aph.gov.au/-/media/03_Senators_and_Members/32_Members/Register/44p/PS/SouthcottA_44P.pdf?rev=85c33d92d9514b838b5874b81eb824e4&hash=9ACF4D147DA4132F36C4DBCC0F502380,2015-12-04,pdfs/44/southcotta_44p.pdf,da27a04beb603cdc8ccd66f1e8dd4effc9da8a3ece9886fc9de285840bc40039,21,
house,44,Sharman Stone,Murray,https://static.aph.gov.au/-/media/03_Senators_and_Members/32_Members/Register/44p/PS/StoneS_44P.pdf?rev=f7d9936f1e084b8e850ccb6eb71d18b6&hash=7EF89C4D69F94A717150CFF35D7DAB31,2016-05-04,pdfs/44/stones_44p.pdf,5a5cd6d66317cdf5eb9a7f33b01b21646b569e2e35a82b1e7b6497516abcd608,17,
house,44,Ann Sudmalis,Gilmore,https://static.aph.gov.au/-/media/03_Senators_and_Members/32_Members/Register/44p/PS/SudmalisA_44P.pdf?rev=06135487f0274e18be89d9253d135cff&hash=8066C941F8DF9A2D54EAE1A1426FC4B9,2015-03-18,pdfs/44/sudmalisa_44p.pdf,8925b0ef8bfa7aee69ed5f4c5c2b7a390c5b18e239de27945b928f9376001839,12,
house,44,Michael Sukkar,Deakin,https://static.aph.gov.au/-/media/03_Senators_and_Members/32_Members/Register/44p/PS/SukkarM_44P.pdf?rev=ca03813c20644217b38350c593abdb03&hash=A6F1855D85C1FD384B011D2AFF3C00BE,2015-06-23,pdfs/44/sukkarm_44p.pdf,3f2637d71ccac24368bb64d80db5f540935e53909cadd5725ce7d1ba726c74ce,12,
house,44,Wayne Swan,Lilley,https://static.aph.gov.au/-/media/03_Senators_and_Members/32_Members/Register/44p/PS/SwanW_44P.pdf?rev=2dc3866b2a9f42079d1ca7d444cca258&hash=4CF9674CCE238E1A86F5581775992B97,2016-04-18,pdfs/44/swanw_44p.pdf,69a1f1bff7a343e6236db43dfdefd15ecfe828d9b69855a96bb12a4ad2ec9c1b,28,
house,44,Angus Taylor,Hume,https://static.aph.gov.au/-/media/03_Senators_and_Members/32_Members/Register/44p/TZ/TaylorA_44P.pdf?rev=fbcca100d52644f8a8329debf8dca2ef&hash=2CBE79EDF237AE39EA0CDD6CC346FF93,2016-04-07,pdfs/44/taylora_44p.pdf,00408759bb12b6e7b72777919f02b8511f8528adaea384606203c54ce1b4e3ac,16,
house,44,Dan Tehan,Wannon,https://static.aph.gov.au/-/media/03_Senators_and_Members/32_Members/Register/44p/TZ/TehanD_44P.pdf?rev=a0486f7fb4fc471da5cc9f0507b74c89&hash=7D792676CB98E610940D8319263B5D48,2016-04-08,pdfs/44/tehand_44p.pdf,5e1a8b69d309444e114128572ca2c0e41b0166c45eeffb7a23d4345be5a6e81c,28,
house,44,Matt Thistlethwaite,Kingsford Smith,https://static.aph.gov.au/-/media/03_Senators_and_Members/32_Members/Register/44p/TZ/ThistlethwaiteM_44P.pdf?rev=809d670e6dbb4a73aa5c2a2cfe88a270&hash=1A3BCB9CA29808F3D4655801F172A08B,2016-03-10,pdfs/44/thistlethwaitem_44p.pdf,7c984878b3ec04d9a801b594c6f56957447433fd7c0ab9a4365ffbe8547b0e9f,31,
house,44,Kelvin Thomson,Wills,https://static.aph.gov.au/-/media/03_Senators_and_Members/32_Members/Register/44p/TZ/ThomsonK_44P.pdf?rev=22e8a663ee4246d2bb1d1e791e4643cc&hash=633E7B376B959F2918411BCC5C5178F6,2015-02-23,pdfs/44/thomsonk_44p.pdf,dc23748e2131f668718636c38b75c7bb26d5f5e14437cf62f46547bc45f95c78,8,
house,44,Warren Truss,Wide Bay,https://static.aph.gov.au/-/media/03_Senators_and_Members/32_Members/Register/44p/TZ/TrussW_44P.pdf?rev=26b487538c5547959110e5b5a74eeadb&hash=6D67EBBE5BC5BBDCEE37ED6E72BE4820,2016-02-08,pdfs/44/trussw_44p.pdf,ada8080f407e9e3660079fdfe73bdf3acf4501ca7f75a909677701c73b853be7,15,
house,44,Alan Tudge,Aston,https://static.aph.gov.au/-/media/03_Senators_and_Members/32_Members/Register/44p/TZ/TudgeA_44P.pdf?rev=590a2fecece04a919c09171d210d428b&hash=981DB7DBD5188EBD7B897EEF339F8D6F,2016-02-11,pdfs/44/tudgea_44p.pdf,5869f09f653577b301b4cfefd8530c88c78c937721cf02a5df235460ea3ce83f,25,
house,44,Malcolm Turnbull,Wentworth,https://static.aph.gov.au/-/media/03_Senators_and_Members/32_Members/Register/44p/TZ/TurnbullM_44P.pdf?rev=e8ba23f5a89f4f728dc2f471c4280e0a&hash=6298C5153B97B19B9F64E7C4B99EDEE2,2016-04-04,pdfs/44/turnbullm_44p.pdf,1f917c4f477aced545d858888e98e2670c2f052eda1df23c29997e4f4572dffa,38,
house,44,Maria Vamvakinou,Calwell,https://static.aph.gov.au/-/media/03_Senators_and_Members/32_Members/Register/44p/TZ/VamvakinouM_44P.pdf?rev=d6c884ed967842d886e45aa24d4119b4&hash=8D161133F16677DA01C4B716A55D2068,2015-08-20,pdfs/44/vamvakinoum_44p.pdf,0a384188eeb07a1b0ac1b5bb0bda8c6aea79f0163fc0b22c33bf9c28bf095e7d,11,
house,44,Bert van Manen,Forde,https://static.aph.gov.au/-/media/03_Senators_and_Members/32_Members/Register/44p/TZ/VanManenB_44P.pdf?rev=cac65f8c33e14a828757a8e4759c5983&hash=BADA4C5919748C194F5EF3B44B784094,2016-03-18,pdfs/44/vanmanenb_44p.pdf,f99dabeb146aa4d2472f99894f3dac8cabed7ded12b6b55d73f699afd64f9e68,15,
house,44,Nickolas Varvaris,Barton,https://static.aph.gov.au/-/media/03_Senators_and_Members/32_Members/Register/44p/TZ/VarvarisN_44P.pdf?rev=c71b0a0c3aa5400e93ade640f22a725e&hash=35C9F6B4568CDE9279ED2FC3E9806655,2014-12-01,pdfs/44/varvarisn_44p.pdf,bc2175af02a967854cc0351fc5e5d4aabfae4f193a18470bcb75bd5fba91b851,12,
house,44,Ross Vasta,Bonner,https://static.aph.gov.au/-/media/03_Senators_and_Members/32_Members/Register/44p/TZ/VastaR_44P.pdf?rev=753c28a852d44a05b08ee34666d73654&hash=98347146E1FF649E09D1882FCD414F9F,2014-03-19,pdfs/44/vastar_44p.pdf,87b4688e4a13043532aa992aaa3e7c29ce04e9d88dda9cad9137582a11b78e4f,9,
house,44,Tim Watts,Gellibrand,https://static.aph.gov.au/-/media/03_Senators_and_Members/32_Members/Register/44p/TZ/WattsT_44P.pdf?rev=32b89974c57d4f8bba89e5306a83f642&hash=ADBCD6A0A7AA68DAF98EC922D19E024C,2016-02-10,pdfs/44/wattst_44p.pdf,b36e293b803faf3ccc57992380a02cff9e352b21c4934666e9e7dab6c8b3f7ba,16,
house,44,Brett Whiteley,Braddon,https://static.aph.gov.au/-/media/03_Senators_and_Members/32_Members/Register/44p/TZ/WhiteleyB_44P.pdf?rev=f172b5e829f04cbd87e3967901ce23ba&hash=04FE08A0F6A54EC6F936E79EED21D44C,2015-10-26,pdfs/44/whiteleyb_44p.pdf,c27cee900d7c7172137109647863cff34e64cf32f8db6d39d7197a7363e33d7a,9,
house,44,Lucy Wicks,Robertson,https://static.aph.gov.au/-/media/03_Senators_and_Members/32_Members/Register/44p/TZ/WicksL_44P.pdf?rev=9ec3c1a5d6c141629c66e414492eb238&hash=A55FF11439227C4C9C7F6621A3DF8421,2016-04-01,pdfs/44/wicksl_44p.pdf,db3fc3d97a15b41c31ba5fd0d8faec8306a1aa120c253d9c16f8210b68ef588d,27,
house,44,Andrew Wilkie,Denison,https://static.aph.gov.au/-/media/03_Senators_and_Members/32_Members/Register/44p/TZ/WilkieA_44P.pdf?rev=496e2d75b5df40b4b208b24cf57d151b&hash=F6F83223A6D6F88D5F581F2381CAA826,2016-03-01,pdfs/44/wilkiea_44p.pdf,94aec233d362c488f6c14f6a4683937da23d6c67c6c1d087ee9721b7852d8e7e,16,
house,44,Matt Williams,Hindmarsh,https://static.aph.gov.au/-/media/03_Senators_and_Members/32_Members/Register/44p/TZ/WilliamsM_44P.pdf?rev=89dfbdbe2fe146f5a7316d8ac3679cc7&hash=224CA9CECB82449F7583CDBE6EDB0798,2015-10-01,pdfs/44/williamsm_44p.pdf,3fdbb9ba074aa11dc64289eb23464fc65e4d37759779332681ab6c4be04c9a8d,26,
house,44,Rick Wilson,O'Connor,https://static.aph.gov.au/-/media/03_Senators_and_Members/32_Members/Register/44p/TZ/WilsonR_44P.pdf?rev=7f6ecb43b2674a6f86b0ed0965b5b2c5&hash=63D1F937397D6A056C962B30FE33763F,2016-02-24,pdfs/44/wilsonr_44p.pdf,e839709fc6e9ab238cd317d1659f2d42091a078b9b7185c5b6c4b056f6296605,17,
house,44,Jason Wood,La Trobe,https://static.aph.gov.au/-/media/03_Senators_and_Members/32_Members/Register/44p/TZ/WoodJ_44P.pdf?rev=39e3dd96c2954d6f8e7586c660b48182&hash=C4C1481EE596D2D4253058F070E71746,2015-11-25,pdfs/44/woodj_44p.pdf,4e2e75370950f9641b43894ef4cf7aa46fb2ca02d6bfee78921a64a3a1c70c41,10,
house,44,Ken Wyatt,Hasluck,https://static.aph.gov.au/-/media/03_Senators_and_Members/32_Members/Register/44p/TZ/WyattK_44P.pdf?rev=d24b8aef0118489dbdd3f41809f5fc99&hash=FBDC090411FB9E62D42EDF597DF29E32,2016-05-06,pdfs/44/wyattk_44p.pdf,e015cfff280f97f17f407ab6d05dcbb5c5ff58ee4133eee2ba1f6c4245fcbd2a,18,
house,44,Tony Zappia,Makin,https://static.aph.gov.au/-/media/03_Senators_and_Members/32_Members/Register/44p/TZ/ZappiaT_44P.pdf?rev=45f3250709d54b798429fbd198947024&hash=77DC34CA9C8FAE4A27C87002780EF5DC,2015-07-28,pdfs/44/zappiat_44p.pdf,868a5b27961c6b4446571c4f3221aafc33efa05b319f606a1092c93be83bad3f,13,
house,44,Trent Zimmerman,North Sydney,https://static.aph.gov.au/-/media/03_Senators_and_Members/32_Members/Register/44p/TZ/ZimmermanT_44P.pdf?rev=c037bfb775dc4213b0ecb5cadf03b1d9&hash=BC81EFF0C3944BD887AD35CAB0130B38,2016-03-01,pdfs/44/zimmermant_44p.pdf,7416949644ba0820337ae83197034adc15e1dfa4771b54b7443522c8a1d17df4,7,
house,45,Tony Abbott,Warringah,https://static.aph.gov.au/-/media/03_Senators_and_Members/32_Members/Register/45p/AB/AbbottT_45P.pdf?rev=dd14714c12d94a13991c4d22024c394c&hash=A9755093263C0CF9C93732A74205C5A8,2019-03-13,pdfs/45/abbottt_45p.pdf,2d1ac8a71fb7978418c14cf4e527b159aca788889dd38a8f70f16222ded89177,38,
house,45,Anthony Albanese,Grayndler,https://static.aph.gov.au/-/media/03_Senators_and_Members/32_Members/Register/45p/AB/AlbaneseA_45P.pdf?rev=6086fc46bfac4712912ebc0e75872469&hash=98314EBBC1506D60E2A972F89FE8589F,2019-03-28,pdfs/45/albanesea_45p.pdf,d08c218ecf5f8c107ce682996030123ac603092f9630807a0498f4fba753a00e,47,
house,45,John Alexander,Bennelong,https://static.aph.gov.au/-/media/03_Senators_and_Members/32_Members/Register/45p/AB/AlexanderJ_45P.pdf?rev=e15be57297774864bec68767ff0e4c29&hash=744E3798E09337294D952CD774919FD5,2017-06-20,pdfs/45/alexanderj_45p.pdf,b8af93f049604889dcbc0845f95afbaca7be9919d0d3ce3b18edc679c5c4c63c,10,
house,45,John Alexander,Bennelong,https://static.aph.gov.au/-/media/03_Senators_and_Members/32_Members/Register/45p/AB/AlexanderJ_45P_2.pdf?rev=352b1c92b2df4b0087298ee20996bb87&hash=A08E7B0E4FBD4064F5B75C1F4C43B430,2019-02-19,pdfs/45/alexanderj_45p_2.pdf,fa375e7e7127d8dc4f4fdba98f4e5c969fae19fccf22accbeb568817f59d161b,10,
house,45,Anne Aly,Cowan,https://static.aph.gov.au/-/media/03_Senators_and_Members/32_Members/Register/45p/AB/AlyA_45P.pdf?rev=f20236a31ee74a41a2ce1b9b4ecaffd9&hash=1A60DA6828C739F39D9BB9F8348B7D34,2019-04-08,pdfs/45/alya_45p.pdf,44b737737af9eadf66cdb1e4d9dd034aedc2fa3c6a03baf412edf367bfcfdd34,31,
house,45,Karen Andrews,McPherson,https://static.aph.gov.au/-/media/03_Senators_and_Members/32_Members/Register/45p/AB/AndrewsKaren_45P.pdf?rev=f337c3c0c152481ca962a042499ef9d0&hash=6DDE8C138CD9F143E677AB63442E129E,2019-04-04,pdfs/45/andrewskaren_45p.pdf,1aa4bc87f57d0782ace91b39171555ff99cfbae42067ee6141d9f99cc36d9d89,22,
house,45,Kevin Andrews,Menzies,https://static.aph.gov.au/-/media/03_Senators_and_Members/32_Members/Register/45p/AB/AndrewsKevin_45P.pdf?rev=e24dfd34baeb42bcb3824722515fc832&hash=92005BDBB1D2794BC7A4667D5C98FA47,2018-06-21,pdfs/45/andrewskevin_45p.pdf,1e74faff40394d0778d51dde12afb40aa6a3e7540612abda0e5d70dce6499c78,14,
house,45,Adam Bandt,Melbourne,https://static.aph.gov.au/-/media/03_Senators_and_Members/32_Members/Register/45p/AB/BandtA_45P.pdf?rev=19a3d99eb47740eaad81c24cdc487e18&hash=4A6F65373108E1549AF27E2F89E02321,2019-02-19,pdfs/45/bandta_45p.pdf,568e42bb973c3961c24a7a412143941dfeea614811a9bb008fde124b961a4738,14,
house,45,Julia Banks,Chisholm,https://static.aph.gov.au/-/media/03_Senators_and_Members/32_Members/Register/45p/AB/BanksJ_45P.pdf?rev=5cf5720729c7461a9b4c34edb8f1ff96&hash=9BFF6D7FA326DDE39196D9F9E3AA8109,2019-03-27,pdfs/45/banksj_45p.pdf,4925571dc014d8c337ad1c41c897d6895ecfd72eebdb61201a78975ebeded413,14,
house,45,Sharon Bird,Cunningham,https://static.aph.gov.au/-/media/03_Senators_and_Members/32_Members/Register/45p/AB/BirdS_45P.pdf?rev=b268b6614dc9496f8911e8054c547a34&hash=15602BCAFD320AF90DA134A22CED1A02,2018-03-28,pdfs/45/birds_45p.pdf,7d1a4ed01edd679c4fddf05d33f742d39c407a9b34d1bce4a53a01c1f7689cdd,12,
house,45,Julie Bishop,Curtin,https://static.aph.gov.au/-/media/03_Senators_and_Members/32_Members/Register/45p/AB/BishopJ_45P.pdf?rev=884c5117583d49349c22ce08f4340271&hash=FB9CB31D762C4FE6D9211F1AB915AE0E,2019-04-01,pdfs/45/bishopj_45p.pdf,db4546894157c57c9a2711672755c28ec4c0bd0ba9686fe8e51081d3d2a6483a,53,
house,45,Chris Bowen,McMahon,https://static.aph.gov.au/-/media/03_Senators_and_Members/32_Members/Register/45p/AB/BowenC_45P.pdf?rev=4d3efcce84584ba4a283dc821b40e762&hash=401503D62953AF1AA4B3155516DB771F,2018-11-29,pdfs/45/bowenc_45p.pdf,df03d9d4a6a708fccf561a17adfd070b23d8d51562808eea9e9367a8b6f0bb88,23,
house,45,Andrew Broad,Mallee,https://static.aph.gov.au/-/media/03_Senators_and_Members/32_Members/Register/45p/AB/BroadA_45P.pdf?rev=7cd641f49fd2405eaba1e540d76194c3&hash=76FEC8270103EBDB325C380D2D79F355,2019-04-02,pdfs/45/broada_45p.pdf,51f4dc7e12069a9090c63f94cc5adf01873403c1c2f007cca522ac5a68ecca18,11,
house,45,Russell Broadbent,Monash,https://static.aph.gov.au/-/media/03_Senators_and_Members/32_Members/Register/45p/AB/BroadbentR_45P.pdf?rev=2e224d07e34146798acd400b226335eb&hash=71AD2C536795EB03798B8BDE0ED7E48D,2018-06-27,pdfs/45/broadbentr_45p.pdf,b9ddd4cfe977969ba36e9d2deab1a63408633aac56508e53aa4ba4bad38ffa9f,11,
house,45,Gai Brodtmann,Canberra,https://static.aph.gov.au/-/media/03_Senators_and_Members/32_Members/Register/45p/AB/BrodtmannG_45P.pdf?rev=153a251e1e114858988d8b3b764bfc42&hash=7EDF1A42B3F318F88E4DFD151AE9F726,2019-04-02,pdfs/45/brodtmanng_45p.pdf,0dc72f4e441137995a9a6e15ea9966f3ca11983e15b40311dbc86523aba3216e,20,
house,45,Scott Buchholz,Wright,https://static.aph.gov.au/-/media/03_Senators_and_Members/32_Members/Register/45p/AB/BuchholzS_45P.pdf?rev=04f221714d914e8ca81049a9ddb1c099&hash=1A075C4D07253D1ED10BEFC17A21E589,2018-11-15,pdfs/45/buchholzs_45p.pdf,7a5968a0647e1fbfc92263b07ad3f1f8e4cf504d96ddb3a9b6b11924779b60ba,17,
house,45,Tony Burke,Watson,https://static.aph.gov.au/-/media/03_Senators_and_Members/32_Members/Register/45p/AB/BurkeT_45P.pdf?rev=12256417e7594928910b806f4b28699b&hash=D02FD2EB14C0E624BED1A056B3067F55,2018-07-02,pdfs/45/burket_45p.pdf,3c98ea4c4f43d092c9826bc5b7ba96db15757eddc26837b35932c4f75f6df338,19,
house,45,Linda Burney,Barton,https://static.aph.gov.au/-/media/03_Senators_and_Members/32_Members/Register/45p/AB/BurneyL_45P.pdf?rev=1e279a0c158d49ad8d52b1a45190582d&hash=1AAD195B364B25818A6E5CC4332AF4A8,2019-04-01,pdfs/45/burneyl_45p.pdf,ef1cf6402856168a516315d25f4300964a237c6945130ae4481560af3137b6fa,24,
house,45,Mark Butler,Port Adelaide,https://static.aph.gov.au/-/media/03_Senators_and_Members/32_Members/Register/45p/AB/ButlerM_45P.pdf?rev=54c73379e89d4f85b800bbc7852cd394&hash=B12EE56ACCC5E16E75044724AD39402D,2019-03-12,pdfs/45/butlerm_45p.pdf,d79e284c6b43b8e2f244b4f122e9d159c4738215de3e7530bf036c0a8d407f1e,18,
house,45,Terri Butler,Griffith,https://static.aph.gov.au/-/media/03_Senators_and_Members/32_Members/Register/45p/AB/ButlerT_45P.pdf?rev=83a4a1bbc06e481481498a0d62a73ebc&hash=CBC8508EE3373BD271E1C2FA006942CB,2019-04-08,pdfs/45/butlert_45p.pdf,15904356b298b4b16518a98ac05467f5ff2634245dec5fb4283141970f547f62,25,
house,45,Anthony Byrne,Holt,https://static.aph.gov.au/-/media/03_Senators_and_Members/32_Members/Register/45p/AB/ByrneA_45P.pdf?rev=0597dc2be71b41c89b160ff629893259&hash=5E2DAD72E3915440C163D6DE7F77874F,2018-08-22,pdfs/45/byrnea_45p.pdf,fa583c00770f9d2236fa11b93acc75c739fbefa6dd2a1f81101a24e3b40060b5,9,
house,45,Jim Chalmers,Rankin,https://static.aph.gov.au/-/media/03_Senators_and_Members/32_Members/Register/45p/CF/ChalmersJ_45P.pdf?rev=f814ad5215fa449fbda7fc8b74b8dcd8&hash=2F83A40118864C59D1796CD87F99CE3C,2019-04-10,pdfs/45/chalmersj_45p.pdf,9b7a3fcfec7c210544926466deeba3aa1a830be720971b78a6e0ed07df209009,41,
house,45,Nick Champion,Wakefield,https://static.aph.gov.au/-/media/03_Senators_and_Members/32_Members/Register/45p/CF/ChampionN_45P.pdf?rev=bf718cfaf94640a7b6df49de426d4de2&hash=10262C4FEA6DDDB74CC24E56B485632E,2019-02-21,pdfs/45/championn_45p.pdf,35410eb2a359817e6965f273f7f0b9e86064aa6adc3cb37b0f129fbd76024c27,14,
house,45,Darren Chester,Gippsland,https://static.aph.gov.au/-/media/03_Senators_and_Members/32_Members/Register/45p/CF/ChesterD_45P.pdf?rev=0a9cff3b57c945789fdbcee13a2d18e5&hash=50148A8E804FB3D44DCB07A455255912,2019-03-30,pdfs/45/chesterd_45p.pdf,a1357e9054a5f468927e26d0b7605a102eaf917b518d1679c92e1fcfb9115dff,23,
house,45,Lisa Chesters,Bendigo,https://static.aph.gov.au/-/media/03_Senators_and_Members/32_Members/Register/45p/CF/ChestersL_45P.pdf?rev=454b5fb7493e49488877ca29e1e08aac&hash=2BCE77353266287016B3B128476FE4E5,2019-03-13,pdfs/45/chestersl_45p.pdf,add9749babf874ff112ad52917f22a94c1ec70f0a22a8c19b1d1b5427b45d083,19,
house,45,George Christensen,Dawson,https://static.aph.gov.au/-/media/03_Senators_and_Members/32_Members/Register/45p/CF/ChristensenG_45P.pdf?rev=c31b35a27836424b863341a5dc4972e3&hash=7E68963D835941DB76D51A23E97FB38E,2018-10-09,pdfs/45/christenseng_45p.pdf,4a593fa80f83f4308178dcc16877af91b62f0de7764548f799854c8c36c04598,16,
house,45,Steven Ciobo,Moncrieff,https://static.aph.gov.au/-/media/03_Senators_and_Members/32_Members/Register/45p/CF/CioboS_45P.pdf?rev=678afd2a0c674915bcabe910646a7b1a&hash=A5CED3F32B6EA8A5E2DFE6F868CE0666,2018-12-19,pdfs/45/ciobos_45p.pdf,d0426cc9c08870000c43784f12e79948e94e01a7d670d9309bb3033c46fa7d7a,16,
house,45,Jason Clare,Blaxland,https://static.aph.gov.au/-/media/03_Senators_and_Members/32_Members/Register/45p/CF/ClareJ_45P.pdf?rev=e3386108bf1b40c59fad7d0bf8f9e862&hash=616F34E0FE965276EC4A5C6ABC6FBC6A,2019-03-22,pdfs/45/clarej_45p.pdf,fa29f5182c6ee30385e58b106d0828b74892affca99e64810cefdd413448f46b,47,
house,45,Sharon Claydon,Newcastle,https://static.aph.gov.au/-/media/03_Senators_and_Members/32_Members/Register/45p/CF/ClaydonS_45P.pdf?rev=5b14e9b391454c4f9de9940a0434c5b5&hash=706A0A2DD125CED5BECC6FC0455A74FE,2018-12-14,pdfs/45/claydons_45p.pdf,accd90d93c9fe520cf7dc691c901e9881012f581ba4ad809bd1a101d5a05af63,14,
house,45,David Coleman,Banks,https://static.aph.gov.au/-/media/03_Senators_and_Members/32_Members/Register/45p/CF/ColemanD_45P.pdf?rev=beb6eb885e90498190dca460cf8e9a32&hash=DC56D2FE8772D7BABD904F55523E6AF0,2019-04-04,pdfs/45/colemand_45p.pdf,5411c9185e7df570f471e95b24421f3fd47bfde5e260cdad104f2fd1a6a132e8,31,
house,45,Julie Collins,Franklin,https://static.aph.gov.au/-/media/03_Senators_and_Members/32_Members/Register/45p/CF/CollinsJ_45P.pdf?rev=6803f240d3ea4939997691efa487269e&hash=87F7D190E9E44C385808A758C49546AA,2019-02-05,pdfs/45/collinsj_45p.pdf,831c9765f6646eeb4e5689dba9f85d186e845ed9965747cda2e0d8f39f7867db,9,
house,45,Pat Conroy,Shortland,https://static.aph.gov.au/-/media/03_Senators_and_Members/32_Members/Register/45p/CF/ConroyP_45P.pdf?rev=af4128479e9741dfbd9be5e1fa401dcc&hash=994015E91E9C464CA493925EEBA76296,2018-10-09,pdfs/45/conroyp_45p.pdf,cbd81eec98b57290e35f17c7f7a698cd9279395edd41bed3024c73200d2ca03d,11,
house,45,Mark Coulton,Parkes,https://static.aph.gov.au/-/media/03_Senators_and_Members/32_Members/Register/45p/CF/CoultonM_45P.pdf?rev=e2ba8bc0c3ed4861b7dec2a8d6b49463&hash=47CEA8C9F86B12106CB815BCF266114D,2017-05-10,pdfs/45/coultonm_45p.pdf,ceb0995459a65b87c43cc54a661c01f70e5b8b9a3ad55dca269f8b26a31a31a8,9,
house,45,Chris Crewther,Dunkley,https://static.aph.gov.au/-/media/03_Senators_and_Members/32_Members/Register/45p/CF/CrewtherC_45P.pdf?rev=5d46aace325645f5ac267ef0cbfedd36&hash=9C8B4EF90435C3B5BBD96E52D346EAD8,2019-02-12,pdfs/45/crewtherc_45p.pdf,5ebaa398f0d7f653510c99045e004fc6305da5492719c49f7774dd000959bb71,22,
house,45,Michael Danby,Melbourne Ports,https://static.aph.gov.au/-/media/03_Senators_and_Members/32_Members/Register/45p/CF/DanbyM_45P.pdf?rev=da24dca85ff041d2893456575d4220bb&hash=CE3C0EDACEDDF7E328F85890DF94D792,2017-11-04,pdfs/45/danbym_45p.pdf,005fc60a914586ed6c9efc538bed37564d56257aaea60e15cbef1754991fe195,12,
house,45,Milton Dick,Oxley,https://static.aph.gov.au/-/media/03_Senators_and_Members/32_Members/Register/45p/CF/DickM_45P.pdf?rev=8aacc1be8a9d432a9e75f16e20349f23&hash=6543966B048867E0A2E9068886FCD268,2018-12-19,pdfs/45/dickm_45p.pdf,419e2a74c516757ab0d4c96f597c3b455cf4c6e97cedba71592fd6b73bedd1b3,29,
house,45,Mark Dreyfus,Isaacs,https://static.aph.gov.au/-/media/03_Senators_and_Members/32_Members/Register/45p/CF/DreyfusM_45P.pdf?rev=6542702b8dc24ae8bf127407af7cc8f8&hash=9252DE21FF2012AD5F742C4C204096BC,2019-01-24,pdfs/45/dreyfusm_45p.pdf,c42fed9a4be4cd316ab58199dd1a84d4d4ed14d6bfc3a09191ef61607a39a91c,12,
house,45,Damian Drum,Murray,https://static.aph.gov.au/-/media/03_Senators_and_Members/32_Members/Register/45p/CF/DrumD_45P.pdf?rev=5106457953f54577aea7a5e65d0e1b7a&hash=FA9BD335B7A75AA95177B8D455ECFB8B,2019-02-20,pdfs/45/drumd_45p.pdf,12f14589cb2a91c9b1460699f48bc9767987d7be550466646d143729c33aa893,16,
house,45,Peter Dutton,Dickson,https://static.aph.gov.au/-/media/03_Senators_and_Members/32_Members/Register/45p/CF/DuttonP_45P.pdf?rev=3b1d90a9710f41e4973a1a3f36aa7b98&hash=1B899AF82C34920418E4F51A76F1C32E,2019-02-08,pdfs/45/duttonp_45p.pdf,a2ef39b7e181df747d2b5839316d526b4cf16a37a8d33dea61d9f312b8c7233c,21,
house,45,Justine Elliot,Richmond,https://static.aph.gov.au/-/media/03_Senators_and_Members/32_Members/Register/45p/CF/ElliotJ_45P.pdf?rev=16292d65493b4bb3841752361025fc8d&hash=7B7B3BA01B0D913501F284FBA77233D8,2019-01-14,pdfs/45/elliotj_45p.pdf,420630491c57d1d45d5c526e9c8f830130b3300a0ec0ec8932c7394776da6c8e,10,
house,45,Kate Ellis,Adelaide,https://static.aph.gov.au/-/media/03_Senators_and_Members/32_Members/Register/45p/CF/EllisK_45P.pdf?rev=cc568ce0654643b3ab65dba92603877b&hash=BF8F2E0494451D3D92E2DF89797A5785,2018-10-05,pdfs/45/ellisk_45p.pdf,db652faea8a629dab9e98c0241781e5110cbfbd6681abc1a3678a3e2449494f0,12,
house,45,Warren Entsch,Leichhardt,https://static.aph.gov.au/-/media/03_Senators_and_Members/32_Members/Register/45p/CF/EntschW_45P.pdf?rev=08a9e8be688443c0b39c29ac41abce51&hash=D233B742498A0B855E23D9FB959228ED,2018-06-25,pdfs/45/entschw_45p.pdf,fb277d8c0889dd51aef24257e8c77b27cabde67aca4d9ac24b5c39c57247fbdb,13,
house,45,Trevor Evans,Brisbane,https://static.aph.gov.au/-/media/03_Senators_and_Members/32_Members/Register/45p/CF/EvansT_45P.pdf?rev=078d95c365b64a6e9761d15baf0cb0b4&hash=039CD472A19E4C4FCF09E7302C36CC49,2019-04-08,pdfs/45/evanst_45p.pdf,115f34f11e71911336303ee4ed110ec693c1c809cbd1c60f9b66db4d24674b41,33,
house,45,Jason Falinski,Mackellar,https://static.aph.gov.au/-/media/03_Senators_and_Members/32_Members/Register/45p/CF/FalinskiJ_45P.pdf?rev=1036765cfe584a40abf68d2f40c750a2&hash=798ED2261875B1CF80BCC2F19EA1C01A,2019-03-27,pdfs/45/falinskij_45p.pdf,dc5717cc66f2d5c3e88d4ef0f1d9b7a74589a2d46c8bf447c94e880f79fcb43e,29,
house,45,David Feeney,Batman,https://static.aph.gov.au/-/media/03_Senators_and_Members/32_Members/Register/45p/CF/FeeneyD_45P.pdf?rev=0c2be61a1683458584ac1b9c3eb65e57&hash=2EDBE978BC567989B918875FDDF183F7,2017-07-20,pdfs/45/feeneyd_45p.pdf,a7852f04a1efcac74911072abbbfa9eb49a4944b256c8a42b116487581bf6cba,10,
house,45,Joel Fitzgibbon,Hunter,https://static.aph.gov.au/-/media/03_Senators_and_Members/32_Members/Register/45p/CF/FitzgibbonJ_45P.pdf?rev=634e080dcc3449379cbb902a14b489e6&hash=EB70F87006A593FD456ACEE3BB740E0C,2019-03-22,pdfs/45/fitzgibbonj_45p.pdf,2e1c35434815f73d36a1d4ebeb1e1f66aad2f766617bec5d460a9a17bdfda1be,68,
house,45,Paul Fletcher,Bradfield,https://static.aph.gov.au/-/media/03_Senators_and_Members/32_Members/Register/45p/CF/FletcherP_45P.pdf?rev=0533f5fa08ff4ec3a9ea363b8ba3b332&hash=1579AFEB213DD5D849CD4342FCE3C280,2019-04-06,pdfs/45/fletcherp_45p.pdf,99886f11abb65a056935500f5d52f1dc0c60e4ea9c472add637555fdc15b5eb4,50,
house,45,Nicolle Flint,Boothby,https://static.aph.gov.au/-/media/03_Senators_and_Members/32_Members/Register/45p/CF/Flint_45P.pdf?rev=a1e892c54291437287620a9912c08c7b&hash=BFC27283AD5E246F1B21FB0D5264E018,2018-02-27,pdfs/45/flint_45p.pdf,84564fc89a7fd551f3318155042ac268cb9d46bc31f9bbc6858f13f5ca30b086,11,
house,45,Mike Freelander,Macarthur,https://static.aph.gov.au/-/media/03_Senators_and_Members/32_Members/Register/45p/CF/FreelanderM_45P.pdf?rev=eebf62b9b83d423ea7772d01bf214bdb&hash=3A8F61E0748A51F0FB3227266C0E9AAF,2018-12-05,pdfs/45/freelanderm_45p.pdf,e6a3fd1480583a1314054a5cb60cb35d0295c33f8a5c68ae05bae8b5934a1498,14,
house,45,Josh Frydenberg,Kooyong,https://static.aph.gov.au/-/media/03_Senators_and_Members/32_Members/Register/45p/CF/FrydenbergJ_45P.pdf?rev=155915cf033b43fc910a228937c5b6b3&hash=400D0AD53583341379919D223136B46C,2019-01-31,pdfs/45/frydenbergj_45p.pdf,2cf97f19be4958e3b12091e54bd5e66c541f1ace221f6259880dc4d94f730a9f,25,
house,45,Andrew Gee,Calare,https://static.aph.gov.au/-/media/03_Senators_and_Members/32_Members/Register/45p/GJ/GeeA_45P.pdf?rev=fbcb0e10ed644b60a0541cea981989c3&hash=6EE43FC1BC50DFBEA77EC3FE6A37AFE3,2019-03-17,pdfs/45/geea_45p.pdf,69b9d29d3b691e8a2b94173e102369086fb9328115f1bd37990b966f6e7edb77,19,
house,45,Steve Georganas,Adelaide,https://static.aph.gov.au/-/media/03_Senators_and_Members/32_Members/Register/45p/GJ/GeorganasS_45P.pdf?rev=af6f933e7d8c438885780d017ae08df0&hash=F17B25BBB4573BBD157E62536DF2AAC6,2018-12-20,pdfs/45/georganass_45p.pdf,8985d14e92cddbdce7c53ee08b9383cd804497a7a2b18bd79825964b914f2896,15,
house,45,Andrew Giles,Scullin,https://static.aph.gov.au/-/media/03_Senators_and_Members/32_Members/Register/45p/GJ/GilesA_45P.pdf?rev=919889b7c34943d1a5d23db29573e185&hash=8BB19381A763444A8DCE265215991C8F,2019-03-20,pdfs/45/gilesa_45p.pdf,689edf4e7d0924dc366b788ea12aed8af18c7399e520bb618f5b9a9c5ef7af7a,14,
house,45,David Gillespie,Lyne,https://static.aph.gov.au/-/media/03_Senators_and_Members/32_Members/Register/45p/GJ/GillespieD_45P.pdf?rev=b77d58f04fc548c88a40f721133fd6f5&hash=9EA551315AA1B24D252C16B7BA910938,2018-08-14,pdfs/45/gillespied_45p.pdf,a1e57404544d4c03c9d44e28a23474f23418b96f418926629c5f02313e750b8b,14,
house,45,Ian Goodenough,Moore,https://static.aph.gov.au/-/media/03_Senators_and_Members/32_Members/Register/45p/GJ/GoodenoughI_45P.pdf?rev=78048a0e6fd241dba1a8288353a57471&hash=69F26A7DF31A61503C84C98BD5DE27B1,2018-09-17,pdfs/45/goodenoughi_45p.pdf,136f668b68edb9145df7ef98e7ae6afb945097c19dadb44cedd941ebd64817ef,17,
house,45,Patrick Gorman,Perth,https://static.aph.gov.au/-/media/03_Senators_and_Members/32_Members/Register/45p/GJ/GormanP_45P.pdf?rev=3e839e6367d047cd883bcf9128ef6de9&hash=319A3E4CF242E076EDA50859435AF4DC,2019-04-01,pdfs/45/gormanp_45p.pdf,23778bf4e2f774a0b3f67dbd909bb3acff1a8a65224996f764788ee40fa6026b,17,
house,45,Luke Gosling,Solomon,https://static.aph.gov.au/-/media/03_Senators_and_Members/32_Members/Register/45p/GJ/GoslingL_45P.pdf?rev=bbebe659d13c4a1da5b11161b0309c59&hash=03CF1537836DF11F1C7A68CE21D99987,2018-12-06,pdfs/45/goslingl_45p.pdf,e8581fb9efb83a64ccda7d9efbe85c84dcd6677ca8d56200c3512c9e2879169f,18,
house,45,Tim Hammond,Perth,https://static.aph.gov.au/-/media/03_Senators_and_Members/32_Members/Register/45p/GJ/HammondT_45P.pdf?rev=a0a417860c57443491fffe2db27a60bd&hash=14070987C5CAA8070638214AA181AB69,2018-04-11,pdfs/45/hammondt_45p.pdf,15dcc8db8ef6bcbc85450cbde322ae00e09bce5bac427a6d98571057b0627ecf,66,
house,45,Ross Hart,Bass,https://static.aph.gov.au/-/media/03_Senators_and_Members/32_Members/Register/45p/GJ/HartR_45P.pdf?rev=ced86e58a1484df6b14b1aba19e0ef36&hash=99532B167A079D3111F9D57F720A8652,2019-02-04,pdfs/45/hartr_45p.pdf,9e71d365c96d1ca344bba9dcf0052c3009a435315f426b7cf2914700f415191f,32,
house,45,Luke Hartsuyker,Cowper,https://static.aph.gov.au/-/media/03_Senators_and_Members/32_Members/Register/45p/GJ/HartsuykerL_45P.pdf?rev=40ef890a25814b3da845dc64ed73e043&hash=BA7C68C7F4DAF948B7DFBD783883DC16,2018-12-04,pdfs/45/hartsuykerl_45p.pdf,7f3f73cceb63709c34ce2229c45fa4b914e3e1bd842a9594a17dcf2e160575fa,9,
house,45,Andrew Hastie,Canning,https://static.aph.gov.au/-/media/03_Senators_and_Members/32_Members/Register/45p/GJ/HastieA_45P.pdf?rev=55d9864988f648678582c8701568b56b&hash=7A86F48EC9084B11909E6282947B58B7,2018-12-04,pdfs/45/hastiea_45p.pdf,92cac11dc204407e630a2a5debbadb19ce3016af3967b1ab2cfc4f1789075352,18,
house,45,Alex Hawke,Mitchell,https://static.aph.gov.au/-/media/03_Senators_and_Members/32_Members/Register/45p/GJ/HawkeA_45P.pdf?rev=a07c3e47330741e39eff4db3c1fa392d&hash=403FC8DF8132FE3113BDBA2A15623242,2019-01-24,pdfs/45/hawkea_45p.pdf,ee93bc4800eaa5e7e1705214a92bf476e168a1bc72411f4e8ef14348006ee56b,17,
house,45,Chris Hayes,Fowler,https://static.aph.gov.au/-/media/03_Senators_and_Members/32_Members/Register/45p/GJ/HayesC_45P.pdf?rev=650e8c01b06a408da53c57fd9352c7a4&hash=6B8A37D54455BA667EA3D8C34647D29E,2019-02-19,pdfs/45/hayesc_45p.pdf,69a8a51067ae8b171d3c3ffd820a04278752412ccf1a36f7782e86469d208dfe,13,
house,45,Sarah Henderson,Corangamite,https://static.aph.gov.au/-/media/03_Senators_and_Members/32_Members/Register/45p/GJ/HendersonS_45P.pdf?rev=c451519e2aee4415a25bfcffdc9c2462&hash=EF9FC79E99E3C3B5D2E15D33B6BFDAA7,2019-04-02,pdfs/45/hendersons_45p.pdf,1ab087ca26d69dbcebe9b907fc018a5bf06b8adbd75fc772cd0a64c9d44a3154,23,
house,45,Julian Hill,Bruce,https://static.aph.gov.au/-/media/03_Senators_and_Members/32_Members/Register/45p/GJ/HillJ_45P.pdf?rev=93765d60782b449c893d922fbd1e8a09&hash=96AFDBE3D20A73C3B58EEB88E4985760,2019-02-27,pdfs/45/hillj_45p.pdf,5f1b5f747b2acd4b3b76aa32e8453cf70c4af6d85910c3437e9435698e075aba,28,
house,45,Kevin Hogan,Page,https://static.aph.gov.au/-/media/03_Senators_and_Members/32_Members/Register/45p/GJ/HoganK_45P.pdf?rev=8a589de43ed44e1cb1abce22f8655634&hash=B8FA23B9CB867D02B7DB683C6B578D81,2018-06-22,pdfs/45/hogank_45p.pdf,6a4163eed38a68d88ee163722bf7a50850cbd6c484e74e7426fd395cbcac2148,19,
house,45,Luke Howarth,Petrie,https://static.aph.gov.au/-/media/03_Senators_and_Members/32_Members/Register/45p/GJ/HowarthL_45P.pdf?rev=08a9890c278c4d1188016f57ea5bd176&hash=4A7493BEF2295CB904063C38600F13BA,2018-08-14,pdfs/45/howarthl_45p.pdf,f1b3dfce9e46c0e402a28bf5310326787b7063491b4de79d7afa12e47670300e,13,
house,45,Greg Hunt,Flinders,https://static.aph.gov.au/-/media/03_Senators_and_Members/32_Members/Register/45p/GJ/HuntG_45P.pdf?rev=0b6eab09f63646f2864c0e5d3eef5c0c&hash=5D678A99251CA4A60107E906494AD5CB,2019-02-06,pdfs/45/huntg_45p.pdf,16f2022abd239a9c84074f972d628b882bef2622d8772361f60d09e9128db23d,35,
house,45,Emma Husar,Lindsay,https://static.aph.gov.au/-/media/03_Senators_and_Members/32_Members/Register/45p/GJ/HusarE_45P.pdf?rev=81baf59c24f54bf08907d7f391367f49&hash=C9427071ADE80B53A5CF32770A663AA6,2018-08-31,pdfs/45/husare_45p.pdf,1ca039ead61f6f5dc0eae3fc04ad633109adb291bfe42af06ba928c234267af1,12,
house,45,Ed Husic,Chifley,https://static.aph.gov.au/-/media/03_Senators_and_Members/32_Members/Register/45p/GJ/HusicE_45P.pdf?rev=747eff88dadb48d29edf9f3c5a0497a7&hash=5218B655C5B057B053F972533F8CEB11,2018-12-04,pdfs/45/husice_45p.pdf,cc8b1c27bcac7808f7c12da7cb558d27ffe4e66a448f3993911515cc4ab65068,18,
house,45,,,,,pdfs/45/interestsr_45p.pdf,43ef4234705c14df5affdd15f3bdd725afaa8efd121925bc5260e89dbc208a80,2,
house,45,Steve Irons,Swan,https://static.aph.gov.au/-/media/03_Senators_and_Members/32_Members/Register/45p/GJ/IronsS_45P.pdf?rev=c6b6fd21e6cb4aa0aa30193478e813fa&hash=3681866616A60EF0FC186CD0CAA10C13,2019-01-07,pdfs/45/ironss_45p.pdf,1db26fe2c8c1225710a3fb0b9ca2443eb4cae5d4c277ca5ebc562ada87c96e54,19,
house,45,Stephen Jones,Whitlam,https://static.aph.gov.au/-/media/03_Senators_and_Members/32_Members/Register/45p/GJ/JonesS_45P.pdf?rev=4fe5fdc4899b4a27b58f4ef34429781a&hash=7DDC593C64EB40F54846DFD28D9D5782,2018-11-30,pdfs/45/joness_45p.pdf,a08faaa52c89446c37258cbaa21d6ffa117b1fe00bb1682313ee246270d30b41,20,
house,45,Barnaby Joyce,New England,https://static.aph.gov.au/-/media/03_Senators_and_Members/32_Members/Register/45p/GJ/JoyceB_45P_2.pdf?rev=cb69235f3597428aba29e391e315f75c&hash=873F2F2D7168C4BEB2A21906154BD40F,2019-03-29,pdfs/45/joyceb_45p_2.pdf,3873229d6d7930cb984e9d85204d550620067ed315decd3b70dd351513880636,23,
house,45,Bob Katter,Kennedy,https://static.aph.gov.au/-/media/03_Senators_and_Members/32_Members/Register/45p/KN/KatterR_45P.pdf?rev=64cb2f6ae99642b6afa908d8420a4700&hash=B0BA85E60E6C1D5A604FCDDCA9D2D5DD,2017-08-15,pdfs/45/katterr_45p.pdf,6d3ee1408d954905af1922aa40484badda48a6664bf7ad24c9b104a629a3062b,9,
house,45,Ged Kearney,Batman,https://static.aph.gov.au/-/media/03_Senators_and_Members/32_Members/Register/45p/KN/KearneyG_45P.pdf?rev=1ca34fd84d034cca969442d3b3c35f14&hash=49630C3397B2A57B20A654BCC62E2319,2018-08-21,pdfs/45/kearneyg_45p.pdf,662f92f60345e57ca795d463ca8c730d22f3a1e3b611604c9cbe67dc19c72d27,12,
house,45,Justine Keay,Braddon,https://static.aph.gov.au/-/media/03_Senators_and_Members/32_Members/Register/45p/KN/KeayJ_45P.pdf?rev=68f16f538e284607aa0353ca3ebdbcff&hash=DBE2F94FACC27B4411E7E5F90B498D48,2017-03-27,pdfs/45/keayj_45p.pdf,8623c2d4a87c2329dc85c63c5b92e7eb21b4ae439931646d94484a136dde75df,18,
house,45,Justine Keay,Braddon,https://static.aph.gov.au/-/media/03_Senators_and_Members/32_Members/Register/45p/KN/KeayJ_45P_2.pdf?rev=330a3ac45a5d4e5a81708dafdd98de21&hash=F32717FDFD8AAA448916509F050BAFD2,2018-08-13,pdfs/45/keayj_45p_2.pdf,ef3e5f082d2da473d843f357602c63b654feda2931554c7ec17c5dbddd24a963,8,
house,45,Michael Keenan,Stirling,https://static.aph.gov.au/-/media/03_Senators_and_Members/32_Members/Register/45p/KN/KeenanM_45P.pdf?rev=9290f9edba6b4c8ca0de3d95130a132a&hash=9BD7E3CC859D36EAAAF0FF34EB15FAD5,2017-11-28,pdfs/45/keenanm_45p.pdf,41712eb9cc33ad4908c530bd5395f1ec34b190f863115523396a71940891fdb9,14,
house,45,Craig Kelly,Hughes,https://static.aph.gov.au/-/media/03_Senators_and_Members/32_Members/Register/45p/KN/KellyC_45P.pdf?rev=29d51a8777594c84995d269af9dc4f71&hash=1A2F9155DA77AA0A6E714AEC3F1B13FC,2018-11-16,pdfs/45/kellyc_45p.pdf,4f597772718aa2b803655510226c950ecabca7c4f01ddfa09a829d708c406686,9,
house,45,Mike Kelly,Eden-Monaro,https://static.aph.gov.au/-/media/03_Senators_and_Members/32_Members/Register/45p/KN/KellyM_45P.pdf?rev=2f05ddd365fc493ea74c80f20786572b&hash=AAA8A50EFAA1B8F129D3C29132D64D0B,2017-12-15,pdfs/45/kellym_45p.pdf,7576a49bd1c0ed24bb2cf82cf94a40118a8033eb3f362761d765d1458b1169ed,10,
house,45,Matt Keogh,Burt,https://static.aph.gov.au/-/media/03_Senators_and_Members/32_Members/Register/45p/KN/KeoghM_45P.pdf?rev=a075610eaea24aa4ba1aebb58917abb0&hash=6BC79E6465793247A50B89B1188EC340,2019-01-08,pdfs/45/keoghm_45p.pdf,852dd123d5070909bfe84c9b9e754c53968fb2fe86cac57d3a1f1dfbad3e1c92,25,
house,45,Peter Khalil,Wills,https://static.aph.gov.au/-/media/03_Senators_and_Members/32_Members/Register/45p/KN/KhalilP_45P.pdf?rev=18e0e4832b2343b191d19882186a2620&hash=AAE7E4B3C3D311A1D27B8DAEB6AFFBFC,2018-10-19,pdfs/45/khalilp_45p.pdf,6174c9038f43087551e1d49a282e0c76c68acd566c97a262abee29c48e0a6d9c,20,
house,45,Catherine King,Ballarat,https://static.aph.gov.au/-/media/03_Senators_and_Members/32_Members/Register/45p/KN/KingC_45P.pdf?rev=4bf0afe2299143a78afc45db4f2fada2&hash=12CDF73E310159A3FC5B3881810491F3,2019-01-11,pdfs/45/kingc_45p.pdf,8809c9a14a7a411c44e979648fbf4aa8c4623dcb9e1048b43d15a46b5af055bc,17,
house,45,Madeleine King,Brand,https://static.aph.gov.au/-/media/03_Senators_and_Members/32_Members/Register/45p/KN/KingM_45P.pdf?rev=6441c6a4be01450caf1b22af43f76e20&hash=E996BC3D921DF0B081ADFB4AB877CDA7,2019-03-22,pdfs/45/kingm_45p.pdf,8fd8e8e99a8ef02a2485eb554c24f223139706ad4615aabf6b359b0448b69ff8,22,
house,45,Susan Lamb,Longman,https://static.aph.gov.au/-/media/03_Senators_and_Members/32_Members/Register/45p/KN/LambS_45P.pdf?rev=2801f44146774c788e6ed8236143dd99&hash=F8BE7A7D0F9E498BEDCF2EFBA4B67247,2018-04-19,pdfs/45/lambs_45p.pdf,6d11b1673428fe005de49cb064d9d1ec69c009855dc974ec9a37688a5ef015c5,18,
house,45,Susan Lamb,Longman,https://static.aph.gov.au/-/media/03_Senators_and_Members/32_Members/Register/45p/KN/LambS_45P_2.pdf?rev=6eec1fee93434155ba6df021a056540c&hash=150FEB036FBF5BEBF57734FDE700CF7F,2019-01-21,pdfs/45/lambs_45p_2.pdf,345418e14dcd7bf414d89869940cf7f3363665a825abb16442d45c483f99f31f,9,
house,45,Andrew Laming,Bowman,https://static.aph.gov.au/-/media/03_Senators_and_Members/32_Members/Register/45p/KN/LamingA_45P.pdf?rev=f5fdde659faf4e88a3549d91e9771d8f&hash=FB64005F597C2EFB8DDF53FCCFED7766,2019-01-24,pdfs/45/laminga_45p.pdf,f0c875b874791835f24f4ed9b59f77290eeeff3373ffa62e2a1d2655f2b89cc3,13,
house,45,Michelle Landry,Capricornia,https://static.aph.gov.au/-/media/03_Senators_and_Members/32_Members/Register/45p/KN/LandryM_45P.pdf?rev=ee3086207d7c4911b1e57feeca014d34&hash=EBD5D4DF93CE723313D6DFB1BF8BA8CF,2019-03-29,pdfs/45/landrym_45p.pdf,c7f4f563188cd89a144cc77d5f56e6aa13b5ab5a23ac5ad0711dbb80191357b2,15,
house,45,Craig Laundy,Reid,https://static.aph.gov.au/-/media/03_Senators_and_Members/32_Members/Register/45p/KN/LaundyC_45P.pdf?rev=f202fba6b1844b35a54f19318861ed6e&hash=F79C49BA46D3620049FF5F053EBFAB51,2019-02-12,pdfs/45/laundyc_45p.pdf,280825a732f631a5d12a9ed2acf685783d4e9677ead6778b8693cf9673d771a4,19,
house,45,Julian Leeser,Berowra,https://static.aph.gov.au/-/media/03_Senators_and_Members/32_Members/Register/45p/KN/LeeserJ_45P.pdf?rev=99ce1b4a04f346868b7afcfa14cb1253&hash=309287DD63379C8429B304653503F05C,2018-11-29,pdfs/45/leeserj_45p.pdf,0cbaa902c8cb8abb393d42226efa858e35e343a2f70fc3864a508549d3a5d940,28,
house,45,Andrew Leigh,Fenner,https://static.aph.gov.au/-/media/03_Senators_and_Members/32_Members/Register/45p/KN/LeighA_45P.pdf?rev=f2bb2529051d4b89aef284774676ea2a&hash=9852044CD4386D8B18FB44A7E5AB2517,2018-11-26,pdfs/45/leigha_45p.pdf,c029463742d2504135099f5b9ea89da53b025acbb2940080621e877f63a52d7a,28,
house,45,Sussan Ley,Farrer,https://static.aph.gov.au/-/media/03_Senators_and_Members/32_Members/Register/45p/KN/LeyS_45P.pdf?rev=edf29245c24c490a9d5a5c8c95ff205e&hash=5EEB4BAF92A1C1E69FE5D3DF5FC54454,2018-08-16,pdfs/45/leys_45p.pdf,30ddf7b1603a11213559141f5e30e0219d0a22725cf302d0b102e61205773802,11,
house,45,David Littleproud,Maranoa,https://static.aph.gov.au/-/media/03_Senators_and_Members/32_Members/Register/45p/KN/LittleproudD_45P.pdf?rev=1a208b4512b14476bd366b0cb2f70ea9&hash=9206D1D7B4DB2D6A848391E75C5E223F,2018-06-28,pdfs/45/littleproudd_45p.pdf,623e7da866fe54b28c09ccb80edca4c18f57df5e26a91550067ab1fd969adf16,13,
house,45,Jenny Macklin,Jagajaga,https://static.aph.gov.au/-/media/03_Senators_and_Members/32_Members/Register/45p/KN/MacklinJ_45P.pdf?rev=8e91ce2bfeb440e0bc6ab8f8a63ee1ac&hash=BD4F73224C56F93D0D55CB8410E9C0E2,2019-04-02,pdfs/45/macklinj_45p.pdf,ce9840862a89ca60b47c206251339d14f34c52405a7b18f59c6fd7b9dd242e25,14,
house,45,Nola Marino,Forrest,https://static.aph.gov.au/-/media/03_Senators_and_Members/32_Members/Register/45p/KN/MarinoN_45P.pdf?rev=446506b03332427aa227b1fa7f6e2009&hash=D5FBF8F3485E7F73DE633E2981E6B374,2018-04-09,pdfs/45/marinon_45p.pdf,7b04f26e046f917a590af835ad3e1f11af49d6b8d626274a7df97e8e80ded613,16,
house,45,Richard Marles,Corio,https://static.aph.gov.au/-/media/03_Senators_and_Members/32_Members/Register/45p/KN/MarlesR_45P.pdf?rev=bf2deddfeef0408c85b4b6ea4f205704&hash=D49257B4B59475713A1E981734395032,2019-04-05,pdfs/45/marlesr_45p.pdf,9d7ec1df74ec60bf5d9a6590138472072f61be0bd5cd19f7d87b74b9b041bfe3,29,
house,45,Emma McBride,Dobell,https://static.aph.gov.au/-/media/03_Senators_and_Members/32_Members/Register/45p/KN/McBrideE_45P.pdf?rev=1b7c7ae9ae1643db89f85fd46b2a403d&hash=EC87FCE462B6733373C5E39D91F75FDD,2017-11-27,pdfs/45/mcbridee_45p.pdf,ae4f3b2dd38f9a2f6aa77f2c9bc1cb9ecbbda8ebc0d34efa662bf3ca5a88256c,10,
house,45,Michael McCormack,Riverina,https://static.aph.gov.au/-/media/03_Senators_and_Members/32_Members/Register/45p/KN/McCormackM_45P.pdf?rev=1846b9a905ad47568db2f956b4def070&hash=ADC6E0D4E036CB83AAACF2B1484C543E,2019-02-14,pdfs/45/mccormackm_45p.pdf,575a3848ec9bfd178fcf52379a1c5c9186f8bb7f646c77f65267ed3b551c17ce,31,
house,45,Cathy McGowan,Indi,https://static.aph.gov.au/-/media/03_Senators_and_Members/32_Members/Register/45p/KN/McGowanC_45P.pdf?rev=936eaa846a0d448f82233a5a95587710&hash=BE44388CD4620ECF3C7EE143D43C21BB,2019-04-04,pdfs/45/mcgowanc_45p.pdf,afd7a119957b1d738e9f4da37dc7fa4dbf4b11f2a316736f520f51d691dd4c31,21,
house,45,John McVeigh,Groom,https://static.aph.gov.au/-/media/03_Senators_and_Members/32_Members/Register/45p/KN/McVeighJ_45P.pdf?rev=d12f8cb9b88140daa6daee00b16f2e2e&hash=ABEA3D639BC61D0B490543996968651F,2018-04-27,pdfs/45/mcveighj_45p.pdf,0349fa45fbf80395cc87a38234aced9aeba9bf7da1d21af7caa26445e233cc3c,13,
house,45,Brian Mitchell,Lyons,https://static.aph.gov.au/-/media/03_Senators_and_Members/32_Members/Register/45p/KN/MitchellB_45P.pdf?rev=b91268355e1b4504a65b36e0758a2b74&hash=64337187AC2E7D20103B63C5F6686886,2018-10-23,pdfs/45/mitchellb_45p.pdf,eddfac9692139de96bef150ba23e797bd849aced9249bd3e2c633e611153a74e,10,
house,45,Rob Mitchell,McEwen,https://static.aph.gov.au/-/media/03_Senators_and_Members/32_Members/Register/45p/KN/MitchellR_45P.pdf?rev=5fb203e9d59943b59a572580014416e9&hash=006BF0D3EAE639D205C0E4923C07687E,2018-03-23,pdfs/45/mitchellr_45p.pdf,8ca3cf2ef662edb0e51d50400c819f171e0aa47b92c36746f6d06cbf553ea168,11,
house,45,Scott Morrison,Cook,https://static.aph.gov.au/-/media/03_Senators_and_Members/32_Members/Register/45p/KN/MorrisonS_45P.pdf?rev=3596e928218c45e883e09af109a51bdb&hash=01E6F4336212DDAEBC8E16D29D71BC3D,2019-04-05,pdfs/45/morrisons_45p.pdf,28d0280ebf834608b55ee05124bf01eb940a5066b9980ef9dd7aa91151c7bb53,32,
house,45,Ben Morton,Tangney,https://static.aph.gov.au/-/media/03_Senators_and_Members/32_Members/Register/45p/KN/MortonB_45P.pdf?rev=83f150f25e56488f8bc98d5ffa7636af&hash=274D97AD8DAD11B4732B9266CD991AB1,2019-03-12,pdfs/45/mortonb_45p.pdf,e25aaf54736dfc6204779ec8bcaf32e063b32b939ddce9cd4462c673141a3a0f,21,
house,45,Shayne Neumann,Blair,https://static.aph.gov.au/-/media/03_Senators_and_Members/32_Members/Register/45p/KN/NeumannS_45P.pdf?rev=fd5285bb8b62470a8cef13e224a6fb85&hash=E117083D2B46803D2CCB87195D03C266,2018-11-22,pdfs/45/neumanns_45p.pdf,08a2f50061d6148afb273df4293cbce8e2f54505e55e19fdbc6a55e5e7728420,13,
house,45,Llew O'Brien,Wide Bay,https://static.aph.gov.au/-/media/03_Senators_and_Members/32_Members/Register/45p/OR/OBrienL45P.pdf?rev=5030ba3a4ac44cf1949e4ba568b6747d&hash=1BE0C32E37AD2357E310B89AD9DD24CE,2019-02-12,pdfs/45/obrienl45p.pdf,a3ac496af62eeeb8b00447ddecd238bfb5916813cf3f85eba15e187f37acc14f,14,
house,45,Ted O'Brien,Fairfax,https://static.aph.gov.au/-/media/03_Senators_and_Members/32_Members/Register/45p/OR/OBrienT45P.pdf?rev=28d973dfb6594a908819b603c102f9dc&hash=C9C06B25FD9B8F9FDDCB277259E31662,2017-08-14,pdfs/45/obrient45p.pdf,321ed8153a5950d22e05701749bf608c12652da24b2cbd9a118f53580cc6839d,11,
house,45,Brendan O'Connor,Gorton,https://static.aph.gov.au/-/media/03_Senators_and_Members/32_Members/Register/45p/OR/OConnorB45P.pdf?rev=28cfe1c6c6c640b2b1a01f3024c02e64&hash=F0FE7F4E6C9F5EBE700BBAD28C3E159E,2019-01-14,pdfs/45/oconnorb45p.pdf,087c2c1835f48e6bd24a7eca8982bbc15596d9193486c8fe657af67049151797,21,
house,45,Ken O'Dowd,Flynn,https://static.aph.gov.au/-/media/03_Senators_and_Members/32_Members/Register/45p/OR/ODowdK45P.pdf?rev=4613cdd0e259469db59af2702151cb32&hash=AC807A3FA7A5A37792F27FD9EF33F9D4,2018-11-20,pdfs/45/odowdk45p.pdf,e7bbcf718eb814e81d988c8ed8a2f526b462b20103ff83ce713ade188a231223,18,
house,45,Kelly O'Dwyer,Higgins,https://static.aph.gov.au/-/media/03_Senators_and_Members/32_Members/Register/45p/OR/ODwyer45P.pdf?rev=5c48e1a00d124aa4b549cc66e3728c8d&hash=2FB2396D72C6580A561D532467CDC925,2019-02-26,pdfs/45/odwyer45p.pdf,5d0733565429b7630e97b6209de6c39e731e6bba5fd2b8c8a8898d0b847c2158,28,
house,45,Clare O'Neil,Hotham,https://static.aph.gov.au/-/media/03_Senators_and_Members/32_Members/Register/45p/OR/ONeilC45P.pdf?rev=95f3117ae93f486eb62abba5aa7123d5&hash=81F4F663B61BF5D66570367FF83EB779,2018-09-25,pdfs/45/oneilc45p.pdf,eccf710e877a86df33061114f777d89fe859a29baacdbd4d81caf6c10bba5082,15,
house,45,Cathy O'Toole,Herbert,https://static.aph.gov.au/-/media/03_Senators_and_Members/32_Members/Register/45p/OR/OTooleC45P.pdf?rev=0bf3e0ee2c3d4a22bda985ea0f44a23b&hash=5246B4F7DC4024513C94EBF834DD0CA9,2019-04-09,pdfs/45/otoolec45p.pdf,bb9df6aaadcedcb7d3d6291f9fc8a8f1a450b5ad7a487dbee4c0f6f2be0ce78b,13,
house,45,Julie Owens,Parramatta,https://static.aph.gov.au/-/media/03_Senators_and_Members/32_Members/Register/45p/OR/OwensJ_45P.pdf?rev=9fe4b1762e7449ad9850c4e2307197e0&hash=30510D04550006FB9FCEE4332C7CBAC1,2018-08-06,pdfs/45/owensj_45p.pdf,8609c8a5631008ceea92878c05a57cf4731d7f4c60f605fbc5586481a39929a1,14,
house,45,Tony Pasin,Barker,https://static.aph.gov.au/-/media/03_Senators_and_Members/32_Members/Register/45p/OR/PasinT_45P.pdf?rev=46cc7d44691042cc9cf2ba6bd0082812&hash=6870C0CBFFDBBD9F6F69F170699E6AF1,2019-02-12,pdfs/45/pasint_45p.pdf,ae0c8613aca68a201de236f0e5a6b46952f3aabf0371f7ed18bfdd9d3ade3528,16,
house,45,Graham Perrett,Moreton,https://static.aph.gov.au/-/media/03_Senators_and_Members/32_Members/Register/45p/OR/Perrett_45P.pdf?rev=4fbd774496c34e6fbcce614d29b2eebf&hash=31618986FA7786DA91C29418429D81E2,2019-01-21,pdfs/45/perrett_45p.pdf,26223bf760730f74efba3b3eb5ae8b1c12c6a86ee4ee14c9b4a840b88b4aa553,14,
house,45,Kerryn Phelps,Wentworth,https://static.aph.gov.au/-/media/03_Senators_and_Members/32_Members/Register/45p/OR/PhelpsK_45P.pdf?rev=b0288773cbae49f984228dbdc2725500&hash=50C1F4EE3E4F74D43CE6AAD3B67DD641,2019-03-05,pdfs/45/phelpsk_45p.pdf,9ee8649111c4a04503babde54d3f61aad898a7282059490842b71ee308e11933,16,
house,45,Keith Pitt,Hinkler,https://static.aph.gov.au/-/media/03_Senators_and_Members/32_Members/Register/45p/OR/PittK_45P.pdf?rev=521e314147cd48bf837c48d231feb68c&hash=935B543CA749DFE0535383EEB9AA993C,2018-08-02,pdfs/45/pittk_45p.pdf,203c864cb1d744353476f8ba56292aeb2ea0c43cf0d6f0d7f00ca32710c58c63,12,
house,45,Tanya Plibersek,Sydney,https://static.aph.gov.au/-/media/03_Senators_and_Members/32_Members/Register/45p/OR/PlibersekT_45P.pdf?rev=32c4874e8e404612b27c792048654ef2&hash=BBE80FB68F67833FA40802DB37AC393F,2019-03-13,pdfs/45/plibersekt_45p.pdf,517fde882cd1180fb8cbe600f44c77ca1b815e42fc7d4dc61d090f66401fc7dd,18,
house,45,Christian Porter,Pearce,https://static.aph.gov.au/-/media/03_Senators_and_Members/32_Members/Register/45p/OR/PorterC__45P.pdf?rev=d6ed771a231e4f47884499d3c8389385&hash=54AAD7CE6D4312C4B9B76A38B96D3C4F,2018-11-26,pdfs/45/porterc__45p.pdf,1b540fb5dde2f604d32ddd5e89da7e292bc74561a6cd2da4480c3fffca7f7acc,23,
house,45,Jane Prentice,Ryan,https://static.aph.gov.au/-/media/03_Senators_and_Members/32_Members/Register/45p/OR/PrenticeJ_45P.pdf?rev=ced093e0cacc405f88e1a8ca54e99d6e&hash=9E25D9EC0C194B526669307A631245C9,2019-03-22,pdfs/45/prenticej_45p.pdf,83fed93b835f6e87df4459ea8f7cbfd01f45a58783fab649378042cafde5bc3b,34,
house,45,Melissa Price,Durack,https://static.aph.gov.au/-/media/03_Senators_and_Members/32_Members/Register/45p/OR/PriceM_45P.pdf?rev=458eaba21578464599cf0063df40c81f&hash=3E1BC4086D399CF8D373F1650FD7F401,2019-01-07,pdfs/45/pricem_45p.pdf,3ce9a84fd74e41e731e38f1d8327763489e857ec42ccd44f4bf952ba2f92b20b,12,
house,45,Christopher Pyne,Sturt,https://static.aph.gov.au/-/media/03_Senators_and_Members/32_Members/Register/45p/OR/PyneC_45P.pdf?rev=4ad49c7dcd6c438883356d2a28ee53b7&hash=D841CF499FBB3B7443DFF5CA21A703E4,2019-03-06,pdfs/45/pynec_45p.pdf,bf6039accabbc336708dc6ff9158bb86c94125f5f056c56412371cd381c8f860,33,
house,45,Rowan Ramsey,Grey,https://static.aph.gov.au/-/media/03_Senators_and_Members/32_Members/Register/45p/OR/RamseyR_45P.pdf?rev=cce3c164a94c433b84272ab249c6e057&hash=669C6CBB31F0392E1CCF9AF257EC6191,2019-01-29,pdfs/45/ramseyr_45p.pdf,22dc7ca01d04eff030324080eabe84a7206cb3cdafa0e4ef602b038197bbc6d8,15,
house,45,Amanda Rishworth,Kingston,https://static.aph.gov.au/-/media/03_Senators_and_Members/32_Members/Register/45p/OR/RishworthA_45P.pdf?rev=4b1b37df06d24c33a19fd63ad91f7bef&hash=07DF9ACFF2E5655E0A25F36F883077EB,2019-02-25,pdfs/45/rishwortha_45p.pdf,0ee600fa2b26c8a95d18ccdca0fef5b6714aca499b63f570ffa93b938bdab6c1,38,
house,45,Stuart Robert,Fadden,https://static.aph.gov.au/-/media/03_Senators_and_Members/32_Members/Register/45p/OR/RobertS_45P.pdf?rev=69f19bc20d8b4eae8e7ce257bab6eafe&hash=487964F6CA14A7F3322B0C4591ACAE6A,2019-01-23,pdfs/45/roberts_45p.pdf,f11cc5218038232e478c98e6298320f1545dc0496755264697edd076e42aedc2,43,
house,45,Michelle Rowland,Greenway,https://static.aph.gov.au/-/media/03_Senators_and_Members/32_Members/Register/45p/OR/RowlandM_45P.pdf?rev=bf76f8830d104a2a8558e1c4d64333be&hash=1CE8FCB126DC44B487A943B47A95086A,2019-01-30,pdfs/45/rowlandm_45p.pdf,72ef671e0b0a64a9afd1c11a093ff99c7181e5eee4dc6874573fe0cba57c19a2,34,
house,45,Joanne Ryan,Lalor,https://static.aph.gov.au/-/media/03_Senators_and_Members/32_Members/Register/45p/OR/RyanJ_45P.pdf?rev=1df65ce08b434a4eb9c819c971cb11b2&hash=74BDB0CE81EA8DA179BD88AEA142A20F,2019-02-22,pdfs/45/ryanj_45p.pdf,f5dd93bc65aa6075f929915a22dec86b1270c1bd2dbfa897cdac51efc3e50889,13,
house,45,Rebekha Sharkie,Mayo,https://static.aph.gov.au/-/media/03_Senators_and_Members/32_Members/Register/45p/SZ/SharkieR_45P.pdf?rev=5dd8e5ffd14349fbbd5988c83ebd466a&hash=B1E963D9874698106D27613C7BB148F2,2016-12-19,pdfs/45/sharkier_45p.pdf,a43715aaf8d724c71437bdd4f663530ef3899b90d3f2139c059a7f6ad97a83b3,8,
house,45,Rebekha Sharkie,Mayo,https://static.aph.gov.au/-/media/03_Senators_and_Members/32_Members/Register/45p/SZ/SharkieR_45P_2.pdf?rev=ea7b3949b4b94924b5e9b91900b59218&hash=BB42EED5EFD88F2369D5322905981D40,2019-01-15,pdfs/45/sharkier_45p_2.pdf,91419d035cf57c64d1c56869f766c4182971f4b05e78d07ce0930f250e5eea1e,8,
house,45,Bill Shorten,Maribyrnong,https://static.aph.gov.au/-/media/03_Senators_and_Members/32_Members/Register/45p/SZ/ShortenB_45P.pdf?rev=2ec1170c5cf14848953065cb82c15205&hash=013827D37D836C4FC3D2E06C68F2245E,2019-04-02,pdfs/45/shortenb_45p.pdf,98e65ba9d37f3334fbe13c28c0d5a0e00ae668007b89f3cd8b0d775db5ae10a7,51,
house,45,Tony Smith,Casey,https://static.aph.gov.au/-/media/03_Senators_and_Members/32_Members/Register/45p/SZ/SmithT_45P.pdf?rev=02b732a43c7b455986a77d9073564259&hash=D9BF1BC3B0C99DB249903298D77FCF95,2019-03-27,pdfs/45/smitht_45p.pdf,31e8b8e66d4dd83af3bf2909207009f0083c92df7754d5cb407810ebe2077495,17,
house,45,Warren Snowdon,Lingiari,https://static.aph.gov.au/-/media/03_Senators_and_Members/32_Members/Register/45p/SZ/Snowdon_45P.pdf?rev=6837bf2f0cca4d0c97afb2fd3fd88b52&hash=6E9C629922A8FE27D3E752DFB164271F,2019-02-20,pdfs/45/snowdon_45p.pdf,bbfdb8e686ddb368945d3216fb00d2a10ce1e77a5efa5a2680189bd8b74313d0,15,
house,45,Anne Stanley,Werriwa,https://static.aph.gov.au/-/media/03_Senators_and_Members/32_Members/Register/45p/SZ/StanelyA_45P.pdf?rev=bcedd6f180ae495da104b6c115b26754&hash=2C17239D56238556B2053F2D7B425972,2017-08-20,pdfs/45/stanelya_45p.pdf,d8405d7aac0b7f6c7ee0622212867135abdde1739cd5d6a073accb966e0721e8,12,
house,45,Ann Sudmalis,Gilmore,https://static.aph.gov.au/-/media/03_Senators_and_Members/32_Members/Register/45p/SZ/SudmalisA_45P.pdf?rev=cd4992bdde494e47bcd91c7e7034bb9a&hash=B4E615BAF56D6F88F8E9BA6C1B6AAF95,2018-02-28,pdfs/45/sudmalisa_45p.pdf,580c526b62fd6c3ee86bc393324023b5c4a468ae6ac57a43a11a72216d64b08c,12,
house,45,Michael Sukkar,Deakin,https://static.aph.gov.au/-/media/03_Senators_and_Members/32_Members/Register/45p/SZ/SukkarM_45P.pdf?rev=2a7aa6fb584b4cb4bda4b316154d98b0&hash=AF6FC3A88B05C3503C4B20051ED0F31F,2017-08-25,pdfs/45/sukkarm_45p.pdf,5a2d3ae81c9079d9c05896e5f48d6035d89ab444f0f31dea2f01a9747f3b5bea,8,
house,45,Meryl Swanson,Paterson,https://static.aph.gov.au/-/media/03_Senators_and_Members/32_Members/Register/45p/SZ/SwansonM_45P.pdf?rev=5ee8c279a7b5468ea4ef43ce811e46f5&hash=8BE5F5C97C64FE5F14835810B49F8BA8,2019-04-02,pdfs/45/swansonm_45p.pdf,81d360ad0088d352cc4ddd507991aa7ec4d44dda49c279b47df537b4e6845ba9,33,
house,45,Wayne Swan,Lilley,https://static.aph.gov.au/-/media/03_Senators_and_Members/32_Members/Register/45p/SZ/SwanW_45P.pdf?rev=6cfd4dc2849841a99dc21a28e57302c7&hash=F953905DBBD87081F8659E1ABEF487FA,2019-03-26,pdfs/45/swanw_45p.pdf,b1e1340e9e47613a9e9f14b6f153f4ff1d2d2c26aebf9f18c3a682c62cb03f2e,36,
house,45,Angus Taylor,Hume,https://static.aph.gov.au/-/media/03_Senators_and_Members/32_Members/Register/45p/SZ/TaylorA_45P.pdf?rev=ddda68cef35d48bf9e79d2922bf4da3b&hash=43339C61E5ECD476ECF6841BA7433065,2018-08-27,pdfs/45/taylora_45p.pdf,9c656efa61256830fba03f4d6bd7ab3673b3f34e877c06907a61c1013347f1fd,16,
house,45,Dan Tehan,Wannon,https://static.aph.gov.au/-/media/03_Senators_and_Members/32_Members/Register/45p/SZ/TehanD_45P.pdf?rev=70c53c0304c743a8a4ecfc552bee753f&hash=BD31BF9C266708630B410D39994F3641,2019-04-05,pdfs/45/tehand_45p.pdf,f93bf0c7f8301e8794cc01cc2e6515bf26106ba897ef497ef4d39409a7d94de7,28,
house,45,Susan Templeman,Macquarie,https://static.aph.gov.au/-/media/03_Senators_and_Members/32_Members/Register/45p/SZ/TemplemanS_45P.pdf?rev=61b8c329a1014f3db89417b86c67b3fa&hash=57CDC6E819F7EE0C1961C49233CC7E72,2019-02-12,pdfs/45/templemans_45p.pdf,30f3c2e46b445b20580a5e180bfc575623b128210fd98be96ff34c5d65aff898,21,
house,45,Matt Thistlethwaite,Kingsford Smith,https://static.aph.gov.au/-/media/03_Senators_and_Members/32_Members/Register/45p/SZ/ThistlethwaiteM_45P.pdf?rev=ede4b3156e3545ce8e9984bec8c9ee8f&hash=412B67C67ECCB3C2AB0D14B7BE646AE7,2019-04-02,pdfs/45/thistlethwaitem_45p.pdf,9aa3f88c3ab05583b544af493cb0cd748c96905c268e29509e32a2cd42b05153,26,
house,45,Alan Tudge,Aston,https://static.aph.gov.au/-/media/03_Senators_and_Members/32_Members/Register/45p/SZ/TudgeA_45P.pdf?rev=72df5b08177d48d0a133eb38e9df67aa&hash=AA18D419AD661A08C53C9BF55484E72A,2019-01-09,pdfs/45/tudgea_45p.pdf,89dfc7952d8e9bac600a06d2ca7b8ae92c0ac7cc18250139c77b25e07089f396,14,
house,45,Malcolm Turnbull,Wentworth,https://static.aph.gov.au/-/media/03_Senators_and_Members/32_Members/Register/45p/SZ/TurnbullM_45P.pdf?rev=cc5f06e42ba04a878d4ce5acc0e6659c&hash=504599F51E01B6683D5F812A3BB21409,2018-05-21,pdfs/45/turnbullm_45p.pdf,39f4a39682298137847466c5c4e115ea85f1e49b563105c885877297cdedf3a6,36,
house,45,Maria Vamvakinou,Calwell,https://static.aph.gov.au/-/media/03_Senators_and_Members/32_Members/Register/45p/SZ/VamvakinouM_45P.pdf?rev=f9022ea3d733484abdde1762208f2768&hash=D8BAF5DBB46DFD5059DF8B32FC368D1B,2019-02-12,pdfs/45/vamvakinoum_45p.pdf,1513b8ec66bbaa745f3c6c4f96ef5cf9a3de4a75cb2776d03a3bb1ad34638815,14,
house,45,Bert van Manen,Forde,https://static.aph.gov.au/-/media/03_Senators_and_Members/32_Members/Register/45p/SZ/VanManenA_45P.pdf?rev=daf775faa400442495dc7c9afbffaacd&hash=92D80B685FAE8B24FF6B72FE6DE13524,2018-07-23,pdfs/45/vanmanena_45p.pdf,243d8a409d14d5eda10cd49fc17098b9d1bb87e705cc991db067846c5b677cd7,12,
house,45,Ross Vasta,Bonner,https://static.aph.gov.au/-/media/03_Senators_and_Members/32_Members/Register/45p/SZ/VastaR_45P.pdf?rev=2fdbf4a8df7d4653bf0b5c23c4b77c35&hash=6EB1574398E062C5C85AAED5E007C9A0,2017-07-12,pdfs/45/vastar_45p.pdf,5b29c06a40966aa6b26dd8420077d1d57c0d320b66f21e1f3880e36406194678,11,
house,45,Andrew Wallace,Fisher,https://static.aph.gov.au/-/media/03_Senators_and_Members/32_Members/Register/45p/SZ/WallaceA_45P.pdf?rev=ba43e4eea8064f3c929bb7df388655c3&hash=AF6A0E09E95150DD40B49EEE62C48AC5,2018-09-20,pdfs/45/wallacea_45p.pdf,24425193516c9624c6bbd8738fdd123a7a2f657e0a0507e36501b874c8056296,16,
house,45,Tim Watts,Gellibrand,https://static.aph.gov.au/-/media/03_Senators_and_Members/32_Members/Register/45p/SZ/WattsT_45P.pdf?rev=2da57587509d485c987f9f16dae17356&hash=6DE4C8203D1ABB2C3F531EB60306BA41,2019-04-03,pdfs/45/wattst_45p.pdf,2a00b11f32e5d0d16ec9b129df670e3e3d96bdef45ffae03fe8646a27c56e9df,25,
house,45,Lucy Wicks,Robertson,https://static.aph.gov.au/-/media/03_Senators_and_Members/32_Members/Register/45p/SZ/WicksL_45P.pdf?rev=3ec16b7c4aa34115b049b4bbe86de955&hash=04755BD2FEA3E3C57B4B7D46284CDE58,2019-03-11,pdfs/45/wicksl_45p.pdf,94b2d8c200433d52983685076a6a8429b883461799e54c09d7d7cae85701252a,22,
house,45,Andrew Wilkie,Clark,https://static.aph.gov.au/-/media/03_Senators_and_Members/32_Members/Register/45p/SZ/WilkieA_45P.pdf?rev=9bec7f1e63624b7b94ce3f8a03dc2f9c&hash=C1E53A6407A34E4F18E9D26F9020DE2D,2019-01-14,pdfs/45/wilkiea_45p.pdf,15e071d393c9120d392020d89e350a4b90598627c97dff9a9a0c634e641d0599,14,
house,45,Josh Wilson,Fremantle,https://static.aph.gov.au/-/media/03_Senators_and_Members/32_Members/Register/45p/SZ/WilsonJ_45P.pdf?rev=5e721c93379242f58bc8e26b8139005b&hash=1FCA5E2B35F88147A5FCD090E965E53B,2018-04-03,pdfs/45/wilsonj_45p.pdf,e1c334c3c816678b7a6a67b66949c58eeb4fd271905f6f67dcbd182318f55d89,15,
house,45,Josh Wilson,Fremantle,https://static.aph.gov.au/-/media/03_Senators_and_Members/32_Members/Register/45p/SZ/WilsonJ_45P_2.pdf?rev=bf8f6940e38444eda3e0cd321def747d&hash=972F4E665773AEFA4EECB0BAE738CDC3,2019-03-14,pdfs/45/wilsonj_45p_2.pdf,f75af12ced7607e288b42978ce8d56e7d9d35ba3f150dc3d082065e466207a36,14,
house,45,Rick Wilson,O'Connor,https://static.aph.gov.au/-/media/03_Senators_and_Members/32_Members/Register/45p/SZ/WilsonR_45P.pdf?rev=f14a137619f9426598b770d28d794327&hash=595E1D33D169821DB034AE9ED23F5053,2019-02-25,pdfs/45/wilsonr_45p.pdf,1286f87df67579eb030ab6918d8c58d59ddadbb286d68fd61675dc486c381af0,18,
house,45,Tim Wilson,Goldstein,https://static.aph.gov.au/-/media/03_Senators_and_Members/32_Members/Register/45p/SZ/WilsonT_45P.pdf?rev=4d190391ce5f408bb1f428e878839abb&hash=CF0075EF915F9EB67A239E5EC830F6FD,2019-02-13,pdfs/45/wilsont_45p.pdf,bc2f7b8996de51c0977673d7658ec3f11d7e767417d1f7affe3ac4540306ca29,26,
house,45,Jason Wood,La Trobe,https://static.aph.gov.au/-/media/03_Senators_and_Members/32_Members/Register/45p/SZ/WoodJ_45P.pdf?rev=9f51561c0a8042e8ba052925bcbe590a&hash=65A8C4C0F7D6D52A97B845DCC5E07EB8,2017-08-17,pdfs/45/woodj_45p.pdf,b49bd5b55412ec76faed5655f62aafbcaae6a5e8162e6e12d782f03241122e3b,13,
house,45,Ken Wyatt,Hasluck,https://static.aph.gov.au/-/media/03_Senators_and_Members/32_Members/Register/45p/SZ/WyattK_45P.pdf?rev=cf355a559fe54b1ba7b4f12c48fc7bc0&hash=7E84580B164DBDFFC01D68C88421EB3A,2018-11-28,pdfs/45/wyattk_45p.pdf,ebcfc04a66f192b76dbc9db7f3ac02c369bd267e3d67de755b1ae4295d3a0ec4,13,
house,45,Tony Zappia,Makin,https://static.aph.gov.au/-/media/03_Senators_and_Members/32_Members/Register/45p/SZ/ZappiaA_45p.pdf?rev=652b232cd91a4d72836c733c0bbed1b2&hash=5D038F31DC77F6494D7B3C2A5E82CAA5,2018-10-16,pdfs/45/zappiaa_45p.pdf,3669f6374f126e81f56393d790d6a652cda67525bf2c28ec0c13c349e2c709d4,15,
house,45,Trent Zimmerman,North Sydney,https://static.aph.gov.au/-/media/03_Senators_and_Members/32_Members/Register/45p/SZ/ZimmermanT_45P.pdf?rev=a59fbf81135b462bab3b0d8df316c5b0&hash=B910FA244356AF7C30B49895D96CD722,2019-02-13,pdfs/45/zimmermant_45p.pdf,0af04218d01a445f94ad35b94e26aff478bb2adff3de09774db8bf55e788cd31,25,
house,46,Anthony Albanese,Grayndler,https://static.aph.gov.au/-/media/03_Senators_and_Members/32_Members/Register/46p/AB/Albanese_46P.pdf?rev=e15b9947bbaa4c6a8e07b809a00a5b0b&hash=2D8EE20CC160E2D5F9D940B07AFD89DC,2022-04-04,pdfs/46/albanese_46p.pdf,ef8ff3212b0ea57bb9f3fc37e273c6c270301217fa68d68904d8d93b97f5fe33,27,
house,46,John Alexander,Bennelong,https://static.aph.gov.au/-/media/03_Senators_and_Members/32_Members/Register/46p/AB/Alexander_46P.pdf?rev=2e7ddc1ceb1c420a834e7aa03d026a6f&hash=3377DE667A5C74382FFDBF1C2BAF950E,2019-07-31,pdfs/46/alexander_46p.pdf,feb112057905cef55925c940cb8f897aa396e878ab6531f7f87f8f94de9cee21,6,
house,46,Katie Allen,Higgins,https://static.aph.gov.au/-/media/03_Senators_and_Members/32_Members/Register/46p/AB/Allen_46P.pdf?rev=5de4fa32d6284b1589acb73a55360d18&hash=A96E76DB8EF68281E0CECE131022DB01,2022-03-24,pdfs/46/allen_46p.pdf,fe2b8b88f1db1feb458335945ba5a505381dd73528b75174b5ca6abad6245b01,26,
house,46,Anne Aly,Cowan,https://static.aph.gov.au/-/media/03_Senators_and_Members/32_Members/Register/46p/AB/Aly_46P.pdf?rev=9c7edccd189c4cb6899604146c15d261&hash=06A9AE7D5B9E379CBF05D25156308F71,2022-03-13,pdfs/46/aly_46p.pdf,6e7690d098eafd051c66842bb431796a3ada1f169354c7f5dd18caa27a1923ce,15,
house,46,Karen Andrews,McPherson,https://static.aph.gov.au/-/media/03_Senators_and_Members/32_Members/Register/46p/AB/AndrewsKaren_46P.pdf?rev=4992960e73ba47ab82e147690d857d5c&hash=0677673419A9CABA7F7E3C2166287641,2021-11-24,pdfs/46/andrewskaren_46p.pdf,a45d23e60a65699eeec8dbc7de51dac23b56b441e8897efc9530e58f224f0e27,12,
house,46,Kevin Andrews,Menzies,https://static.aph.gov.au/-/media/03_Senators_and_Members/32_Members/Register/46p/AB/AndrewsKevin_46P.pdf?rev=a0300db8feb24319b9b03d371c951011&hash=C0310B86EEB258C6905A9D0A2C3E668D,2021-08-03,pdfs/46/andrewskevin_46p.pdf,c5969455bb9b71596993715aaf03a076e805a28b0fb419ffc0619f528d6f4227,8,
house,46,Bridget Archer,Bass,https://static.aph.gov.au/-/media/03_Senators_and_Members/32_Members/Register/46p/AB/Archer_46P.pdf?rev=8ef24a1e7d974c2d9c3044efdb3890cd&hash=467D36EB32DD20E3011A6C05BD5270B6,2022-02-21,pdfs/46/archer_46p.pdf,7cc86baa08fbc8be1be590c933402807f91981ae409abb97ea445788684f91d8,8,
house,46,Adam Bandt,Melbourne,https://static.aph.gov.au/-/media/03_Senators_and_Members/32_Members/Register/46p/AB/Bandt_46P.pdf?rev=d1246b908e8446b384598f621040b59b&hash=3C83625081E5FB5E4664438B783F76D3,2022-01-25,pdfs/46/bandt_46p.pdf,eebf76191d5c59a34cf42d9f9cfc2d9458fb578115c75fd7861f2bf790e173cd,9,
house,46,Angie Bell,Moncrieff,https://static.aph.gov.au/-/media/03_Senators_and_Members/32_Members/Register/46p/AB/Bell_46P.pdf?rev=1b1c89e598e64118ab0d2ca06cfd6094&hash=F85F16548B2BB3566DDB3A75BD086C32,2022-04-04,pdfs/46/bell_46p.pdf,288e88c8ad3ec98fa5fa3d9e24deaa12fc1f4c943e81ca3e57f9b59bc4716a59,25,
house,46,Sharon Bird,Cunningham,https://static.aph.gov.au/-/media/03_Senators_and_Members/32_Members/Register/46p/AB/Bird_46P.pdf?rev=782331b79bdb48629cb0233c530f4a7b&hash=839A50861CDAC2A473008814CB8619AC,2021-12-23,pdfs/46/bird_46p.pdf,c089527ba97ed7d93ef94eb31f309a52fa6ac5801e53f7685e19939ff8d703fa,10,
house,46,Chris Bowen,McMahon,https://static.aph.gov.au/-/media/03_Senators_and_Members/32_Members/Register/46p/AB/Bowen_46P.pdf?rev=184222c4d5f84a30be76b071cd310c6e&hash=3671213BF69B86360E258D14D197A05C,2022-03-18,pdfs/46/bowen_46p.pdf,6eca26065563152a7b05c5558185951e785e7bfbee5b28a42c521c5fffddccd6,14,
house,46,Russell Broadbent,Monash,https://static.aph.gov.au/-/media/03_Senators_and_Members/32_Members/Register/46p/AB/Broadbent_46P.pdf?rev=81ddc06f3bf6480e81d6d8af3bd740a1&hash=5D11BB2E6DBB79B25C6B7D32672A60A0,2019-07-31,pdfs/46/broadbent_46p.pdf,f32995dc46dbea58606186762096163148b3bc286819c3e80b426591bfebe531,6,
house,46,Scott Buchholz,Wright,https://static.aph.gov.au/-/media/03_Senators_and_Members/32_Members/Register/46p/AB/Buchholz_46P.pdf?rev=1dbf15919bbc468995677e34cf98c398&hash=089CD25A19B49E23D55ACB5BF9C83794,2021-09-14,pdfs/46/buchholz_46p.pdf,a7f8eecc6685c575cc5ff9bf889a228261703ec42e89a797276173ab592eba10,14,
house,46,Tony Burke,Watson,https://static.aph.gov.au/-/media/03_Senators_and_Members/32_Members/Register/46p/AB/Burke_46P.pdf?rev=a4488e771ca34b2fbf15c7a5ff6979ae&hash=4F20081AD12A0D05C9D0309EA70503AE,2022-02-03,pdfs/46/burke_46p.pdf,0a48033bb5741d2fbab05422fb22167eeea7dc3c26378f5d57d894b0da397be8,11,
house,46,Linda Burney,Barton,https://static.aph.gov.au/-/media/03_Senators_and_Members/32_Members/Register/46p/AB/Burney_46P.pdf?rev=90faf06584124a53ac9ac968a7ce9e36&hash=393F99F9A44E41B1F4B30C68EF17E1C1,2021-11-11,pdfs/46/burney_46p.pdf,021df3a67b6fab8539b115da1eac81a69c693be6fd8f28c7363e1e4065b18ccf,9,
house,46,Josh Burns,Macnamara,https://static.aph.gov.au/-/media/03_Senators_and_Members/32_Members/Register/46p/AB/Burns_46P.pdf?rev=9e42b6879e1d41ec9e1af6bd84404570&hash=66B725E04534DA3BDD8E7C6AAF23E89F,2019-10-14,pdfs/46/burns_46p.pdf,b014bf6cd85620e5b08ddc47cfb4a9c6ac680c7b24ae6d29794c88cf93dccace,9,
house,46,Terri Butler,Griffith,https://static.aph.gov.au/-/media/03_Senators_and_Members/32_Members/Register/46p/AB/Butler_46P.pdf?rev=e687ba2a5c4e4cd8a1eda23eea1889fe&hash=57E60F5EA9A96F79279938FD2922E91E,2022-02-01,pdfs/46/butler_46p.pdf,2aadc6417a498632e9c96195e87f1abe9811f7e1e0458bce6cd4ec449adbc6d8,24,
house,46,Mark Butler,Hindmarsh,https://static.aph.gov.au/-/media/03_Senators_and_Members/32_Members/Register/46p/AB/ButlerM_46P.pdf?rev=aaadc0bcf75446f3b0f91baca9dee851&hash=069EF874493875A47BC8AB79C2BE2D0C,2022-01-17,pdfs/46/butlerm_46p.pdf,c466c055c62fc8c2740d7edbb638e076368ea426c7dd64a417c07564b0c1d324,16,
house,46,Anthony Byrne,Holt,https://static.aph.gov.au/-/media/03_Senators_and_Members/32_Members/Register/46p/AB/Byrne_46P.pdf?rev=fd7c029f663a4bbbab5202dc03dccfd6&hash=59EF0FD43E7F8A85E54EB742BE159198,2019-10-31,pdfs/46/byrne_46p.pdf,4d36bab8b28625ac15c2e0f6cfabec7b722155cf3a6d0a75407666bfc9e9dbba,7,
house,46,Jim Chalmers,Rankin,https://static.aph.gov.au/-/media/03_Senators_and_Members/32_Members/Register/46p/CF/Chalmers_46P.pdf?rev=a9718da180ee438b9cf46a1176ebd696&hash=66A6ADBBD682EF0F615747367A35529B,2022-04-11,pdfs/46/chalmers_46p.pdf,5577bb6cb706651f46bcd1b5f8b2e3dd1f6b2d9d9f92dfff3b286f0b52b5ca1c,23,
house,46,Nick Champion,Spence,https://static.aph.gov.au/-/media/03_Senators_and_Members/32_Members/Register/46p/CF/Champion_46P.pdf?rev=573e3b860a754e29bdd173279a23327a&hash=822659A66AD06B8D5802A34CA61ECA7B,2020-09-22,pdfs/46/champion_46p.pdf,50d7fee4e6f46204daaeb707af6c22cce5bb759aeef95f0ad50f2e6ab99f47d8,7,
house,46,Darren Chester,Gippsland,https://static.aph.gov.au/-/media/03_Senators_and_Members/32_Members/Register/46p/CF/Chester_46P.pdf?rev=82e7b4e5f0114d34a366e04ca9282c89&hash=7B380C586A4F3F118B5A8FC2A4F23E61,2022-01-18,pdfs/46/chester_46p.pdf,f7dfbf7c2cddcc76a71bb32d98c1bf870ab6fb83857cfc311e7a2b1aaae878d1,11,
house,46,Lisa Chesters,Bendigo,https://static.aph.gov.au/-/media/03_Senators_and_Members/32_Members/Register/46p/CF/ChestersL_46P.pdf?rev=30a3fc6ab99f480ebc006623d1299dca&hash=5D3DE4E00E98894E31FBFC24BCF3396F,2020-03-05,pdfs/46/chestersl_46p.pdf,7456f8ce22a7c1738a2b9d6d3b0ca30911af15673b3414dbffe53ff028049087,8,
house,46,George Christensen,Dawson,https://static.aph.gov.au/-/media/03_Senators_and_Members/32_Members/Register/46p/CF/Christensen_46P.pdf?rev=9b7ca8c975f647459029a7883d23d707&hash=3E9C17A1BCDCE76E0EE37A0C96AD5F01,2021-11-22,pdfs/46/christensen_46p.pdf,46cfb5371301304ca4176ee9c285757a2e7469ac341fe73ac027f775d716642f,8,
house,46,Jason Clare,Blaxland,https://static.aph.gov.au/-/media/03_Senators_and_Members/32_Members/Register/46p/CF/Clare_46P.pdf?rev=828d9aac4c134a1e93f422986da31e89&hash=6DA566965658A2B3238EEA959627CDE8,2022-01-17,pdfs/46/clare_46p.pdf,3109e76c6c7b25613e3586087bde6ceae01048ba501525193a987bb651e175d4,33,
house,46,Sharon Claydon,Newcastle,https://static.aph.gov.au/-/media/03_Senators_and_Members/32_Members/Register/46p/CF/Claydon_46P.pdf?rev=5a60e4abff3d4f75a1e9b174c66c7645&hash=EC17EEACC86D74AD09F4A0A166EB448D,2021-12-23,pdfs/46/claydon_46p.pdf,073567263458314336391832668888bcc67ffd183f2c5df2914e5b72e628f089,12,
house,46,Libby Coker,Corangamite,https://static.aph.gov.au/-/media/03_Senators_and_Members/32_Members/Register/46p/CF/Coker_46P.pdf?rev=696bef7025954682bc69b4e376c6879d&hash=665539EC380D1E9741D3E031D6D2F98D,2020-03-17,pdfs/46/coker_46p.pdf,59785b28c8a0232ce20f54a12fd0858db14f692e9b4025b28196fa397858c191,12,
house,46,David Coleman,Banks,https://static.aph.gov.au/-/media/03_Senators_and_Members/32_Members/Register/46p/CF/Coleman_46P.pdf?rev=6c12010364e84ffa8a2cf319b099e5c6&hash=3C4C5D144AF83E3BCC01117AAB8063AB,2022-04-04,pdfs/46/coleman_46p.pdf,caafc16eb300fcec3ca891b57936b597e0c158640d274ec73b20411abb4be745,16,
house,46,Julie Collins,Franklin,https://static.aph.gov.au/-/media/03_Senators_and_Members/32_Members/Register/46p/CF/Collins_46P.pdf?rev=1592141d3bfb4cc9a861ad0f24b26f44&hash=0E82F2E394D05BFD2C8576477CAF15A0,2022-02-11,pdfs/46/collins_46p.pdf,969521d65ae9627f3be80d912809a1a4c69f5676c886d121db391ee773fa0dc8,7,
house,46,Pat Conaghan,Cowper,https://static.aph.gov.au/-/media/03_Senators_and_Members/32_Members/Register/46p/CF/Conaghan_46P.pdf?rev=72b50427cf564b6aac215110d1060d75&hash=DC26A16132F26DEF58854D538DA777C0,2022-03-18,pdfs/46/conaghan_46p.pdf,f9bf871b037d18ad9579a2e3ef10b806fe2b48be5eb65c8a9e88fcca60d17a51,7,
house,46,Vince Connelly,Stirling,https://static.aph.gov.au/-/media/03_Senators_and_Members/32_Members/Register/46p/CF/Connelly_46P.pdf?rev=ab778d9a43804885be34e821b7d5048e&hash=7746905BBA04F2609B93AE29FDD85A31,2021-08-14,pdfs/46/connelly_46p.pdf,4caf13fe60396162d7b7b6f9e96d59a837ba6764c6a87a45e09abf0c864f6daa,21,
house,46,Pat Conroy,Shortland,https://static.aph.gov.au/-/media/03_Senators_and_Members/32_Members/Register/46p/CF/Conroy_46P.pdf?rev=07f1fc54a8054d77b31c38af714c3ecb&hash=50C0AD6680FCF4C8103909698C236551,2022-01-10,pdfs/46/conroy_46p.pdf,700e1c5377e1e639d852cd382c44de5d0e50c746dfd0e7271f604cc85143d66e,14,
house,46,Mark Coulton,Parkes,https://static.aph.gov.au/-/media/03_Senators_and_Members/32_Members/Register/46p/CF/Coulton_46P.pdf?rev=6f45028c6b5c4fb3b42186d5b6835efc&hash=106905FC59FE422F6F695CEC045271A5,2021-10-21,pdfs/46/coulton_46p.pdf,860cf91535cac8e1c81869f5399cc6faa3b4451365de13921aa838df04a5ec1a,9,
house,46,Milton Dick,Oxley,https://static.aph.gov.au/-/media/03_Senators_and_Members/32_Members/Register/46p/CF/Dick_46P.pdf?rev=8a039a03233f495fb43d056f1c92aab0&hash=12A35B8FB0FBFA2CD0E88FBF058E350E,2021-05-24,pdfs/46/dick_46p.pdf,a1059feb7e5a3f42dd26f199ce334818041dc4de227ea9cfb71a183aac6bf47a,12,
house,46,Mark Dreyfus,Isaacs,https://static.aph.gov.au/-/media/03_Senators_and_Members/32_Members/Register/46p/CF/Dreyfus_46P.pdf?rev=47fb6804e31b4f8a8dce1b64e613661b&hash=FFAE515904BB420B9C60428BA66AE1A5,2022-02-14,pdfs/46/dreyfus_46p.pdf,adeebeab6494a10cbd0e1c6ecbad6b15fa3dc406b7d5bc0080b6fc305b0521e7,11,
house,46,Damian Drum,Nicholls,https://static.aph.gov.au/-/media/03_Senators_and_Members/32_Members/Register/46p/CF/Drum_46P.pdf?rev=0402abffe422457fa389cfc4741c9446&hash=B1DEF5055AA041A6F0F13A9D03FCF15E,2022-02-02,pdfs/46/drum_46p.pdf,ed28b88370aea5e79ba6f537d374642aad31a8164cc854598f4e2921281a9c8e,13,
house,46,Peter Dutton,Dickson,https://static.aph.gov.au/-/media/03_Senators_and_Members/32_Members/Register/46p/CF/Dutton_46P.pdf?rev=17e4f66625904551b1734307f92ba322&hash=1249466F438EEDA5C3D64A5142EDDC8C,2022-01-21,pdfs/46/dutton_46p.pdf,4c5f6af321adb62777bf8b813e5d48fd9fe49d69eb2f082bcf52341f5add8e56,17,
house,46,Justine Elliot,Richmond,https://static.aph.gov.au/-/media/03_Senators_and_Members/32_Members/Register/46p/CF/Elliot_46P.pdf?rev=31cca07fb66b45ea9ab698067e482816&hash=C0E0A4059775EAE17768C1DBA2122E14,2020-12-09,pdfs/46/elliot_46p.pdf,423a99e355ee4aeb6a122f8495e36bed6c4d7c0ca5569aa30269b0a8d245dd6c,8,
house,46,Warren Entsch,Leichhardt,https://static.aph.gov.au/-/media/03_Senators_and_Members/32_Members/Register/46p/CF/Entsch_46P.pdf?rev=0df148b8e2ca4fe89411edb0f01eee19&hash=B901F7971865219DA7E8EA8174C4952C,2022-03-31,pdfs/46/entsch_46p.pdf,553a25c9d14da617eb93ff00b42d5391730c780683ff754f8d0aac8bb12a8823,8,
house,46,Trevor Evans,Brisbane,https://static.aph.gov.au/-/media/03_Senators_and_Members/32_Members/Register/46p/CF/Evans__46P.pdf?rev=04a7cf05c7654b80b7f47f9b3cfdd599&hash=E38A31A40174179FE89FAC2B317B5020,2022-02-07,pdfs/46/evans__46p.pdf,8d754be6e2b16c51ce1fd64968d5c6f5e81e9185fbe8367c352abb4d58c6527a,22,
house,46,,,https://static.aph.gov.au/-/media/03_Senators_and_Members/32_Members/Register/Explanatory_notes/Explanatory_Notes___Booklet_1.pdf?rev=276340c5346441df91e79dee3912ed83&hash=D269D2F6B53B2CB55B8142F401C5EBEB,,pdfs/46/explanatory_notes___booklet_1.pdf,805aa6fea9dc918c802cff2baea9c4e3d2bdc773887da94630dede5d906c7048,7,
house,46,Jason Falinski,Mackellar,https://static.aph.gov.au/-/media/03_Senators_and_Members/32_Members/Register/46p/CF/Falinski_46P.pdf?rev=f59e954ae05f4cbb9d3715903c5184b7&hash=27248C1BF63878D5126EAFD21ECF2AE4,2022-02-07,pdfs/46/falinski_46p.pdf,e5523d28d61157aeeccfcb9125f691fe24e42719a97a4ae21855b6f4943f7f5d,17,
house,46,Joel Fitzgibbon,Hunter,https://static.aph.gov.au/-/media/03_Senators_and_Members/32_Members/Register/46p/CF/Fitzgibbon_46P.pdf?rev=f21602bbd9d04ebe88117f4ff5e86480&hash=EBC488BC9180A8D3F0601EB2895A2C67,2022-03-03,pdfs/46/fitzgibbon_46p.pdf,f862bc602df9c73cfad150b464f74c39080a125aa66fa1b1277b7755a3237f94,22,
house,46,Paul Fletcher,Bradfield,https://static.aph.gov.au/-/media/03_Senators_and_Members/32_Members/Register/46p/CF/Fletcher_46P.pdf?rev=a41eae78c10247b99e4095fed2b1d9fa&hash=0C5175DB634D46FD0E70A7A198D03B31,2022-02-07,pdfs/46/fletcher_46p.pdf,bbf79181e56f35623614c64c0479e3fe419e10d81a571ea827e2db6e581c31a2,32,
house,46,Nicolle Flint,Boothby,https://static.aph.gov.au/-/media/03_Senators_and_Members/32_Members/Register/46p/CF/Flint_46P.pdf?rev=494b8e936eec48c9a3c94e0a711cd430&hash=547FBE63E8F721C57AF14D34CDE8E65F,2021-12-13,pdfs/46/flint_46p.pdf,71aff3419bc28b29f70d1625f64167a00914e731ba12405dbbb9a4e09ef71d2f,7,
house,46,Mike Freelander,Macarthur,https://static.aph.gov.au/-/media/03_Senators_and_Members/32_Members/Register/46p/CF/Freelander_46P.pdf?rev=ce7119d63b15437f943e69855b2bd2c4&hash=61EF928872439FC09AB03CC0E936F04C,2022-01-27,pdfs/46/freelander_46p.pdf,c0836a331a84f91bb1c9aacd467f02bcf03d5ef7b3fee67b51be5656359e0d71,13,
house,46,Josh Frydenberg,Kooyong,https://static.aph.gov.au/-/media/03_Senators_and_Members/32_Members/Register/46p/CF/Frydenberg_46P.pdf?rev=f6abeeea1ea4479b8619cda580bf828e&hash=79B4B44AEC3D6D6C32F3A10B4D5D00B3,2022-02-02,pdfs/46/frydenberg_46p.pdf,170680928b91a38cd50fb92de04af42961fc42728068f55ac3e69eeaca51ecdb,22,
house,46,Andrew Gee,Calare,https://static.aph.gov.au/-/media/03_Senators_and_Members/32_Members/Register/46p/GJ/Gee_46P.pdf?rev=1280adcdaccf4da19d9e2f672932c58e&hash=5562ACDA4BD407EAE2A0656BD54E0723,2021-12-23,pdfs/46/gee_46p.pdf,fcd13c6f59fd2857fa6629b3d1dd36fe417b2a6009bc67653c6d6ea7033b895b,24,
house,46,Steve Georganas,Adelaide,https://static.aph.gov.au/-/media/03_Senators_and_Members/32_Members/Register/46p/GJ/Georganas_46P.pdf?rev=fadb97812008459fa14151144cea8447&hash=959E979FE230DE7E767BA59B3E7ADCEF,2021-12-01,pdfs/46/georganas_46p.pdf,9d0d5a9342ea4687e7c06aaf99354155134bbe4e05819212eb0c3c123d2a6b62,10,
house,46,Andrew Giles,Scullin,https://static.aph.gov.au/-/media/03_Senators_and_Members/32_Members/Register/46p/GJ/Giles_46P.pdf?rev=b36cfe6ed030476f8be805254aa5c8bf&hash=F796B499FABA2AA95B0D33F6AFF11E75,2019-12-13,pdfs/46/giles_46p.pdf,2a026b93243422da5a9219b40f4e828dfc0bebf0a7a273491d7043f471b011e1,7,
house,46,David Gillespie,Lyne,https://static.aph.gov.au/-/media/03_Senators_and_Members/32_Members/Register/46p/GJ/Gillespie_46P.pdf?rev=4995b183f2b14aaab2cd870812c7a76c&hash=1D004EE19AD105A68085C3B64A036781,2022-03-08,pdfs/46/gillespie_46p.pdf,60b531cc0377776f452d38707d5b71620c55c64cef6828a09a3c9e76e2379be0,14,
house,46,Ian Goodenough,Moore,https://static.aph.gov.au/-/media/03_Senators_and_Members/32_Members/Register/46p/GJ/Goodenough_46P.pdf?rev=510a7d4d1aae48a9a616d6b889ddc98b&hash=2CE75D5032053450E62F306649CEBD30,2019-09-10,pdfs/46/goodenough_46p.pdf,3a34638f06ea1fa9badfe858638121ae6c43797c6a3841986dd66b77a66c55b4,8,
house,46,Patrick Gorman,Perth,https://static.aph.gov.au/-/media/03_Senators_and_Members/32_Members/Register/46p/GJ/Gorman_46P.pdf?rev=81d36ccf467d4d25b0e5de7ab60ff213&hash=FC0F93FA902F33400CA6E4A96EA4986A,2022-03-22,pdfs/46/gorman_46p.pdf,33f5cccb227c959e03903a904c7eb7414eabfa4645c1233d98cc3c48e5f1526f,23,
house,46,Luke Gosling,Solomon,https://static.aph.gov.au/-/media/03_Senators_and_Members/32_Members/Register/46p/GJ/Gosling_46P.pdf?rev=4bd2cc82da594890bf3e55075c83da5e&hash=A70632B8E0A1A162727D50DD7D2EAB1D,2021-01-06,pdfs/46/gosling_46p.pdf,bc6993824f73fe4532c4fc6d211f305ca8350db6fea9910663c27cfdae90b5ff,7,
house,46,Helen Haines,Indi,https://static.aph.gov.au/-/media/03_Senators_and_Members/32_Members/Register/46p/GJ/Haines_46P.pdf?rev=508fbba1121644e49c9177f4089dc0c0&hash=08819801B61ACAEA615BAA4EA26342D7,2022-03-13,pdfs/46/haines_46p.pdf,fb0a19695fe99f84017546644ee17ad52922f30f5dc65cd225e351d643e0ff6b,33,
house,46,Garth Hamilton,Groom,https://static.aph.gov.au/-/media/03_Senators_and_Members/32_Members/Register/46p/GJ/Hamilton_46P.pdf?rev=d6340f5cc00b4f4b8d2b9b55fece95b7&hash=DBE3B8841DA08C56744403F794CF2C1C,2021-11-15,pdfs/46/hamilton_46p.pdf,e6c1bbc147511c22ca8b17a764617be451d0f07351549c2f4ae5511b9b711411,21,
house,46,Celia Hammond,Curtin,https://static.aph.gov.au/-/media/03_Senators_and_Members/32_Members/Register/46p/GJ/Hammond_46P.pdf?rev=17145ed77f284a0692b4ab429772e5f2&hash=2C8D51D5BF80421FD2EE46E77668B95B,2021-10-08,pdfs/46/hammond_46p.pdf,c2f945a52358bd9824a21b413dee049c37d3696b49a35818a0c9dbb8e1a74b3b,16,
house,46,Andrew Hastie,Canning,https://static.aph.gov.au/-/media/03_Senators_and_Members/32_Members/Register/46p/GJ/Hastie_46P.pdf?rev=9d97514ec2e54362aeddf5364246f74f&hash=5AEC0AB7BA83A81F0FFD1AB5C11F9E14,2021-11-17,pdfs/46/hastie_46p.pdf,c3f2fb2662e660263280af03b62f1f64f991923e5dced281b07ec9106c8bc9ff,19,
house,46,Alex Hawke,Mitchell,https://static.aph.gov.au/-/media/03_Senators_and_Members/32_Members/Register/46p/GJ/Hawke_46P.pdf?rev=b3355f3637884953af15e658084cb782&hash=E9FF46A3A008F1433B28AB8D10B53458,2019-07-31,pdfs/46/hawke_46p.pdf,c9ea26587e8d4d7fa98c458cd38ea9c22c30015e63b86e3eda1143a5bb608cc7,6,
house,46,Chris Hayes,Fowler,https://static.aph.gov.au/-/media/03_Senators_and_Members/32_Members/Register/46p/GJ/Hayes_46P.pdf?rev=f8a22abbb421490a90092d6756d12f4e&hash=508E255938A704D32F1D9AB4E1934717,2021-11-30,pdfs/46/hayes_46p.pdf,7beca8ef5ffaf1254be5ad7dd0b3cb650866b11b45128127db4e664c2e358d36,10,
house,46,Julian Hill,Bruce,https://static.aph.gov.au/-/media/03_Senators_and_Members/32_Members/Register/46p/GJ/Hill_46P.pdf?rev=8b44ed3d0f9e4245a4a7ea4b4bdeb472&hash=A05A87B9BACE0CD4AAF12613B6EA011A,2022-02-17,pdfs/46/hill_46p.pdf,5c0cde684250c213a38037a9bdba24737e0df2e12ed309f940fe1acdb387051b,15,
house,46,Kevin Hogan,Page,https://static.aph.gov.au/-/media/03_Senators_and_Members/32_Members/Register/46p/GJ/Hogan_46P.pdf?rev=71ab6da575564ff2ad79a11e43fb90bc&hash=114DB9B7895463EA813CE15519720C85,2021-12-13,pdfs/46/hogan_46p.pdf,54a96dac00ea26e2c5b9b2780d5a80e69e2718c2ac8abfb850f92c4b4293ab81,12,
house,46,Luke Howarth,Petrie,https://static.aph.gov.au/-/media/03_Senators_and_Members/32_Members/Register/46p/GJ/Howarth_46P.pdf?rev=e941f0e2dd0244468c0eac2da54e0069&hash=5544D3111B42DCAFC43EAA9695E3D175,2021-03-17,pdfs/46/howarth_46p.pdf,7fa4f4871b2528f5ce5c6711666ad49902a888f2d8c19dac63f5fb9fcc2d0975,9,
house,46,Greg Hunt,Flinders,https://static.aph.gov.au/-/media/03_Senators_and_Members/32_Members/Register/46p/GJ/Hunt_46P.pdf?rev=71203a6a2b6c426e96fcfc66c4a4c6ad&hash=B3F3672807891452087135D346648FA7,2022-02-24,pdfs/46/hunt_46p.pdf,ed7c7b98c3a016ccf9c365a84b6ff259ff9c0d2af63f812e7807df9dee50bb59,24,
house,46,Ed Husic,Chifley,https://static.aph.gov.au/-/media/03_Senators_and_Members/32_Members/Register/46p/GJ/Husic_46P.pdf?rev=fa5931075a3e4926adf0de1330de4fae&hash=D76B24B9FC6872459F62E7D60E5A5469,2020-04-01,pdfs/46/husic_46p.pdf,76f96ea0c293bb27f9f014a70041499de9563cddf7c127d915084cc7909cbf76,8,
house,46,,,,,pdfs/46/interestsr_46p.pdf,43ef4234705c14df5affdd15f3bdd725afaa8efd121925bc5260e89dbc208a80,2,
house,46,Steve Irons,Swan,https://static.aph.gov.au/-/media/03_Senators_and_Members/32_Members/Register/46p/GJ/Irons_46P.pdf?rev=7ebedb22850d49f48dbb68bebf14fbc1&hash=20738FF7407DBF9143307E942A09C046,2021-09-28,pdfs/46/irons_46p.pdf,e3f51c82cc1eb00476a138850667b1d474f6d883f841c465a04347683b7ec69f,14,
house,46,Stephen Jones,Whitlam,https://static.aph.gov.au/-/media/03_Senators_and_Members/32_Members/Register/46p/GJ/Jones_46P.pdf?rev=4e2bb50214fe41429a582e87a0f33d3e&hash=0D7E305C0053B5C53F037B5E4D58CA5E,2021-10-13,pdfs/46/jones_46p.pdf,726366f0ae114b55ad5c23ddf6a55936e052145e07de2e1b87fedbbed708f75d,12,
house,46,Barnaby Joyce,New England,https://static.aph.gov.au/-/media/03_Senators_and_Members/32_Members/Register/46p/GJ/Joyce_46P.pdf?rev=cf708d94358e4a4ca69f8d9de643c495&hash=7B040066BC6411EE02B280C47D499A87,2021-09-06,pdfs/46/joyce_46p.pdf,0903cee6c60b12b4d17d72afb5a34e51db954ac016b46f6db03f235978e99d90,15,
house,46,Bob Katter,Kennedy,https://static.aph.gov.au/-/media/03_Senators_and_Members/32_Members/Register/46p/KN/Katter_46P.pdf?rev=613f8d40883040c09ef6faf3fa86fb89&hash=345103EE521C5EC92BE01833ADCD4B08,2021-12-03,pdfs/46/katter_46p.pdf,74afccc8bb67a92dbc4698eb108c08e3800e3e349777925bfbd7706284d99b97,10,
house,46,Ged Kearney,Cooper,https://static.aph.gov.au/-/media/03_Senators_and_Members/32_Members/Register/46p/KN/Kearney_46P.pdf?rev=143cd671c2574c4fad2a650c912f0e15&hash=C08C40BA4BC9D25BA852EE787C9F4371,2020-12-21,pdfs/46/kearney_46p.pdf,db2c5f5fd8d9d2201f1ade94b95012d49dc2fc12bfba585102a3954a9e3a0374,21,
house,46,Craig Kelly,Hughes,https://static.aph.gov.au/-/media/03_Senators_and_Members/32_Members/Register/46p/KN/KellyC_46P.pdf?rev=a0ec4bb114604294a2279cedca36dcfe&hash=19D09BBF3660C0880E7A1E34B98B013E,2021-12-20,pdfs/46/kellyc_46p.pdf,b6bafffbdd2b35b73d5781e76974cc019a8186b0e6b64997a708bd958454b81f,7,
house,46,Mike Kelly,Eden-Monaro,https://static.aph.gov.au/-/media/03_Senators_and_Members/32_Members/Register/46p/KN/KellyM_46P.pdf?rev=89c225e0bd7d4f1d97a440b15faa08aa&hash=92A3F353507C78AF3E85482F65AD2111,2019-07-31,pdfs/46/kellym_46p.pdf,edd98f708b51d14a2fcaebee0ec449cd21d14cd2d4125f4bcfb88e7f385e0cbb,6,
house,46,Matt Keogh,Burt,https://static.aph.gov.au/-/media/03_Senators_and_Members/32_Members/Register/46p/KN/Keogh_46P.pdf?rev=e470a261cec34e9eb7596079d478f354&hash=3AB88CB533896791506302C39BA87EBB,2022-04-11,pdfs/46/keogh_46p.pdf,40009932d0172752020b0edf33a905bae28fbb27fe7a713397bd024617b647a4,24,
house,46,Peter Khalil,Wills,https://static.aph.gov.au/-/media/03_Senators_and_Members/32_Members/Register/46p/KN/Khalil_46P.pdf?rev=03622b18d508436b93e6894610cb2575&hash=7D34B52A416E6002E653D476D86DBFE6,2022-01-25,pdfs/46/khalil_46p.pdf,b00321d79738bbcdd7def620a8a3b0ece31ad0df259e647aa4545fb6b138df93,8,
house,46,Catherine King,Ballarat,https://static.aph.gov.au/-/media/03_Senators_and_Members/32_Members/Register/46p/KN/KingC_46P.pdf?rev=fc33f7fc0bf04586a198b808a893caa2&hash=EB0B1CF24A004E108640E070D85A84ED,2021-04-01,pdfs/46/kingc_46p.pdf,50132ef0ab5e24a8d5d27d625b24ffc59d735578deb4cf6e5dfe89136806c837,11,
house,46,Madeleine King,Brand,https://static.aph.gov.au/-/media/03_Senators_and_Members/32_Members/Register/46p/KN/KingM_46P.pdf?rev=1068cfdb47344f28b1a67df3e7c5d9a4&hash=8EE17CB60F1B927EA88A98DB09B74A64,2021-10-13,pdfs/46/kingm_46p.pdf,a48881dc1bf2b35d369a27113ac84d569e2895a8862d1f185e972f847f353859,12,
house,46,Andrew Laming,Bowman,https://static.aph.gov.au/-/media/03_Senators_and_Members/32_Members/Register/46p/KN/Laming_46P.pdf?rev=6d401d0cbd7b439a9606b244118d4d2c&hash=E285C7E7D9E079C0CED6CD2102EDFE95,2021-03-24,pdfs/46/laming_46p.pdf,d4502f17b18784b044db9647db0019f1be05f8748a87142a78fd62cfcdccbb19,11,
house,46,Michelle Landry,Capricornia,https://static.aph.gov.au/-/media/03_Senators_and_Members/32_Members/Register/46p/KN/Landry_46P.pdf?rev=96553386b58b4cb390c0897419e45e7d&hash=3B2E009277C555D108079C591F08F8B7,2022-01-20,pdfs/46/landry_46p.pdf,ad684a331495156edf57a545e2844afee9a03f959e6d6c7ab126a6ed218ecfc2,18,
house,46,Julian Leeser,Berowra,https://static.aph.gov.au/-/media/03_Senators_and_Members/32_Members/Register/46p/KN/Leeser46P.pdf?rev=a228147e5c4c4a80b13f8c99f5de48ba&hash=44B2B77F413185C41B0F60225717B35D,2021-12-07,pdfs/46/leeser46p.pdf,e44a6172f4a2a535563a1bcd24a313537955b870d726bfcc68aee9ea5b39bffb,26,
house,46,Andrew Leigh,Fenner,https://static.aph.gov.au/-/media/03_Senators_and_Members/32_Members/Register/46p/KN/Leigh_46P.pdf?rev=8b55a9a63d16478ab3c1dfc511261afd&hash=64339B81648A91E1F85DF2ABD8CF3027,2021-06-23,pdfs/46/leigh_46p.pdf,4df560e93ab3afdd0b3914ea2ec5bbdaa19a9175d81d5e23be091c13570016f7,12,
house,46,Sussan Ley,Farrer,https://static.aph.gov.au/-/media/03_Senators_and_Members/32_Members/Register/46p/KN/Ley_46P.pdf?rev=8adc69c18f8b4ead89a3a974899ac55f&hash=AD2DADF6F2670D7F1F22D4EEF884921E,2021-11-22,pdfs/46/ley_46p.pdf,51ccacffb0a56792116593720b85b03cc2d6a74a47ea8e2e64f1d4f66373e1ed,14,
house,46,David Littleproud,Maranoa,https://static.aph.gov.au/-/media/03_Senators_and_Members/32_Members/Register/46p/KN/Littleproud_46P.pdf?rev=253c3f7c8e8a44a0b6455fa0db040349&hash=FDE2131D237E04DE027C8D4A31FD5D9D,2021-06-18,pdfs/46/littleproud_46p.pdf,e6a845a96c1fbd14f9df2f8cb6606dda9a351a33fe3f89357428eff55e6169ee,10,
house,46,Gladys Liu,Chisholm,https://static.aph.gov.au/-/media/03_Senators_and_Members/32_Members/Register/46p/KN/Liu_46P.pdf?rev=0e0c885d1aff487e88e45f4f9bf7a143&hash=5830A198A2CC5E8BEE2AF9D09BFADFE5,2021-07-20,pdfs/46/liu_46p.pdf,2964b7223a9c473cfaa92d971a74b3693576721381b31dae5ced9105b03a3e49,9,
house,46,Nola Marino,Forrest,https://static.aph.gov.au/-/media/03_Senators_and_Members/32_Members/Register/46p/KN/Marino_46P.pdf?rev=f4085af7bb7041a8873d7bccf19047a0&hash=301EE3053BB658BEA0009A6A7C35EAAE,2021-11-29,pdfs/46/marino_46p.pdf,dbee8b9790ded79fa9a11ff91c30782f1900a5e13ef1d1cb858372e5d28a6f61,9,
house,46,Richard Marles,Corio,https://static.aph.gov.au/-/media/03_Senators_and_Members/32_Members/Register/46p/KN/Marles_46P.pdf?rev=f0c12a582be74a0abb42e1796d354f78&hash=79E7AB50C5AA85F7F305C9A638986B17,2021-11-29,pdfs/46/marles_46p.pdf,82bafb0766208a7884e2571ae17164d3989f3e2dcea8bb1fed6f65e3ed6e733d,15,
house,46,Fiona Martin,Reid,https://static.aph.gov.au/-/media/03_Senators_and_Members/32_Members/Register/46p/KN/Martin_46P.pdf?rev=fe6f18882ae946d5849b5fb3e95c4b37&hash=927CC825FDEFE67B7F36F190D70F21BE,2022-01-18,pdfs/46/martin_46p.pdf,def16a0a87a395afdd24c771c966fc96732c4e49f945236c78c37dc8b033d946,22,
house,46,Kristy McBain,Eden-Monaro,https://static.aph.gov.au/-/media/03_Senators_and_Members/32_Members/Register/46p/KN/Mc_Bain_46P.pdf?rev=ff63da9707c54913bbcd8ca72e792405&hash=CFE1F13885B3FDF8BE8050790A1F1569,,pdfs/46/mc_bain_46p.pdf,d20208d0e84b8188e5f1315d4f21701b0abb88c0f67916f733bd78d9f73cddfe,7,
house,46,Emma McBride,Dobell,https://static.aph.gov.au/-/media/03_Senators_and_Members/32_Members/Register/46p/KN/McBride_46P.pdf?rev=e0f27e9440ff426a950c0cae479596dd&hash=763A77E6043A6591F04EB59995312732,2020-12-08,pdfs/46/mcbride_46p.pdf,4cd2f1358ea5d2b4ba6fdc06546ff8e02ae0cdf9ed37c291f1e56ace84e4a2da,10,
house,46,Michael McCormack,Riverina,https://static.aph.gov.au/-/media/03_Senators_and_Members/32_Members/Register/46p/KN/McCormack_46P.pdf?rev=c6932211de854640843c14757d917b23&hash=C666D6FCCB16566DECFEC5CE5350FA41,2021-12-23,pdfs/46/mccormack_46p.pdf,b8879b5c727ec51959844f7b0bc43b0fb6eb23d82a2d15ec2eae627d51950c27,14,
house,46,Melissa McIntosh,Lindsay,https://static.aph.gov.au/-/media/03_Senators_and_Members/32_Members/Register/46p/KN/McIntosh_46P.pdf?rev=bdca44f9eb8d4d63bdc5a5c223316f57&hash=CAC850958BEF01AA047E672BAB4E9799,2019-07-31,pdfs/46/mcintosh_46p.pdf,2d6ad80bfe2723ee14418a1df3ce5b524f9413840706efa5d393fb414a7c07e5,6,
house,46,John McVeigh,Groom,https://static.aph.gov.au/-/media/03_Senators_and_Members/32_Members/Register/46p/KN/McVeigh_46P.pdf?rev=74d2b652737f40a78fa03a6d7d98efcb&hash=E248D3619C000D501855D45F65A78C5F,2020-12-04,pdfs/46/mcveigh_46p.pdf,32336dad94e1c51fd6205efe256cda81485ab8157d725a4349ecc8ce241d2aab,6,
house,46,Brian Mitchell,Lyons,https://static.aph.gov.au/-/media/03_Senators_and_Members/32_Members/Register/46p/KN/MitchellB_46P.pdf?rev=0834b810290f43fc8ae0ced7ccd36396&hash=4CEDCDB80720AA0510672F2DE7A2D1B9,2020-03-02,pdfs/46/mitchellb_46p.pdf,11fce9b79eae39ac2dddb5fc4ef84ef142e13049b62b9bad43ad84fabc90613d,8,
house,46,Rob Mitchell,McEwen,https://static.aph.gov.au/-/media/03_Senators_and_Members/32_Members/Register/46p/KN/MitchellR_46P.pdf?rev=fdf9aa8ad4b34cd48b580935506643f1&hash=5E59C6CADFB522262C7BF01181E36DD9,2022-02-07,pdfs/46/mitchellr_46p.pdf,f7dcd42f06f469c82c30d636e2bfe99c08d97ca3e5a17a7e651bdd12aa545bb7,10,
house,46,Scott Morrison,Cook,https://static.aph.gov.au/-/media/03_Senators_and_Members/32_Members/Register/46p/KN/Morrison_46P.pdf?rev=a674c3d1dcc8430fa8f66e7a05c01918&hash=188157F52A09EDAE2C01CA3FA41E0B92,2021-12-15,pdfs/46/morrison_46p.pdf,481726f592fe41ed38b74783a47191cff4795a29320312318a81e978187f42c5,33,
house,46,Ben Morton,Tangney,https://static.aph.gov.au/-/media/03_Senators_and_Members/32_Members/Register/46p/KN/Morton_46P.pdf?rev=ff40f734e46c43e38bfa84771de6c0ae&hash=ADCE37E0BD12132751B7CA11AB2EC7F4,2021-10-11,pdfs/46/morton_46p.pdf,582d2aa46dda36ac559eb92939ef637f20267fca8bb214037890c44b599a7192,14,
house,46,Daniel Mulino,Fraser,https://static.aph.gov.au/-/media/03_Senators_and_Members/32_Members/Register/46p/KN/Mulino_46P.pdf?rev=c32e5a48f61b429b8bab0feae2f8631c&hash=904B13E050E588CA8447DF50900A4BB9,2021-10-21,pdfs/46/mulino_46p.pdf,f0ea97258d76bc65a1092b4fa94280928fdf82fa7c7a915204d13374b00ce08f,13,
house,46,Peta Murphy,Dunkley,https://static.aph.gov.au/-/media/03_Senators_and_Members/32_Members/Register/46p/KN/Murphy_46P.pdf?rev=f9f22c9f31e4489ab040f7cbe7eb527d&hash=D7D6170B9B4145FC1B985B7CEAE228EA,2021-10-07,pdfs/46/murphy_46p.pdf,6808d1cc7faa72480a74cd1d1679a7669397bee449045b3e67106807397c39e8,12,
house,46,Shayne Neumann,Blair,https://static.aph.gov.au/-/media/03_Senators_and_Members/32_Members/Register/46p/KN/Neumann_46P.pdf?rev=b32e75f88e044ba89b91dcb045feb5a8&hash=FCDC605440AB49C01964E673FD2071F3,2019-07-31,pdfs/46/neumann_46p.pdf,c6a1fa5077383520ac698003d035ff59374fba2f81e83610f38fcedaf3b47369,6,
house,46,Llew O'Brien,Wide Bay,https://static.aph.gov.au/-/media/03_Senators_and_Members/32_Members/Register/46p/OR/OBrienL46P.pdf?rev=f25f0b45e1fe47bfa3da2c96143bd21c&hash=F79FC8FC5A49617B1466EA8ACC8A2D4F,2021-03-11,pdfs/46/obrienl46p.pdf,96dad67f26a3cbf043a8d4dc5282bb8e188e0a169b60e3a3b325c92ea6b8dbda,8,
house,46,Ted O'Brien,Fairfax,https://static.aph.gov.au/-/media/03_Senators_and_Members/32_Members/Register/46p/OR/OBrienT46P.pdf?rev=fa1ec00019f14774b386b2bb93216217&hash=01692355DAD57163A97356BB09A26D79,2022-04-05,pdfs/46/obrient46p.pdf,8b4d946780beb11707c691190576d9468ddf69a1c19fabc75b5506e31156e9b5,15,
house,46,Brendan O'Connor,Gorton,https://static.aph.gov.au/-/media/03_Senators_and_Members/32_Members/Register/46p/OR/OConnor_46P.pdf?rev=ff00badc3b164184b5256ddef3642acd&hash=0E277C9B5245AAA3E6B8862B7444DFCD,2022-02-15,pdfs/46/oconnor_46p.pdf,b98bdb155d6896147da2f4eff8405de44028f19520476d99b4cf50529a0ee795,8,
house,46,Ken O'Dowd,Flynn,https://static.aph.gov.au/-/media/03_Senators_and_Members/32_Members/Register/46p/OR/ODowd_46P.pdf?rev=da06585c779a4e8bb61137ec5306c7c5&hash=28689827749C5429FB884D57461BCA7E,2020-06-09,pdfs/46/odowd_46p.pdf,cf7f4dc2f14b8866f634939ca2893268f4cdc010d02a30f856f1906626714778,8,
house,46,Clare O'Neil,Hotham,https://static.aph.gov.au/-/media/03_Senators_and_Members/32_Members/Register/46p/OR/ONeil_46P.pdf?rev=9e5e0881e7034dcc822a57537a7c11dd&hash=CA96A69328EEB97C0F4304AC137BF681,2022-03-04,pdfs/46/oneil_46p.pdf,b2521d4def329b3ec602490163c1c85b1c89a4a751fa03c40e542a16da859150,11,
house,46,Julie Owens,Parramatta,https://static.aph.gov.au/-/media/03_Senators_and_Members/32_Members/Register/46p/OR/Owens_46P.pdf?rev=d247130cfa9f4e508d87b3ce95600f14&hash=7D41FDFD636A375CE86EA5E0F3B85652,2022-03-17,pdfs/46/owens_46p.pdf,bf7bb9228bd42936057cfda5c1ad8ee441964b0135286fb8633a46498f936d13,10,
house,46,Tony Pasin,Barker,https://static.aph.gov.au/-/media/03_Senators_and_Members/32_Members/Register/46p/OR/Pasin_46P.pdf?rev=5639487231a848059efd21a2ea489728&hash=49926A90D1829E502879F1F71856C67B,2021-07-14,pdfs/46/pasin_46p.pdf,4ebdf68cf27ff56497f44076538124247bf0440c42a2c75b9a8b7e11e0e29853,8,
house,46,Alicia Payne,Canberra,https://static.aph.gov.au/-/media/03_Senators_and_Members/32_Members/Register/46p/OR/Payne_46P.pdf?rev=5397c926142448609cdcc75cb085e030&hash=B38FDC186A0D82104925350645644172,2019-07-31,pdfs/46/payne_46p.pdf,63947bc916228b54ca8e7b121ca3d8da6fee614585012ddd45c4b7580d3b1fa9,6,
house,46,Gavin Pearce,Braddon,https://static.aph.gov.au/-/media/03_Senators_and_Members/32_Members/Register/46p/OR/Pearce_46P.pdf?rev=7c5da618b0bc44d49248e0827843c6c6&hash=BDF0BEBDF39EA66A0753A8706339A577,2019-07-31,pdfs/46/pearce_46p.pdf,9c9a7d1222308cec03a88e128472d8e20938edd1d95820ba8d8f0e6edc7992a8,7,
house,46,Graham Perrett,Moreton,https://static.aph.gov.au/-/media/03_Senators_and_Members/32_Members/Register/46p/OR/Perrett_46P.pdf?rev=d990c015a2d54b3db1b08de695c3ec85&hash=7A078C3203E6571A8864EF2AB8CDF471,2019-07-31,pdfs/46/perrett_46p.pdf,6a4c5d0dba9492b0ee8a812d8a022252803b196ca7b9eb19dab19dbb911d9465,7,
house,46,Fiona Phillips,Gilmore,https://static.aph.gov.au/-/media/03_Senators_and_Members/32_Members/Register/46p/OR/Phillips_46P.pdf?rev=f70171d076d34154b86b511e37aaef87&hash=2C2E45520BC4BFB19A689D5FB0438075,2021-08-05,pdfs/46/phillips_46p.pdf,7ecf3a2d8da8deb363bdec8fff444a8667b8760939217e90ad7016d3ccb96e0b,8,
house,46,Keith Pitt,Hinkler,https://static.aph.gov.au/-/media/03_Senators_and_Members/32_Members/Register/46p/OR/Pitt_46P.pdf?rev=8115c5ffd11c47278f42366221a6d700&hash=8EE046034E76C89A32C6FB97AF40CA20,2022-01-26,pdfs/46/pitt_46p.pdf,96ecef356e93ca4c933472c969a8cd41f856ae2ac98773f07a48631bf720a4fb,20,
house,46,Tanya Plibersek,Sydney,https://static.aph.gov.au/-/media/03_Senators_and_Members/32_Members/Register/46p/OR/Plibersek_46P.pdf?rev=01b7a8c9a4564a009a3dd0a241f6d679&hash=F3569BB6AF66121DDC34DA371D54D6E4,2020-11-27,pdfs/46/plibersek_46p.pdf,b519743d369f09ecf328fcd3d12683a5044d0eee396ffd6f4b90541546630656,10,
house,46,Christian Porter,Pearce,https://static.aph.gov.au/-/media/03_Senators_and_Members/32_Members/Register/46p/OR/Porter_46P.pdf?rev=704a3170cc814f2e91ada505bc495a1a&hash=FFA76BEB17B7B64B740EF7CC7C3184BE,2022-02-28,pdfs/46/porter_46p.pdf,78863ef3c1cf07eaad6d0324377b989e877c95daed1d7b2f3123a2f0a2401331,18,
house,46,Melissa Price,Durack,https://static.aph.gov.au/-/media/03_Senators_and_Members/32_Members/Register/46p/OR/Price_46P.pdf?rev=489031f29a144caa966514ad7c6def69&hash=A26E1C3FB4E80B6D2783EDA9DCA79F2D,2022-02-09,pdfs/46/price_46p.pdf,426ddd0554fb66e08a897373a124db86b3209081feb00f67cc973015c5ed48af,12,
house,46,Rowan Ramsey,Grey,https://static.aph.gov.au/-/media/03_Senators_and_Members/32_Members/Register/46p/OR/Ramsey_46P.pdf?rev=93216f2793324b168189b71b528574ee&hash=C070D95EE281B9A0820C51EE57D88B92,2021-02-02,pdfs/46/ramsey_46p.pdf,5686a4d3c62f1fa520294af8d4b57d8364464e679f7730285c2f19b08f1d242b,8,
house,46,Amanda Rishworth,Kingston,https://static.aph.gov.au/-/media/03_Senators_and_Members/32_Members/Register/46p/OR/Rishworth_46P.pdf?rev=c40c769eaaf0483886e31204d891e9d0&hash=694A6ED9843F1A8285A5169421D6DCC1,2021-10-13,pdfs/46/rishworth_46p.pdf,05edf2684ba1640b6218b0bc4053723b47a8d6fe246a09a0c2cf4cc18fff9681,16,
house,46,Stuart Robert,Fadden,https://static.aph.gov.au/-/media/03_Senators_and_Members/32_Members/Register/46p/OR/Robert_46P.pdf?rev=a42f5969c8ae4d2680a6907aa58837ca&hash=98C40C6B6E78F61B02F15D895B15F016,2022-03-03,pdfs/46/robert_46p.pdf,4abdf9e0afcd1347e3da9c70e913de2b5e17dc0bd0b501a81d166e9b1093865b,15,
house,46,Michelle Rowland,Greenway,https://static.aph.gov.au/-/media/03_Senators_and_Members/32_Members/Register/46p/OR/Rowland_46P.pdf?rev=d7fbbf4845204b68bf5092452c9955fc&hash=C46C5EBB75F33E6BDFAC73F0D692AA78,2021-11-12,pdfs/46/rowland_46p.pdf,bc2889f8895a0efc5dda984388237f9660bb88c3155b1fb87d568c712311b51c,16,
house,46,Joanne Ryan,Lalor,https://static.aph.gov.au/-/media/03_Senators_and_Members/32_Members/Register/46p/OR/Ryan_46P.pdf?rev=66652594e24e44f78659be2aa23fe88d&hash=65F656BABD2F549A84A1AC31E90E3B08,2021-12-07,pdfs/46/ryan_46p.pdf,0721567c4cfe4556729c8bce947f20d0b7503de4e73a1b25e5fb04df03ea3a7c,7,
house,46,Rebekha Sharkie,Mayo,https://static.aph.gov.au/-/media/03_Senators_and_Members/32_Members/Register/46p/SZ/Sharkie_46P.pdf?rev=a469a040c28c4b3aaa8c26c36b71e55e&hash=DC99012702C06237E6062F2F60867762,2021-11-08,pdfs/46/sharkie_46p.pdf,ca4fb6059afe83794ed4ddc316fea43f673381acfeb11d245b1d8ab8f0b96b6f,9,
house,46,Dave Sharma,Wentworth,https://static.aph.gov.au/-/media/03_Senators_and_Members/32_Members/Register/46p/SZ/Sharma_46P.pdf?rev=c52a8975f98846459c1cd77ef73a4526&hash=15978F168062ABDFA92D43BA65836326,2022-02-23,pdfs/46/sharma_46p.pdf,d957603ed3ee2de017126ac801880cec6eca456c0678e3681da357e656469464,24,
house,46,Bill Shorten,Maribyrnong,https://static.aph.gov.au/-/media/03_Senators_and_Members/32_Members/Register/46p/SZ/Shorten_46P.pdf?rev=0b952b15790a46bfa633f264eab43e1c&hash=6E67479F5AB0A2CB498AB6CF9E259548,2021-09-28,pdfs/46/shorten_46p.pdf,9b5d261c9a2adfe6cc1ce313b6bd5be9041f77c9c86b080faaca43be912fed45,15,
house,46,Julian Simmonds,Ryan,https://static.aph.gov.au/-/media/03_Senators_and_Members/32_Members/Register/46p/SZ/Simmonds_46P.pdf?rev=d6e7f85f9cd14b87b0f97df7c936b654&hash=794533B5CA155C7B7CBE6450E46AB3E8,2022-02-01,pdfs/46/simmonds_46p.pdf,bd3f7aa666e62c31d386367e135573494b51b437e068cf89e041c8bd9dc36963,15,
house,46,David Smith,Bean,https://static.aph.gov.au/-/media/03_Senators_and_Members/32_Members/Register/46p/SZ/SmithD_46Pd.pdf?rev=6edc7de657a548689a4af9d7e47224c7&hash=407D089629BBE79DAAE7A370FEAD5767,2022-02-23,pdfs/46/smithd_46pd.pdf,75258bfa8dcac4caccd11d0c20d4dad3ddcca5c2bd57cb28179c1c6ef727ed71,13,
house,46,Tony Smith,Casey,https://static.aph.gov.au/-/media/03_Senators_and_Members/32_Members/Register/46p/SZ/SmithT_46P.pdf?rev=d9fc6beb7e214cd99fdd81b34b641f2f&hash=5F0AB5F73ED5E53BECA95DC745419BB7,2022-02-21,pdfs/46/smitht_46p.pdf,602cf5bb9392f6552711ff003b9275ba17ea970d402a28582c34c737e3944eb2,12,
house,46,Warren Snowdon,Lingiari,https://static.aph.gov.au/-/media/03_Senators_and_Members/32_Members/Register/46p/SZ/Snowdon_46P.pdf?rev=c7795c760fc2470c9d50f15ddccfb3b3&hash=3C6E0C60E3C7AC15B4DC455C6E2910D2,2020-11-12,pdfs/46/snowdon_46p.pdf,907dbbc37086589fdfac0e6ba70a6f97e2567e90e147c0b8322cfef2a45503e7,10,
house,46,Anne Stanley,Werriwa,https://static.aph.gov.au/-/media/03_Senators_and_Members/32_Members/Register/46p/SZ/Stanley_46P.pdf?rev=3f5aabe2d8ec4d96adcd9c728b4d93d6&hash=68EBDC459DBC970F3D67E6F76CCF9E78,2021-04-08,pdfs/46/stanley_46p.pdf,344b044a3de2da001621e33fe31a02259e9ffb413c85cb734b817587d7fd3da3,7,
house,46,Zali Steggall,Warringah,https://static.aph.gov.au/-/media/03_Senators_and_Members/32_Members/Register/46p/SZ/Steggall_46P.pdf?rev=80d4043fda71449091e20d5789f3621c&hash=DFC23AB9790A027F47E4687C89930050,2021-12-03,pdfs/46/steggall_46p.pdf,df68f3460843ea5ebdeb554858e363899c0e5b1b5c59df8285838b48fedbb063,9,
house,46,James Stevens,Sturt,https://static.aph.gov.au/-/media/03_Senators_and_Members/32_Members/Register/46p/SZ/Stevens_46P.pdf?rev=cb2ebd9609764316b275e883595c6052&hash=CEE00D32424A6C903F7339210C5BA946,2022-01-27,pdfs/46/stevens_46p.pdf,b66f1fb19bfc2015a73067d2d200c5f1d721fcb482bbb55c5b9ac5008ed9d0b1,20,
house,46,Michael Sukkar,Deakin,https://static.aph.gov.au/-/media/03_Senators_and_Members/32_Members/Register/46p/SZ/Sukkar__46P.pdf?rev=b588acb9149d41698f1168e29767f90a&hash=6544DA80E3A80914E9F4151A170602FD,2021-06-02,pdfs/46/sukkar__46p.pdf,f4324a2c306d44ae5bd9401fc343867cc564b586625fdb06f3c8721192ee8a51,11,
house,46,Meryl Swanson,Paterson,https://static.aph.gov.au/-/media/03_Senators_and_Members/32_Members/Register/46p/SZ/Swanson_46P.pdf?rev=ee07726dfbdb43348606e8dcacab2cac&hash=2A51FA66BB62A0395C1ED22C16977C65,2022-03-31,pdfs/46/swanson_46p.pdf,09f52f9bba1cf0ab947cf92eadd899198f78ef1703bc6d1ca5a7e45e49d0257a,20,
house,46,Angus Taylor,Hume,https://static.aph.gov.au/-/media/03_Senators_and_Members/32_Members/Register/46p/SZ/Taylor_46P.pdf?rev=dcc2678d444f4ff493661e17ad21e5b5&hash=84692EF5413EB16B85A8B2A81A56D0E2,2022-02-08,pdfs/46/taylor_46p.pdf,7fbeae12f5aea45b0ea9939c42c9b7b36b82d22966fae7d38e667853dbf3f3af,18,
house,46,Dan Tehan,Wannon,https://static.aph.gov.au/-/media/03_Senators_and_Members/32_Members/Register/46p/SZ/Tehan_46P.pdf?rev=a601d8b6b7a349ee9dad9a3fd726acb0&hash=46D80B39F571A11391E24464E31CAF27,2022-03-26,pdfs/46/tehan_46p.pdf,30277d426a6e720d9d177234c1c25082776dfcf6fd9b2bb735f8b84a5a71c564,20,
house,46,Susan Templeman,Macquarie,https://static.aph.gov.au/-/media/03_Senators_and_Members/32_Members/Register/46p/SZ/Templeman_46P.pdf?rev=9ccab0f42af64f7cb5f51df7c507e35c&hash=24B9C2198CE41DC7ABD81CB69532CA97,2022-01-14,pdfs/46/templeman_46p.pdf,a08f224cb70bb0e5c9107952ecd7d182ae6f253ce41d830636f3a7c9fd481158,15,
house,46,Matt Thistlethwaite,Kingsford Smith,https://static.aph.gov.au/-/media/03_Senators_and_Members/32_Members/Register/46p/SZ/Thistlethwaite_46P.pdf?rev=651d13765d3c44f6b5b44baab4ec89b7&hash=BDBB0E879B0B444FC27A63A29A58B2F3,2022-02-08,pdfs/46/thistlethwaite_46p.pdf,bf3199b66e52a3b676a8f7464715d76ef70e6919a5ea70befc6779fbb4d1d57b,21,
house,46,Phillip Thompson,Herbert,https://static.aph.gov.au/-/media/03_Senators_and_Members/32_Members/Register/46p/SZ/Thompson_46P.pdf?rev=4536b12e215f4e81a39a8c70463415ce&hash=DE02C35DE8A3910F0431EBAAF9A6C9EA,2019-07-31,pdfs/46/thompson_46p.pdf,dd83f00f04476c1341ced30b341eb3e6c72c4b03be82465db6407ad9aac94a73,6,
house,46,Kate Thwaites,Jagajaga,https://static.aph.gov.au/-/media/03_Senators_and_Members/32_Members/Register/46p/SZ/Thwaites_46P.pdf?rev=18f1a42049874db5b600fcaf18af3c83&hash=0E3A4110BE158E3FB7B0ED52F56246FA,2022-02-10,pdfs/46/thwaites_46p.pdf,fad5be73742335375e586b27ca84522218b41ded1d842ed59bcbbe682ec48726,12,
house,46,Alan Tudge,Aston,https://static.aph.gov.au/-/media/03_Senators_and_Members/32_Members/Register/46p/SZ/Tudge_46P.pdf?rev=04f9b09c92854d3b9d080ccf01f1b8bd&hash=4E76F5EBE66FA23C8C6C999259A6656A,2020-10-21,pdfs/46/tudge_46p.pdf,a2e224831d08f5ffd8af95877c908ce53eb615744e84d3e678f5e6769dde9514,11,
house,46,Maria Vamvakinou,Calwell,https://static.aph.gov.au/-/media/03_Senators_and_Members/32_Members/Register/46p/SZ/Vamvakinou_46P.pdf?rev=6184ee963c2742cf98e30bd622823d6f&hash=920439914634A5097239BBA22F106300,2019-11-26,pdfs/46/vamvakinou_46p.pdf,4049c785ddf400898797f406d4b46ebead6235a540e577cd719d3f4224e494c3,7,
house,46,Bert van Manen,Forde,https://static.aph.gov.au/-/media/03_Senators_and_Members/32_Members/Register/46p/SZ/van_Manen_46P.pdf?rev=33eb64899c5648c5a57b6582064a176d&hash=EA5215C28EEF7003B9FF6AD43C13CE39,2022-03-25,pdfs/46/van_manen_46p.pdf,379d3c3dee191e62bddfc7fc666d9123f068700f91bd433c7eb8a5e869216b35,15,
house,46,Ross Vasta,Bonner,https://static.aph.gov.au/-/media/03_Senators_and_Members/32_Members/Register/46p/SZ/Vasta_46P.pdf?rev=e95fcd416bee4cc192cdb792737827ad&hash=763736F8535C4C2C2981A61A55ECD6F7,2022-03-22,pdfs/46/vasta_46p.pdf,0aed455af9412242095f07e1e329e22f4019a4ede01c351ee936918455dece6d,10,
house,46,Andrew Wallace,Fisher,https://static.aph.gov.au/-/media/03_Senators_and_Members/32_Members/Register/46p/SZ/Wallace_46P.pdf?rev=6647ecf6b6c141fbbbace7b789307dda&hash=E4688B374F448DB5C3C310ED94691B6A,2021-12-17,pdfs/46/wallace_46p.pdf,9886f74a23cb3232237780d8e74438fd3ae5964f4d998d5c5138218cd31665be,12,
house,46,Tim Watts,Gellibrand,https://static.aph.gov.au/-/media/03_Senators_and_Members/32_Members/Register/46p/SZ/Watts_46P.pdf?rev=c7b53fecad8c47269ad543493ccedc92&hash=CF3B0D6C6BF25FF1C5865D422B1EBC9F,2022-02-07,pdfs/46/watts_46p.pdf,c7bcc758d562c4312da05477a24cda67d8aa698c2a6878fb9d7238cdc5ed6c6c,16,
house,46,Anne Webster,Mallee,https://static.aph.gov.au/-/media/03_Senators_and_Members/32_Members/Register/46p/SZ/Webster_46P.pdf?rev=ece2006e244c4a5994c99955dfa87750&hash=8763C731FFB7229891849F6C82FBB686,2021-09-22,pdfs/46/webster_46p.pdf,1b9d9d2216e12c8fd1011c9cfbccaf295c371dfce9b96029286804644e8234d7,11,
house,46,Anika Wells,Lilley,https://static.aph.gov.au/-/media/03_Senators_and_Members/32_Members/Register/46p/SZ/Wells_46P.pdf?rev=50ade14f382a4d57bbb232dc9b6cbeaa&hash=3F2C7AAE9E12BC128F4BE3A3B6B8C49E,2022-02-15,pdfs/46/wells_46p.pdf,db55e6469194c66fb121a7b8484d1d72b3cdd7f3948a0d6ec1bd59840a26ef60,15,
house,46,Lucy Wicks,Robertson,https://static.aph.gov.au/-/media/03_Senators_and_Members/32_Members/Register/46p/SZ/Wicks_46Ppdf.pdf?rev=223d2c3f06b54ed5aeec55bd798935f9&hash=21FDE423B82BE4FE36DE4EB4FBD3ACEB,2022-03-15,pdfs/46/wicks_46ppdf.pdf,6fd0aca3d1ecae234bb1ec184b67cbac7934790156f5c77a30e357392305e6af,29,
house,46,Andrew Wilkie,Clark,https://static.aph.gov.au/-/media/03_Senators_and_Members/32_Members/Register/46p/SZ/Wilkie_46P.pdf?rev=db1021629b4540a4b1e64b95e1a2e533&hash=5B6DFE7B407B499FD85C20ED39B8061B,2021-08-11,pdfs/46/wilkie_46p.pdf,c9fc67b1e5b114ecabd729b571dec59b2ee37be17b9caba1fb990f8c66b14d36,14,
house,46,Josh Wilson,Fremantle,https://static.aph.gov.au/-/media/03_Senators_and_Members/32_Members/Register/46p/SZ/WilsonJ_46P.pdf?rev=82e81bfeb46d4818b10652c68f030100&hash=B8E4B5404FB8F257E5A4BF8FFE54A20D,2022-03-11,pdfs/46/wilsonj_46p.pdf,64a94af3f5241f022df8ee67928fd8283024ee0ae3b59efbf49575068f9a12af,25,
house,46,Rick Wilson,O'Connor,https://static.aph.gov.au/-/media/03_Senators_and_Members/32_Members/Register/46p/SZ/WilsonR_46P.pdf?rev=57d62b80aed149beaa5a14a0c02548aa&hash=76EB2BEBCF79A870ACC8B424A4D93892,2021-12-13,pdfs/46/wilsonr_46p.pdf,c71abde3602ec79e9f9c268374b0f943a22821aaa12d1c04f0d2dce793ff3c3f,12,
house,46,Tim Wilson,Goldstein,https://static.aph.gov.au/-/media/03_Senators_and_Members/32_Members/Register/46p/SZ/WilsonT_46P.pdf?rev=0b0d6a6b192c4e8b956ea79c921142da&hash=F4A9F4D868356DB024FFE494FB79A303,2021-10-07,pdfs/46/wilsont_46p.pdf,605775d5402697edf6b1db23b9d052448bb7c0372e16914233d7a3900dc8cab2,28,
house,46,Jason Wood,La Trobe,https://static.aph.gov.au/-/media/03_Senators_and_Members/32_Members/Register/46p/SZ/Wood_46P.pdf?rev=d20a20aede054d409d4a074453fd8438&hash=96F52D6D9064BD50831BE270DDBF3873,2019-11-12,pdfs/46/wood_46p.pdf,81077fd37b44c4046cb991275d213ca7a5371e8b9c2bcf26901b162de1975d2c,8,
house,46,Ken Wyatt,Hasluck,https://static.aph.gov.au/-/media/03_Senators_and_Members/32_Members/Register/46p/SZ/Wyatt_46P.pdf?rev=9c68de74430441f7811478ac3727388f&hash=E01CF41A53F5F8ADD93AF2DDB205AC92,2022-02-18,pdfs/46/wyatt_46p.pdf,96b9a9747dda0c96fd00ac8fd2928518e661680c4203766909d38f702a92f406,8,
house,46,Terry Young,Longman,https://static.aph.gov.au/-/media/03_Senators_and_Members/32_Members/Register/46p/SZ/Young_46P.pdf?rev=be3fd3b5039a46bab60c9178f34371df&hash=C4D2FC0FE34DA8DAFCE5C1C55ED4E536,2021-08-03,pdfs/46/young_46p.pdf,e894a7ea99907a0e70aca8c96b7177cdb57a9b1fc66ba46d1aba261ec657e0f0,11,
house,46,Tony Zappia,Makin,https://static.aph.gov.au/-/media/03_Senators_and_Members/32_Members/Register/46p/SZ/Zappia_46P.pdf?rev=165a165e937c48f1abab0215f5e69bb6&hash=17FBDE065ACDC9CDB8870322DC438E10,2022-02-21,pdfs/46/zappia_46p.pdf,20a157b222c3e8529a8cc5b9937aa685a09d089753f65affe10190c3333f7909,8,
house,46,Trent Zimmerman,North Sydney,https://static.aph.gov.au/-/media/03_Senators_and_Members/32_Members/Register/46p/SZ/Zimmerman_46P.pdf?rev=74f06132cf0d46d5bf96eb8cea7c5d9d&hash=5535478357E1BD33E1807EAD409C8581,2022-02-21,pdfs/46/zimmerman_46p.pdf,8ed8ffdce7c5f42c69200bcfb49e257be4b3502b726e5537813d8293a21cdef0,15,
house,47,Anthony Albanese,Grayndler,https://static.aph.gov.au/-/media/03_Senators_and_Members/32_Members/Register/47P/AB/Albanese_47P.pdf?rev=2ddc2bea4984462ab3e769d3100ce12e&hash=733EAF9BA4C2C42FBBAE61D3718CDD0D,2025-02-12,pdfs/47/albanese_47p.pdf,2096419f094af26b7ab076f57715615afdb3326a463493a3763500a997a9896e,47,
house,47,Anne Aly,Cowan,https://static.aph.gov.au/-/media/03_Senators_and_Members/32_Members/Register/47P/AB/Aly_47P.pdf?rev=610c7b3e8ebb496998e2acae2ef9edb1&hash=E2315B49C5B81EC8F4FD7557FAA144EA,2023-07-31,pdfs/47/aly_47p.pdf,0cd4197fe6de319b199c58344122014d31071d1f8c83bea90cc41512ef6dc39d,14,
house,47,Michelle Ananda-Rajah,Higgins,https://static.aph.gov.au/-/media/03_Senators_and_Members/32_Members/Register/47P/AB/Ananda-Rajah_47P.pdf?rev=04df0579bf2a4006bbb7e6d078c2c813&hash=9BE858E4382540FBA031FE218B003428,2024-07-29,pdfs/47/ananda-rajah_47p.pdf,afa4c3545cd139cc231da1770e836cd3cd690f209d99a50d2437941026e297ab,11,
house,47,Karen Andrews,McPherson,https://static.aph.gov.au/-/media/03_Senators_and_Members/32_Members/Register/47P/AB/Andrews_47P.pdf?rev=1eab2e9f014a4d7b871dc7fe5ab80be1&hash=11BD82C2605A6D10F38D514AAD441E35,2024-08-29,pdfs/47/andrews_47p.pdf,334255913034e08336807ab37584e2421a9e04cbdbda414c19da8802e6e15953,22,
house,47,Bridget Archer,Bass,https://static.aph.gov.au/-/media/03_Senators_and_Members/32_Members/Register/47P/AB/Archer_47P.pdf?rev=355c3f4232d84d868402fbdd09982316&hash=2F2960CCE96C0D52C7070E8903BA2567,2023-11-09,pdfs/47/archer_47p.pdf,35eab87f102738fab3be29211ee746d4b690ccb2abeef1b85119daea5b54f5bc,9,
house,47,Adam Bandt,Melbourne,https://static.aph.gov.au/-/media/03_Senators_and_Members/32_Members/Register/47P/AB/Bandt_47P.pdf?rev=d449e665fcae43babc6ad1c258ce6b42&hash=3BA538ED1F8E41A0328E45826D61FEC5,2024-03-25,pdfs/47/bandt_47p.pdf,aee8a4b1c48d18a269ad680deb3d78d94dd36a2706ec25c1f0bc5fa0f5129931,8,
house,47,Stephen Bates,Brisbane,https://static.aph.gov.au/-/media/03_Senators_and_Members/32_Members/Register/47P/AB/Bates_47P.pdf?rev=73a65c49dac14a48935233a82d8bf00d&hash=CE9755680655613A442A3C7CFBBA2585,2023-09-21,pdfs/47/bates_47p.pdf,0ba26c0cd67b2dc5bf23260d5faca4ff27a51957a521977fbd8039662593d5e7,11,
house,47,Angie Bell,Moncrieff,https://static.aph.gov.au/-/media/03_Senators_and_Members/32_Members/Register/47P/AB/Bell_47P.pdf?rev=c0f3263015274cbe94d943e295d5669d&hash=C569A331CF530B60F666B73A8FA794F2,2024-11-07,pdfs/47/bell_47p.pdf,950d8cce495961e6d1e137b346d0e92829f82883eb1dc582a8212c3fb748f6a6,23,
house,47,Jodie Belyea,Dunkley,https://static.aph.gov.au/-/media/03_Senators_and_Members/32_Members/Register/47P/AB/Belyea_47P.pdf?rev=9b5bac890c514517acdce925d891ef08&hash=533351ED5189519CA5ADECEB58C339A9,2024-07-02,pdfs/47/belyea_47p.pdf,0e178901084c0969c6686af44fdc1c2bc3d30c85f747fed64cc00e4e7ec60386,8,
house,47,Sam Birrell,Nicholls,https://static.aph.gov.au/-/media/03_Senators_and_Members/32_Members/Register/47P/AB/Birrell_47P.pdf?rev=ecc7237936374d81b613e6f453123a82&hash=120EA5DA9FA628C426AB4B1B1C6190B0,2023-08-30,pdfs/47/birrell_47p.pdf,dd1a3c18fec47fbec16c33d342bc43b0e355d48b5f7617123fd6e7d7efd597a7,10,
house,47,Chris Bowen,McMahon,https://static.aph.gov.au/-/media/03_Senators_and_Members/32_Members/Register/47P/AB/Bowen_47P.pdf?rev=a16a130d0a1d4235a1872f09852957d9&hash=CB29192CC84A6ECD579757F6BD3032B0,2024-12-05,pdfs/47/bowen_47p.pdf,b0249a31815499f455bdcf5036808a1375c394cc4a8705d10068e73f12db2bdd,22,
house,47,Colin Boyce,Flynn,https://static.aph.gov.au/-/media/03_Senators_and_Members/32_Members/Register/47P/AB/Boyce_47P.pdf?rev=2b4e79ab2d4443378178dfe29838f2aa&hash=F9A4FB5B4CA0F721F5F832D0B83B8FBC,2024-06-25,pdfs/47/boyce_47p.pdf,377fe913cdd5dc950e355f8e522b1b1007b7df7ffdd88227d5aeef3832a5e569,13,
house,47,Russell Broadbent,Monash,https://static.aph.gov.au/-/media/03_Senators_and_Members/32_Members/Register/47P/AB/Broadbent_47P.pdf?rev=c9dfaeb125eb47f2a1fa77e5286fbe5b&hash=42EC22798AB8EB1A765CCE087429325E,2023-11-13,pdfs/47/broadbent_47p.pdf,32898c58a367f234198886a0a95b8929c94170e975e11363cde70d2e490cf625,8,
house,47,Scott Buchholz,Wright,https://static.aph.gov.au/-/media/03_Senators_and_Members/32_Members/Register/47P/AB/Buchholz_47P.pdf?rev=970587833d1c49b88fa6578861631ee4&hash=422A7EEFD0F389AF6F71046AA4A3A076,2024-05-29,pdfs/47/buchholz_47p.pdf,83f0d632972f8b8f40418ac253381ae903bfea039442c6a19dbe29734f483061,12,
house,47,Tony Burke,Watson,https://static.aph.gov.au/-/media/03_Senators_and_Members/32_Members/Register/47P/AB/Burke_47P.pdf?rev=473099341a27431bb078ed91ef03add3&hash=CFBCF4D2CBBBE974990634D5285579A8,2025-02-06,pdfs/47/burke_47p.pdf,7a3426ceef56d429494299e244285c559b8ff5be95d19115656c011b896c219f,15,
house,47,Matt Burnell,Spence,https://static.aph.gov.au/-/media/03_Senators_and_Members/32_Members/Register/47P/AB/Burnell_47P.pdf?rev=59001966e6a84b2f89e7451b7773b377&hash=C6AD1EC02BD1041E5343462BD00AF988,2024-09-20,pdfs/47/burnell_47p.pdf,a8d907f6fe4ae646c6fcbb2ec50ff9fecad25de28ed21ea0f0b5bb832693a942,14,
house,47,Linda Burney,Barton,https://static.aph.gov.au/-/media/03_Senators_and_Members/32_Members/Register/47P/AB/Burney_47P.pdf?rev=6fc774200c7e47d8bb0097a5d7fc4e6d&hash=70E6A4D4A3CD450CB2D61B9169D12917,2024-04-05,pdfs/47/burney_47p.pdf,e3dcb6ca355df2dd736c92a5ec7784953abe76038ce3bb569e1835d978d885e2,21,
house,47,Josh Burns,Macnamara,https://static.aph.gov.au/-/media/03_Senators_and_Members/32_Members/Register/47P/AB/Burns_47P.pdf?rev=f2cec3a4e6ff443f8201a40f6d9478a6&hash=BC56B3ACBCA5062FC011E9090FAA04BA,2024-12-02,pdfs/47/burns_47p.pdf,41bab8737228604ff7c90db0866dc1b195d2799d0e993fa2e63678c1f774262b,11,
house,47,Mark Butler,Hindmarsh,https://static.aph.gov.au/-/media/03_Senators_and_Members/32_Members/Register/47P/AB/Butler_47P.pdf?rev=8063e8fcc43f4923ad86ea3da252d10c&hash=77D2CC825C98E4636A3A536DA0F34E41,2025-03-14,pdfs/47/butler_47p.pdf,ec18b95bd71f8117ee4324d74e1cec624f52a91caa065911c09194c7dbce639a,28,
house,47,Alison Byrnes,Cunningham,https://static.aph.gov.au/-/media/03_Senators_and_Members/32_Members/Register/47P/AB/Byrnes_47P.pdf?rev=fb29acb788834a148b9bd0a8f9d67dc2&hash=39E794121AD971C11BD44A5E76E6E318,2025-03-07,pdfs/47/byrnes_47p.pdf,b62e7c6552a7b32aaeca8979269b050676e6bd358ae45557c8c1af413edc2a3f,26,
house,47,Cameron Caldwell,Fadden,https://static.aph.gov.au/-/media/03_Senators_and_Members/32_Members/Register/47P/CF/Caldwell_47P.pdf?rev=1116903438ab4fe486841edc4e4bc817&hash=8B1B30AAAE8BDC6FDDFA2D0C8CDFB57F,2024-11-22,pdfs/47/caldwell_47p.pdf,bbb252b8b7f283c988d82bfff69ea127c6297fef6dad334fb4c3474ebaa9e602,11,
house,47,Jim Chalmers,Rankin,https://static.aph.gov.au/-/media/03_Senators_and_Members/32_Members/Register/47P/CF/Chalmers_47P.pdf?rev=7f3f61a7d8ce483a90d71c717d56f55f&hash=B680F273C2A26520634CDF30D810692A,2025-01-09,pdfs/47/chalmers_47p.pdf,0a52b69aabe316f0b9311c3abc8c945beb08eabb991434a844daf0d5e46994bc,21,
house,47,Max Chandler-Mather,Griffith,https://static.aph.gov.au/-/media/03_Senators_and_Members/32_Members/Register/47P/CF/Chandler-Mather_47P.pdf?rev=cd0d2903e79c45259824da9fb3121114&hash=4CF642617EFA47A7892549A2BD8162F2,2024-01-29,pdfs/47/chandler-mather_47p.pdf,12397106381e7205254bcffd8e6a5479a56d715fb29609db245d0d3880e44c53,9,
house,47,Kate Chaney,Curtin,https://static.aph.gov.au/-/media/03_Senators_and_Members/32_Members/Register/47P/CF/Chaney_47P.pdf?rev=cc66aca7151b4ea1aa6b149ef8a2b7d1&hash=52E148A50FFB1F7A60E8DE74BD3FB92D,2025-01-17,pdfs/47/chaney_47p.pdf,a494c86a51d49b12c0951e46797419f7564ed00e0c5fae21d304d9d029296161,14,
house,47,Andrew Charlton,Parramatta,https://static.aph.gov.au/-/media/03_Senators_and_Members/32_Members/Register/47P/CF/Charlton_47P.pdf?rev=dd56d3feeb294fb89d6c86a1a7ee5e64&hash=104CA68BB9FD4146113C4CC05B935830,2024-10-28,pdfs/47/charlton_47p.pdf,05e1e6f8321f73e45c727c9656d037c02eaed9816a7e2ecd37fd05fcad70a36d,14,
house,47,Darren Chester,Gippsland,https://static.aph.gov.au/-/media/03_Senators_and_Members/32_Members/Register/47P/CF/Chester_47P.pdf?rev=7c713c3cf5fe463193fea29471489a9c&hash=5DA06F2150F977882A0F6FCAF8EC5462,2025-01-10,pdfs/47/chester_47p.pdf,88e1588b02fcc6668589e1cd4bd16f5c505d41c53ec977bdeacaf2e00fe7dde2,21,
house,47,Lisa Chesters,Bendigo,https://static.aph.gov.au/-/media/03_Senators_and_Members/32_Members/Register/47P/CF/Chesters_47P.pdf?rev=51d74c65bce84db4bef06c8cce92e052&hash=4FC37AB2FCAE1F43F6FC6E4DB0DC2FF5,2023-11-09,pdfs/47/chesters_47p.pdf,19b3d06436d38f405bf382137278982d99e6be22278c4f7cbdfb1aa81aff6ce4,11,
house,47,Jason Clare,Blaxland,https://static.aph.gov.au/-/media/03_Senators_and_Members/32_Members/Register/47P/CF/Clare_47P.pdf?rev=3ba79ee505f54a7096db6feb072402f7&hash=5833A186193B0D6DE71A3CDEB6C81C42,2025-03-20,pdfs/47/clare_47p.pdf,064f27f44ec6031c7a45be2ac56d3161025b1ba87cfd931abbbaf0f052ee06c7,60,
house,47,Sharon Claydon,Newcastle,https://static.aph.gov.au/-/media/03_Senators_and_Members/32_Members/Register/47P/CF/Claydon_47P.pdf?rev=5876faf9be814d5099c789476b175978&hash=34D37427DDFDD5FE436F9EE01729452F,2024-12-19,pdfs/47/claydon_47p.pdf,e281db0b6e9201d4201d0a49e6fe717fd1a548466f6fb3ec747a9d24b4d85fb3,12,
house,47,Libby Coker,Corangamite,https://static.aph.gov.au/-/media/03_Senators_and_Members/32_Members/Register/47P/CF/Coker_47P.pdf?rev=e5e95b85406f4a93811683792667bf04&hash=B62B26D4A88FB5A49101A71F7FF59B12,2024-11-05,pdfs/47/coker_47p.pdf,2b58b5e22d3ec429639b3fd89abb57e96ff88ab6d8ad0b513a0cd0656bc06939,10,
house,47,David Coleman,Banks,https://static.aph.gov.au/-/media/03_Senators_and_Members/32_Members/Register/47P/CF/Coleman_47P.pdf?rev=b9f140607a9940de9da93d3989475157&hash=1887EBB8B9502E0C397780F76B7D0A27,2024-07-26,pdfs/47/coleman_47p.pdf,9fc4af4d83bc0518241a70564bdbd493eccf85cdf1e3f61cd658c39abb132973,11,
house,47,Julie Collins,Franklin,https://static.aph.gov.au/-/media/03_Senators_and_Members/32_Members/Register/47P/CF/Collins_47P.pdf?rev=c15f429fac1c48049802d5aa88e2015b&hash=68C44BA01EA4C4F8B8670A6C123F63BF,2022-08-19,pdfs/47/collins_47p.pdf,8658ca7bc93a713c7c56f87ce6c14118f6eca978b5cd69ec06df60db2a2affc2,6,
house,47,Pat Conaghan,Cowper,https://static.aph.gov.au/-/media/03_Senators_and_Members/32_Members/Register/47P/CF/Conaghan_47P.pdf?rev=b7cfb98730f242d99c3f212674ee0f92&hash=929B3EAF5EDED3160037A40CF62DB4D1,2024-03-18,pdfs/47/conaghan_47p.pdf,cb104d138e7b615207b669b0072d22a23a384b4cd9159f6c360f22dfb2a4c0d3,8,
house,47,Pat Conroy,Shortland,https://static.aph.gov.au/-/media/03_Senators_and_Members/32_Members/Register/47P/CF/Conroy_47P.pdf?rev=aa0cdce79f234dfd99e54ba70687f442&hash=1DD6C64F16844301F8063F2AA4491BAD,2024-10-10,pdfs/47/conroy_47p.pdf,e5a758f233d9213b043097e40a29bb23e76508409851babf37ff75cc9f960181,23,
house,47,Mark Coulton,Parkes,https://static.aph.gov.au/-/media/03_Senators_and_Members/32_Members/Register/47P/CF/Coulton_47P.pdf?rev=03f3fc6d1cac4664bb42d8ac28f9b9ea&hash=0B2FFF993509A5103A8362803EA747B5,2024-11-07,pdfs/47/coulton_47p.pdf,0dae058dde81d4bb314ca7b3b600f7401e1b7a7326ba13dc60ebba942e164c2a,8,
house,47,Zoe Daniel,Goldstein,https://static.aph.gov.au/-/media/03_Senators_and_Members/32_Members/Register/47P/CF/Daniel_47P.pdf?rev=9004408c22734321819442244d37826c&hash=0A2FA7B7F4CBE2C9DFBB15FF29FFC15B,2024-11-25,pdfs/47/daniel_47p.pdf,93fcf6d37133ef003dc14ac64844392d081ef9f2b949ccaf0144c5f9cb3c9b72,32,
house,47,Milton Dick,Oxley,https://static.aph.gov.au/-/media/03_Senators_and_Members/32_Members/Register/47P/CF/Dick_47P.pdf?rev=4fc324391387403fb67fd99af951238f&hash=E7CA63B7F0E7D19570DC477B390DF7A7,2022-08-17,pdfs/47/dick_47p.pdf,ebeeeea94286e5ac24dd0fa2ed24e25a9daff938ea83a4f5180cef18fa077d1b,6,
house,47,Mary Doyle,Aston,https://static.aph.gov.au/-/media/03_Senators_and_Members/32_Members/Register/47P/CF/Doyle_47P.pdf?rev=e85f0754a0f549cdb2ac6582725d2b1f&hash=250AE7BDFA944B3C55851BA34B7CCAF0,2023-08-22,pdfs/47/doyle_47p.pdf,76a411cb438cbfc272d10b953ba21db2e80b3b69d1175ad50c9a1d8744d062a5,7,
house,47,Mark Dreyfus,Isaacs,https://static.aph.gov.au/-/media/03_Senators_and_Members/32_Members/Register/47P/CF/Dreyfus_47P.pdf?rev=1e5d512b14ac45cb9dd68f4230f55866&hash=F0A626FAF42E191E6D2E87FCECF7C1D4,2024-07-15,pdfs/47/dreyfus_47p.pdf,26e74ab91281c5c44483b54ec342bc50f52e5c546779020df01bc331c2f7316e,16,
house,47,Peter Dutton,Dickson,https://static.aph.gov.au/-/media/03_Senators_and_Members/32_Members/Register/47P/CF/Dutton_47P.pdf?rev=1e54db80803341dc879c455a67d19219&hash=F4EFCFF32A03A7E54EEF3CE73DD1D4CD,2025-01-31,pdfs/47/dutton_47p.pdf,e6eecbf6eabbfd3dacdb66328f84dad819abf469564b813a04cb74f96875bda8,30,
house,47,Justine Elliot,Richmond,https://static.aph.gov.au/-/media/03_Senators_and_Members/32_Members/Register/47P/CF/Elliot_47P.pdf?rev=b289c9494ec84b14be2b51d5eaff3748&hash=787D49CF22CD6100CCE1C0CA15D6CF5C,2023-09-07,pdfs/47/elliot_47p.pdf,cac593bda63cf50b93176e77f0628518a948bcde83d6b91216375c0398d8e42f,10,
house,47,Warren Entsch,Leichhardt,https://static.aph.gov.au/-/media/03_Senators_and_Members/32_Members/Register/47P/CF/Entsch_47P.pdf?rev=ea1b26f2eea84afdb58995f1c8a69ad6&hash=97119800C4F134A29E4229165B9CB606,2025-01-17,pdfs/47/entsch_47p.pdf,a976244c2f5ea9e57c562204a6e3d7c3c51477d07192768b8f4fb8c8c99dbab7,22,
house,47,,,https://static.aph.gov.au/-/media/03_Senators_and_Members/32_Members/Register/Explanatory_notes/Explanatory_Notes___Booklet_1.pdf?rev=276340c5346441df91e79dee3912ed83&hash=D269D2F6B53B2CB55B8142F401C5EBEB,,pdfs/47/explanatory_notes___booklet_1.pdf,805aa6fea9dc918c802cff2baea9c4e3d2bdc773887da94630dede5d906c7048,7,
house,47,Cassandra Fernando,Holt,https://static.aph.gov.au/-/media/03_Senators_and_Members/32_Members/Register/47P/CF/Fernando_47P.pdf?rev=9800bef0279441dcbe892e3e400fb052&hash=D221C00AEE524DF99C70B275A04D3FA2,2025-02-12,pdfs/47/fernando_47p.pdf,50905f3e1e275c0d27274a35770c153a899832fd179198e1049b3225c574f7c0,26,
house,47,Paul Fletcher,Bradfield,https://static.aph.gov.au/-/media/03_Senators_and_Members/32_Members/Register/47P/CF/Fletcher_47P.pdf?rev=b37c0d633ad442a2909a86a28bfb215b&hash=1801DC0A9DC3B1FEFE8C11F35624B3F9,2025-01-17,pdfs/47/fletcher_47p.pdf,c23e84d3d625b097517fc2e0a7fc882ee34f7091c5048343a4e4044031307334,34,
house,47,Mike Freelander,Macarthur,https://static.aph.gov.au/-/media/03_Senators_and_Members/32_Members/Register/47P/CF/Freelander_47P.pdf?rev=21247f4e2dcf48dba41d8c369ce34c79&hash=B0E67B32FBE315E0D6FDC386B0FCC0FE,2022-09-05,pdfs/47/freelander_47p.pdf,c82f74f66a66f31aa5a3bea2f904fb163ccb93de8028a8b086c5c107c583f5e0,6,
house,47,Carina Garland,Chisholm,https://static.aph.gov.au/-/media/03_Senators_and_Members/32_Members/Register/47P/GJ/Garland_47P.pdf?rev=8dd825e9e3e440c2b7bda4216a62c84c&hash=B8F5D554221016DA4C13EE0581426BD1,2023-12-11,pdfs/47/garland_47p.pdf,22dc03277155ff10ceddef2fce66fd7a4e0e3b5dcc506b647b9e9013b692f0a6,12,
house,47,Andrew Gee,Calare,https://static.aph.gov.au/-/media/03_Senators_and_Members/32_Members/Register/47P/GJ/Gee_47P.pdf?rev=7ea1dfcad20d4e489e7fdaf38f0285c1&hash=6D2DF50D34E68D544179C8852CDA3D7F,2024-10-29,pdfs/47/gee_47p.pdf,d083484cb9c5dcd17a91d22836e021231ba7a7704936f30f11d0d3698631caa9,15,
house,47,Steve Georganas,Adelaide,https://static.aph.gov.au/-/media/03_Senators_and_Members/32_Members/Register/47P/GJ/Georganas_47P.pdf?rev=805f1e2ebc544452915bc871e9d29db5&hash=0AA78742AA8B04B8FED3A61BEBB4D575,2025-02-05,pdfs/47/georganas_47p.pdf,97e2ebe78e947a075a9dd79fd503aeea8366e00f237aa65a840aee32c5ed523d,11,
house,47,Andrew Giles,Scullin,https://static.aph.gov.au/-/media/03_Senators_and_Members/32_Members/Register/47P/GJ/Giles_47P.pdf?rev=d973649e51524f9db2bcc387a31dbd92&hash=28092DCEF3509ADCFC4E16D43F9974DE,2024-10-29,pdfs/47/giles_47p.pdf,30397013f5eba73f9ec0f6d362d26eb7a895b503c2a22c00a2f8522e380a51a7,15,
house,47,David Gillespie,Lyne,https://static.aph.gov.au/-/media/03_Senators_and_Members/32_Members/Register/47P/GJ/Gillespie_47P.pdf?rev=a43e67ef1cd44a60b456848bcf354121&hash=CC1F25387E7BDE097DC30EF9F0B43BAD,2025-02-14,pdfs/47/gillespie_47p.pdf,1b7221b0214f3344ec5f00ba0a8d98d2b92a098213c4280b83b4921f8f72bc0e,12,
house,47,Ian Goodenough,Moore,https://static.aph.gov.au/-/media/03_Senators_and_Members/32_Members/Register/47P/GJ/Goodenough_47P.pdf?rev=27687ae0ab7e467486c91af4126cc188&hash=172020EB27482E4083AA1702AE8B08E5,2024-11-04,pdfs/47/goodenough_47p.pdf,d1e93ff6a5fa51495203482c7a17c0833f7f2c555b703dbd4d207369d2ca9ab8,9,
house,47,Patrick Gorman,Perth,https://static.aph.gov.au/-/media/03_Senators_and_Members/32_Members/Register/47P/GJ/Gorman_47P.pdf?rev=fe37544d06bc4fee861d34db4d8a23db&hash=FCF7FBADA9E8CB9552E84586B5FCD68A,2025-03-04,pdfs/47/gorman_47p.pdf,9100c1dceaeacb04296761a9669644b0192352aa2fe0b2a89f4657bc4b7a3346,32,
house,47,Luke Gosling,Solomon,https://static.aph.gov.au/-/media/03_Senators_and_Members/32_Members/Register/47P/GJ/Gosling_47P.pdf?rev=905de80b6a4e45b28d48278a72a9acdc&hash=9DDC82BB357430F857F893667ECB3431,2024-06-20,pdfs/47/gosling_47p.pdf,69be18edba2d3ebde93c02e6282cddfbf14f222dce68fde4444558a28bc7a044,10,
house,47,Helen Haines,Indi,https://static.aph.gov.au/-/media/03_Senators_and_Members/32_Members/Register/47P/GJ/Haines_47P.pdf?rev=f9a5c5d7162e439b89f75946340675b1&hash=DA1734971B082D0885989490F8FD6F2D,2025-03-18,pdfs/47/haines_47p.pdf,ef33c37f437bceea168d6eaf0101c2609af67731ccd05f5f7402785a8672404b,37,
house,47,Garth Hamilton,Groom,https://static.aph.gov.au/-/media/03_Senators_and_Members/32_Members/Register/47P/GJ/Hamilton_47P.pdf?rev=8b9f01a0699445ea995ec3bf33750cd6&hash=1B7558D1A3724FDAD8A99BDFFF48F747,2025-02-18,pdfs/47/hamilton_47p.pdf,02da1fea9d02b92d9d0a1d8ce89adecab7233a0932e223375cb867efa5b2359d,23,
house,47,Andrew Hastie,Canning,https://static.aph.gov.au/-/media/03_Senators_and_Members/32_Members/Register/47P/GJ/Hastie_47P.pdf?rev=c339806bbd2f42c8b177c28f41a8f2c1&hash=21DF5F9FD29D7BF1F707BAB90A9889EA,2024-10-30,pdfs/47/hastie_47p.pdf,0cadcbc43d234c06337889c502c42a88a5c5c7e4d4c7b051065f60dc0a4bf695,15,
house,47,Alex Hawke,Mitchell,https://static.aph.gov.au/-/media/03_Senators_and_Members/32_Members/Register/47P/GJ/Hawke_47P.pdf?rev=1b28f18006f64c89ba6a736322f4ff6a&hash=DCDB46583FA1BA2090923AFAC3805346,2025-01-31,pdfs/47/hawke_47p.pdf,225564a6dfa4f2149eeabe788dd49a024cd5d602c2c1d40ca7d1de058452be34,10,
house,47,Julian Hill,Bruce,https://static.aph.gov.au/-/media/03_Senators_and_Members/32_Members/Register/47P/GJ/Hill_47P.pdf?rev=58192ecf79504df4833ba65d68ceb5a9&hash=7326A88D6A034B3C5D00C83A25601494,2024-11-23,pdfs/47/hill_47p.pdf,a34d16c95adec3693f8755b9906dd345e4eff03a337f9032adce132f7a3679e3,18,
house,47,Kevin Hogan,Page,https://static.aph.gov.au/-/media/03_Senators_and_Members/32_Members/Register/47P/GJ/Hogan_47P.pdf?rev=0fdb3d1568bb4daba78851114f26b896&hash=4796EF68941379E66622215D9DAA050B,2025-02-21,pdfs/47/hogan_47p.pdf,b7e879da434923cb0ab00b368f39855cfb6bc8f6014d353559c4f38288e13fe2,19,
house,47,Luke Howarth,Petrie,https://static.aph.gov.au/-/media/03_Senators_and_Members/32_Members/Register/47P/GJ/Howarth_47P.pdf?rev=83ce3d1d07a346febc36b40954d6c30b&hash=E4EF8A0F0041B5CC103BDB48BBB6DF34,2024-10-03,pdfs/47/howarth_47p.pdf,fad76a1907e281159ec791416286ad7e3e598cb76cd7073cbe54668292ac6e3f,9,
house,47,Ed Husic,Chifley,https://static.aph.gov.au/-/media/03_Senators_and_Members/32_Members/Register/47P/GJ/Husic_47P.pdf?rev=bfc65473345b4715af92f283af7db1df&hash=C90F070D4D5CEE0FDF0A109818525DF2,2022-08-23,pdfs/47/husic_47p.pdf,b05431b88ad94a50d78c4b511375690cb211ed90fb2338abe3acd14f959bb6d4,6,
house,47,,,,,pdfs/47/interestsr_47p.pdf,43ef4234705c14df5affdd15f3bdd725afaa8efd121925bc5260e89dbc208a80,2,
house,47,Stephen Jones,Whitlam,https://static.aph.gov.au/-/media/03_Senators_and_Members/32_Members/Register/47P/GJ/Jones_47P.pdf?rev=ca8d7096c9974e08895092c0b117a227&hash=72C849281396C66394F44FC622C07A2E,2024-05-28,pdfs/47/jones_47p.pdf,5a03cd8819dd0116039bef5642241432a989785db3e59eb9c3190b990429f43d,9,
house,47,Barnaby Joyce,New England,https://static.aph.gov.au/-/media/03_Senators_and_Members/32_Members/Register/47P/GJ/Joyce_47P.pdf?rev=bf61d5cdc025405cab40993e86be9a14&hash=200920D0B9B2ACB4F650C2CF57F3E0C3,2025-03-12,pdfs/47/joyce_47p.pdf,052d6d64451ed57bfcb569e846ff694814df693e4437dbb7617b66815365352f,27,
house,47,Bob Katter,Kennedy,https://static.aph.gov.au/-/media/03_Senators_and_Members/32_Members/Register/47P/KN/Katter_47P.pdf?rev=382e908235054bb89fe17c32ede70e26&hash=09FB7E1EE6B0F314F4709FAEE477D515,2023-10-19,pdfs/47/katter_47p.pdf,dbd375e0685f114a7341be57d898e2c823f821e11f985e3fdc9f86b2e3657f4d,7,
house,47,Ged Kearney,Cooper,https://static.aph.gov.au/-/media/03_Senators_and_Members/32_Members/Register/47P/KN/Kearney_47P.pdf?rev=9b322bbce07e4affa1be5669bccb5061&hash=84C13EE707D9965F365782A6424BCCA3,2024-12-02,pdfs/47/kearney_47p.pdf,e1c7846bc84335d3dce2a793b598b2ce08a2f1577f44020ba311d3e8f4c8f118,24,
house,47,Simon Kennedy,Cook,https://static.aph.gov.au/-/media/03_Senators_and_Members/32_Members/Register/47P/KN/Kennedy_47P.pdf?rev=1fe782eb542148debe82e13aa11ee4c9&hash=4AC78715EDD65A2F6971C62B3D496270,2025-03-13,pdfs/47/kennedy_47p.pdf,505d8859c1b0f4625ad94590eb393142d3e2f4745d031fc822687215ac01e540,11,
house,47,Matt Keogh,Burt,https://static.aph.gov.au/-/media/03_Senators_and_Members/32_Members/Register/47P/KN/Keogh_47P.pdf?rev=25406e8c1b0a4b35abbbb91a08795648&hash=0AF5F4F3A5898E2CD41E003F4F75F8DD,2025-01-06,pdfs/47/keogh_47p.pdf,d293b89047bb3e4c21bdcba4361925a479fca0b09eb1075f5e43ea4b84c958e4,18,
house,47,Peter Khalil,Wills,https://static.aph.gov.au/-/media/03_Senators_and_Members/32_Members/Register/47P/KN/Khalil_47P.pdf?rev=e0bcd86deac346df8e3d9202f87268dc&hash=9B59A7A057370247935753B71B042262,2025-01-30,pdfs/47/khalil_47p.pdf,30ecd96b7f919d63c789612c0e53037e9fc6e9874b7df814942ea9a6ae367681,18,
house,47,Catherine King,Ballarat,https://static.aph.gov.au/-/media/03_Senators_and_Members/32_Members/Register/47P/KN/KingC_47P.pdf?rev=7805823b6bc641f69eb33e657071f1ee&hash=00D07C86BF0E8AA4BAF1C66115AD29D8,2024-10-03,pdfs/47/kingc_47p.pdf,6c84f7ac94936736487f417244a11d2ff973fc7562f030f175b2915e9a430965,15,
house,47,Madeleine King,Brand,https://static.aph.gov.au/-/media/03_Senators_and_Members/32_Members/Register/47P/KN/KingM_47P.pdf?rev=aff5aa8451d2461d93d1c686b5e57940&hash=FEFE805A7B8BFD9D4D2D52BEF76ACD8A,2025-02-14,pdfs/47/kingm_47p.pdf,69d40a29af55e90210fcc5bd5d5fc3c45e06f9d5224b3c73d926836119125938,81,
house,47,Michelle Landry,Capricornia,https://static.aph.gov.au/-/media/03_Senators_and_Members/32_Members/Register/47P/KN/Landry_47P.pdf?rev=0e6efd53327c4078b2d4ace1bd0a51e1&hash=228A2DDF7BE84618E5E5157156DF0DA0,2024-05-28,pdfs/47/landry_47p.pdf,395bdc2b2e5b277ce231d664c9860b03d61dd0bea3177a32f2039963cd90ce3e,13,
house,47,Tania Lawrence,Hasluck,https://static.aph.gov.au/-/media/03_Senators_and_Members/32_Members/Register/47P/KN/Lawrence_47P.pdf?rev=fe1e245832f54684a9dd022cc67a68bd&hash=7569C83E06B654AAA6C9E9394A33E776,2024-10-29,pdfs/47/lawrence_47p.pdf,7e6512a7be2276843c1c737d488580c544c726c09b0ff4b403cba239f41052f0,14,
house,47,Jerome Laxale,Bennelong,https://static.aph.gov.au/-/media/03_Senators_and_Members/32_Members/Register/47P/KN/Laxale_47P.pdf?rev=b1541f1aff1c479389891cb49053ba17&hash=40A847452CC9932A2500A4E8592A5819,2025-03-01,pdfs/47/laxale_47p.pdf,057508076302f2e4cafb9d5f40a5443861367f45825109e3cc7e0b79f6185d7c,28,
house,47,Dai Le,Fowler,https://static.aph.gov.au/-/media/03_Senators_and_Members/32_Members/Register/47P/KN/Le_47P.pdf?rev=f664672369a34d72910ac533379e04c1&hash=3BCB5DB33B6858CE2173FCA19BD7021D,2024-10-30,pdfs/47/le_47p.pdf,7fca5a5318d8fd445aaeafe1828ac76829e8256ecdacccad051128e5a56278de,9,
house,47,Julian Leeser,Berowra,https://static.aph.gov.au/-/media/03_Senators_and_Members/32_Members/Register/47P/KN/Leeser_47P.pdf?rev=fe4b4daefb064b0ea0154c8def3b4ef6&hash=739609967B595AB891F60B59021DCF46,2025-02-24,pdfs/47/leeser_47p.pdf,bac63d3a24087084776038f330d05997de820267a9e4c4d9b1b7e5b207b0415e,23,
house,47,Andrew Leigh,Fenner,https://static.aph.gov.au/-/media/03_Senators_and_Members/32_Members/Register/47P/KN/Leigh_47P.pdf?rev=09749078c5224d68a1cbd7cbed22efc2&hash=8293E739A69222F9706E9C0D576F54CB,2024-09-12,pdfs/47/leigh_47p.pdf,b16dfd26dfe8d7560d1d65345572f462c5547ce6486f4b6a9bad38d5ebb7ee74,18,
house,47,Sussan Ley,Farrer,https://static.aph.gov.au/-/media/03_Senators_and_Members/32_Members/Register/47P/KN/Ley_47P.pdf?rev=8e7c9a08aa68455c8ab234097133e135&hash=706D3984CB078B13871DE8109FD93ECA,2024-10-20,pdfs/47/ley_47p.pdf,9f9935764f4bc2c171e8c9fdfe60ffb14b32466d88be28b98a5eaf012f88848e,13,
house,47,Sam Lim,Tangney,https://static.aph.gov.au/-/media/03_Senators_and_Members/32_Members/Register/47P/KN/Lim_47P.pdf?rev=771ff358f2af40bdb926f3994ceb5ed4&hash=CCBCBE401DF157867D495233F24C7C01,2025-03-07,pdfs/47/lim_47p.pdf,51a3de0a708b6567080dc80c3354269e305f1397d64bba1bf510c1e67d03bb7a,8,
house,47,David Littleproud,Maranoa,https://static.aph.gov.au/-/media/03_Senators_and_Members/32_Members/Register/47P/KN/Littleproud_47P.pdf?rev=0587b20c786e444587b0acbceaef269b&hash=A59F096AB2C6A449512B309A6D2CC5C0,2025-03-18,pdfs/47/littleproud_47p.pdf,3a682998cf1d52f5c525c901728d4a3f86cf6975a5c03af6cabedf594b89751d,22,
house,47,Nola Marino,Forrest,https://static.aph.gov.au/-/media/03_Senators_and_Members/32_Members/Register/47P/KN/Marino_47P.pdf?rev=bdd87bf6bca64173a8d9cd34740173c9&hash=C596F502445D82AC9A7F619B1FBA35F1,2023-12-21,pdfs/47/marino_47p.pdf,443508a1e33b8aa3940eb35392a47bc5150ee454efe279beb2a543cecbe3c668,8,
house,47,Richard Marles,Corio,https://static.aph.gov.au/-/media/03_Senators_and_Members/32_Members/Register/47P/KN/Marles_47P.pdf?rev=498aa0f6e03b45ccb96878c2c38e3d27&hash=6A7477C2AA3D1A0111AA868993377617,2025-03-21,pdfs/47/marles_47p.pdf,0b9c350ac77ed13422b0807bd9c4ad110e5e44d739849e502161756b25191069,27,
house,47,Zaneta Mascarenhas,Swan,https://static.aph.gov.au/-/media/03_Senators_and_Members/32_Members/Register/47P/KN/Mascarenhas_47P.pdf?rev=601aae57ae5a4e06ae48e94f6f5ddcf0&hash=E6BCCEBFDFA042189FDE89416920B706,2025-02-10,pdfs/47/mascarenhas_47p.pdf,9b34f7b60dcba573dfece87f89502c732ebb95e744e6bf4e387e948ab15d45d7,20,
house,47,Kristy McBain,Eden-Monaro,https://static.aph.gov.au/-/media/03_Senators_and_Members/32_Members/Register/47P/KN/McBain_47P.pdf?rev=7834d8be1033466494b3470ad30460d1&hash=E74100DA366588F91C6965CE42860A51,2024-11-20,pdfs/47/mcbain_47p.pdf,283e6eaebd9c7f7185f59123d243789d0807c4bbda8782036f6443641f944d62,23,
house,47,Emma McBride,Dobell,https://static.aph.gov.au/-/media/03_Senators_and_Members/32_Members/Register/47P/KN/McBride_47P.pdf?rev=f0451f5a57f54a9e99aa547fbab97558&hash=22A119F6E5338E63EFC842F0C99074C0,2025-01-31,pdfs/47/mcbride_47p.pdf,ac2fbaed8a5842260dc58be8a0110c65d9123d6b0f3a6661678493b266472920,7,
house,47,Michael McCormack,Riverina,https://static.aph.gov.au/-/media/03_Senators_and_Members/32_Members/Register/47P/KN/McCormack_47P.pdf?rev=297263ff5f424cccba83dc70326333ee&hash=B5F19DDF1E05FCB5612172F65FF055EA,2024-11-12,pdfs/47/mccormack_47p.pdf,4da793af172ff2b2438b856e4413ef78f3a5e9d043dab689c9f46666be7b1281,19,
house,47,Melissa McIntosh,Lindsay,https://static.aph.gov.au/-/media/03_Senators_and_Members/32_Members/Register/47P/KN/McIntosh_47P.pdf?rev=745e1069a497411c95af406321f525ce&hash=6BD4D1FDBD867BDDC219688FC57A86A9,2024-10-30,pdfs/47/mcintosh_47p.pdf,ebc5032fe4522462f6a8966d8821189aad3c2caf2242278c4460e5dccb2fbc73,8,
house,47,Zoe McKenzie,Flinders,https://static.aph.gov.au/-/media/03_Senators_and_Members/32_Members/Register/47P/KN/McKenzie_47P.pdf?rev=3753c2ce9b4a4181bc14d09cb7b94176&hash=775D77F00CF7FCC9DCB9C39ACB36F07E,2025-02-04,pdfs/47/mckenzie_47p.pdf,04d11b44840ea2feb7ffe298d3eb3953fcc25fc603c17026ef8702232b958080,21,
house,47,Louise Miller-Frost,Boothby,https://static.aph.gov.au/-/media/03_Senators_and_Members/32_Members/Register/47P/KN/Miller-Frost_47P.pdf?rev=618843334c794ba59996c9d7a0bb8247&hash=6B0C275DB9A1A4C582918E831E9ECD6D,2025-01-13,pdfs/47/miller-frost_47p.pdf,5cd8432ab5f51978aae70d22919dfa4c255a63b9f62f0ba2957e158024c8d1cc,29,
house,47,Brian Mitchell,Lyons,https://static.aph.gov.au/-/media/03_Senators_and_Members/32_Members/Register/47P/KN/MitchellB_47P.pdf?rev=3fc32c0b5dfb4069b561bd4acad3eb41&hash=1E373C7B1891BAC21330409608469689,2022-08-22,pdfs/47/mitchellb_47p.pdf,49f7b982b70bf173db8fadc1a62ccb0bf31c85949275c47ae54db4f9af3b8afa,6,
house,47,Rob Mitchell,McEwen,https://static.aph.gov.au/-/media/03_Senators_and_Members/32_Members/Register/47P/KN/MitchellR_47P.pdf?rev=617dd391b42b403b908f0fd21515a423&hash=C14396CB236DC8EA732C549CB68593E1,2024-02-05,pdfs/47/mitchellr_47p.pdf,b5e8b01d9b5e5b475c3a6d088835ac3167014b76238eb8894b855f6b54b6365d,9,
house,47,Scott Morrison,Cook,https://static.aph.gov.au/-/media/03_Senators_and_Members/32_Members/Register/47P/KN/Morrison_47P.pdf?rev=a0fbf1ddc9354293acd2861002240ad2&hash=68996AD6899C5B72E0D21452D296DEEF,2024-02-02,pdfs/47/morrison_47p.pdf,5c3548ccacde41dfd8ff687899ac9fb0aa4b5e4eca9945283ae1db61210eb84b,29,
house,47,Daniel Mulino,Fraser,https://static.aph.gov.au/-/media/03_Senators_and_Members/32_Members/Register/47P/KN/Mulino_47P.pdf?rev=2f6b9769cea34d70851ee5ac26d6bf3d&hash=80B06366F07F5A4A46A70B3BB44A00D6,2025-03-27,pdfs/47/mulino_47p.pdf,599c5f43f1abfa8dfe2595524fdd2391d378ca1adf3295dc954b9a97cfb8882f,14,
house,47,Peta Murphy,Dunkley,https://static.aph.gov.au/-/media/03_Senators_and_Members/32_Members/Register/47P/KN/Murphy_47P.pdf?rev=ccf3a3d9f938486c93cbaa546426a975&hash=54352FFFDAFC8E81727B1C848EE1776F,2023-10-23,pdfs/47/murphy_47p.pdf,39fbdd1e4ec0f90e20a2c5b644298af15e6371ac7a1b0b87d3de1d199b915cbb,10,
house,47,Shayne Neumann,Blair,https://static.aph.gov.au/-/media/03_Senators_and_Members/32_Members/Register/47P/KN/Neumann_47P.pdf?rev=b4d1138cd6ca48949b6e9578204e5234&hash=21F4D8C9062E00D6F243093F3042A93B,2024-05-23,pdfs/47/neumann_47p.pdf,c955f492761fae38fe59b67f139e575644955c16e944ae92594675c90d1cbbaf,9,
house,47,Llew O'Brien,Wide Bay,https://static.aph.gov.au/-/media/03_Senators_and_Members/32_Members/Register/47P/OR/OBrienL_47P.pdf?rev=a2083a3583b54f1fbcc8d6e125710e4c&hash=D5320808CF2AA15FE889AC191D361B3F,2024-11-03,pdfs/47/obrienl_47p.pdf,484d32ace06f95919fc255338eb633d161377d1eaa2ad9b2ab5067b8bb57dd68,8,
house,47,Ted O'Brien,Fairfax,https://static.aph.gov.au/-/media/03_Senators_and_Members/32_Members/Register/47P/OR/OBrienT_47P.pdf?rev=624067302c37471d880a4a72c6ed6505&hash=2B2227D75CF4147034B6B6F02DE624AB,2024-12-20,pdfs/47/obrient_47p.pdf,82ee0124eb9cff1c9712f486db5adff0f7174f4fcf738007781b815228fa893a,14,
house,47,Brendan O'Connor,Gorton,https://static.aph.gov.au/-/media/03_Senators_and_Members/32_Members/Register/47P/OR/OConnor_47P.pdf?rev=1db2ef84e4d54d65b3c4bbcad21bc239&hash=9345460795708344F4B2A7F21399BFDC,2024-09-20,pdfs/47/oconnor_47p.pdf,ba70980b4bf5e62db338886077a6394a2757011fab66462f959b28607d4ec1d7,17,
house,47,Clare O'Neil,Hotham,https://static.aph.gov.au/-/media/03_Senators_and_Members/32_Members/Register/47P/OR/ONeil_47P.pdf?rev=e2a84fdebf3e4c15939260e32372f9c2&hash=D011BE32BB60F72DE5E28E4A3B19E388,2025-02-25,pdfs/47/oneil_47p.pdf,140eda7468fe1298830c784abef4d021b34f4323097ab116f51e160070f0a1d7,19,
house,47,Tony Pasin,Barker,https://static.aph.gov.au/-/media/03_Senators_and_Members/32_Members/Register/47P/OR/Pasin_47P.pdf?rev=9bf7a1e5583a4b0ca5cddef6979d061b&hash=5918181EB2439881757E91AFE683F662,2024-05-30,pdfs/47/pasin_47p.pdf,70978f8fdc0ee8331d0315f33e1a387d31db0c3c4bfaa66484bafb821bc30bf0,9,
house,47,Alicia Payne,Canberra,https://static.aph.gov.au/-/media/03_Senators_and_Members/32_Members/Register/47P/OR/Payne_47P.pdf?rev=1586c1cb04e24dc3a3220b11b0d56058&hash=C12436F98DFDFA84B5B24B157190B271,2022-08-17,pdfs/47/payne_47p.pdf,70455c3a0e811dc999225fb1968dea1039883f4ed032d61fa6149cfcd7924e88,6,
house,47,Gavin Pearce,Braddon,https://static.aph.gov.au/-/media/03_Senators_and_Members/32_Members/Register/47P/OR/Pearce_47P.pdf?rev=e34f1ab0e27e4bbf8668a3f79f28506a&hash=7F7C26FEB3F5F164E12B708EA95326A5,2024-09-11,pdfs/47/pearce_47p.pdf,00581cb047f166af956d2c0f2e74f8954e72962b9634292b9e23c15126c24b7e,11,
house,47,Graham Perrett,Moreton,https://static.aph.gov.au/-/media/03_Senators_and_Members/32_Members/Register/47P/OR/Perrett_47P.pdf?rev=427cb83f325649d79b52f6d2053a2296&hash=A86DF1066B1D313484F5A670FD224064,2025-01-28,pdfs/47/perrett_47p.pdf,740caa7394cf67373a7730305dc9bf21207670884378e47e6658fc1f763b92aa,16,
house,47,Fiona Phillips,Gilmore,https://static.aph.gov.au/-/media/03_Senators_and_Members/32_Members/Register/47P/OR/Phillips_47P.pdf?rev=15616b7c721449a9a82a69f96bea900e&hash=583856959EEF6DEF929134BEB06DD6D6,2024-02-26,pdfs/47/phillips_47p.pdf,31a974be3d574ecdf625e034d235b64d21fe12f1be341ee58791e2ba4bd14c72,7,
house,47,Henry Pike,Bowman,https://static.aph.gov.au/-/media/03_Senators_and_Members/32_Members/Register/47P/OR/Pike_47P.pdf?rev=a3e9115909634bf8a5ed5d80d8f49369&hash=2AE60FA9C536590052A574FBFB6FE22C,2025-03-14,pdfs/47/pike_47p.pdf,580a65f52d37d82ac98378caee97fe6acaeea6ed302a54ff51edcd5050fa567f,8,
house,47,Keith Pitt,Hinkler,https://static.aph.gov.au/-/media/03_Senators_and_Members/32_Members/Register/47P/OR/Pitt_47P.pdf?rev=cdcb5cb28f2d40a1900ac0f5f4392464&hash=77C7AEDF32DFE0FC7C54788E17AAF9E7,2024-12-02,pdfs/47/pitt_47p.pdf,7393f6064b339359a9e298cfbb66befdc79f3ae95f8ae317846d16c99dbcde92,18,
house,47,Tanya Plibersek,Sydney,https://static.aph.gov.au/-/media/03_Senators_and_Members/32_Members/Register/47P/OR/Plibersek_47P.pdf?rev=0876da9d18974f129fe3ca8ca1cd1d47&hash=63ADC8D6760C8C1C50C3508FD8D64F91,2024-03-27,pdfs/47/plibersek_47p.pdf,1fe436457d16e5e4865fdac6164edfc34d235d87604667fa511e0ae07ec60598,13,
house,47,Melissa Price,Durack,https://static.aph.gov.au/-/media/03_Senators_and_Members/32_Members/Register/47P/OR/Price_47P.pdf?rev=7882daa4f071472e9eefdeb80fdef942&hash=1890869F33090DC8644A71EB28092253,2025-01-21,pdfs/47/price_47p.pdf,3488fb17c30360139cdd7dc6ea163d612a0efc1b27759c5d270c09489153ee2b,14,
house,47,Sam Rae,Hawke,https://static.aph.gov.au/-/media/03_Senators_and_Members/32_Members/Register/47P/OR/Rae_47P.pdf?rev=607ae986e82c4aedb2240b316c8ad9dd&hash=8140B3B182AA42B7A65B4E3B590548CB,2024-11-11,pdfs/47/rae_47p.pdf,b4bc485f8f4f3f184e487617f99e5bc00370f7ee0e85b2c1cdf2ac6c9168c51d,20,
house,47,Rowan Ramsey,Grey,https://static.aph.gov.au/-/media/03_Senators_and_Members/32_Members/Register/47P/OR/Ramsey_47P.pdf?rev=13bae1fbdf3244a186bfc2ba3e02bc4c&hash=5EF0408897B1E6E5C280C58A480329BA,2025-02-27,pdfs/47/ramsey_47p.pdf,832325ac1c2f29ffb0d3b2dbbaea99a2e8f0053961ea91a6373b6411a208d6c0,11,
house,47,Gordon Reid,Robertson,https://static.aph.gov.au/-/media/03_Senators_and_Members/32_Members/Register/47P/OR/Reid_47P.pdf?rev=a7a7550126894c41ac52769cdc751e1e&hash=D9AD84251489367B2A8548AA8FC67F70,2025-02-11,pdfs/47/reid_47p.pdf,adfb505f6a8e6a1bb5aac40a56d2c266f65d46fc419c79bf24719e080ac59b4b,19,
house,47,Daniel Repacholi,Hunter,https://static.aph.gov.au/-/media/03_Senators_and_Members/32_Members/Register/47P/OR/Repacholi_47P.pdf?rev=7785a23c89ce4aab8b29a522cef10ca7&hash=0A6090A64E04753C1780337587C6CD76,2024-11-22,pdfs/47/repacholi_47p.pdf,5c971ad84cb72e110e2e70ec72f05d7db1c17a5986b3b58e2dec30777e50c26b,28,
house,47,Amanda Rishworth,Kingston,https://static.aph.gov.au/-/media/03_Senators_and_Members/32_Members/Register/47P/OR/Rishworth_47P.pdf?rev=100b39c459cc47a68917fb60f5052358&hash=7F739F94F4E747E5E56B0706494A2C80,2024-12-05,pdfs/47/rishworth_47p.pdf,9d487aec07a9e9f25e2968d5cbf1a3ef4bdbf32741fe08c87fa8fa69a0f021d2,18,
house,47,Stuart Robert,Fadden,https://static.aph.gov.au/-/media/03_Senators_and_Members/32_Members/Register/47P/OR/Robert_47P.pdf?rev=c69f3fa7b4564ce29273d81493d21992&hash=5028BB5C892043ED1DBDAE0B8501F160,2022-09-12,pdfs/47/robert_47p.pdf,c86c110764e1aea71072e5f34046e6523721aa1f95dff56860a4fb255cfdcbc5,9,
house,47,Tracey Roberts,Pearce,https://static.aph.gov.au/-/media/03_Senators_and_Members/32_Members/Register/47P/OR/Roberts_47P.pdf?rev=ea7f6e40b7324b8fac5f2019a13dd36f&hash=C9F49D24097E4554A41C15794A256542,2024-11-06,pdfs/47/roberts_47p.pdf,32ba174aeffbed005d4ba509b63048658e050120ded5dccc012d01fff1ecf3e7,15,
house,47,Michelle Rowland,Greenway,https://static.aph.gov.au/-/media/03_Senators_and_Members/32_Members/Register/47P/OR/Rowland_47P.pdf?rev=a704877fce19457abcf3fedd094fa795&hash=EF6C36174CC57665F6626ADAA98E39D8,2025-03-20,pdfs/47/rowland_47p.pdf,6d0d0793e87dbc40db06691b8fee52de31f583954e7d60ba012f9259e19e6798,19,
house,47,Joanne Ryan,Lalor,https://static.aph.gov.au/-/media/03_Senators_and_Members/32_Members/Register/47P/OR/RyanJ_47P.pdf?rev=66783b51b7ba42a889e66786b61be1f0&hash=920963A906E1431C2C8CAA7469D9177A,2024-10-15,pdfs/47/ryanj_47p.pdf,ae96954366e77d181d097eda282ab80fa86f53c1fcd23c32154b077cf7295a8d,13,
house,47,Monique Ryan,Kooyong,https://static.aph.gov.au/-/media/03_Senators_and_Members/32_Members/Register/47P/OR/RyanM_47P.pdf?rev=dd19a194d1d344e4b02dc3cb1662adbc&hash=1A9865C5B9C2FFE167704E04AFDBC1FC,2024-11-06,pdfs/47/ryanm_47p.pdf,0e0074748b1e5754bbd36c4ab8d3891cfe45bcfd0758e9590912fc3a99a5f1a8,13,
house,47,Sophie Scamps,Mackellar,https://static.aph.gov.au/-/media/03_Senators_and_Members/32_Members/Register/47P/SZ/Scamps_47P.pdf?rev=99459db061434ed7b27eaf5ec2ce6b91&hash=989DD8825FD88765C4F16A206AFA722F,2025-01-06,pdfs/47/scamps_47p.pdf,ae7ed746c5a40f9b59054cc1f41de2fd02cc1f296e92a0e61a1adb927ae1bd7d,33,
house,47,Marion Scrymgour,Lingiari,https://static.aph.gov.au/-/media/03_Senators_and_Members/32_Members/Register/47P/SZ/Scrymgour_47P.pdf?rev=2cb0c1b7d31f41959f0647b3036efec4&hash=69AB7742E6569FAE9540015E414C975B,2024-11-04,pdfs/47/scrymgour_47p.pdf,75978a2486866ae07b953971579a79011abd06eb3a396f7db78aebfdd1e2968b,7,
house,47,Rebekha Sharkie,Mayo,https://static.aph.gov.au/-/media/03_Senators_and_Members/32_Members/Register/47P/SZ/Sharkie_47P.pdf?rev=e238d63fff2b44ab9fa2bbf20f0c7add&hash=D58822581B4ADB3088D6D0BA9D03C5BA,2022-08-15,pdfs/47/sharkie_47p.pdf,73c69e2412d8d2157b90822fa62f81d20cc60f1f34599e14e23b4d3dc6cd36f2,6,
house,47,Bill Shorten,Maribyrnong,https://static.aph.gov.au/-/media/03_Senators_and_Members/32_Members/Register/47P/SZ/Shorten_47P.pdf?rev=990af5e455eb4223974be04afcb06afe&hash=199D44C17D446E1055B7ECA3B04DAFA6,2024-10-07,pdfs/47/shorten_47p.pdf,3d2e2159713f3c9d009c4a0ef255cf4d520be816aa657e2a1e5f1c06f8287d4a,30,
house,47,Sally Sitou,Reid,https://static.aph.gov.au/-/media/03_Senators_and_Members/32_Members/Register/47P/SZ/Sitou_47P.pdf?rev=479c25befdb0455993ecb15d6b42a9f4&hash=5910E3E47E5BA7FBBF25D4621F431619,2024-11-07,pdfs/47/sitou_47p.pdf,fba698d8481e1f4d5a4db8d3a9eb714c9fde4bb622f5cbd2fbb44333f2e1c367,24,
house,47,David Smith,Bean,https://static.aph.gov.au/-/media/03_Senators_and_Members/32_Members/Register/47P/SZ/Smith_47P.pdf?rev=afd42f2bc7d3477ba344c1e3e559f7d9&hash=00E93D6845AFDD8095E04EB225F94BCE,2025-02-25,pdfs/47/smith_47p.pdf,ce2fd7025d9f9ac65826c8e48d604bda11ef788b370fab3b56c4f792a5738b92,13,
house,47,Allegra Spender,Wentworth,https://static.aph.gov.au/-/media/03_Senators_and_Members/32_Members/Register/47P/SZ/Spender_47P.pdf?rev=a746d2de68ee47adbb1930aaca04697c&hash=CD72D8A8D7ADC9B8A04830A3DF9D1502,2025-03-25,pdfs/47/spender_47p.pdf,96bfe9d39504581c8a9d5850b822247b5347ceb9c66437a612e438613e46dfff,21,
house,47,Anne Stanley,Werriwa,https://static.aph.gov.au/-/media/03_Senators_and_Members/32_Members/Register/47P/SZ/Stanley_47P.pdf?rev=96a24a93afc94dada0b141eaa3d0769b&hash=D4E3D321DD57325823ED485B387718B3,2024-04-12,pdfs/47/stanley_47p.pdf,fc77b824cfd0ff93edf8a15d8efb0575d4e6898ea2b08162deb11ed0c0400a56,8,
house,47,Zali Steggall,Warringah,https://static.aph.gov.au/-/media/03_Senators_and_Members/32_Members/Register/47P/SZ/Steggall_47P.pdf?rev=fa2714ac8f45472a990baaeb6dc5c02c&hash=9FE077D608810516CB9ED3B9D9A66052,2025-01-28,pdfs/47/steggall_47p.pdf,7c2f0f781518e90023616e9dfa901b5ff0ee35b17c8a73b1eeaef2c62c1a0ac1,14,
house,47,James Stevens,Sturt,https://static.aph.gov.au/-/media/03_Senators_and_Members/32_Members/Register/47P/SZ/Stevens_47P.pdf?rev=cddd67a6eea84fc9a3842cefc0dbc1b5&hash=46C428F3F0B63450C89D13D6A3F54B71,2025-02-21,pdfs/47/stevens_47p.pdf,e6921459b526014f81aa4431e657fc0bb5357dcde7f292edf3d0cb5f1bf81bf1,12,
house,47,Michael Sukkar,Deakin,https://static.aph.gov.au/-/media/03_Senators_and_Members/32_Members/Register/47P/SZ/Sukkar_47P.pdf?rev=3fc8db8a933a4c29a20bbd7107ef5dbd&hash=21185610EEF0FFB3D574A0859C651A1A,2025-01-22,pdfs/47/sukkar_47p.pdf,17af8e8fc38dce9dc25cb860afed3c80e3353caf178c9f5d0f64cfeec49cc6bb,11,
house,47,Meryl Swanson,Paterson,https://static.aph.gov.au/-/media/03_Senators_and_Members/32_Members/Register/47P/SZ/Swanson_47P.pdf?rev=8c6263fafa9b45aba249993e4f755164&hash=96D6C02A0215067586F82E262389AAB2,2025-03-26,pdfs/47/swanson_47p.pdf,94ccd1aa6e7bd2e8ebe104ebb51f40150de18b03e15bd62433fa0d28a4c4cb26,25,
house,47,Angus Taylor,Hume,https://static.aph.gov.au/-/media/03_Senators_and_Members/32_Members/Register/47P/SZ/Taylor_47P.pdf?rev=c51da599227d474fb342f194d96002fc&hash=D29CCA205D197EA9122AFB5FC2EAF6D1,2023-11-30,pdfs/47/taylor_47p.pdf,71103fe9a109b95b05e1e052beb261ac7932a41fae67072118285ecc838e15c6,10,
house,47,Dan Tehan,Wannon,https://static.aph.gov.au/-/media/03_Senators_and_Members/32_Members/Register/47P/SZ/Tehan_47P.pdf?rev=d7ecc1597402447f939cd9c1737346ff&hash=39CD96964D4842A29AD4CECBD7A97E2F,2025-02-18,pdfs/47/tehan_47p.pdf,5b909b8249470986a2c6bd5fb27ae8ec230ada0ee3abed7b70fdde67f0fc76ac,25,
house,47,Susan Templeman,Macquarie,https://static.aph.gov.au/-/media/03_Senators_and_Members/32_Members/Register/47P/SZ/Templeman_47P.pdf?rev=c29f97ac80ff438e93ff2cfb2ead026d&hash=11ADD0750C53888C79DFE88AA9D47DDD,2025-02-05,pdfs/47/templeman_47p.pdf,ed210a6ba51d7721fa30f99c64fc92f15f08d44ff4f5afc143d0e64e9679bdf7,22,
house,47,Matt Thistlethwaite,Kingsford Smith,https://static.aph.gov.au/-/media/03_Senators_and_Members/32_Members/Register/47P/SZ/Thistlethwaite_47P.pdf?rev=22f47554c39640d3a1b89290415a0e3a&hash=6B9E6BE9B5CAB62A0660793B6A13C5AC,2025-03-21,pdfs/47/thistlethwaite_47p.pdf,7ccd178d54bc98f638b0e66321e6e63d905c6383ad2912c50043b931dba91d89,25,
house,47,Phillip Thompson,Herbert,https://static.aph.gov.au/-/media/03_Senators_and_Members/32_Members/Register/47P/SZ/Thompson_47P.pdf?rev=65c6c82bc074438181f8289a95b54184&hash=FA54191964BEF1B8C74086FD2B307B9B,2024-07-23,pdfs/47/thompson_47p.pdf,db5a61cdcce7a5a1734c27d071802f24adcb80b717bbe50889544bb61801b914,9,
house,47,Kate Thwaites,Jagajaga,https://static.aph.gov.au/-/media/03_Senators_and_Members/32_Members/Register/47P/SZ/Thwaites_47P.pdf?rev=bf24a8563780418db880b281147f0fdc&hash=703D0BCC5E9CFB66C2F579E8A31C8A51,2024-09-30,pdfs/47/thwaites_47p.pdf,d9b429fba67b0e662a3a9644eacc7c18153cdc459fed2f909f29f8f1de3c3110,17,
house,47,Kylea Tink,North Sydney,https://static.aph.gov.au/-/media/03_Senators_and_Members/32_Members/Register/47P/SZ/Tink_47P.pdf?rev=d1e28d4811014c1e9bc431f78ad492a5&hash=3CD970A7B2E7E8F4012DBD31A5087C6A,2024-04-19,pdfs/47/tink_47p.pdf,288f7d30a02d7f4ef2ba9469a20a02c15e94273f7526cfc04eb08b91024a40a3,16,
house,47,Alan Tudge,Aston,https://static.aph.gov.au/-/media/03_Senators_and_Members/32_Members/Register/47P/SZ/Tudge_47P.pdf?rev=3905efeca20442a2b7195ede4075570f&hash=0F0ABDE05C51295756100589332BF911,2022-08-15,pdfs/47/tudge_47p.pdf,c9b6ff59ae58be22a1ca7aad6eafd5f3495de8f1157230d1e39eb9d03e9de112,6,
house,47,Maria Vamvakinou,Calwell,https://static.aph.gov.au/-/media/03_Senators_and_Members/32_Members/Register/47P/SZ/Vamvakinou_47P.pdf?rev=d386b7855b5e4dec93b6b0b31b380530&hash=72B0AEB6C6EB731F36B29C6A89939172,2023-08-23,pdfs/47/vamvakinou_47p.pdf,ac42c0fc53543c7c201722e4b96e01a273939a7ddf10c10eb1ac602993ae2e55,8,
house,47,Bert van Manen,Forde,https://static.aph.gov.au/-/media/03_Senators_and_Members/32_Members/Register/47P/SZ/van_Manen_47P.pdf?rev=ea44a9e0360f41bdaf986517e90409ed&hash=C6ED1DC1C2B32C9A7269C48F119440E5,2025-02-04,pdfs/47/van_manen_47p.pdf,7efb0fd11b850bcd4bece57002ab4cde37e53c31c99e5396092ae9f87f082fe8,21,
house,47,Ross Vasta,Bonner,https://static.aph.gov.au/-/media/03_Senators_and_Members/32_Members/Register/47P/SZ/Vasta_47P.pdf?rev=05727e65685148d786bd23f43ed05300&hash=8BE1F616375534DF2F562A786F0F537D,2025-03-14,pdfs/47/vasta_47p.pdf,13de9081ce7a2316e3f37c412180c7bb8739ba1ffaf01a253167c0b40a91fefb,10,
house,47,Aaron Violi,Casey,https://static.aph.gov.au/-/media/03_Senators_and_Members/32_Members/Register/47P/SZ/Violi_47P.pdf?rev=a5a6eb1b59354a088ac7b3ef84d5eca9&hash=1376A61846E723FE5F48B3818F89D9ED,2024-12-10,pdfs/47/violi_47p.pdf,31285b72e82dea54096b481ac24592138fd28e11493b4d3d5a1fd9aeaf4dd306,23,
house,47,Andrew Wallace,Fisher,https://static.aph.gov.au/-/media/03_Senators_and_Members/32_Members/Register/47P/SZ/Wallace_47P.pdf?rev=288b8f9f868e467f9ba971d79f980a03&hash=D295CD17329A54FBC1A53F3A5200CE18,2024-10-29,pdfs/47/wallace_47p.pdf,1f2da3d0459c87c14c3b468e78110a928883f356e5fcf254131bf6da4a49f37a,12,
house,47,Jenny Ware,Hughes,https://static.aph.gov.au/-/media/03_Senators_and_Members/32_Members/Register/47P/SZ/Ware_47P.pdf?rev=df0c25073c5a4033b03fad5c6395e609&hash=3655E7081A02BAD7D1F37C9428752521,2025-01-07,pdfs/47/ware_47p.pdf,3f967ac863db58bee7afef3ba0c97d6ae957df69d17e2ef8126765dbc5406849,16,
house,47,Elizabeth Watson-Brown,Ryan,https://static.aph.gov.au/-/media/03_Senators_and_Members/32_Members/Register/47P/SZ/Watson-Brown_47P.pdf?rev=2b47e72b92cd4378b106511e55fd3caf&hash=B99CED5296277620C0A20292BFB7CE99,2023-09-14,pdfs/47/watson-brown_47p.pdf,be525fc2719052c20d5996dd25dc6e9bdd823fc34e3aad94c94a4bb5549ee1c7,15,
house,47,Tim Watts,Gellibrand,https://static.aph.gov.au/-/media/03_Senators_and_Members/32_Members/Register/47P/SZ/Watts_47P.pdf?rev=17905bcb2c684d4ab5ce407ba684a78a&hash=38F472441DB1039E13A561D517BD0E88,2025-02-03,pdfs/47/watts_47p.pdf,6e7e2e8d2bd5028b2bd8f4caa61d89c84a5044cfce98238af1a25f51bb778d4d,25,
house,47,Anne Webster,Mallee,https://static.aph.gov.au/-/media/03_Senators_and_Members/32_Members/Register/47P/SZ/Webster_47P.pdf?rev=83b8bd467af0404897bbdc1ffb10eb9f&hash=CD6726B0E9756E07D9A02A1F25B3F738,2025-01-21,pdfs/47/webster_47p.pdf,93cab894935b42f83d64c4fb3a4a2505f9d256f14a019065b8164bbb11dbdb1b,18,
house,47,Anika Wells,Lilley,https://static.aph.gov.au/-/media/03_Senators_and_Members/32_Members/Register/47P/SZ/Wells_47P.pdf?rev=06e2b8bf57bf42f0af2885b5dd79a0b0&hash=EBF98037BD36BEA403EE1A82E09295E2,2025-02-28,pdfs/47/wells_47p.pdf,3318b5c8beb01eb0160af7d3b332cd765060691e794bcbf0a5398f79969f0140,45,
house,47,Andrew Wilkie,Clark,https://static.aph.gov.au/-/media/03_Senators_and_Members/32_Members/Register/47P/SZ/Wilkie_47P.pdf?rev=947dfc7f426e46d1b68a161efa81ff65&hash=297577DFBB4DA9E8E4B9E7526E8B4220,2025-01-25,pdfs/47/wilkie_47p.pdf,28e4a9ecb94662acddbc345efbb6e8922206c9cd0fff83ad29be33cbaf07eae4,11,
house,47,Andrew Willcox,Dawson,https://static.aph.gov.au/-/media/03_Senators_and_Members/32_Members/Register/47P/SZ/Willcox_47P.pdf?rev=8ec3a1943bff45ec8cd314af966a8e7b&hash=55348812D059DE71E733EE4441DDA7B7,2024-10-31,pdfs/47/willcox_47p.pdf,1bf842c2802bfa3850da23ee3eefb5bcf8cb106a71b0fb7b5d35a2fdb8920fd6,20,
house,47,Josh Wilson,Fremantle,https://static.aph.gov.au/-/media/03_Senators_and_Members/32_Members/Register/47P/SZ/WilsonJ_47P.pdf?rev=5613c3885cbc4645b1d8e07a47ac5338&hash=C83C1FC2B575B6F6F077AEB9CEA78980,2025-03-18,pdfs/47/wilsonj_47p.pdf,aed2fa505c549cb956595a516a00642735568c4baee8afb673dae980d10086af,20,
house,47,Rick Wilson,O'Connor,https://static.aph.gov.au/-/media/03_Senators_and_Members/32_Members/Register/47P/SZ/WilsonR_47P.pdf?rev=237644a48142499e80a84646f67c9339&hash=D177A93D24DF77C1591AE2E51D76672C,2024-11-21,pdfs/47/wilsonr_47p.pdf,18f11c9187380b3f4b863e55ddd86a676705567ab9042fc2e3266b5622902360,13,
house,47,Keith Wolahan,Menzies,https://static.aph.gov.au/-/media/03_Senators_and_Members/32_Members/Register/47P/SZ/Wolahan_47P.pdf?rev=5ed2d0ab93734c519b27b21d9f2f9286&hash=92B96BB0D4AACAF64447DF31D822289A,2025-02-05,pdfs/47/wolahan_47p.pdf,2e7cc59e47eb45ca9e082e0fe0ce1acfdcd4404e25e9c5404b3d93849a64dbf9,13,
house,47,Jason Wood,La Trobe,https://static.aph.gov.au/-/media/03_Senators_and_Members/32_Members/Register/47P/SZ/Wood_47P.pdf?rev=36d44c929b0942c082890e7fb5ad4a91&hash=9E9CAB5E01B649E85B9F13429F8882DD,2024-01-16,pdfs/47/wood_47p.pdf,6dfc8fbed980fd4b310bfa5e2966c15e2263a4e333821c42605ebf3f6c4baf12,12,
house,47,Terry Young,Longman,https://static.aph.gov.au/-/media/03_Senators_and_Members/32_Members/Register/47P/SZ/Young_47P.pdf?rev=23e219856f6f42e68573b6b9ca75223b&hash=A6025D1635D9C66B698A2AB2914B0824,2024-06-05,pdfs/47/young_47p.pdf,83fae01db9673c5308a85fe49ff186492be1d11583bbef1c1b1401f233271b0e,12,
house,47,Tony Zappia,Makin,https://static.aph.gov.au/-/media/03_Senators_and_Members/32_Members/Register/47P/SZ/Zappia_47P.pdf?rev=53c2edcc32c14ff9aae251246f68332d&hash=407B757AC8DE8C6840BD0F5511C676B1,2025-02-19,pdfs/47/zappia_47p.pdf,d9857110f52a506e06f8fcec6363ad7bddbd4630826d58613accac9bf0598f9b,9,
