id,mp_name,party,electorate,declaration_date,category,sub_category,entity,canonical_entity,item,details
1099bdb2-4577-4fa1-ae89-a31cc6e26fcf,Tony Abbott,Liberal Party of Australia,Warringah,2010-10-21,Liability,Mortgage,ADELAIDE BANK AND RISMARK (THROUGH PERMANENT CUSTODIANS),ADELAIDE BANK AND RISMARK (THROUGH PERMANENT CUSTODIANS),Residential Mortgage,RESIDENTIAL MORTGAGE
c482c477-9f72-40c5-96c9-dcd8895bfb30,Tony Abbott,Liberal Party of Australia,Warringah,2010-10-21,Gift,Other Gift,"MR MAX LIONDOS, LIONDOS TAILORS, SYDNEY","MR MAX LIONDOS, LIONDOS TAILORS, SYDNEY",Suits,SUITS
bf6b6e1a-6eda-4a1d-9512-45f62c17724c,Tony Abbott,Liberal Party of Australia,Warringah,2010-10-21,Gift,Other Gift,"MR MAX LIONDOS, LIONDOS TAILORS, SYDNEY","MR MAX LIONDOS, LIONDOS TAILORS, SYDNEY",Suits,"SUITS FROM MR MAX LIONDOS, LIONDOS TAILORS, SYDNEY"
e0a8b92f-8b0b-4f8a-b784-a1cd27bcef3d,Tony Abbott,Liberal Party of Australia,Warringah,2011-02-11,Gift,Entertainment,Melbourne Cricket Club (MCC) and Cricket Australia,Melbourne Cricket Club (MCC) and Cricket Australia,Ashes Test Match Hospitality,accepted the hospitality of the Melbourne Cricket Club (MCC) and Cricket Australia to attend the fourth Ashes Test Match on 26 December 2010.
6ef3f488-e1c3-4fc1-a5fa-a33268aa2d71,Anthony Albanese,Australian Labor Party,Grayndler,2010-10-20,Liability,Other Liability,"CBA, ANZ","CBA, ANZ",Credit Card,"Mastercard, Visa"
bfbf98f2-172d-48cc-af05-22c22b550ae3,Anthony Albanese,Australian Labor Party,Grayndler,2011-09-21,Gift,Decorative,Dulwich High School of Visual Arts and Design,Dulwich High School of Visual Arts and Design,Two coffee mugs,Received two coffee mugs from Dulwich High School of Visual Arts and Design
d406d379-0793-44fa-bfaf-3bfb4b5b634b,Anthony Albanese,Australian Labor Party,Grayndler,2012-05-14,Asset,Real Estate,"Vladimir Yakunin, President of Russian Railways","Vladimir Yakunin, President of Russian Railways",Book 'Russia Through A Train Window',"Was presented with a book 'Russia Through A Train Window' by Vladimir Yakunin, President of Russian Railways."
196217c7-bbe2-45e6-abb7-b5bb1252ce71,Anthony Albanese,Australian Labor Party,Grayndler,2012-05-21,Gift,Entertainment,"Ipswich Motorway Construction Company, Origin Alliance","Ipswich Motorway Construction Company, Origin Alliance",Half NSW State of Origin/South Sydney football jersey,"Was presented with a half NSW State of Origin/South Sydney football jersey by the Ipswich Motorway Construction Company, Origin Alliance."
198baf2a-39ad-4ab6-a53f-246794ede5d9,Anthony Albanese,Australian Labor Party,Grayndler,2012-11-12,Gift,Hospitality,Emirates and Lion,Emirates and Lion,Guest at the Melbourne Cup,On Tuesday 6 November I was a guest of Emirates and Lion at the Melbourne Cup.
bebf1ed2-e049-430e-a58d-f84c465e5b77,Anthony Albanese,Australian Labor Party,Grayndler,2013-01-15,Gift,Other Gift,"Ministry of Economy, United Arab Emirates","Ministry of Economy, United Arab Emirates",Statuette and fountain pen,"In December from the Ministry of Economy, United Arab Emirates, a statuette and a fountain pen"
9933f6b1-522f-46f0-afc8-d6820413c4c7,Anthony Albanese,Australian Labor Party,Grayndler,2013-01-15,Gift,Decorative,Minister for the Indonesian Search and Rescue Agency,Minister for the Indonesian Search and Rescue Agency,Plaque,"In December from the Minister for the Indonesian Search and Rescue Agency, a plaque"
842ddce1-6051-41aa-9740-4216f1b0dc6b,Anthony Albanese,Australian Labor Party,Grayndler,2013-01-15,Membership,Professional,Channel 9 and Qantas,Channel 9 and Qantas,Cricket Test Ticket,At the Third Cricket Test between Australia and Sri Lanka at the SCG I was a guest of Channel 9 and Qantas.
572c739c-d935-4315-a37d-7ce8b70e83d4,Anthony Albanese,Australian Labor Party,Grayndler,2013-01-15,Gift,Other Gift,"Chen Yuming, Chinese Embassy in Australia","Chen Yuming, Chinese Embassy in Australia",Fountain pen and calendar,"On 9 January 2013 from Chen Yuming, Chinese Embassy in Australia, a fountain pen, and calendar."
f3ed663a-733e-43ed-8c9c-45f986fc4401,Anthony Albanese,Australian Labor Party,Grayndler,2013-05-01,Membership,Professional,Qantas and Emirates,Qantas and Emirates,A380 Aircraft Model,On 29 April 2013 I was given a model A380 Aircraft from Qantas and Emirates.
340c4882-02fa-4adc-a5f9-678a54b93a22,Kevin Andrews,Liberal Party of Australia,Menzies,2011-11-23,Asset,Shares,Westpac and Rhymney Pty Ltd,Westpac and Rhymney Pty Ltd,Residential House Loan in Kilmore,My wife and I have purchased a residential block at Kilmore for investment purposes. A house is being constructed on it. We have loans with Westpac and Rhymney Pty Ltd for this purpose.
fa277c1d-023f-4f60-8635-856f03f43ee6,Kevin Andrews,Liberal Party of Australia,Menzies,2013-02-06,Travel,Other Travel,Santos and Orica Green Edge,Santos and Orica Green Edge,Tour Down Under Attendance,I attended stages of the Tour Down Under as a guest.
3901d5dc-671a-459f-8201-399fd207e872,Kevin Andrews,Liberal Party of Australia,Menzies,2013-02-06,Gift,Entertainment,Shell and Optus,Shell and Optus,Tickets to Australian Open Tennis Championships,My wife and I attended two nights of the Australian Open Tennis Championships as guests.
4ebdd04d-ec87-41b3-93c5-fabb67f7fba6,Karen Andrews,Liberal National Party,McPherson,2010-10-25,Membership,Other Membership,Andrews and Andrews Consulting Pty Ltd,Andrews and Andrews Consulting Pty Ltd,HR Consulting Services,Human Resources and Industrial Relations Consulting
2b94350a-9da6-47da-9ba8-4b752d61e697,Karen Andrews,Liberal National Party,McPherson,2010-10-25,Liability,Credit,Australian and New Zealand Banking Group Limited (ANZ),Australian and New Zealand Banking Group Limited (ANZ),Line of Credit,Line of Credit
1c07e17e-acc2-4ef8-b5bd-2f21bc04504d,Karen Andrews,Liberal National Party,McPherson,2010-10-25,Liability,Loan,Australian and New Zealand Banking Group Limited (ANZ),Australian and New Zealand Banking Group Limited (ANZ),Investment Property Loan,Residential Investment Property Loan
ad4291ae-358a-4b75-9d83-f5c43f1d6cd4,Karen Andrews,Liberal National Party,McPherson,2010-10-25,Liability,Loan,Andrews and Andrews Consulting Pty Ltd,Andrews and Andrews Consulting Pty Ltd,Loan,Loan
09792b1c-4f23-48d5-a93c-42112b565270,Karen Andrews,Liberal National Party,McPherson,2010-10-25,Asset,Other Asset,Australian and New Zealand Banking Group Limited (ANZ),Australian and New Zealand Banking Group Limited (ANZ),Savings,Savings
db01f1cc-ffdf-440b-8508-8258746dd175,Karen Andrews,Liberal National Party,McPherson,2010-10-25,Asset,Other Asset,Australian and New Zealand Banking Group Limited (ANZ),Australian and New Zealand Banking Group Limited (ANZ),Share Trading,Share trading
d3499d2b-23e3-4cbc-8b92-c3bf0540f824,Karen Andrews,Liberal National Party,McPherson,2010-10-25,Asset,Other Asset,Australian and New Zealand Banking Group Limited (ANZ),Australian and New Zealand Banking Group Limited (ANZ),Savings (Spouse),Savings (Spouse)
e075f4bd-6ce4-4bac-9b9b-0e8ddbd37405,Karen Andrews,Liberal National Party,McPherson,2010-10-25,Liability,Credit,Australian and New Zealand Banking Group Limited (ANZ),Australian and New Zealand Banking Group Limited (ANZ),Line of Credit,Line of Credit (Spouse)
37d98de4-962b-4450-adb9-0dcf2718713a,Karen Andrews,Liberal National Party,McPherson,2010-10-25,Liability,Loan,Australian and New Zealand Banking Group Limited (ANZ),Australian and New Zealand Banking Group Limited (ANZ),Investment Property Loan,Residential Investment Property Loan (Spouse)
f2e81428-897e-4cb1-a23a-3a100b25c76b,Karen Andrews,Liberal National Party,McPherson,2010-10-25,Liability,Loan,Andrews and Andrews Consulting Pty Ltd,Andrews and Andrews Consulting Pty Ltd,Loan,Loan (Spouse)
04a5679c-c6d2-47a2-b5b6-c421fa314b78,Karen Andrews,Liberal National Party,McPherson,2010-10-25,Membership,Other Membership,Andrews and Andrews Consulting Pty Ltd,Andrews and Andrews Consulting Pty Ltd,HR Consulting Services,Human Resources and Industrial Relations Consulting (Spouse)
5ae80e8b-aebf-4970-b03b-c4650e338ada,Karen Andrews,Liberal National Party,McPherson,2010-10-25,Liability,Loan,Andrews and Andrews Consulting Pty Ltd,Andrews and Andrews Consulting Pty Ltd,Loan,Loan (Dependent Children)
f7300b17-dece-4b8a-bd68-279d87c201f9,Karen Andrews,Liberal National Party,McPherson,2010-10-25,Asset,Other Asset,artwork / vehicle,artwork / vehicle,Art Collection and/or Vehicle,Art collection details.
83457ccc-b2ab-4506-8576-da809a29d71d,Karen Andrews,Liberal National Party,McPherson,2010-10-25,Asset,Other Asset,Australian and New Zealand Banking Group Limited,Australian and New Zealand Banking Group Limited (ANZ),Savings Account,Savings Account
dc86500c-25d7-44f4-8f6d-60a177777510,Robert Charles Baldwin,Liberal Party of Australia,Paterson,2010-11-15,Gift,Other Gift,"InterContinental Hotel, Melbourne","InterContinental Hotel, Melbourne",Tourism Industry Rates and/or room upgrades and/or club lounge access,Provided with tourism industry rates and/or room upgrades and/or club lounge access and/or complimentary meeting room facilities
b16f41bf-6a69-4e72-ac1a-1b7b6b7389e2,Robert Charles Baldwin,Liberal Party of Australia,Paterson,2010-11-15,Asset,Real Estate,"Star City Hotel and Apartments, Sydney","Star City Hotel and Apartments, Sydney","Accommodation at Star City Hotel, Sydney",Provided with tourism industry rates and/or room upgrades and/or club lounge access and/or complimentary meeting room facilities
8a5b1c3f-e877-4bc7-b43c-5f9fbf654ef1,Robert Charles Baldwin,Liberal Party of Australia,Paterson,2010-11-15,Gift,Other Gift,"Treasury Hotel, Brisbane","Treasury Hotel, Brisbane",Tourism Industry Rates and/or room upgrades and/or club lounge access,Provided with tourism industry rates and/or room upgrades and/or club lounge access and/or complimentary meeting room facilities
444f25c3-0264-4a60-b1a9-a41e3bc2c16e,Robert Charles Baldwin,Liberal Party of Australia,Paterson,2010-11-15,Gift,Other Gift,"InterContinental Hotel, Perth","Intercontinental Hotel, Sydney",Tourism Industry Rates and/or room upgrades and/or club lounge access,Provided with tourism industry rates and/or room upgrades and/or club lounge access and/or complimentary meeting room facilities
04679688-0f0d-4bb9-b0b8-b97a81dd6063,Robert Charles Baldwin,Liberal Party of Australia,Paterson,2013-05-03,Asset,Real Estate,"Voyages Indigenous Tourism Australia, Ayres Rock","Voyages Indigenous Tourism Australia, Ayres Rock",Accommodation at Ayres Rock,When travelling on official business I received complimentary accommodation. One night. My chief of staff also received complimentary accommodation.
5a90e428-5a99-4917-8399-e198fd3a85ac,Adam Bandt,Australian Greens,Melbourne,2012-03-20,Travel,Other Travel,German government/ Goethe Institut,German government/ Goethe Institut,Renewable Energy Tour,"Trip to Germany for Renewable Energy tour, funded and organised by German government/ Goethe Institut. Travel to/from Germany, Business Class. Accommodation in Berlin. 22-29 April 2012."
ca16e873-d0a7-456c-a78b-a2bbeffc1f13,Bruce Fredrick Billson,Liberal Party of Australia,Dunkley,2010-10-25,Asset,Trust,"Exquirant P/L, Billson Family Trust","Exquirant P/L, Billson Family Trust",Exquirant P/L,"Owns Exquirant P/L - Holds non transferable loss on April of byinen sole, sole trustee, potential discretionary beneficiary"
5313384c-05c8-4c36-a07f-64323b5e959f,Bruce Fredrick Billson,Liberal Party of Australia,Dunkley,2010-10-25,Membership,Other Membership,Exquisant P/L,Exquisart P/L,Retailing body products & skin care,Retailing body products & skin care
2e832527-8c7b-4018-bd9d-0e9e97b5eb99,Sharon Bird,Australian Labor Party,Cunningham,2010-08-21,Liability,Mortgage,"Wizard, GE Money, Commonwealth Bank","Wizard, GE Money, Commonwealth Bank",Mortgage,Mortgage
f45370b9-8421-4461-8bf1-1ceac7cff1b3,Sharon Bird,Australian Labor Party,Cunningham,2010-08-21,Asset,Other Asset,"Australia National Credit Union, AGEST, PSS",Australian National Credit Union,Superannuation,"Savings Account, Superannuation"
8e017410-78b3-4df5-89cf-f7e3d4af9f71,Sharon Bird,Australian Labor Party,Cunningham,2010-08-21,Membership,Other Membership,"Transport Workers Union (NSW), Emily's List, APHEDA","Transport Workers Union (NSW), Emily's List, APHEDA",Transport Workers Union (NSW) Membership,Transport Workers Union (NSW)
7ab32da0-721b-49af-8474-b97d7511377e,Julie Isabel Bishop,Liberal Party of Australia,Curtin,2010-10-25,Membership,Other Membership,"Surf Life Saving Clubs, Service Clubs & Sporting Clubs in Electorate","Surf Life Saving Clubs, Service Clubs & Sporting Clubs in Electorate",Surf Life Saving/Service/Sporting Club Patron/Member,Patron/Member/Vice Patron/Honorary Member
1916305e-2be1-4780-8e97-c276bb75cd8c,Julie Isabel Bishop,Liberal Party of Australia,Curtin,2011-07-07,Travel,Other Travel,WA Chamber of Mineral and Energy,WA Chamber of Mineral and Energy,Charter Flight,"Item 12 Charter Flight Perth - Cloudbreak, Newman and Karratha 7 June 2011"
1d929516-5978-417e-8a02-8d71f67c7776,Christopher Bowen,Australian Labor Party,McMahon,2010-06-22,Asset,Real Estate,"Mr Kaisheng YANG, President of ICBC","Mr Kaisheng YANG, President of ICBC",Decorative Screen Ornament,Decorative Screen ornament - Approx $100
7bc389b9-74c8-41cd-9544-331a0dba8206,Christopher Bowen,Australian Labor Party,McMahon,2013-02-13,Gift,Hospitality,"Mr Xiongmo Huang, Chairman of Yuhu Group of companies","Mr Xiongmo Huang, Chairman of Yuhu Group of companies",Penfolds Grange Wine,"Bottle of wine - Penfolds Grange 2002 from Mr Xiongmo Huang, Chairman of Yuhu Group of companies. Note: payment sent to PM&C as it was in excess of $300."
4aec0902-59e0-4d30-8846-617b3d80d936,David Bradbury,Australian Labor Party,Lindsay,2012-07-23,Asset,Real Estate,eBay and PayPal,eBay and PayPal,Mid Winter Ball Tickets,"Two complimentary tickets for my wife Kylie Bradbury and myself to attend the Mid Winter Ball on Wednesday, 27 June 2012 in the Great Hall, Parliament House. The hospitality was provided by eBay and PayPal."
5900437b-c457-4527-9a1c-d8a400f2e442,Jamie Edward Briggs,Liberal Party of Australia,Mayo,2012-02-24,Asset,Other Asset,Sealink/Coopers,Sealink/Coopers,Ticket to Kangaroo Island Cup Carnival,"Invited as a guest of Sealink Travel Group to attend The Coopers Kangaroo Island Cup Carnival in the Sealink/Coopers Corporate Hospitality Marquee, including transport to and from Kangaroo Island. Attended the event with my wife, Estee. 19th February 2012"
d69e7898-e596-4085-b2ad-212f3c23a639,Jamie Edward Briggs,Liberal Party of Australia,Mayo,2012-11-05,Asset,Other Asset,James Boag and Mumm,James Boag and Mumm,Tickets to Melbourne Cup Carnival,"2012 Melbourne Cup Spring Racing Carnival Derby Day - Complimentary tickets to the James Boag and Mumm Marquees. I was accompanied by my wife, Estee."
46b7cc9e-f859-4940-ab5a-b31edc5230f9,Scott Buchholz,Liberal National Party,Wright,2010-10-22,Asset,Other Asset,Bendigo/Adelaide Bank,Bendigo/Adelaide Bank,Savings Account,"Self: Savings Account, Bendigo/Adelaide Bank"
99fb1be8-41df-402b-b5e4-fcfa1c6818b4,Scott Buchholz,Liberal National Party,Wright,2010-10-22,Asset,Other Asset,Bendigo/Adelaide Bank,Bendigo/Adelaide Bank,Savings Account,"Spouse: Savings Account, Bendigo/Adelaide Bank"
3d535790-ddc3-4556-87d0-e1899569f1df,Anna Elizabeth Burke,Australian Labor Party,Chisholm,2010-10-25,Asset,Other Asset,"Police Credit Co-op, Australian Super","Police Credit Co-op, Australian Super",Savings/Superannuation,"Savings/Superannuation, Self"
a795ca63-74bf-4109-996b-9944d1ac25aa,Anna Elizabeth Burke,Australian Labor Party,Chisholm,2010-10-25,Asset,Other Asset,"Police Credit Co-op, ESSS, Uni Super","Police Credit Co-op, ESSS, Uni Super",Savings/Superannuation,"Savings/Superannuation, Spouse"
22dc4b41-2e61-4035-bcc0-98fd5a1decd7,Anna Elizabeth Burke,Australian Labor Party,Chisholm,2010-10-25,Unknown,Other,"Metropolitan Ambulance Service, Monash University","Metropolitan Ambulance Service, Monash University",Spouse,Spouse
16d35d01-2d4f-4041-9849-8bfd0badfd12,Anna Elizabeth Burke,Australian Labor Party,Chisholm,2010-10-25,Travel,Other Travel,"MTC productions, Qantas","MTC productions, Qantas",Tickets to MTC productions and Upgrade to First Class QF128,"Opening night tickets to the MTC productions for 2010 for myself and partner. Upgraded flight from business to first class for myself and husband on QF128 on 13/11/2009, Self"
e5e8489f-5a9e-48ae-a033-d809f2d22ae1,Anna Elizabeth Burke,Australian Labor Party,Chisholm,2010-10-25,Membership,Other Membership,"Australian Labor Party, Australian Services Union, Friends of the ABC, Oxfam, Amnesty International, Associate member of the RSL, Police Ass Credit Co-Op, Box Hill Hawkes, Friends of Wattle Park, Friends of MGA, Friends of the Highway Gallery","Australian Labor Party, Australian Services Union, Friends of the ABC, Oxfam, Amnesty International, Associate member of the RSL, Police Ass Credit Co-Op, Box Hill Hawkes, Friends of Wattle Park, Friends of MGA, Friends of the Highway Gallery",Various Memberships,Self
b067f7bf-898d-4416-8621-6d62f3413a01,Anna Elizabeth Burke,Australian Labor Party,Chisholm,2010-10-25,Membership,Other Membership,"Australian Labor Party, Friends of the ABC, Police Ass Credit Co-Op, Ambulance Employees Association, National Tertiary Education Union, Australian Sceptics","Australian Labor Party, Friends of the ABC, Police Ass Credit Co-Op, Ambulance Employees Association, National Tertiary Education Union, Australian Sceptics",Various Memberships,Spouse
7eb2f985-b32f-4a62-b057-2b2ef2f98f77,Anna Elizabeth Burke,Australian Labor Party,Chisholm,2013-05-29,Asset,Other Asset,"Oakleigh/Carneign RSL, Box Hill RSL, Box Hill Lions","Oakleigh/Carneign RSL, Box Hill RSL, Box Hill Lions",Membership,Membership Self
c06fc8ff-a557-42dd-b1f9-ba68f924a07b,Anna Elizabeth Burke,Australian Labor Party,Chisholm,2013-05-29,Membership,Other Membership,Ass of Professional Engineers Scientists and Managers Aust. (APESMA),Ass of Professional Engineers Scientists and Managers Aust. (APESMA),APESMA Membership,Membership Spouse
d692e32a-e36b-4795-b2bf-753d34505b88,Tony Burke,Australian Labor Party,Watson,2010-10-25,Travel,Other Travel,"Bulldogs Rugby League Club, Sydney Theatre Company","Bulldogs Rugby League Club, Sydney Theatre Company",Home Games and Sydney Theatre Company performances,Bulldogs Rugby League Club - home games Sydney Theatre Company of selected performances as above
9eba6c55-1022-45e4-83aa-8132587d2c99,Mark Butler,Australian Labor Party,Hindmarsh,2011-03-04,Unknown,Other,"Beechworth Honey, Corowa, NSW","Beechworth Honey, Corowa, NSW",Beechworth Honey Gift Basket,"Received a gift basket from Beechworth Honey, Corowa, NSW as part of a bee security awareness exercise. The retail value of gift basket is approximately $100."
93674273-bfb5-452a-a6a9-a02191ed5415,Mark Butler,Australian Labor Party,Hindmarsh,2011-05-12,Unknown,Other,Australian Institute of Policy and Science,"Australian Institute of Political Science, The",Box of assorted fruit,Received a box of assorted fruit from the Australian Institute of Policy and Science. I estimate the value of the gift at approximately $75.00.
30234705-9b6c-4132-9b57-2c48fe2b7147,Mark Butler,Australian Labor Party,Hindmarsh,2011-05-25,Income,Other Income,"Kelvin Crombie of Mundaring, Western Australia","Kelvin Crombie of Mundaring, Western Australia",Book: Anzacs and Israel - A Significant Connection,"Received a book Anzacs and Israel - a significant connection. This was a gift from Mr Kelvin Crombie of Mundaring, Western Australia. The value of the gift is between $24.95."
d9f60549-ca34-4538-bfda-3942075850cf,Mark Butler,Australian Labor Party,Hindmarsh,2011-07-04,Gift,Hospitality,Adelaide Training and Employment Centre,Adelaide Training and Employment Centre,Henschke Keyneton Euphonium Wine,Received a bottle of Henschke Keyneton Euphonium wine from the Adelaide Training and Employment Centre. The value of this gift is approximately $40.00.
42e6aaa4-da07-4510-a656-2e5e0759e74f,Mark Butler,Australian Labor Party,Hindmarsh,2011-08-24,Gift,Hospitality,"City of Swan, Western Australia","City of Swan, Western Australia",Swan Valley Liquer Shiraz wine,"Received a bottle of Swan Valley Liquer Shiraz wine from the City of Swan, Western Australia. The value of this gift is $95.00"
f85a1a58-23cc-4b49-9b31-b039592b201d,Mark Butler,Australian Labor Party,Hindmarsh,2011-09-29,Unknown,Other,Catholic Community Services NSW/ACT,Catholic Community Services NSW/ACT,The Last Hundred Yards DVD,Received the following gift from Catholic Community Services NSW/ACT. The Last Hundred Yards DVD. The value of this gift is $10.00 AUD
2e64a049-d081-4e08-8bfc-08f975ef819a,Mark Butler,Australian Labor Party,Hindmarsh,2011-09-27,Unknown,Other,CEDA SA/NT,CEDA SA/NT,Boxed pen,Received a boxed pen from CEDA SA/NT. The value of the pen is approximately $20.00
72fa0e0e-3548-47c0-bbfd-00d95b18e263,Mark Butler,Australian Labor Party,Hindmarsh,2012-03-22,Unknown,Other,"Lindsay Soutar, National Co-ordinator for 100% Renewable","Lindsay Soutar, National Co-ordinator for 100% Renewable",Cup cake,"Received a cup cake from Lindsay Soutar, National Co-ordinator for 100% Renewable on behalf of community groups joining the 'Big Solar' campaign across Australia. The value of the cup cake is approximately $5.00."
712576a4-4942-4038-a821-055ea61cf89b,Mark Butler,Australian Labor Party,Hindmarsh,2012-05-10,Gift,Hospitality,Australian Institute of Policy and Science,"Australian Institute of Political Science, The",2009 Pirramimma McLaren Vale Shiraz,Received a bottle of 2009 Pirramimma McLaren Vale Shiraz from the Australian Institute of Policy and Science for speaking at a Post Budget Health Briefing Breakfast. I estimate the gift to be valued at $32.00
289f7977-5ca6-4413-aaed-0e83e97c7987,Mark Butler,Australian Labor Party,Hindmarsh,2012-09-10,Unknown,Other,"Thich Quang BA, Senior Monk","Thich Quang BA, Senior Monk",Etched tile,"Received an etched tile from the Most Venerable Thich Quang BA, Senior Monk for the Van Hanh Monastery in Lyneham."
b33c58a7-d18a-43ce-af47-16a93b0e587d,Darren Chester,National Party of Australia,Gippsland,2012-09-05,Asset,Real Estate,"CAPTAINS COLE, PAYNESVILLE","CAPTAINS COLE, PAYNESVILLE",Accommodation,TWO NIGHTS ACCOMMODATION - $4000
c2de38a9-e5b0-4ffb-bfc6-3e86db36508c,Darren Chester,National Party of Australia,Gippsland,2012-11-27,Travel,Other Travel,Taipei Economic and Cultural Office,Taipei Economic and Cultural Office,"Flights, accommodation and hospitality in Taiwan","Member of 2012 Australian MP delegation to visit Taiwan, November 17-22. Flights, accommodation and hospitality provided by the Taipei Economic and Cultural Office"
af5e664f-d828-4bd5-ade8-94e1e4263657,Steven Ciobo,Liberal National Party,Moncrieff,2011-09-09,Gift,Other,Australian Subscription Television and Radio Association,Australian Subscription Television and Radio Association,Complimentary Foxtel subscription,Complimentary Foxtel subscription for electorate office
f8ef3445-b9d5-4a4a-a725-02bd3f1c7078,Steven Ciobo,Liberal National Party,Moncrieff,2013-05-27,Travel,Other Travel,Asialink and Huawei,Huawei and Asialink.,Australian Parliamentary Delegation to China,"Participated in the Asialink-Huawei Australian Parliamentary Delegation to China, accommodation, transport and meals provided by Asialink and Huawei."
62f2783c-ac9a-4b55-b9fe-495a787c376c,Jason Clare,Australian Labor Party,Blaxland,2010-10-12,Asset,Other Asset,Cth Bank / St George / ING Direct,Cth Bank / St George / ING Direct,Savings Accounts,Savings Accounts (Spouse)
5d4d42d8-9464-46df-b3c0-22fda6bb4e97,Jason Clare,Australian Labor Party,Blaxland,2010-10-10,Gift,Other Gift,"Pixi Foto, Target and Bounty and Bankstown Council","Pixi Foto, Target and Bounty and Bankstown Council",Product samples/prizes for event,"I distributed product samples Ord prizes to 140 local femities. Samples and prizes were provided by: Pixi foto, Target and Bounty and Bankstown Cainal, Local Community Event ""Welcoming the Babies"""
130495d5-75cf-40d1-ae32-5b825ff60aa8,Jason Clare,Australian Labor Party,Blaxland,2010-11-29,Asset,Shares,"Westpac, Australian Industry Group, Australian Chamber of Commerce and Industry","Westpac, Australian Industry Group, Australian Chamber of Commerce and Industry",Dinner,"Dinner with Westpac - Wednesday 27th October, 2010 (approximate value $70); Working dinner with Australian Industry Group -Thursday 4th November, 2010 (approximate value $120); and Australian Chamber of Commerce and Industry Annual Dinner - Wednesday 24th November, 2010 (approximate value $75)"
c753de80-d51d-4fe5-a4fa-564dab355de2,Jason Clare,Australian Labor Party,Blaxland,2010-12-23,Travel,Other Travel,"Qantas, Boeing","Qantas, Boeing",Qantas Flight Upgrade and Working Dinner with Boeing,"Qantas flight upgrade Sydney to Los Angeles - Sunday 5th December, 2010 (from business class to first class); Working dinner with Boeing in St Louis -Thursday 9th December, 2010 (approximate value $100); and Qantas flight upgrade Los Angeles to Sydney - Wednesday 15th December, 2010 (from business class to first class)"
4e1cfbe6-1406-4bcc-b99a-7dd42ac50326,Jason Clare,Australian Labor Party,Blaxland,2011-02-02,Unknown,Other,"Navantia, Lockheed Martin","Navantia, Lockheed Martin",Model ship and aircraft,"Model ship from Navantia – 17 November, 2010 (approximate value $100); Model aircraft from Lockheed Martin - 2 February, 2011 (approximate value $100)"
d2e33f61-e6ef-456e-aa5d-66f456810a66,Jason Clare,Australian Labor Party,Blaxland,2011-02-09,Unknown,Other,"Navantia, Foreign Minister of Bosnia and Herzegovina","Navantia, Foreign Minister of Bosnia and Herzegovina",Olive oil and framed picture,"Olive oil from Navantia - December, 2010 (approximate value $50); Small framed picture of Sarajevo from the Foreign Minister of Bosnia and Herzegovina – 8 February, 2011 (approximate value $80)"
f72ceedc-d3f0-4c5a-a403-13c303f8dcfb,Jason Clare,Australian Labor Party,Blaxland,2011-04-04,Gift,Hospitality,"Avalon Airshow, Leighton Holdings, Parliamentary Friends of Clubs","Avalon Airshow, Leighton Holdings, Parliamentary Friends of Clubs",Dinner/Lunch with Avalon Airshow Chairman/Leighton Holdings Chairman/Parliamentary Friends of Clubs Dinner,"Dinner with the Avalon Airshow Chairman & CEO – 4 March, 2011 (approximate value $50); Lunch with David Mortimer, Chairman of Leighton Holdings and Leighton executives – 14 March, 2011 (approximate value $80); and The Parliamentary Friends of Clubs Dinner - 23 March, 2011 (value $100)"
c7483e09-2a0a-4eec-b569-2968e8b25146,Jason Clare,Australian Labor Party,Blaxland,2011-05-09,Travel,Other Travel,"BHP Billiton, Interlink Roads, Clubs Australia, Bankstown RSL, Bankstown Sports Club, Linfox, Master Builders Association, Generation One, CFMEU, Australian Health Insurance Association and Publishing and Broadcasting Limited - Channel 9.","BHP Billiton, Interlink Roads, Clubs Australia, Bankstown RSL, Bankstown Sports Club, Linfox, Master Builders Association, Generation One, CFMEU, Australian Health Insurance Association and Publishing and Broadcasting Limited - Channel 9.",Sandakan Mateship Trek,"From 8 to 17 April 2011, the Member for Cook, the Member for Lyne and myself took a group of students and community leaders on the Sandakan Mateship Trek, a trek along the Sandakan Death March, in Sabah Borneo. One night of accomodation provided by Accor Hotels."
65d5590e-0b25-42a7-8020-cf38c780e818,Jason Clare,Australian Labor Party,Blaxland,2011-07-25,Asset,Other Asset,"Greg Baxter, Boeing, Chris Jenkins","Greg Baxter, Boeing, Chris Jenkins",Mid Winter Ball & Bushmaster Model,"The Press Gallery Mid Winter Ball, guest of Greg Baxter, News Limited 15 June, 2011 (value $125); ASPI NSC Dinner, sponsored by Boeing – 19 July, 2011 (approximate value $50); A glass model of a Bushmaster vehicle, gifted to me by Chris Jenkins, CEO Thales - 20 July, 2011 (approximate value $100)"
c2c0e9fc-0c04-4edf-8678-1e91ad1c30c4,Jason Clare,Australian Labor Party,Blaxland,2011-08-15,Travel,Other Travel,"Emirates Airlines, Babcock UK, Airbus Military, Navantia","Emirates Airlines, Babcock UK, Airbus Military, Navantia","Flight upgrade, car transport, lunch, and dinner reception","Flight upgrade from business class to first class on Emirates Airlines - 26 and 31 July; 5 and 6 August 2011, Car transport Falmouth to Plymouth, provided by Babcock UK - 2 August 2011, Lunch hosted by Airbus Military, Madrid Spain - 3 August 2011, Dinner Reception hosted by Navantia, Ferrol Spain - 3 August 2011"
349e8b50-116c-4dbb-9b7e-988322ab4cfe,Jason Clare,Australian Labor Party,Blaxland,2011-08-24,Income,Other Income,"Airbus Military, Navantia, Al Group","Airbus Military, Navantia, Al Group","Branded Book, Tie, Plaques & Model Ship","A branded book from Airbus Military, Spain – 3 August 2011 (no commercial value); A tie, two commemorative plaques and a glass encased model ship from Navantia, Spain - 4 August 2011 (approximate total value $200); Private Dinner hosted by Al Group, Sydney - 10 August 2011 (approximate value $120)."
60c70d76-8904-46ce-b3a7-7d5f4d8b76c4,Jason Clare,Australian Labor Party,Blaxland,2011-10-11,Unknown,Other,"PixiFoto Roselands, Heinz Australia, Church and Dwight Co","PixiFoto Roselands, Heinz Australia, Church and Dwight Co",Donations for local community event,"Held local community event called ""Welcoming the Babies"". The following organisations provided donations: PixiFoto Roselands gift voucher (approximate value $400); Heinz Australia products (approximate value $400); Church and Dwight Co product samples (approximate value $100); Bounty Bags (approximate value $2,000)"
500c840a-1e28-413e-a9e7-18fb58739c34,Jason Clare,Australian Labor Party,Blaxland,2012-02-27,Gift,Other Gift,"Police Services Association, Tongan Police Minister","Police Services Association, Tongan Police Minister",Neck tie and wall hanging,"Police Services Association, 13 February 2012 - neck tie, estimated value $30.00. Tongan Police Minister, 15 February 2012 - Kingdom of Tonga wall hanging, estimated value $30.00."
da554586-a65d-4ff9-9d2c-b4e1497cb633,Jason Clare,Australian Labor Party,Blaxland,2012-02-27,Income,Other Income,"Cyprus High Commission, Varley Group, Bruck Group, Indonesian National Police Chief","Cyprus High Commission, Varley Group, Bruck Group, Indonesian National Police Chief","Diary, Book, Commemorative Book & Framed Photo","Cyprus High Commission, 2 February 2012 – 2012 bound diary and book ""Window on Cyprus"", combined estimated value $60.00. Varley Group, 10 February 2012 - commemorative book of the company's history, no commercial value. Bruck Group, 10 February 2012 - framed photo, estimated value $60.00. Indonesian National Police Chief, 20 February 2012 - commemorative plaque and wall hanging, combined estimated value $100.00."
414f7ed9-8730-4161-9b7c-6f9a10ca14d4,Jason Clare,Australian Labor Party,Blaxland,2012-06-30,Asset,Other Asset,"Korean Ambassador, Tourism & Transport Forum, Swan Valley Council","Korean Ambassador, Tourism & Transport Forum, Swan Valley Council","Business card holder, towel, wine","Korean Ambassador, 8 May 2012 – business card holder and key ring set, estimated value $50.00. Tourism & Transport Forum, 15 June 2012 - Sheridan beach towel, estimated value $80.00. Swan Valley Council, 26 June 2012 - a bottle of wine, estimated value $30.00."
5036e01f-c15d-4dd5-95e7-9076142d2e25,Jason Clare,Australian Labor Party,Blaxland,2012-08-22,Asset,Shares,"US Customs and Border Protection, Woolworths, Defence Materials Technology Centre, Sri Lankan High Commission","US Customs and Border Protection, Woolworths, Defence Materials Technology Centre, Sri Lankan High Commission","Pewter mugs, grocery pack, photo, tea","Set of four pewter mugs, 12 July 2012 - US Customs and Border Protection. Estimated value $150. Grocery pack and flowers, 9 August 2012 -Woolworths new store opening, Berala. Estimated value $50. Framed photo with ceramic plate, 15 August 2012 - Defence Materials Technology Centre (DMTC). Estimated value $200. Pure Ceylon Tea gift pack, 20 August 2012 - Sri Lankan High Commission. Estimated value $20."
0068b242-5278-44fe-af04-b58b527cd707,Jason Clare,Australian Labor Party,Blaxland,2012-09-13,Income,Other Income,"Indonesian Government, Indonesian Minister for Law and Human Rights, Chief of Indonesian National Police, Indonesian Deputy Attorney General, Lebanese Community","Indonesian Government, Indonesian Minister for Law and Human Rights, Chief of Indonesian National Police, Indonesian Deputy Attorney General, Lebanese Community","Framed Photograph, Commemorative Plaques & Coffee Table Book","Indonesian Government, 4 September 2012 - framed photograph of Ministers in attendance at bilateral meetings, estimated value $50.00. Indonesian Minister for Law and Human Rights, 4 September 2012 -framed commemorative plaque, estimated value $50.00. Chief of Indonesian National Police, 4 September 2012-commemorative plaque, estimated value $50.00. Indonesian Deputy Attorney General, 4 September 2012 --commemorative plaque, estimated value $50.00. Lebanese Community, 13 September 2012 – Ikats of Central Asia coffee table book, estimated value $50.00."
9344de94-1e80-4086-9743-3aa9cfc635eb,Jason Clare,Australian Labor Party,Blaxland,2012-10-03,Asset,Other Asset,"Thales, Jordanian Government","Thales, Jordanian Government",Armoured vehicle model & commemorative plaque,"Thales, 14 September 2012 - glass encased model of armoured vehicle ""Hawkei"", estimated value $100.00, Jordanian Government, 25 September 2012 --commemorative plaque and Royal Guard accessory, combined estimated value $150.00"
877dfbfb-b784-4371-b950-e72f617ab11f,Jason Clare,Australian Labor Party,Blaxland,2013-02-21,Income,Other Income,"Boeing, Minter Ellison","Boeing, Minter Ellison",Framed Art Work & Book,"Boeing, 19 November 2012 - framed art work of ""Wedgetail"" aeroplane, estimated value $100.00. Minter Ellison, 11 February 2013 - book The Revenge of Geography, estimated value $40.00."
54d633c9-20bc-4cab-8bd8-87c804c6a284,Jason Clare,Australian Labor Party,Blaxland,2013-04-12,Gift,Entertainment,"Bankstown Sports Club, NRL",Bankstown Sports Club,Wine bottles and corporate box tickets,"Bankstown Sports Club, 18 March 2013 – commemorative bottles of wine for the John Mackay Sports Centre Memorial Oval, estimated value $100.00. Bulldogs v Rabbitohs NRL, 29 March 2013 - two complimentary tickets in the Bulldogs' corporate box, estimated value $200.00."
409cca87-2b57-4e14-a466-0af477f03ad5,Jason Clare,Australian Labor Party,Blaxland,2013-05-01,Travel,Other Travel,"Bankstown Sports Club, Channel 9, Interlink Roads, Bankstown RSL, Linfox, Pickles Auctions","Bankstown Sports Club, Channel 9, Interlink Roads, Bankstown RSL, Linfox, Pickles Auctions",Mateship Trek and complimentary Air New Guinea Upgrade,"From 15 to 25 April 2013, the Member for Cook and myself travelled with a group of young people to Papua New Guinea on the Mateship Trek, along the Black Cat Track between Wau and Salamaua. I received a complimentary upgrade on Air New Guinea flight PX005 from Port Moresby to Brisbane on 25 April 2013."
34cd1ae4-8ac9-4bcc-a68b-1998d108eb87,Jason Clare,Australian Labor Party,Blaxland,2013-05-31,Gift,Decorative,Teochew Association Cabramatta and Shantou Municipal Council (China),Teochew Association Cabramatta and Shantou Municipal Council (China),Commemorative plaque with coin and silk print,"Teochew Association Cabramatta and Shantou Municipal Council (China), commemorative plaque with 40th Anniversary coin and framed silk print, approximate value $200."
7d4b2619-b443-4ee7-80ba-d53246230b70,John Kenneth Cobb,National Party of Australia,Calare,2010-08-21,Membership,Other Membership,Unions and Universities Club,Unions and Universities Club,Unions and Universities Club Membership,Membership of any organisation where a conflict of interest with a Member's public duties could foreseeably arise or be seen to arise
29936a7f-899a-426d-ba16-c4a5510e0054,Gregory Ivan Combet,Australian Labor Party,Shortland,2010-10-07,Membership,Other Membership,"Liquor, Hospitality and Miscellaneous Workers Union","Liquor, Hospitality and Miscellaneous Workers Union","Liquor, Hospitality and Miscellaneous Workers Union Membership",Unknown
f901e05b-ea9f-47ca-96ab-8c6fc96ff2cc,Gregory Ivan Combet,Australian Labor Party,Shortland,2010-10-06,Gift,Entertainment,"Guest of Construction, Forestry, Mining and Energy Union","Guest of Construction, Forestry, Mining and Energy Union",NRL Grand Final ticket,"NRL Grand Final, 3 October, 2010"
6dcb48dc-ac5d-4194-ad61-9b5a1a496391,Mark Coulton,National Party of Australia,Parkes,2010-10-18,Membership,Other Membership,MM and RA COULTON,MM & RA COULTON,Partner Farming,Partner Farming
c36f7ada-e74f-41b2-b0ea-3edaed526f5f,Mark Coulton,National Party of Australia,Parkes,2010-10-18,Membership,Other Membership,MM and RA COULTON,MM & RA COULTON,Partner Farming,Partner Farming
7f46c420-3fb8-4981-b6ea-5e0ef5007d17,Simon Findlay Crean,Australian Labor Party,Hotham,2012-06-19,Income,Other Income,"Maria Vandamme, Melba Foundation","Maria Vandamme, Melba Foundation","CDs, DVDs & Fanfare Book","Received a number of CDs, DVDs and a Fanfare book, from Ms Maria Vandamme, Melba Foundation. I have donated the music to schools throughout my electorate and the Clayton Library received the Fanfare book."
c6b0c30a-265c-4e80-81af-04b46c5f56a2,Tony Crook,Nationals WA,O'Connor,2010-10-15,Unknown,Other,"Education Department, WA",Department of Education,Employment,Employment
23823fab-017d-4cb6-8926-36b38245d509,Michael Danby,Australian Labor Party,Macnamara,2012-03-21,Travel,Other Travel,NATO/SHAPE,NATO/SHAPE,Economy return flights and Accommodation,Economy return flights to Brussels. Accommodation for three days
9fc81a23-ea6d-41cd-9f66-130cca3d878b,Yvette D'Ath,Australian Labor Party,Petrie,2011-07-22,Travel,Other Travel,Australian Political Exchange Council and the Korea Foundation,Australian Political Exchange Council and the Korea Foundation,Delegation to the Republic of Korea,"Attended a delegation of young political representatives to the Republic of Korea. The delegation departed Australia, Friday 24th of June 2011 and returned to Australia on Saturday, 2 July 2011. All travel, accommodation and hospitality expenses were met by the Australian Political Exchange Council and the Korea Foundation. Gifts were presented, including items such as business card holder, decorative pencil case, letter opener, and other small items. Also provided was a small digital photo frame."
2e290ae9-24bf-4882-b8e3-d1e614e9f744,Yvette D'Ath,Australian Labor Party,Petrie,2013-08-05,Gift,Other Gift,Redcliffe and Districts Cricket Club,Redcliffe and Districts Cricket Club,Signed New Zealand ICC World Twenty20 England 2009 shirt,I received a New Zealand ICC World Twenty20 England 2009 shirt with some player signatures as a prize in raffle by the Redcliffe and Districts Cricket Club at the Einbunpin Festival on Sunday 28 July 2013.
e44358d4-9754-4ad9-9587-3fb42bd643f3,Peter Dutton,Liberal National Party,Dickson,2010-10-21,Asset,Other Asset,"QPCU, Westpac, CBA","Westpac, CBA, QPCU",Savings Account,"Savings A/C, Savings"
f32b890b-ec6a-43d3-82bb-acedc516fb3c,Peter Dutton,Liberal National Party,Dickson,2010-10-21,Liability,Loan,"Westpac, CBA, QPCU","Westpac, CBA, QPCU","Loan, Overdraft","Loan, Overdraft"
498d03a6-da8b-4257-91f5-a2109ffe9ccb,Peter Dutton,Liberal National Party,Dickson,2010-10-21,Membership,Professional,"Qantas, Virgin","Qantas, Virgin",Chairman's Lounge & Velocity Card,"Chairman's Lounge Membership (Qantas), Velocity Card/Lounge Access (Virgin), Foxtel Connection at Electorate Office, Partners Chairman's Lounge Membership"
f680e93d-dfe0-4d94-b94d-7e81dc49697b,Peter Dutton,Liberal National Party,Dickson,2010-10-21,Asset,Other Asset,Dutton Holdings (QLD) P/L,Dutton Holdings (Qld) P/L,Wife's Employment Income,My wife is employed by Dutton Holdings (QLD) P/L and Bald Hills Child Care
62acda99-d31f-4987-8324-4bf93a2ca6a2,Peter Dutton,Liberal National Party,Dickson,2012-05-22,Membership,Other Membership,Bald Hills Child Care P/L,Bald Hills Child Care P/L,Child Care Centre Directorship,"Kirilly Dutton, Directorship"
e898befe-4920-43a9-8340-47766c4198e3,Peter Dutton,Liberal National Party,Dickson,2012-11-12,Liability,Other Liability,"Westpac, National Australia Bank",National Australia Bank,Refinanced Borrowings,Re-financed part of borrowings from Westpac to National Australia Bank
757e31a2-0b1f-4762-8592-1bbcc515f1e1,Warren Entsch,Liberal National Party,Leichhardt,2011-02-02,Unknown,Other,"Australian Subscription Television and Radio Association (ASTRA), Austar",Australian Subscription Television and Radio Association,Subscription Television Connection,Subscription television connection installed at electorate office at no cost
79a5170b-1b55-4b31-ab32-1247d72f6f76,Warren Entsch,Liberal National Party,Leichhardt,2012-06-14,Travel,Other Travel,Treaty Village Association of the South Fly District and Reef and Rainforest Research Centre (RRRC),Treaty Village Association of the South Fly District and Reef and Rainforest Research Centre (RRRC),Return Flight Cairns to Daru,Travelled on RRRC air craft from Cairns to Daru return. Accepted invitation from the Treaty Village Association of the South Fly District in Papua New Guinea to attend the Commissioning of the Sustainability of the Coastal Communities of the South Fly Project.
6a4e8cd4-2664-4ccf-96a9-d07631f6443c,Joel Fitzgibbon,Australian Labor Party,Hunter,2013-06-25,Unknown,Other,"Minister of Foreign Affairs and Cooperation, Kingdom of Morocco","Minister of Foreign Affairs and Cooperation, Kingdom of Morocco",Pottery artefact,"Gift from the Minister of Foreign Affairs and Cooperation, Kingdom of Morocco: a pottery artefact"
6500c885-bec1-4bc3-98ca-45201f73d8fb,Paul Fletcher,Liberal Party of Australia,Bradfield,2010-08-21,Asset,Other Asset,Griff-Dev Investments Pty Ltd as Trustee of the P&M Fletcher Superannuation Fund,Griff-Dev Investments Pty Ltd as Trustee of the P&M Fletcher Superannuation Fund,Cash Management Trust,Macquarie Cash Management Trust
e77ca0a7-944b-4687-97ff-8222d67acb70,Paul Fletcher,Liberal Party of Australia,Bradfield,2010-08-21,Asset,Shares,Griff-Dev Investments Pty Ltd as Trustee of the P&M Fletcher Superannuation Fund,Griff-Dev Investments Pty Ltd as Trustee of the P&M Fletcher Superannuation Fund,Shares,N/A
e6bca3bb-5b1b-4bfd-b235-d76e7600839e,Paul Fletcher,Liberal Party of Australia,Bradfield,2010-08-21,Asset,Shares,Griff-Dev investments Pty Ltd as Trustee of the P&M Fletcher Superannuation Fund,Griff-Dev Investments Pty Ltd as Trustee of the P&M Fletcher Superannuation Fund,Investment Income,Income from investments
b1c3eee4-e6ec-49c2-b081-99c36fcbe6db,Paul Fletcher,Liberal Party of Australia,Bradfield,2012-02-17,Travel,Other Travel,Australia / Israel & Jewish Affairs Council,Australian Israel and Jewish Affairs Council,Study trip to Israel,"Study trip to Israel 28/1/12 - 4/2/12, funded by Australia / Israel & Jewish Affairs Council"
abc58bca-fbac-46de-80fe-5044271e818e,Paul Fletcher,Liberal Party of Australia,Bradfield,2012-02-17,Asset,Other Asset,"Mercer MMF Australian Inflation Linked Bond Fund, UBS Australian Bond Fund, EQT PIMCO Global Real Return Fund, EQT PIMCO Diversified Fixed Interest Fund","Mercer MMF Australian Inflation Linked Bond Fund, UBS Australian Bond Fund, EQT PIMCO Global Real Return Fund, EQT PIMCO Diversified Fixed Interest Fund",Shares,Devizes Investments Pty Ltd holds units in the listed funds
a35cd557-ddca-46f8-985c-1331b3b48dad,Paul Fletcher,Liberal Party of Australia,Bradfield,2012-02-17,Asset,Other Asset,Griff Dev Investments Pty Ltd atf P&M Fletcher Superannuation Fund,Griff-Dev Investments Pty Ltd as Trustee of the P&M Fletcher Superannuation Fund,Shares,Griff Dev Investments Pty Ltd atf P&M Fletcher Superannuation Fund holds units in the Ardea Wholesale Australian Inflation Linked Bond Fund
dcaa27c5-be41-494c-aece-44e88a4a931a,Paul Fletcher,Liberal Party of Australia,Bradfield,2012-06-17,Asset,Other Asset,"Perpetual Wealth Focus Investment Finds - Perpetual's Smaller Companies Fund, Wilson Investment Fund Limited.","Perpetual Wealth Focus Investment Finds - Perpetual's Smaller Companies Fund, Wilson Investment Fund Limited.",Investment Funds,Deletion of specified investment funds.
8ed7e153-7004-4593-8b2a-ad1c8001d3a5,Paul Fletcher,Liberal Party of Australia,Bradfield,2012-08-08,Asset,Shares,P/ASX 200 Listed Property Fund or SPDR S,P/ASX 200 Listed Property Fund or SPDR S,Shares,Devizes Investments Pty Ltd no longer holds shares in the mentioned entities.
00779809-70f8-4da0-b1c5-ee10bb3b7b3a,Paul Fletcher,Liberal Party of Australia,Bradfield,2012-08-08,Asset,Shares,P/ASX 200 Fund,P/ASX 200 Fund,Shares,Devizes Investments Pty Ltd no longer holds shares in the mentioned entities.
ae3b316b-519c-454a-8f70-08142219ef65,Paul Fletcher,Liberal Party of Australia,Bradfield,2012-11-19,Asset,Other Asset,Griff-Dev Investments Pty Ltd ATF P&M Fletcher Superannuation Fund,Griff-Dev Investments Pty Ltd as Trustee of the P&M Fletcher Superannuation Fund,Superannuation Fund,Griff-Dev Investments Pty Ltd ATF P&M Fletcher Superannuation Fund
d509465d-dec1-4253-a1dd-600f408a5d12,Paul Fletcher,Liberal Party of Australia,Bradfield,2013-04-05,Travel,Other Travel,Huawei and Asialink,Huawei and Asialink.,Delegation to China,"Participation in delegation of 6 Liberal and Labor MPs to China, 3 March- 8 March 2013, organised by Huawei and Asialink and funded by Huawei."
8c7566ac-5f42-4a0d-be4e-7821b3c2e82b,John Alexander Forrest,National Party of Australia,Mallee,2010-10-20,Membership,Other Membership,Andco Building Services P/L,Andco Building Services P/L,Consulting Engineering,Self; Consulting Engineering
124d1055-b07e-4a61-8918-a1c096a43de4,John Alexander Forrest,National Party of Australia,Mallee,2010-10-20,Membership,Other Membership,Andco Building Services P/L,Andco Building Services P/L,Consulting Engineering,Spouse; Consulting Engineering
9f573c76-f2bb-4eca-87c1-090488b25769,John Alexander Forrest,National Party of Australia,Mallee,2010-10-20,Asset,Other Asset,Asteron Life (Perth) / BT Financial Group (Sydney),Asteron Life (Perth) / BT Financial Group (Sydney),Superannuation,Self; Superannuation
2a93818f-7fbf-4faa-b232-a0941c23cb3c,John Alexander Forrest,National Party of Australia,Mallee,2010-10-20,Unknown,Other,Andco Building Services P/L,Andco Building Services P/L,Consulting Engineering,Self; Consulting Engineering
0ba21581-c31f-4526-8d57-d0b3e3368d82,John Alexander Forrest,National Party of Australia,Mallee,2010-10-20,Unknown,Other,Department of Finance and Administration,Department of Finance and Administration,Interest,Spouse
a1a44e5d-b721-462f-b162-1110080ab722,John Alexander Forrest,National Party of Australia,Mallee,2010-12-17,Travel,Other Travel,Taipei Economic and Cultural Office in Australia,Taipei Economic and Cultural Office,"Visit to Taiwan - Air Fares, Accommodation, Hospitality","Travel and Hospitality for John Forrest and Pam Forrest 2 Dec to 10 Dec 2010 in visit to Taiwan. Air Fares, Accommodation, Travel Hospitality"
fa0e1f93-74b3-4ee5-8caf-a1b3193a1f1a,Josh Frydenberg,Liberal Party of Australia,Kooyong,2012-11-28,Travel,Other Travel,Taipei Economic and Cultural Office,Taipei Economic and Cultural Office,"Parliamentary Delegation to Taiwan (Flights, Accommodation, Hospitality)","Parliamentary Delegation to Taiwan - Member of 2012 Australian MP Delegation to visit Taiwan from Saturday 17 November to Thursday 22 November 2012. Flights, accommodation and hospitality provided by the Taipei Economic and Cultural Office."
4d72c109-58f6-4fbc-a68b-6151f618bade,Josh Frydenberg,Liberal Party of Australia,Kooyong,2012-12-13,Travel,Other Travel,Australia-India Institute /Lowy Institute/Observer Research Foundation,Australia-India Institute /Lowy Institute/Observer Research Foundation,Australia-India Roundtable,Participated in the Australia-India Roundtable hosted by the Australia-India Institute /Lowy Institute/Observer Research Foundation.
44691dd8-2fbb-4f1f-8c6e-614bf1266d31,Josh Frydenberg,Liberal Party of Australia,Kooyong,2013-01-08,Travel,Other Travel,Commonwealth and Foreign Office,Commonwealth and Foreign Office,Four Nights Accommodation - London,Commonwealth and Foreign Office Visitors Program: Four nights accommodation provided by the Commonwealth and Foreign Office - London: 16-23 December 2012.
06e3b224-28d2-46c4-91be-0dfedc361adb,Teresa Gambaro,Liberal National Party,Brisbane,2011-03-30,Travel,Other Travel,"International Planned Parenthood East, South-East Asia and Oceania Regional Office (IPPF ESEAOR)","International Planned Parenthood East, South-East Asia and Oceania Regional Office (IPPF ESEAOR)",Study Tour to Thai-Burma Border,"Parliamentary Group on Population and Development (PGPD) Study Tour to the Thai-Burma border from 13 to 20 February 2011. Travel paid by the International Planned Parenthood East, South-East Asia and Oceania Regional Office (IPPF ESEAOR) under the SPRINT Initiative. Accommodation: $419.51 Transportation and local Guides: $155.04 Per Diem: $656.20 TOTAL AMOUNT paid by IPPF ESEAOR: AUD$2,911.66"
5cf559f0-4d5b-4d33-a5fa-06eef6b11114,Teresa Gambaro,Liberal National Party,Brisbane,2012-11-27,Travel,Other Travel,Taipei Economic and Cultural Office,Taipei Economic and Cultural Office,"Parliamentary Delegation to Taiwan (Flights, accommodation and hospitality)","Parliamentary Delegation to Taiwan. Member of 2012 Australian MP Delegation to visit Taiwan from Saturday 17 November to Thursday 22 November 2012. Flights, accommodation and hospitality provided by the Taipei Economic and Cultural Office."
22792cc7-a3d3-44e0-95b6-5cccdee55156,Peter Robert Garrett,Australian Labor Party,Kingsford Smith,2011-11-03,Gift,Other,"Mr Arne Duncan, US Secretary of Education","Mr Arne Duncan, US Secretary of Education",Vase,"Vase presented by Mr Arne Duncan, US Secretary of Education, valued at $320.00"
24e24646-0d30-40bd-a753-46b6afcedaf9,Gary Gray,Australian Labor Party,Brand,2008-12-04,Gift,Electronics,"Sustainable World Technologies, Adelaide, South Australia","Sustainable World Technologies, Adelaide, South Australia",Rockford Black Shiraz Bottle,1 Bottle of Rockford Black Shiraz
c0c45d75-928e-4482-9f61-c40ddb7d6641,Gary Gray,Australian Labor Party,Brand,2012-12-20,Gift,Hospitality,"Libby Lyons, CiticPacific Mining","Libby Lyons, CiticPacific Mining",Lakes Folly Hunter Valley Cabernet Bottle,1 bottle Lakes Folly Hunter Valley Cabernet 2009. Valued at $80.00
66405a01-63e3-4141-9ec7-b6c4c0fe75f0,Gary Gray,Australian Labor Party,Brand,2012-12-20,Gift,Other,"Tim Woodall, Miro Advisors","Tim Woodall, Miro Advisors",Vasse Felix Cabernet Sauvignon Bottle,Vasse Felix 2010 Cabernet Sauvignon presented valued at $40.00
80dec31b-2116-4f74-ace3-0034a75b1ba5,Gary Gray,Australian Labor Party,Brand,Unknown,Unknown,Other,Peel Chamber of Commerce and Industry.,Peel Chamber of Commerce and Industry.,Membership Peel Chamber of Commerce,N/A
5e290569-eda3-4d5e-ae70-0c54b3d297ec,Gary Gray,Australian Labor Party,Brand,Unknown,Unknown,Other,Safety Bay Bowling and Recreation Club,Safety Bay Bowling and Recreation Club,Membership Safety Bay Bowling and Recreation Club,N/A
14b3eea5-969c-4a25-bae5-afb83f2edbca,Gary Gray,Australian Labor Party,Brand,Unknown,Unknown,Other,Safety Bay Ex-Services and Community Club,Safety Bay Ex-Services and Community Club,Membership Safety Bay Ex-Services and Community Club,N/A
18dae823-77ed-4e10-8bb3-e3e849aa853f,Gary Gray,Australian Labor Party,Brand,Unknown,Unknown,Other,South Coast Regional Chambers of Commerce - Rockingham/Kwinana Chamber of Commerce,South Coast Regional Chambers of Commerce - Rockingham/Kwinana Chamber of Commerce,Membership South Coast Regional Chambers of Commerce,N/A
baf37e81-81fd-4dc2-8c0b-a891e0b488a5,Gary Gray,Australian Labor Party,Brand,Unknown,Unknown,Other,The Returned and Services League of Australia - Rockingham,The Returned and Services League of Australia - Rockingham,Membership Returned and Services League of Australia,N/A
58b0a96b-41b5-4cae-9d17-2d9f56fb4f8e,Gary Gray,Australian Labor Party,Brand,Unknown,Unknown,Other,The Returned and Services League of Australia - Kwinana Sub Branch,The Returned and Services League of Australia - Kwinana Sub Branch,Membership Returned and Services League of Australia,N/A
2e7ecff1-c518-440c-b7e8-a0f4e921eb07,Bruce Alan Griffin,Australian Labor Party,Bruce,2012-11-13,Travel,Other Travel,Global Alliance For Vaccines and Immunisations,Global Alliance for Vaccines and Immunisation,"Return business class flights, accommodation, transfers and meals to Myanmar","Return business class flights from Australia to Myanmar, accommodation, transfers and meals."
3a9d8751-ab4c-435c-bec8-8c364f2a95f8,Natasha Louise Griggs,Country Liberal,Solomon,2010-10-25,Liability,Other Liability,Spnt/G-E,Spnt/G-E,Car Lease,Car Lease
ae30576b-a1d0-4281-8e4c-b0eeb77075da,Natasha Louise Griggs,Country Liberal,Solomon,2012-05-28,Unknown,Other,SIDS and KIDS NT,SIDS and KIDS NT,Patron Nomination SIDS and KIDS NT,Nominated as Patron of SIDS and KIDS NT (Self)
295072c7-9965-4dfb-b2da-655a93d1ba87,Natasha Louise Griggs,Country Liberal,Solomon,2013-03-12,Gift,Entertainment,National Rugby League and ARL Indigenous Council,National Rugby League and ARL Indigenous Council,Rugby League All Stars Game Corporate Box Tickets,2 x Tickets - Rugby League All Stars Game (Corporate Box) 9th Feb 2013 - Attended 2013 Harvey Norman Rugby League All Stars Game as the guest of the National Rugby League and the ARL Indigenous Council (value unknown)
06ffc709-1ece-4e6e-b383-e77c7fc72167,Barry Wayne Haase,Liberal Party of Australia,Durack,2010-10-25,Asset,Trust,Akitio P/L,Akitio P/L,Trustee Company,"Trustee Company, Beneficial Interest Yes"
34951083-79f7-4b8b-9441-4f9b8c2ff053,Barry Wayne Haase,Liberal Party of Australia,Durack,2010-10-25,Asset,Real Estate,"Kensington, WA","Kensington, WA",Residential House in Kensington,Private Residence
50d37a0d-8773-47d6-836d-a50d843ead97,Barry Wayne Haase,Liberal Party of Australia,Durack,2010-10-25,Asset,Shares,"Maylands, WA","Maylands, WA",Investment Property in Maylands,Investment
cde411c9-28a4-4eae-bd51-dad0c58b46ec,Barry Wayne Haase,Liberal Party of Australia,Durack,2010-10-25,Asset,Shares,"North Perth, WA","North Perth, WA",Investment Property in North Perth,Investment
0523a585-587b-4c6c-8a44-504a344a890b,Barry Wayne Haase,Liberal Party of Australia,Durack,2010-10-25,Asset,Shares,"Woodlands, WA","Woodlands, WA",Investment Property in Woodlands,Investment
a12c1f02-76f1-496c-8ad6-767443882750,Barry Wayne Haase,Liberal Party of Australia,Durack,2010-10-25,Asset,Shares,"Inglewood, WA","Inglewood, WA",Investment Property in Inglewood,Investment
e4da516f-2790-48ae-aa5e-7b7a94dbeef2,Barry Wayne Haase,Liberal Party of Australia,Durack,2010-10-25,Asset,Shares,"Kalgoorlie, WA","Kalgoorlie, WA",Investment Property in Kalgoorlie,Investment
4e10813f-2685-4628-92a1-8e6f911c743d,Barry Wayne Haase,Liberal Party of Australia,Durack,2010-10-25,Asset,Shares,"Pollard Street, Geraldton WA","Pollard Street, Geraldton WA",Investment Property in Geraldton,Investment
7b60deff-e929-40ea-9839-3bb88124314e,Barry Wayne Haase,Liberal Party of Australia,Durack,2010-10-25,Membership,Other Membership,Akitio P/L,Akitio P/L,Directorship,Director
7d2cb438-878d-4bca-87e5-6e11273430d3,Barry Wayne Haase,Liberal Party of Australia,Durack,2011-09-07,Asset,Trust,Akitio P/L,Akitio P/L,Trustee Company,"Trustee Company, Beneficial Interest Yes"
81069efa-4828-4eea-acd4-67111f701e47,Barry Wayne Haase,Liberal Party of Australia,Durack,2011-09-07,Asset,Real Estate,"Kensington, WA","Kensington, WA",Residential House in Kensington,Private Residence
f50be5e6-deee-4d86-8753-5176ebaaeef5,Barry Wayne Haase,Liberal Party of Australia,Durack,2011-09-07,Asset,Shares,"Maylands, WA","Maylands, WA",Investment Apartment in Maylands,Investment
edf57ce9-99ea-448d-95cb-ec49dc977211,Barry Wayne Haase,Liberal Party of Australia,Durack,2011-09-07,Asset,Shares,"Woodlands, WA","Woodlands, WA",Investment Apartment in Woodlands,Investment
511f6264-e38d-4993-9589-7e3d2de27571,Barry Wayne Haase,Liberal Party of Australia,Durack,2011-09-07,Asset,Shares,"Inglewood, WA","Inglewood, WA",Investment Apartment in Inglewood,Investment
4a17c0bc-e099-42d4-a1f9-7a6d81dfb54d,Barry Wayne Haase,Liberal Party of Australia,Durack,2011-09-07,Asset,Shares,"Pollard St, Geraldton WA","Pollard Street, Geraldton WA",Investment Property in Geraldton,Investment
49c6d6e1-e6fc-4a02-835b-89ee3a15a01a,Barry Wayne Haase,Liberal Party of Australia,Durack,2011-09-07,Asset,Real Estate,"Martha St, Guildford WA","Martha St, Guildford WA",Residential House in Guildford,Private Residence
06f68782-5472-46af-af85-7871c79104a4,Barry Wayne Haase,Liberal Party of Australia,Durack,2011-09-07,Membership,Other Membership,Akitio P/L,Akitio P/L,Directorship,Director
cae33f7e-be91-4645-baf9-2b246224090f,Barry Wayne Haase,Liberal Party of Australia,Durack,2012-05-24,Asset,Shares,"Maylands, WA","Maylands, WA",Investment Apartment in Maylands,Deletion - Investment
988500aa-7612-4784-a2be-ff8332468584,Barry Wayne Haase,Liberal Party of Australia,Durack,2012-05-24,Asset,Shares,"Woodlands, WA","Woodlands, WA",Investment Apartment in Woodlands,Deletion - Investment
867b5ea6-0fd1-4d89-8be6-700e3a86b896,Barry Wayne Haase,Liberal Party of Australia,Durack,2012-05-24,Asset,Shares,"Inglewood, WA","Inglewood, WA",Investment Apartment in Inglewood,Deletion - Investment
ee1d29bf-ce51-4118-809b-6e7ac35de2db,Barry Wayne Haase,Liberal Party of Australia,Durack,2012-11-14,Asset,Real Estate,"Kensington, WA","Kensington, WA",Residential House in Kensington,Deletion - Private Residence
e478fde0-6aaf-48c1-9264-644003dd59fe,Barry Wayne Haase,Liberal Party of Australia,Durack,2012-11-14,Asset,Real Estate,"Victoria Park, WA","Victoria Park, WA",Residential House in Victoria Park,Addition Spouse - Private Residence
4be5feb8-b558-42ac-ab70-a53ee3ce830d,Alexander George Hawke,Liberal Party of Australia,Mitchell,2010-12-07,Travel,Other Travel,Australian Israel and Jewish Affairs Council,Australian Israel and Jewish Affairs Council,"Travel, Accommodation and Sustenance to Israel","Sponsor travel, accommodation and sustenance by the Australian Israel and Jewish Affairs Council as part of the Australian Parliamentary Study Group to Israel 27.11.10-4.12.10"
6f54684d-658d-4695-900a-64f5763cd6cd,Alexander George Hawke,Liberal Party of Australia,Mitchell,2012-11-15,Travel,Other Travel,Aust/India Institute,Aust/India Institute,Business Class Canberra to Melbourne Flight,QF 477 Business Class Canberra to Melbourne Cost of flights covered by Aust/India Institule To attend as an invited guest speaker and Panel participant at the Australia India Institute conference on 2 November 2012
5a7e295c-cbb9-4ac4-a4d3-31dd38bfbbaa,Alexander George Hawke,Liberal Party of Australia,Mitchell,2012-11-15,Travel,Other Travel,Aust/India Institute,Aust/India Institute,Business Class Melbourne to Canberra Flight,QF 818 Business Class Melbourne to Canberra Cost of flights covered by Aust/India Institule To attend as an invited guest speaker and Panel participant at the Australia India Institute conference on 2 November 2012
44caa897-a133-4bae-8581-9218ffdfd6c1,Christopher Hayes,Australian Labor Party,Fowler,2010-12-17,Travel,Other Travel,Taipei Economic and Cultural Office,Taipei Economic and Cultural Office,"Travel, Accommodation and Hospitality to Taiwan","Travel, accommodation and hospitality for my wife and I were provided by the Taipei Economic and Cultural Office. From Thursday 2 December 2010 to Friday 10 December 2010, my wife and I were part of a bipartisan delegation to Taiwan."
bc04aa99-9de4-42d1-a09c-1cd65cc22d72,Christopher Hayes,Australian Labor Party,Fowler,2011-12-09,Gift,Other,Australian Subscription Television and Radio Association (ASTRA),Australian Subscription Television and Radio Association,Complimentary Foxtel service,On Tuesday 6 December 2011 I took up an offer from the Australian Subscription Television and Radio Association (ASTRA) for a complimentary Foxtel service in my electorate office in Cabramatta.
00e0d1a7-96da-49b4-a10b-300748b3640d,Christopher Hayes,Australian Labor Party,Fowler,2012-05-03,Travel,Other Travel,Etihad Airways / HRG Australia Pty Ltd,Etihad Airways / HRG Australia Pty Ltd,First Class Upgrade,"Together with my wife, we travelled on Etihad Airways and on the Sydney to Abu Dhabi section of the journey, we were both upgraded to First Class. Owing to a withdrawal of a Government Member, I was requested by the Chief Government Whip to join a multi party delegation at Budapest. All my travel arrangements were made through HRG Australia Pty Ltd."
6c24575b-75de-4f45-9e78-b3e7b79a9367,Christopher Hayes,Australian Labor Party,Fowler,2012-06-19,Unknown,Other,St George Bank / Goodwin Chivas,St George Bank / Goodwin Chivas,Small Business Forum Sponsorship,"On Thursday 7 June 2012 I hosted a Small Business Forum at the Liverpool Catholic Club with approximately 60 people attending. St George Bank and Goodwin Chivas were co-sponsors of this forum, contributing to the cost of the venue hire and light refreshments on the evening."
3e1a84e8-a9d0-489a-8802-936522fbc613,Joe Hockey,Liberal Party of Australia,North Sydney,2010-10-12,Asset,Real Estate,"Forrest, Canberra","Forrest, Canberra",Residential House in Forrest,Self - Investment/Residence
1cc7a83a-9565-4924-beaa-f09097662336,Joe Hockey,Liberal Party of Australia,North Sydney,2010-10-12,Asset,Shares,"Forrest, Canberra","Forrest, Canberra",Investment Property in Forrest,Spouse - Investment
aea99b62-ccef-4ed7-92c9-a63e4bbb9d8d,Joe Hockey,Liberal Party of Australia,North Sydney,2010-10-12,Membership,Other Membership,Joe Hockey & M. Babbage (t/a Platypus Creek Farm),Joe Hockey & M. Babbage (t/a Platypus Creek Farm),Investment Farm Interest,Self - Co-owners - Investment Farm - 25% interest
8369ed94-13d1-4ec6-9137-781b4b608dba,Joe Hockey,Liberal Party of Australia,North Sydney,2010-10-12,Membership,Other Membership,Joe Hockey & M Babbage (t/a Platypus Creek Farm),Joe Hockey & M. Babbage (t/a Platypus Creek Farm),Investment Farm Interest,Spouse - Co-owners - 75% Interest Investment Farm
7a3c47cd-7d48-495d-95dd-cfb49d9c3d7e,Joe Hockey,Liberal Party of Australia,North Sydney,2010-10-12,Gift,Entertainment,North Sydney Leagues and North Sydney Football Club,North Sydney Leagues and North Sydney Football Club,Patronage of North Sydney Leagues and Football Club,Self
f2ce687a-1b4a-4077-a8f4-d877cdb06420,Joe Hockey,Liberal Party of Australia,North Sydney,2010-10-12,Unknown,Other,World Vision supporter/contributor,World Vision supporter/contributor,World Vision Supporter,Self
f257ff3c-6a0a-4ab4-b782-d32e2b2a754d,Joe Hockey,Liberal Party of Australia,North Sydney,2010-11-12,Travel,Other Travel,"V8 Supercars, Bathurst","V8 Supercars, Bathurst",Aviation Transport,Aviation transport – as guest of
9a9a6b3e-de62-4999-a48a-0773c9cc8d25,Joe Hockey,Liberal Party of Australia,North Sydney,2012-05-15,Membership,Other Membership,Joe Hockey & M Babbage t/a Platypus Creek Farm,Joe Hockey & M. Babbage (t/a Platypus Creek Farm),Business partnership dissolution,"Dissolution of business partnership, although M Babbage remains co-owner of properties."
477ba390-ee1d-44ad-99e4-51db588914e4,Gregory Hunt,Liberal Party of Australia,Flinders,2010-10-07,Unknown,Other,"ROTARY, LIONS, CLEAN OCEAN FOUNDATION","ROTARY, LIONS, CLEAN OCEAN FOUNDATION","Member of Rotary, Lions, Clean Ocean Foundation",Member
98cf67d8-36bb-42c4-90e2-a24a1789a50d,Ed Husic,Australian Labor Party,Chifley,2013-06-25,Unknown,Other,Ebay and Paypal,Ebay and Paypal,MidWinter Ball Guest Access,On 19 June my wife Bridget and I attended the MidWinter Ball as guests of Ebay and PayPal.
f96b585c-441f-46c1-9bc5-9a81a9455cb6,Stephen James Irons,Liberal Party of Australia,Swan,2010-10-25,Membership,Other Membership,ICAP Buying Company P/L,ICAP Buying Company P/L,Airconditioning Importer,Airconditioning Importer
5084ac51-a2ad-442f-aa62-6faadbba9ec4,Stephen James Irons,Liberal Party of Australia,Swan,2011-02-15,Travel,Air Travel,Australian Subscription Television and Radio Association,Australian Subscription Television and Radio Association,FOXTEL IQ HD Installation,Offer to have FOXTEL IQ HD installed in electorate office on a complimentary basis. An upgrade from a basic Foxtel Package. Value approx $130pm
794a4954-fc78-4701-969a-98f446bbe2d7,Harry Jenkins,Australian Labor Party,Scullin,2010-10-14,Unknown,Other,"RESERVAR LIBRARS CENTRE, CITY OF DARBIN","RESERVAR LIBRARS CENTRE, CITY OF DARBIN",Customer Service,CASUAL CUSTOMER SERVICE
60f20351-40f1-4110-9104-4acc2a83dbf7,Harry Jenkins,Australian Labor Party,Scullin,2012-11-26,Asset,Real Estate,"Wang Jin-pyng, President of the Legislative Yuan, Taiwan.","Wang Jin-pyng, President of the Legislative Yuan, Taiwan.",Large sculptured porcelain vase,Large sculptured porcelain vase
4452dd4c-b884-48a0-8425-6acfd10cce55,Harry Jenkins,Australian Labor Party,Scullin,2013-05-17,Travel,Other Travel,Huawei and Asialink.,Huawei and Asialink.,"Business Fares, Internal Travel, Accommodation and Meals","Business wres Melbome b Chima return, internad tward, and accomodation and Meals velation to a hmp to China 3-8 March 2013"
e716f01c-5065-47d3-9b89-cafb9779debc,Dennis Geoffrey Jensen,Liberal/Independent,Tangney,2010-10-25,Unknown,Other,ARC Centre for Excellence for Antimatter/Mitter Research,ARC Centre for Excellence for Antimatter/Mitter Research,Advisory Board Membership,Advisory Board
2d04d7b3-6be6-44ec-a5cc-9c9495d694e7,Robert Carl Katter,Katter's Australian Party,Kennedy,2010-08-21,Liability,Loan,"ANZ, Commonwealth, NAB, Metway and others","ANZ, Commonwealth, NAB, Metway and others",Loans,Some Loans
d33cbb69-d4ab-404e-9e46-c94fd225aabe,Robert Carl Katter,Katter's Australian Party,Kennedy,2010-08-21,Asset,Other Asset,"ANZ, Commonwealth, Westpac","ANZ, Commonwealth, Westpac etc.",Savings and Cheque Accounts,Usual Savings and cheque Alcs
bae7387a-2ad5-4129-a1af-993c2403a45d,Michael Kelly,Australian Labor Party,Eden-Monaro,2011-02-22,Unknown,Other,"Executive Director of Climate Change Research Strategy for Primary Industries, Michael Robinson.","Executive Director of Climate Change Research Strategy for Primary Industries, Michael Robinson.",Wooden chopping board,Wooden chopping board handcrafted from Australian Timber received at the opening of the inaugural National Climate Change Research Strategy for Primary Industries Conference in Melbourne on 17 February 2011. The approximate cost of the gift is $50.
a138de66-1218-4b7c-834e-5c7c0e119f1e,Geoff Lyons,Australian Labor Party,Bass,2011-02-09,Gift,Entertainment,Australian Parliamentary Sports Association and or Tennis Australia,Australian Parliamentary Sports Association and or Tennis Australia,Three tickets to play at Melbourne Park,"Three free tickets to attend and play at Melbourne Park on Saturday 29 January 2011, valued at $567."
3e33584e-70bb-490b-a397-b52e49e7250e,Jennifer Louise Macklin,Australian Labor Party,Jagajaga,2010-05-25,Gift,Entertainment,"Bentong, Redgum Club-games","Bentong, Redgum Club-games",AFL tickets,Value $280-received from AFL tickets 16/4/10
b8ef6f1c-1cee-41ff-b9a3-d81f852e908c,Jennifer Louise Macklin,Australian Labor Party,Jagajaga,2012-07-03,Asset,Shares,"Telstra CEO, David Thodey","Telstra CEO, David Thodey",Midwinter Ball tickets,"Midwinter Ball tickets for myself and Ross Turner from Telstra CEO, David Thodey. Received on 27 June 2012. Valued at $300"
25082744-97da-4df6-baf7-bb54dbb5a1d9,Nola Marino,Liberal Party of Australia,Forrest,2012-09-07,Travel,Other Travel,NATO/SHAPE,NATO/SHAPE,Visit to support NATO's widening co-operation with Partners Across the Globe,Visit 26-28 March 2012 to support the framework of NATO's widening co-operation with Partners Across the Globe. Sponsored by NATO HQ.
29d57cf9-546d-4f17-b7ac-44132fe94daf,Robert McClelland,Australian Labor Party,Barton,2010-10-20,Liability,Mortgage,"NATIONAL AUSTRALIA BANK, AMERICAN EXPRESS","NATIONAL AUSTRALIA BANK, AMERICAN EXPRESS","Mortgage, Credit Cards","MORTGAGE, VISA CREDIT CARD, AMERICAN EXPRESS CREDIT CARD"
b2ae0ee8-4799-49ec-9594-526740358036,Robert McClelland,Australian Labor Party,Barton,2010-10-20,Asset,Other Asset,"COLONIAL FIRST STATE, AMP LIFE LTD","COLONIAL FIRST STATE, AMP LIFE LTD",Superannuation,"EMPLOYER SUPERANNUATION, FLEXIBLE LIFE SUPERANNUATION, EMPLOYMENT RELATED SUPERANNUATION"
92fddb5a-5814-4b5d-a23d-d66a3ec051c4,Robert McClelland,Australian Labor Party,Barton,2010-10-20,Travel,Other Travel,"ANTHONY MUNDINE, NRL","ANTHONY MUNDINE, NRL",Travel with Anthony Mundine & NRL,SEE ABOVE FOR ANTHONY MUNDINE & NRL
c578e4db-d564-420b-9f21-f90bda8637ba,Robert McClelland,Australian Labor Party,Barton,2010-10-20,Gift,Entertainment,"AUSTRALIAN LABOR PARTY, NSW BAR ASSOCIATION, ST. GEORGE DISTANCE RUGBY LEAGUE FOOTBALL CLUB LTD, INDEPENDANT EDUCATION UNION","AUSTRALIAN LABOR PARTY, NSW BAR ASSOCIATION, ST. GEORGE DISTANCE RUGBY LEAGUE FOOTBALL CLUB LTD, INDEPENDANT EDUCATION UNION",N/A,N/A
9b2b6bfd-4ee5-477a-a1c6-eda85ad0fb14,Robert McClelland,Australian Labor Party,Barton,2012-05-24,Gift,Entertainment,"St George District Rugby League Football Club Limited, St George Leagues Club Limited.","The St George Leagues Club Limited, The St George District Rugby League Limited.",Director of St George District Rugby League Football Club Limited,"My Spouse, Michelle McClelland, has become an unpaid Director of St George District Rugby League Football Club Limited and St George Leagues Club Limited."
90b40e84-2634-4376-bc68-9ef4f3c215ed,Robert McClelland,Australian Labor Party,Barton,2012-11-29,Gift,Entertainment,"The St George Leagues Club Limited, The St George District Rugby League Limited.","The St George Leagues Club Limited, The St George District Rugby League Limited.",Non paid Director of: The St George Leagues Club Limited,My wife Michelle McClelland has been appointed as a non paid Director of: The St George Leagues Club Limited and The St George District Rugby League Limited.
dc93dafd-f4f4-4ace-a8dc-e91252c96e5f,Sophie Mirabella,Liberal Party of Australia,Indi,2010-10-25,Asset,Other Asset,"CTH, WESTPAC","CTH, WESTPAC",Savings,SAVINGS
dd7a7f33-1f88-4217-837a-451123eb30c6,Sophie Mirabella,Liberal Party of Australia,Indi,2011-01-31,Travel,Air Travel,FOXTEL and AUSTAR,FOXTEL and AUSTAR,Subscription Television Upgrade,Accepted an offer of an upgrade to subscription television of the FOXTEL and AUSTAR channels for my electorate office - approximate value is $130 per month.
030357b6-c877-4aea-9ff3-4ed3b592866a,Scott Morrison,Liberal Party of Australia,Cook,2010-10-25,Liability,Credit,Citibank/Amex/Diners/GE,Citibank/Amex/Diners/GE,Credit Cards,Credit Cards (Self)
09826a9c-557c-4739-81f1-50d78873a0ea,Scott Morrison,Liberal Party of Australia,Cook,2010-10-25,Asset,Other Asset,"AMP, MLC, CommSuper","AMP, MLC, CommSuper",Superannuation,Superannuation (Self)
e86027ee-29ce-46dd-b687-8fc66cd0dcb1,Scott Morrison,Liberal Party of Australia,Cook,2010-12-24,Membership,Other Membership,"Millennium Forum, Liberal Party of Australia, NSW Division","Liberal Party of Australia, NSW Division",Tickets to Jay Z and U2 concert,2 Tickets to the Jay Z and U2 concert of 14 December 2010
dd210573-c30c-4d11-8871-bf3ce578d0bc,Scott Morrison,Liberal Party of Australia,Cook,2011-05-06,Travel,Other Travel,"BHP Billiton, Interlink Roads, Clubs Australia, Bankstown RSL, Bankstown Sports Club, Linfox, Master Builders Association, Generation One, CFMEU, Australian Health Insurance Association, Publishing and Broadcasting Limited - Channel 9, Major General Michael Jeffrey, Deloitte Touche Tohmatsu, Sabah Tourism, Accor Hotels, Stockland, Westfield, Singapore Airlines, Qantas Airlines, REX Airlines, GTi Media, Parker and Partners, Infrastructure Partnerships Australia, Sydney Airport Corporation","BHP Billiton, Interlink Roads, Clubs Australia, Bankstown RSL, Bankstown Sports Club, Linfox, Master Builders Association, Generation One, CFMEU, Australian Health Insurance Association, Publishing and Broadcasting Limited - Channel 9, Major General Michael Jeffrey, Deloitte Touche Tohmatsu, Sabah Tourism, Accor Hotels, Stockland, Westfield, Singapore Airlines, Qantas Airlines, REX Airlines, GTi Media, Parker and Partners, Infrastructure Partnerships Australia, Sydney Airport Corporation",Sandakan Mateship Trek Sponsorship,Sandakan Mateship Trek Sponsorship
c4e57d34-ae15-4d81-a5c1-000d1cda6b36,Scott Morrison,Liberal Party of Australia,Cook,2012-05-03,Asset,Other Asset,"Royal Motor Yacht Club, Woolooware","Royal Motor Yacht Club, Woolooware",Membership,Membership
153b3588-7a70-405d-a41e-7b3fa4eed826,Scott Morrison,Liberal Party of Australia,Cook,2012-07-10,Membership,Other Membership,"South Metropolitan Regional Scout Council, NSW","South Metropolitan Regional Scout Council, NSW",South Metropolitan Regional Scout Council Membership,Membership
5df6ed84-ea35-4f57-83e7-6816317d71bd,Scott Morrison,Liberal Party of Australia,Cook,2012-07-10,Asset,Other Asset,"Royal Motor Yacht Club, Woolooware","Royal Motor Yacht Club, Woolooware",Membership,Membership
a9541362-1ccb-456e-9303-7896b74d91ac,Scott Morrison,Liberal Party of Australia,Cook,2012-07-10,Asset,Other Asset,"Royal Motor Yacht Club, Woolooware","Royal Motor Yacht Club, Woolooware",Gift of Membership,Gift of 12/13 Membership
67611f51-4f9c-4b80-8ae9-bcf5b4f7d92b,Scott Morrison,Liberal Party of Australia,Cook,2013-07-31,Asset,Other Asset,"Royal Motor Yacht Club, Woolooware","Royal Motor Yacht Club, Woolooware",Gift of Membership,Gift of 13/14 Membership
e8b0dd9c-6d5d-4ae9-9f6a-2ca071b99b04,John Paul Murphy,Australian Labor Party,Reid,2010-10-18,Membership,Other Membership,Community and Public Sector Union,Community and Public Sector Union,Union Membership,N/A
8fdd79a4-ec74-4d1d-949b-b4a18cb9f155,Shayne Neumann,Australian Labor Party,Blair,2010-10-13,Travel,Other Travel,AUSTRALIA / ISRAEL AND JEWISH AFFAIRS COUNCIL (AIJAC),AUSTRALIA / ISRAEL AND JEWISH AFFAIRS COUNCIL (AIJAC),"Airfare, Transfers, Accommodation, Meals, and Incidentals","BETWEEN 13 AND 20 December 2008 AT THE INVITATION OF AIJAC. AIJAC PAID FOR MY AIRFARE, TRANSFERS, ACCOMMODATION, MEALS AND INCIDENTAL TAGS."
7816ef59-edf4-4ed1-b242-ef11059ebb44,Paul Christopher Neville,Liberal National Party,Hinkler,2010-08-21,Membership,Other Membership,Hinkler House Memorial Museum + Research Assoc. Inc.,Hinkler House Memorial Museum + Research Assoc. Inc.,Museum Membership,Hinkler House Museum & Hinkler Hall of Aviation (major control/sponsorship now with Bundaberg Regional Council)
b306c414-8048-46e0-9102-846acef5feec,Paul Christopher Neville,Liberal National Party,Hinkler,2010-08-21,Asset,Other Asset,"Suncorp, Wide Bay Australia, Westpac Bundaberg, Qantas Staff Credit Union","Suncorp, Wide Bay Australia, Westpac Bundaberg, Qantas Staff Credit Union",Savings/Cheque accounts,Savings/Cheque accounts
ea3277ca-30d9-4bd1-aafe-57a403ddbc0c,Paul Christopher Neville,Liberal National Party,Hinkler,2010-08-21,Membership,Other Membership,"Catholic Parish of Bundaberg (Holy Rosary), Bundaberg Rotary Club, Hinkler House Memorial Museum & Research Assn, University of Central Queensland, Liberal National Party of Queensland, Burnett Club, Brothers Sports Club, Hervey Bay Boat Club, Bundaberg RSL Club, Hervey Bay RSL Memorial Services Club, Hervey Bay Business Network","Catholic Parish of Bundaberg (Holy Rosary), Bundaberg Rotary Club, Hinkler House Memorial Museum & Research Assn, University of Central Queensland, Liberal National Party of Queensland, Burnett Club, Brothers Sports Club, Hervey Bay Boat Club, Bundaberg RSL Club, Hervey Bay RSL Memorial Services Club, Hervey Bay Business Network",Multiple Memberships,Includes parliamentary and veteran organizations
5b2f9dfe-7c3b-43fc-aba4-ad33bd2b7b9d,Robert James Murray Oakeshott,Independent,Lyne,2010-10-25,Asset,Trust,Jim Bruce Urology + Prostate Trust,Jim Bruce Urology + Prostate Trust,Beneficial Trust Interest,Charitable trust involving urology + prostate related issues on the Mid-North Coast. Beneficial interest
ad7aeb1f-0f7f-49bc-9b92-ac16c1c554fd,Robert James Murray Oakeshott,Independent,Lyne,2010-10-25,Liability,Loan,"John Patrick Motors, Port Macquarie","John Patrick Motors, Port Macquarie","Personal Loan, Hire-Purchase","Personal loan, Hire-Purchase"
4375f27f-3907-47fb-8f65-43f685840cc1,Robert James Murray Oakeshott,Independent,Lyne,2012-12-06,Travel,Other Travel,Commonwealth Parliamentary Association/World Bank Institute,Commonwealth Parliamentary Association/World Bank Institute,"Return Airfares, Airport transfer, meals and accommodation and Travel insurance","Payment of return economy class airfares to Victoria, British Columbia in the sum of $2113.68, Airport transfer, meals and accommodation to the value of $788.37, Travel insurance in the sum of $141.00"
da9992d5-4895-4a79-b8d5-f8c8ea1d9c47,Brendan O'Connor,Australian Labor Party,Gorton,2012-05-10,Gift,Entertainment,Slater and Gordon,Slater and Gordon,St Kilda vs Freemantle Tickets,2x tickets to St Kilda vs Freemantle at Docklands. Guests of Slater and Gordon.
18d2cccb-5dd7-4e22-8b46-aa38205cc6b0,Deborah Mary O'Neill,Australian Labor Party,Robertson,2010-10-25,Asset,Other Asset,PJ+DM Macinante SMSF,PJ+DM Macinante SMSF,Self Managed Superannuation Fund,Self Managed Superannuation Fund
50874d64-edb0-4864-b022-3b291922a8f2,Deborah Mary O'Neill,Australian Labor Party,Robertson,2010-10-25,Asset,Shares,"Stanley, Alcomie","Stanley, Alcomie","Investment Property in Stanley, Alcomie",Investment
11b1caaf-37f2-40ad-ba93-32676a219ad5,Deborah Mary O'Neill,Australian Labor Party,Robertson,2010-10-25,Membership,Other Membership,P+D Macinante,P+D Macinante,Consultant,"Consultant. Mowing, Cleaning, Property Management + Maintenance"
1b5bedae-2cae-4556-a489-2f8dae672c38,Deborah Mary O'Neill,Australian Labor Party,Robertson,2010-10-25,Income,Other Income,P+D Macinante,P+D Macinante,Management Income,Income from Management
1bb95b11-0879-4a4c-a212-a90fd1671d3b,Julie Owens,Australian Labor Party,Parramatta,2010-10-13,Liability,Credit,"ANZ, Citibank","ANZ, Citibank",Credit Cards,Credit Cards
30abecb4-23d5-4ff0-96cb-4ed411d454d7,Melissa Parke,Australian Labor Party,Fremantle,2010-10-20,Asset,Other Asset,"Westpac, UNFCU, CUTH","Westpac, UNFCU, CUTH",Savings Account,Savings Account
41afe498-98a7-48f5-82cc-c20dc9a9611d,Melissa Parke,Australian Labor Party,Fremantle,2010-12-15,Travel,Other Travel,Australian and Indian governments,Australian and Indian governments,Travel and accommodation expenses,"Attended Australian Political Exchange Council - Inaugural Delegation to India, travel and accommodation expenses met by the Australian and Indian governments."
aa5553c7-4e85-4e0b-b933-9df0ef6b0bb8,Tanya Plibersek,Australian Labor Party,Sydney,2010-10-22,Asset,Other Asset,NAB and Westpac,"NAB, Westpac",Savings Accounts,savings accounts
af4e9fff-1222-4571-8d1d-3acbe2743e3a,Tanya Plibersek,Australian Labor Party,Sydney,2012-11-01,Asset,Real Estate,"Ministry of Health, Welfare and Sport, The Hague, The Netherlands","Ministry of Health, Welfare and Sport, The Hague, The Netherlands",Accommodation at Hotel Okuro,"Ministry of Health, Welfare and Sport, The Hague, The Netherlands: Accommodation 2-3October 2012 Hotel Okuro, Ferdinand Bolstraat 333, 1075 LH Amsterdam"
c8ef1ffd-352a-437c-ac51-d6ce65aa69b9,Tanya Plibersek,Australian Labor Party,Sydney,2010-10-22,Membership,Other Membership,Community and Public Sector Union,Community and Public Sector Union,Community and Public Sector Union Membership,Member
e293faf6-5797-402f-93ec-ea575beca843,Tanya Plibersek,Australian Labor Party,Sydney,2010-10-22,Unknown,Other,Women's International League for Peace and Freedom,Women's International League for Peace and Freedom,Women's International League for Peace and Freedom Membership,Member
5acbc034-8231-4f5f-940f-897373fae1a4,Jane Prentice,Liberal National Party,Ryan,2012-11-23,Travel,Other Travel,Taipei Economic and Cultural Office,Taipei Economic and Cultural Office,"Flights, accommodation and hospitality","Parliamentary Delegation to Taiwan, Member of 2012 Australian MP Delegation to visit Taiwan from Saturday 17 November to Thursday 22 November 2012. Flights, accommodation and hospitality provided by the Taipei Economic and Cultural Office."
22e75b7d-ca5f-4ba0-93ed-1022ddbb3f82,Christopher Maurice Pyne,Liberal Party of Australia,Sturt,2010-10-15,Asset,Trust,CM+CJ Pyne Family Trust,CM+CJ Pyne Family Trust,Beneficial interest financial,Beneficial interest financial.
1d8ce033-93c1-41e8-85e5-6b54d6f47990,Rowan Ramsey,Liberal Party of Australia,Grey,2010-10-21,Asset,Trust,BARRANCO P/L,BARRANCO P/L,Beneficiary of Ramsey Family Trust,"NO INTERESTS, BENIFICIARY OF RAMSEY FAMILY TRUST"
9d25b002-eade-41df-baff-1bd4add77b66,Rowan Ramsey,Liberal Party of Australia,Grey,2010-10-21,Unknown,Other,"AGRICULTURAL LAND, BUCKLEBOO","AGRICULTURAL LAND, BUCKLEBOO",Family Farm (Leased),FAMILY FARM (LEASED)
4b1db679-afe5-407d-9a0b-9fc231352ed0,Rowan Ramsey,Liberal Party of Australia,Grey,2010-10-21,Asset,Real Estate,"HOUSE, PT NEILL SA","HOUSE, PT NEILL SA",Vacation Home in PT NEILL,BEACH HOUSE
40656834-df6a-49a2-80c4-7ec8dce80ee9,Rowan Ramsey,Liberal Party of Australia,Grey,2010-10-21,Asset,Real Estate,"STRATA UNIT, MAULANDS SA","STRATA UNIT, MAULANDS SA",Investment Apartment in MAULANDS,INVESTMENT PROPERTY
462727a2-f2f8-49b8-ab18-756ae5d65b30,Rowan Ramsey,Liberal Party of Australia,Grey,2010-10-21,Asset,Real Estate,"HOUSE, JAMESTOWN SA","HOUSE, JAMESTOWN SA",Investment House in JAMESTOWN,INVESTMENT PROPERTY
b150158b-ba51-4eee-a3a7-158a29e2ce81,Donald James Randall,Liberal Party of Australia,Canning,2010-10-25,Membership,Other Membership,Mount Vale Holdings P/L,Mt Vale Holdings,Operation of Bakery,Operation of Bakery
f5ea01c7-8694-41fe-9070-212791bc93ea,Donald James Randall,Liberal Party of Australia,Canning,2010-10-25,Membership,Other Membership,Mount Vale Holdings P/I,Mt Vale Holdings,Spouse's Operation of Bakery,Spouse. Operation of Bakery
303ef9df-1580-4e09-8508-a56e28566d3b,Bernard Ripoll,Australian Labor Party,Oxley,2010-10-25,Unknown,Other,"Retire Invest, ING, and Ernst and Young","Retire Invest, ING, and Ernst and Young",Speaking Engagements Fee,"Speaking engagements with Retire Invest, ING, and Ernst and Young a fee was paid in respect to each directly to the Western Corridor Community Fund of which I am the Chair."
25c91200-b5a7-4fca-a0de-a8d6696321b9,Bernard Ripoll,Australian Labor Party,Oxley,2011-03-08,Gift,Other Gift,Incapacitated Servicemen and Women's Association of Australia,Incapacitated Servicemen and Women's Association of Australia,Patron Position,Position as Patron of the Incapacitated Servicemen and Women's Association of Australia
fd451489-f62e-4a82-a92d-460d14abccde,Bernard Ripoll,Australian Labor Party,Oxley,2011-04-28,Travel,Other Travel,Taipei Economic and Cultural Office,Taipei Economic and Cultural Office,Travel to ROC Taiwan,"Declaration of travel to ROC Taiwan 12 April to 18 April, Taiwan Parliament"
4de7d988-6bca-40f8-93f7-71177f22a806,Bernard Ripoll,Australian Labor Party,Oxley,2012-05-30,Unknown,Other,Lions Clubs / Rotary Clubs,Lions Clubs / Rotary Clubs,A number of,A number of
593d6bf9-66f4-49e0-9089-c404a2f10202,Bernard Ripoll,Australian Labor Party,Oxley,2012-05-30,Gift,Other Gift,Bicycling QLD and Cycling Aust,Bicycling QLD and Cycling Aust,Membership,Member
5f95ae4d-345b-43f0-a6ce-513f986e4e6a,Bernard Ripoll,Australian Labor Party,Oxley,2012-05-30,Gift,Other Gift,Incapacitated Servicemen and Women's Asso. of Australia,Incapacitated Servicemen and Women's Association of Australia,Patronage,Patron
fe078c65-e2a2-42a0-a696-32ee1eb14fe4,Amanda Rishworth,Australian Labor Party,Kingston,2011-04-27,Travel,Other Travel,Australian Political Exchange Council (APEC) and Japan Centre for International Exchange (JCIE),Australian Political Exchange Council (APEC) and Japan Centre for International Exchange (JCIE),Travel to Japan,"Travelled to Japan from the 5th of March to the 12th of March. Facilitated by the Australian Political Exchange Council (APEC) and hosted in Japan by the Japan Centre for International Exchange (JCIE). The cost of the international airfares, internal travel, accommodation, food and incidentals as part of this trip was covered by JCIE and APEC."
c11d9384-5401-4657-a829-cb9cff1512c2,Amanda Rishworth,Australian Labor Party,Kingston,2011-09-14,Travel,Other Travel,Australian Israel and Jewish Affairs Council,Australian Israel and Jewish Affairs Council,Overseas trip to Israel,"Hosted on an overseas trip to Israel in early September 2011. The Australian Israel and Jewish Affairs Council covered the expenses of returned business class flights to Tel Aviv and accommodation, meals and incidentals for 5 nights from the 4th September 2011."
5ff16102-68b5-445e-9b83-7cbc724911b7,Andrew Robb,Liberal Party of Australia,Goldstein,2010-10-25,Asset,Shares,TJP Robb Pty Ltd (t/a Armchair),TJP Robb Pty Ltd (t/a Armchair),Private Company Shares,Shareholding in private company
b680bc7e-b7ac-43de-b28c-aaf5807e72c5,"Robert, Stuart",Liberal National Party,Fadden,2010-12-05,Travel,Other Travel,Australian Israel and Jewish Affairs Council,Australian Israel and Jewish Affairs Council,"Travel, accommodation and sustenance for Study Group to Israel","Sponsored travel, accommodation and sustenance by the Australian Israel and Jewish Affairs Council as part of the Australian Parliamentary Study Group to Israel. Dates: 28 November to 2 December 2010"
0f862baf-fa8f-4cdf-a1c2-8b8940688493,Michelle Rowland,Australian Labor Party,Greenway,2010-10-25,Asset,Shares,Pericles Unit Trust/Elysium Pty Ltd,Pericles Unit Trust/Elysium Pty Ltd,Real Property Investments,"Real property investments in Glenwood, Randwick & Woolloomooloo. Beneficial interest."
153b60c9-e117-499d-b6ad-f5ea930de397,Michelle Rowland,Australian Labor Party,Greenway,2010-10-25,Membership,Other Membership,"Elysium Pty Ltd, National Children's & Youth Law Centre, Australian Museum Trust","Elysium Pty Ltd, National Children's & Youth Law Centre, Australian Museum Trust","Trustee of Pericles Unit Trust, Board of Community Legal Centre, Trustee of Cultural Institution","Trustee of Pericles Unit Trust, Board of community legal centre, Trustee of cultural institution"
a10e7114-11fd-43ee-bfcc-5288ee413abb,Michelle Rowland,Australian Labor Party,Greenway,2011-11-01,Asset,Shares,Pericles Unit Trust/Elysium Pty Ltd,Pericles Unit Trust/Elysium Pty Ltd,Real Property Investment,"Purchase of additional real property investment in Glenwood by Pericles Unit Trust/Elysium Pty Ltd (contracts exchanged 10 October 2011, settlement to occur 35 days thereafter)"
822f18e9-8d87-4ce5-9c0e-7f33c314302a,Kevin Michael Rudd,Australian Labor Party,Griffith,2010-10-25,Travel,Other Travel,"Peppers Pier Resort, Park Hyatt","Peppers Pier Resort, Park Hyatt",Room upgrade,"Room upgrade at Peppers Pier Resort, Hervey Bay. Room upgrades at Park Hyatt, Melbourne"
00e76274-b66b-4683-820e-1e7bb31ae4eb,Kevin Michael Rudd,Australian Labor Party,Griffith,2010-11-24,Travel,Other Travel,"Intercontinental Hotel, Sydney","Intercontinental Hotel, Sydney",Hotel Room Upgrade,"Room upgrade at the Intercontinental Hotel, Sydney, provided by Intercontinental Hotel, Sydney, 20 November 2010"
bfc64a07-ccb7-43d1-bca6-db24ac017112,Kevin Michael Rudd,Australian Labor Party,Griffith,2011-02-09,Travel,Other Travel,"Madinat Jumeirah Hotel, Dubai, Intercontinental Hotel Sydney","Madinat Jumeirah Hotel, Dubai, Intercontinental Hotel Sydney",Lunch and Hotel Accommodation/Upgrade,"Lunch at the Madinat Jumeirah Hotel, Dubai, provided by the Madinat Jumeirah Hotel, Dubai, 30 November 2010. One night accommodation at the Intercontinental Hotel, Sydney, provided by Intercontinental Hotel, Sydney, 18 January 2011. Room upgrade at the Intercontinental Hotel, Sydney, provided by Intercontinental Hotel, Sydney, 19 January 2011."
c690c722-18bd-4e02-9e03-2f032a90a003,Kevin Michael Rudd,Australian Labor Party,Griffith,2011-02-14,Travel,Other Travel,"Intercontinental Hotel, Sydney","Intercontinental Hotel, Sydney",Hotel Room Upgrade,"Room upgrade at the Intercontinental Hotel, Sydney, provided by Intercontinental Hotel, Sydney, 10-12 February 2011."
e8c46377-b517-4aa9-8c5e-254ba635ed6f,Kevin Michael Rudd,Australian Labor Party,Griffith,2011-07-18,Travel,Other Travel,"The Lenna of Hobart hotel, Hobart, Park Hyatt Melbourne","The Lenna of Hobart hotel, Hobart, Park Hyatt Melbourne",Hotel Room Upgrades,"Room upgrade at The Lenna of Hobart hotel, Hobart, provided by the Lenna of Hobart, Hobart, 13 July 2011. Room upgrade at the Park Hyatt Melbourne, provided by the Park Hyatt Melbourne, 14 July 2011."
f999f17d-8418-41c7-916c-5aeb1f28c22c,Kevin Michael Rudd,Australian Labor Party,Griffith,2011-09-08,Travel,Other Travel,"Intercontinental Hotel, Park Hyatt Hotel, Stamford Hotel, Shangri-La Hotel","Intercontinental Hotel, Park Hyatt Hotel, Stamford Hotel, Shangri-La Hotel",Hotel Room Upgrades,"Room upgrade at the Intercontinental Hotel, Sydney, provided by Intercontinental Hotel, Sydney, 18 March 2011. Room upgrade at the Park Hyatt Hotel, Melbourne, provided by Park Hyatt Hotel, Melbourne, 31 March 2011. Room upgrade at the Intercontinental Hotel, Sydney, provided by Intercontinental Hotel, Sydney, 4 April 2011. Room upgrade at the Stamford Hotel, Brisbane, provided by Stamford Hotel, Brisbane, 6 April 2011. Room upgrade at the Shangri-La Hotel, Cairns, provided by Shangri-La Hotel, Cairns, 7 April 2011."
c0ef2a12-e442-44da-b1f3-e95bdb425737,Kevin Michael Rudd,Australian Labor Party,Griffith,2011-10-05,Travel,Other Travel,"Lenna of Hobart and Salamanca Terraces; Park Hyatt, Melbourne","Lenna of Hobart and Salamanca Terraces; Park Hyatt, Melbourne",Hotel Room Upgrades,"Room upgrade at the Lenna of Hobart and Salamanca Terraces, Hobart provided by Lenna of Hobart and Salamanca Terraces, 3 October, 2011. Room upgrade at the Park Hyatt, Melbourne provided by Park Hyatt, Melbourne 4-5 October, 2011."
1bc643fa-0a11-4eaa-9370-46d4215e4ff4,Kevin Michael Rudd,Australian Labor Party,Griffith,2011-10-18,Travel,Other Travel,"Intercontinental Hotel, Sydney","Intercontinental Hotel, Sydney",Hotel Room Upgrades,"Room upgrade at the Intercontinental Hotel, Sydney, provided by Intercontinental Hotel, Sydney, 13 October, 2011. Room upgrade at the Intercontinental Hotel, Sydney, provided by Intercontinental Hotel, Sydney, 16 October, 2011."
461eaea0-1df6-4b4b-91ae-3e5c1f00e870,Kevin Michael Rudd,Australian Labor Party,Griffith,2011-11-17,Travel,Other Travel,"Park Hyatt Hotel, Melbourne","Park Hyatt Hotel, Melbourne",Hotel Room Upgrade,"Room upgrade at the Park Hyatt Hotel, Melbourne, provided by the Park Hyatt Hotel, Melbourne on Wednesday, 9 November, 2011."
e5676089-22db-40b5-a938-76c496e1fdeb,Kevin Michael Rudd,Australian Labor Party,Griffith,2012-02-02,Travel,Other Travel,"Park Hyatt Hotel, Melbourne; Intercontinental Hotel, Sydney; Emirates; Qantas","Park Hyatt Hotel, Melbourne; Intercontinental Hotel, Sydney; Emirates; Qantas",Hotel Room Upgrades and Flight Upgrades,"Room upgrade at the Park Hyatt Hotel, Melbourne, provided by Park Hyatt, Melbourne, 22 December 2011. Room upgrade at the Intercontinental Hotel, Sydney, provided by Intercontinental Hotel, Sydney, 20 and 23 December 2011. Upgraded from Business to First Class, Emirates, Addis Ababa to Dubai, Thursday 26 January 2012. Upgraded from Business to First Class, Emirates, Dubai to Zurich, Friday 27 January 2012. Upgraded from Business to First Class, Qantas, Sydney to Hong Kong, Wednesday 30 November 2011. Upgraded from Economy to Business, Qantas, Canberra to Brisbane, Sunday 11 December 2011. Upgraded from Economy to Business, Qantas, Brisbane to Melbourne, Sunday 8 January 2012. Upgraded from Economy to Business, Qantas, Melbourne to Brisbane, Monday 9 January 2012."
5bab8248-f6b0-42fa-a7b5-313e0b8209a4,Kevin Michael Rudd,Australian Labor Party,Griffith,2012-06-28,Travel,Other Travel,"Air China, Sheraton Beijing Dongcheng Hotel; China Council for the Promotion of International Trade and Asia Inc Forum","Air China, Sheraton Beijing Dongcheng Hotel; China Council for the Promotion of International Trade and Asia Inc Forum",Return Business Class Flights and Accommodation,1 x Return Business Class Flights with Air China Depart: Monday 4th June. Return Departure: Sunday 10th June 5 x Night's Accommodation and Hospitality at Sheraton Beijing Dongcheng Hotel 3 x Night's Accommodation at Sheraton Beijing Dongcheng Hotel for my son Marcus 1 x Registration to attend Asia Inc Forum
f3c9f0c6-cd17-4da0-98ef-43c44a67845b,Kevin Michael Rudd,Australian Labor Party,Griffith,2012-11-26,Travel,Other Travel,"Intercontinental Hotel, Sydney","Intercontinental Hotel, Sydney",Hotel Room Upgrade,"Room upgrade at Intercontinental Hotel, Sydney provided by Intercontinental Hotel, Sydney on Friday, 5 October."
8736fa1c-3ed1-4797-a845-f2f7304e82be,Kevin Michael Rudd,Australian Labor Party,Griffith,2012-11-26,Travel,Other Travel,"Intercontinental Hotel, Sydney","Intercontinental Hotel, Sydney",Hotel Room Upgrade,"Room upgrade at Intercontinental Hotel, Sydney provided by Intercontinental Hotel, Sydney on Wednesday, 17 October."
1e940ed4-e23e-45ed-a57d-6b1d241ed7b3,Kevin Michael Rudd,Australian Labor Party,Griffith,2012-11-26,Travel,Other Travel,Chinese Peoples Institute for Foreign Affairs and Beijing Forum,Chinese Peoples Institute for Foreign Affairs and Beijing Forum,Flights and Hospitality To Beijing,"Flights and Hospitality To Beijing - Beijing Forum - funded by Chinese Peoples Institute for Foreign Affairs and Beijing Forum Friday, 2 November - Sunday 4 November 2xnights accommodation Return airfare to Australia"
19f7db3c-5920-4454-a916-988485eb14fa,Kevin Michael Rudd,Australian Labor Party,Griffith,2012-11-26,Travel,Other Travel,Körber-Stiftung / Körber Foundation,Körber-Stiftung / Körber Foundation,Flights and Hospitality To Berlin,Flights and Hospitality To Berlin - 2nd Policy Forum - funded by Körber-Stiftung / Körber Foundation Monday 22 October - Tuesday 23 October 2x nights accommodation Return airfare to Australia (return via London)
2a3771ee-4154-449d-90d0-54080b0d77f4,Kevin Michael Rudd,Australian Labor Party,Griffith,2012-11-26,Travel,Other Travel,"The Ministry of Foreign Affairs, Abu Dhabi, UAE","The Ministry of Foreign Affairs, Abu Dhabi, UAE",Flights & Hospitality to Sir Bani Yas Forum,"Flights & Hospitality to Sir Bani Yas Forum – funded by The Ministry of Foreign Affairs, Abu Dhabi, UAE Friday, 16 November - Sunday, 18 November 3 x nights accommodation Airfares and transfers from Qatar - Abu Dhabi – Sydney"
65d273cf-e39f-4408-9a3e-4416dce76d81,Kevin Michael Rudd,Australian Labor Party,Griffith,2012-11-26,Gift,Electronics,"Sir Bani Yas Forum, UAE","Sir Bani Yas Forum, UAE",Apple iPad 64gb,"Gift of an Apple iPad 64gb from the Sir Bani Yas Forum, UAE."
6712394c-cfe4-4b9c-957f-559a03e8386a,Kevin Michael Rudd,Australian Labor Party,Griffith,2013-03-22,Travel,Other Travel,"Hyatt Hotel, Intercontinental Hotel, Park Hyatt Hotel","Hyatt Hotel, Intercontinental Hotel, Park Hyatt Hotel",Hotel Room Upgrades,"Room upgrade at Hyatt Hotel, Canberra provided by Hyatt Hotel Canberra from 4 February - 6 February, 10 February - 11 February and 13 February. Room upgrade at Intercontinental Hotel, Sydney provided by Intercontinental Hotel, Sydney for 7 February, 14 February, 19 February, 24 February, 27-28 February. Room upgrade at Park Hyatt Hotel, Melbourne provided by Park Hyatt Hotel, Melbourne for 18 February and 20 February."
c3c85843-1abc-471e-9461-402f8ce28276,Kevin Michael Rudd,Australian Labor Party,Griffith,2013-08-05,Gift,Entertainment,"Backcare Products Australia, National Rugby League, Brisbane Broncos","Backcare Products Australia, National Rugby League, Brisbane Broncos","'Half Barry' backcare cushion, State of Origin tickets & Broncos Tracksuit Top","1 'Half Barry' backcare cushion, supplied by Backcare Products Australia. 5 x tickets to the State of Origin on 17 July 2013, supplied by the National Rugby League. 1 x Broncos Tracksuit Top Size Medium, supplied by Brisbane Broncos."
7265f80b-77e9-4849-8b02-c480ab46f415,Philip Maxwell Ruddock,Liberal Party of Australia,Berowra,2010-08-21,Unknown,Other,"Australian Institute of Political Science, The","Australian Institute of Political Science, The",Membership,N/A
68a1ecf9-7db5-4abf-94e7-2c117639bffa,Philip Maxwell Ruddock,Liberal Party of Australia,Berowra,2010-08-21,Unknown,Other,"Eastwood Club, The","Eastwood Club, The",Membership,N/A
42939b57-e13c-4b50-ae70-a0d76527b09c,Philip Maxwell Ruddock,Liberal Party of Australia,Berowra,2010-08-21,Unknown,Other,Global Panel Foundation of America and Australasia,Global Panel Foundation of America and Australia (Advisory Board),Member of Advisory Board,Advisory Board
3b56540c-d818-429f-a92f-e664f5dc28ac,Philip Maxwell Ruddock,Liberal Party of Australia,Berowra,2010-08-21,Unknown,Other,Hornsby and District Chamber of Commerce & Industry,Hornsby and District Chamber of Commerce and Industry,Membership,N/A
4378298d-363d-4c9a-bccd-9ba5d5fa3b66,Philip Maxwell Ruddock,Liberal Party of Australia,Berowra,2010-08-21,Unknown,Other,"Law Society of NSW, The","Law Society of NSW, The",Life Membership,Life Member
e648b3ec-af30-4ee0-831d-88c6514d82a9,Philip Maxwell Ruddock,Liberal Party of Australia,Berowra,2010-08-21,Unknown,Other,"Sydney Institute, The",Sydney Institute,Membership,N/A
91595a96-de6c-416c-818b-c7ce7b1ab93c,Philip Maxwell Ruddock,Liberal Party of Australia,Berowra,2010-08-21,Unknown,Other,"UNICEF, Parliamentary Association","UNICEF, Parliamentary Association",Membership,N/A
b72557e0-f46d-4985-b305-30de430aea25,Philip Maxwell Ruddock,Liberal Party of Australia,Berowra,2010-08-21,Membership,Other Membership,"Union and University Club, The (Sydney)","Union and University Club, The (Sydney)",Union and University Club Membership,N/A
8b960093-9791-4bf9-9226-0f2a1755d977,Philip Maxwell Ruddock,Liberal Party of Australia,Berowra,2010-08-21,Unknown,Other,"Anglo-Australasian Lawyer's Society, Australia Branch","Anglo-Australasian Lawyer's Society, Australia Branch",Patron Role,Patron
45310b9f-0b69-4a0c-b08b-0375f5ef4eaa,Philip Maxwell Ruddock,Liberal Party of Australia,Berowra,2010-08-21,Unknown,Other,"Australian Lebanese Heart Foundation Ltd, The","Australian Lebanese Heart Foundation Ltd, The",Patron Role,Patron
665e9821-b57c-4a90-b07d-4708a6e45037,Philip Maxwell Ruddock,Liberal Party of Australia,Berowra,2010-08-21,Unknown,Other,"Hills Musical Society, The","Hills Musical Society, The",Patron Role,Patron
38add1d4-309d-4375-8178-8b0a11c92b73,Philip Maxwell Ruddock,Liberal Party of Australia,Berowra,2010-08-21,Unknown,Other,Sydney Adventist Hospital Zipper and Stent Club,Sydney Adventist Hospital Zipper and Stent Club,Patronage,Patron
2c9d26f7-0a77-46db-b86d-56236ee15352,Philip Maxwell Ruddock,Liberal Party of Australia,Berowra,2010-08-21,Membership,Other Membership,"Liberal Party of Australia, New South Wales Division","Liberal Party of Australia, NSW Division",Liberal Party of Australia Membership,Spouse
39aef223-3a5f-4c66-83dc-fec910eaa49a,Philip Maxwell Ruddock,Liberal Party of Australia,Berowra,2011-05-26,Gift,Hospitality,Restaurant & Catering (R&C),Restaurant & Catering (R&C),Coalition 21st Birthday Party Hospitality,"Hospitality for the Coalition 21st Birthday Party for Wyatt Roy MP, Member for Longman, 25 May 2011. As host of the event, the hospitality was provided to me at no cost"
971c9431-09c2-4c63-996d-9a4d30099cef,Philip Maxwell Ruddock,Liberal Party of Australia,Berowra,2012-02-07,Unknown,Other,Neighbours and Friends Inc.,Neighbours and Friends Inc.,Patronage,Patron
8837a371-3f22-4297-95d7-4ef5d4d5395b,Philip Maxwell Ruddock,Liberal Party of Australia,Berowra,2012-11-13,Unknown,Other,Australian Lebanese Chamber of Commerce and Industry (ALCCI),Australian Lebanese Chamber of Commerce and Industry (ALCCI),Patronage,Appointed Patron
b0ed7bb3-f2da-4319-9ffd-6b7206b3f13e,Philip Maxwell Ruddock,Liberal Party of Australia,Berowra,2013-05-06,Travel,Other Travel,Australia China Economic Trade and Cultural Association,Australia China Economic Trade and Cultural Association,Travel to China,Travelled to China with spouse at invitation of the Association. Expenses met by the Association.
43984ae0-c29b-4e15-986f-2632322f78dd,Alby Albert John Schultz,Liberal Party of Australia,Hume,2010-10-19,Asset,Other Asset,"Westpac, ANZ","Westpac, ANZ",Cheque & Savings Account,"Self: Cheque, Savings (Joint), Spouse: Savings (Joint), Dependent Children: NIL"
d919c9ac-7289-4992-b7f6-c34f70c6c492,Patrick Damien Secker,Liberal Party of Australia,Barker,2010-10-25,Asset,Trust,SECKER/SMITH TRUST,SECKER/SMITH TRUST,Clothes Retailing Business,Clothes Retailing; Trustee
fb8923bb-7823-48bb-87c6-4f2a2f6cfaf8,Bill Shorten,Australian Labor Party,Maribyrnong,2010-10-19,Membership,Other Membership,"Australian Labor Party, Australian Workers Union","Australian Labor Party, Australian Workers Union",Various organisation membership,"Victorian Women's Trust, Endeavour Foundation, Family Planning QLD, Centre for Corporate Public Affairs, Plan International, Moonee Ponds West Primary School Council"
fa239548-e3cd-4f07-a6c0-0dacd3741a55,Bill Shorten,Australian Labor Party,Maribyrnong,2010-10-19,Membership,Professional,"Qantas, AFL","Qantas, AFL",AFL Grand Final Guest,Guest of Qantas at AFL Grand Final
618a1623-1ab4-4125-be29-f692405e7011,Bill Shorten,Australian Labor Party,Maribyrnong,2012-07-11,Travel,Other Travel,"Etihad Airways, Qantas Airways","Etihad Airways, Qantas Airways",Flight Upgrades from Business to First Class,Flight upgrades from business to first class provided by Etihad Airways (Melbourne - Abu Dhabi - Geneva) and Qantas Airways (London - Singapore- Melbourne) in June 2012
6db58387-b4e6-44c9-ae8e-69558510e4b0,Peter Sidebottom,Australian Labor Party,Braddon,2010-10-20,Asset,Other Asset,MYSTATE / COMMONWEALTH,MYSTATE / COMMONWEALTH,Savings Account,SAVINGS (Dependent Children)
73e97df2-25c9-416d-82bd-7413c5c91e5f,Luke Simpkins,Liberal Party of Australia,Cowan,2011-04-24,Gift,Hospitality,Government and some local governments,Government and some local governments,Meals in Republic of Macedonia,Meals: Some meals provided in Republic of Macedonia provided by Government and some local governments
4fbb8b8f-4d89-4db5-9761-2c7227f8ba40,Luke Simpkins,Liberal Party of Australia,Cowan,2011-04-24,Unknown,Other,"Mr Ilija Dimovski MP, Assembly of the Republic of Macedonia","Mr Ilija Dimovski MP, Assembly of the Republic of Macedonia",Small Golden Mask Replica,"Small Golden Mask Replica: Mr Ilija Dimovski MP, Assembly of the Republic of Macedonia"
9cdaa1f2-ded5-4fba-b282-4508c31b21ea,Luke Simpkins,Liberal Party of Australia,Cowan,2011-04-24,Unknown,Other,"Mayor of Prelip, Republic of Macedonia","Mayor of Prelip, Republic of Macedonia",Wooden Icon,"Wooden Icon: Mayor of Prelip, Republic of Macedonia"
614ba270-c18e-427b-8b97-5b0671289551,Stephen Francis Smith,Australian Labor Party,Perth,2010-10-25,Liability,Other Liability,UK Bonds and Stocks Office,UK Bonds and Stocks Office,UK Bonds,UK Bonds - £5
3af5131a-034d-40ee-b8c1-f3b54dcd3617,Stephen Francis Smith,Australian Labor Party,Perth,2011-09-13,Gift,Other Gift,State and Commonwealth,State and Commonwealth,Representations to support hockey facilities project,Representations to the State and Commonwealth to support a proposed joint UWA/State/Commonwealth project to enhance Olympic standard hockey facilities at the UWA Sports Park Complex.
138c1e00-9f90-4e0b-85da-be35103724e3,Anthony David Hawthorn Smith,Liberal Party of Australia,Casey,2010-08-21,Membership,Professional,"Qantas, Virgin Blue, ASTRA","Qantas, Virgin Blue, ASTRA","Qantas Chairman's Lounge Membership, Virgin Blue Gold Membership, Complimentary Foxtel Service","Complimentary Qantas Chairman's Lounge Membership. Complimentary Gold Membership - Virgin Blue Airlines, Complimentary Foxtel Service to Electorate Office at Suite One, 1 East Ridge Drive, Chirnside Park, Victoria, by the Australian Subscription Television and Radio Association (ASTRA)"
e93a3b03-8952-4ba5-9049-0c9827087818,Anthony David Hawthorn Smith,Liberal Party of Australia,Casey,2010-08-21,Gift,Entertainment,"Carlton Football Club, MCC, RACV, Liberal Party, Chevrolet Car Club, Union-University, RSL, Croydon Chamber of Commerce, Eastwood Golf Club.","Carlton Football Club, MCC, RACV, Liberal Party, Chevrolet Car Club, Union-University, RSL, Croydon Chamber of Commerce, Eastwood Golf Club.",Membership of various community groups and organisations,"Carlton Football Club, MCC Member, RACV, Liberal Party of Australia (Victorian Division), Chevrolet Car Club of Victoria, Union-University and Schools Club Sydney, Life Member - Melbourne University Liberal Club & Trustee, Alfred Deakin Lecture Trust. Member of various local community groups and organisations within the electorate of Casey such as RSL - Croydon Sub Branch, Croydon Chamber of Commerce, Honorary Member of Eastwood Golf Club which do not pose a potential conflict of interest."
b15cbfd8-a268-42e5-9728-a6407ace82cc,"Somlyay, Alexander",N/A,Fairfax,2011-08-10,Membership,Other Membership,Santos P/L,Santos Ltd,LNP State Convention Dinner Guest,"LNP State Convention Dinner Guest, Value $120.00 (16.7.11)"
45e7d6a4-a33a-4b78-9f3c-ea759520add7,Andrew John Southcott,Liberal Party of Australia,Boothby,2010-10-15,Unknown,Other,"Vietnam Veterans Federation, SA Branch","Vietnam Veterans Federation, SA Branch",N/A,N/A
b35dc360-010b-4d53-bb45-2dcfefa4ad56,Andrew John Southcott,Liberal Party of Australia,Boothby,2012-02-03,Asset,Real Estate,P/ASX 200 Listed Property fund,P/ASX 200 Listed Property fund,Shares,N/A
51428086-7598-44bc-93ac-08c43149f03c,Andrew John Southcott,Liberal Party of Australia,Boothby,2013-01-24,Asset,Real Estate,P/ASX200 Listed Property Fund Shares,P/ASX200 Listed Property Fund Shares,Shares,Sold
00d8ecd6-58de-4c0b-8dcd-8db47b4d0b27,Wayne Maxwell Swan,Australian Labor Party,Lilley,2010-10-25,Liability,Credit,ANZ and AMEX,ANZ and AMEX,Credit Cards,Credit Cards (Joint with Spouse)
5b8f7f95-cc4c-454f-96df-96e4b6413582,Wayne Maxwell Swan,Australian Labor Party,Lilley,2010-10-25,Asset,Shares,Breakthrough-Life and TDP Cover,Breakthrough-Life and TDP Cover,Investment,MLC Breakthrough Investment
1b6c4bcf-eff2-416e-a9bb-823a8aadcbb3,Wayne Maxwell Swan,Australian Labor Party,Lilley,2011-07-20,Travel,Other Travel,Reef and Rainforest Research Centre,Reef and Rainforest Research Centre,Helicopter transport to Great Barrier Reef,Accepted Helicopter transport to the Great Barrier Reef with Dr Long from the Reef and Rainforest Research Centre to view the reef (16 July 2011)
386d6e38-b94b-4c9e-95c5-f450e87a6bcf,Daniel Tehan,Liberal Party of Australia,Wannon,2010-10-21,Travel,Other Travel,Australia/Israel and Jewish Affairs Council,Australia/Israel & Jewish Affairs Council (AIJAC),Sponsored Trip to Israel,"Sponsored travel (business class), accommodation and meals by the Australia/Israel and Jewish Affairs Council as part of the Rambam Israel Fellowship Program visit to Israel from 28 November to 2 December 2010."
49a32569-903b-452d-a587-78a8194e9720,Kelvin John Thomson,Australian Labor Party,Wills,2010-10-21,Travel,Other Travel,"QANTAS CHAIRMAN'S LOUNGE, VELOCITY (VIRGIN AIRLINES)","QANTAS CHAIRMAN'S LOUNGE, VELOCITY (VIRGIN AIRLINES)",Airline Lounge Membership,MEMBERSHIP
55bcc47a-3eea-4840-a38c-54ba8eab1477,Kelvin John Thomson,Australian Labor Party,Wills,2010-10-21,Travel,Other Travel,"QANTAS CHAIRMAN'S LOUNGE, VELOCITY (VIRGIN AIRLINES)","QANTAS CHAIRMAN'S LOUNGE, VELOCITY (VIRGIN AIRLINES)",Airline Lounge Membership,MEMBERSHIP
f4c59a77-dc24-49da-bffa-6074284d46c1,Kelvin John Thomson,Australian Labor Party,Wills,2010-10-21,Asset,Real Estate,"SCOUTS VICTORIA, FRIENDS OF MOONEE PONDS CREEK, AUSTRALIAN CONSERVATION, AUSTRALIAN WORKERS UNION","SCOUTS VICTORIA, FRIENDS OF MOONEE PONDS CREEK, AUSTRALIAN CONSERVATION, AUSTRALIAN WORKERS UNION",Board Membership/Presidency,"BOARD MEMBER, PRESIDENT, MEMBER OF OTHER ORGANISATIONS BUT NO CONFLICT WITH MY PUBLIC DUTIES IS FORSEEN"
5c3b5506-8e35-4421-bd6b-d7b501eaf571,Warren Errol Truss,Liberal National Party,Wide Bay,2010-10-25,Membership,Other Membership,E. C. Truss + Sons,E.C. Truss & Sons,Agforce Membership,is a member of Agforce
9c5c55a3-11fd-4fd9-848a-a8707ed8bf08,Warren Errol Truss,Liberal National Party,Wide Bay,2012-10-31,Gift,Entertainment,Suncorp and ARU,Suncorp and IAG,Aust/N2 Rugby Test attendance,Attended Aust/N2 Rugby Test as guest of Suncorp and ARU (Addition)
f3b14f8b-142f-4940-804e-765af49c2364,Warren Errol Truss,Liberal National Party,Wide Bay,2013-02-11,Membership,Professional,Tennis Australia and Virgin Australia,Tennis Australia and Virgin Australia,Australian Open Attendance,Attended sessions of the Australian Open Tennis Championship as guests of Tennis Australia and Virgin Australia.
665b5754-ee5a-48ae-8416-d60b257b8861,Warren Errol Truss,Liberal National Party,Wide Bay,2013-08-05,Gift,Entertainment,National Rugby League and the Board of New South Wales Rugby League,National Rugby League and the Board of New South Wales Rugby League,State of Origin Series Game 3 attendance,"Guest of the National Rugby League and the Board of New South Wales Rugby League at the State of Origin Series Game 3 in Sydney on 17 July which included tickets, food and drinks."
a7e10ac0-1104-4147-8784-5682142e8954,Malcolm Turnbull,Liberal Party of Australia,Wentworth,2010-10-23,Unknown,Other,"Canberra ACT, Point Piper NSW, Potts Point NSW, Paddington NSW","Canberra ACT, Point Piper NSW, Potts Point NSW, Paddington NSW",Real Estate Holdings,Real estate held
5e719834-9674-4ccf-b895-3c3b06868ed8,Malcolm Turnbull,Liberal Party of Australia,Wentworth,2010-10-23,Membership,Other Membership,"Bonalil Pty Limited, Bonedale Pty Limited, Felix Bay Limited, MB Turnbull Pty Limited, Pokana Pty Limited, Turnbull Foundation, Turnbull & Partners Pty Limited, Turnbull & Partners Holdings Pty Limited, Wilcrow Pty Limited, Advisory Panel on Capital City Infrastructure, Australian Folklife Festival Inc, Australian Technology Park Precinct Management Ltd, Biennale of Sydney, Centre for Independent Studies Limited, ISYS Search Software Pty Limited, Maurtray Pty Limited, Melbourne IT Limited, Redfern Waterloo Authority, The Committee for Sydney, The Redfern Foundation Limited, Turnbull & Partners Holdings Pty Limited, United States Study Centre","Bonalil Pty Limited, Bonedale Pty Limited, Felix Bay Limited, MB Turnbull Pty Limited, Pokana Pty Limited, Turnbull Foundation, Turnbull & Partners Pty Limited, Turnbull & Partners Holdings Pty Limited, Wilcrow Pty Limited, Advisory Panel on Capital City Infrastructure, Australian Folklife Festival Inc, Australian Technology Park Precinct Management Ltd, Biennale of Sydney, Centre for Independent Studies Limited, ISYS Search Software Pty Limited, Maurtray Pty Limited, Melbourne IT Limited, Redfern Waterloo Authority, The Committee for Sydney, The Redfern Foundation Limited, Turnbull & Partners Holdings Pty Limited, United States Study Centre",Company Directorships,Directorships of Companies
0bcaef52-6880-4e39-9840-3a4f64a2a515,Malcolm Turnbull,Liberal Party of Australia,Wentworth,2010-10-23,Liability,Loan,"Loans between M Turnbull, L Turnbull, A Turnbull & D Turnbull and entities listed in 1 (b) above.","Loans between M Turnbull, L Turnbull, A Turnbull & D Turnbull and entities listed in 1 (b) above.",Loans,"Loans, intra-group balances change from time to time"
89fabc64-65ff-4d77-8d0e-c777f0993bce,Malcolm Turnbull,Liberal Party of Australia,Wentworth,2010-10-23,Asset,Other Asset,"Dimensional Australian Value Trust, EQT Intrinsic Value International Sharemarkets Plus Fund, Goldman Sachs Private Equity Funds, Stone Street Real Estate Fund, Stone Street Fund, Bridge Street Asia Fund, Magellan Flagship Fund Limited, Pengana Emerging Companies Fund, Pengana Global Resources Fund, Platinum International Fund, XES, AMP Capital Structured High Yield Fund, CBAPB, WCTPA, Turnbull & Partners Pty Ltd, BNBG, MXUPA, MB Turnbull Pty Limited, Griffin Coal Mining Co - corporate bonds, Morgan Stanley Real Estate Fund VI, Republic of Indonesia Government Bonds, State Bank of India Hybrid Perpetual CPN, EWM, SPY, XLE, XME, XOP, GS Capital Partners VI, Tyndall Australian Share Wholesale Portfolio, Hunter Hall Value Growth Trust","Dimensional Australian Value Trust, EQT Intrinsic Value International Sharemarkets Plus Fund, Goldman Sachs Private Equity Funds, Stone Street Real Estate Fund, Stone Street Fund, Bridge Street Asia Fund, Magellan Flagship Fund Limited, Pengana Emerging Companies Fund, Pengana Global Resources Fund, Platinum International Fund, XES, AMP Capital Structured High Yield Fund, CBAPB, WCTPA, Turnbull & Partners Pty Ltd, BNBG, MXUPA, MB Turnbull Pty Limited, Griffin Coal Mining Co - corporate bonds, Morgan Stanley Real Estate Fund VI, Republic of Indonesia Government Bonds, State Bank of India Hybrid Perpetual CPN, EWM, SPY, XLE, XME, XOP, GS Capital Partners VI, Tyndall Australian Share Wholesale Portfolio, Hunter Hall Value Growth Trust",Managed Funds and Fixed Interest Securities,Managed Funds and Fixed Interest Securities
0a53e6cc-715b-4147-8ec2-20e8764acf2e,Malcolm Turnbull,Liberal Party of Australia,Wentworth,2010-10-23,Asset,Other Asset,"Goldman Sachs, Goldman Sachs JB Were, Merrill Lynch, Morgan Stanley, Commonwealth Bank, Macquarie Bank, St George Bank, Westpac Banking Corporation","Goldman Sachs, Goldman Sachs JB Were, Merrill Lynch, Morgan Stanley, Commonwealth Bank, Macquarie Bank, St George Bank, Westpac Banking Corporation",Deposits,Deposits with Investment Banks and Commercial Banks
1c728afd-76df-43c3-ad2f-0f1746d095ab,Malcolm Turnbull,Liberal Party of Australia,Wentworth,2010-10-23,Asset,Shares,"Self, Wilcrow, TDF Hughes","Self, Wilcrow, TDF Hughes","Boats, Artwork, Books, Furniture, Life Insurance Policies, Farm Plant & Machinery, Stock, Loans","Boats, artwork, books, furniture, Life insurance policies (Tower Australia Ltd), Macquarie Super Manager, Farm Plant & Machinery, Stock (cattle, sheep, horses)  all used in pastoral business conducted at East Rossgole and Scotts Creek, loans"
200a3771-8591-421a-8b41-758ead1b53df,Malcolm Turnbull,Liberal Party of Australia,Wentworth,2010-10-23,Unknown,Other,"Pilmer pty ltd, Turnbull & Partners Pty Limited, Finance Now Holdings Pty Ltd","Pilmer pty ltd, Turnbull & Partners Pty Limited, Finance Now Holdings Pty Ltd",Loans,Loans - creditor entity shown in bold followed by debtor entity
f0abf385-4858-4b58-9522-7b25a4586ef1,Malcolm Turnbull,Liberal Party of Australia,Wentworth,2010-10-23,Membership,Other Membership,"Athenaeum (Philadelphia), Australian Club, Australian National Flag Association, Australian Republican Movement, Bondi Icebergs, Bondi Junction Waverley RSL, Eastern Suburbs Leagues Club, Hakoah Club, Law Institute of Victoria, Liberal Party of Australia, Lions Club of the Australian Parliament, North Bondi Surf Club, NSW Law Society, Rose Bay RSL","Athenaeum (Philadelphia), Australian Club, Australian National Flag Association, Australian Republican Movement, Bondi Icebergs, Bondi Junction Waverley RSL, Eastern Suburbs Leagues Club, Hakoah Club, Law Institute of Victoria, Liberal Party of Australia, Lions Club of the Australian Parliament, North Bondi Surf Club, NSW Law Society, Rose Bay RSL",Organisation Membership,Self - Membership of any organisation
85677412-d689-43fb-bffd-65d223feb515,Malcolm Turnbull,Liberal Party of Australia,Wentworth,2011-07-07,Asset,Other Asset,"SPY, XME, XLE (MB Turnbull Pty Ltd)","SPY, XME, XLE (MB Turnbull Pty Ltd)",Bonds and Debentures,"Bonds, Debentures & Like Investments - Deletions"
f57d7b46-01bc-4e53-87b7-2346bb0fe8e2,Malcolm Turnbull,Liberal Party of Australia,Wentworth,2011-07-07,Asset,Other Asset,"CACT.SI, CMLT.SI, AEMN.SI (Wilcrow)","CACT.SI, CMLT.SI, AEMN.SI (Wilcrow)",Bonds and Debentures,"Bonds, debentures & Like Investments - Additions"
3050b43b-1640-4285-be73-02e5567814d6,Malcolm Turnbull,Liberal Party of Australia,Wentworth,2011-07-07,Asset,Other Asset,"PPLT.K, XLE (Self)","PPLT.K, XLE (Self)",Bonds and Debentures,"Bonds, debentures & Like Investments - Additions"
25a39d2c-0413-4118-9efc-eae2708dc459,Malcolm Turnbull,Liberal Party of Australia,Wentworth,2011-07-07,Travel,Other Travel,Western Australian Chamber of Minerals and Energy,Western Australian Chamber of Minerals and Energy,Sponsored Travel (WA Mines),"Sponsored travel, charter transfer from Perth, Cloudbreak, Newman and Karratha - Additions"
94edb8e2-0a74-447f-b417-358b004f7cf7,Malcolm Turnbull,Liberal Party of Australia,Wentworth,2011-12-05,Membership,Other Membership,"Expert Panel on Constitutional Recognition of Local Government (Spouse), Integrated Design Commission SA (Spouse)","Expert Panel on Constitutional Recognition of Local Government (Spouse), Integrated Design Commission SA (Spouse)",Directorship,Directorships
790a5584-ce54-4a46-bc96-1e5816e6c7f9,Malcolm Turnbull,Liberal Party of Australia,Wentworth,2011-12-05,Asset,Other Asset,"Santos Finance Hybrid CPN, Renewable Energy Corp Bond (MB Turnbull Pty Ltd)","Santos Finance Hybrid CPN, Renewable Energy Corp Bond (MB Turnbull Pty Ltd)",Bonds and Debentures,"Bonds, debentures & like investments"
b01d6d9f-4c2c-4244-8bb1-29535b387925,Malcolm Turnbull,Liberal Party of Australia,Wentworth,2012-01-10,Asset,Real Estate,"Point Piper, NSW","Point Piper, NSW",Residential House in Point Piper,"Deletion of House, Investment (Wilcrow Pty Limited)"
a66247c8-592b-463b-a995-5b31a9a2ccda,Malcolm Turnbull,Liberal Party of Australia,Wentworth,2012-01-16,Asset,Real Estate,"New York, USA","New York, USA",Investment Apartment in New York,"Apartment, Investment (Spouse)"
195e9905-1844-45a0-b0d7-f73a822baf63,Malcolm Turnbull,Liberal Party of Australia,Wentworth,2012-08-16,Travel,Other Travel,Australia-Canada Economic Leadership Forum and London Olympics,Australia-Canada Economic Leadership Forum and London Olympics,Forum Accommodation & Airfare Contribution,"Item 12 - In July Lucy and I attended the Australia-Canada Economic Leadership Forum in Toronto and the Forum provided accommodation and made a financial contribution to the cost of my airfare from Sydney to Toronto.  We also attended the London Olympics at the invitation of the Nine Network, however I reimbursed Nine for their costs of our attendance including the cost of our accommodation, tickets to events, transfers to and from the airport and games events and other hospitality such as several meals in restaurants."
60b14b34-2c6f-42d4-9547-1d8583721a58,Malcolm Turnbull,Liberal Party of Australia,Wentworth,2013-01-31,Asset,Shares,"Telstra, Optus, GlobalGig, Sydney Festival","Telstra, Optus, GlobalGig, Sydney Festival",Telstra T-Box & Optus 4G Dongle & GlobalGig Wifi Base Station & Sydney Festival Tickets,"Item 11 - Telstra has lent me a T-box device to trial, Optus has lent our office a 4G dongle and a 4G wifi base station which are used by my staff, GlobalGig has given me a wifi base station with a 1 GB data allowance which I will trial on the next occasion I travel abroad. My wife and I were guests of the Sydney Festival at several theatrical performances in the course of January."
8b1aed8a-31a9-4291-94d7-cb86e1ab7154,Malcolm James Washer,Liberal Party of Australia,Moore,2010-10-25,Asset,Trust,M.WASHER FAM/TRUST,M.WASHER FAM/TRUST 2,Discretionary Trust,"MANAGE/SERV/RENT, DISCRETIONARY TRUST"
4bb81183-e99d-49c1-953f-41c457139aa0,Malcolm James Washer,Liberal Party of Australia,Moore,2010-10-25,Asset,Trust,M.WASHER FAM/TRUST 2,M.WASHER FAM/TRUST 2,Avocado Orchard,"AVOCADO ORCHARD, DISCRETIONARY TRUST"
127e6f11-4f1e-4b54-8f9c-f56458291e69,Malcolm James Washer,Liberal Party of Australia,Moore,2010-10-25,Asset,Trust,M.WASHER FAM/TRUST,M.WASHER FAM/TRUST 2,Discretionary Trust,"MANAGE/SERV/RENT, DISCRETIONARY TRUST (Spouse)"
2eda8fc7-a83c-4cc7-a4b5-5eab524739b2,Malcolm James Washer,Liberal Party of Australia,Moore,2010-10-25,Asset,Trust,M.WASHER FAM/TRUST 2,M.WASHER FAM/TRUST 2,Avocado Orchard,"AVOCADO ORCHARD, DISCRETIONARY TRUST (Spouse)"
3e906bfc-a305-46f9-8caf-59e1a5f123b9,Malcolm James Washer,Liberal Party of Australia,Moore,2010-10-25,Asset,Real Estate,YARRALUMLA/CANBERRA,YARRALUMLA/CANBERRA,Residential House in Yarralumla,RESIDENCE
ad4befe1-c6ad-45e6-98ca-6643a8ac22ef,Malcolm James Washer,Liberal Party of Australia,Moore,2010-10-25,Asset,Real Estate,YARRALUMLA/CANBERRA,YARRALUMLA/CANBERRA,Residential House in Yarralumla,RESIDENCE (Spouse)
44d65c90-9e19-476d-8aaf-c05f2e5cbbc6,Malcolm James Washer,Liberal Party of Australia,Moore,2010-10-25,Membership,Other Membership,KINGSIZE HOLDING P/L,KINGSIZE HOLDINGS PTY LTD,Corporate Trustee,CORPORATE TRUSTEE
b1855b48-a25c-4649-a409-c62dd94931ba,Malcolm James Washer,Liberal Party of Australia,Moore,2010-10-25,Membership,Other Membership,WASHER ENTERPRISES P/L,WASHER ENTERPRISES P/L,Dormant Company,DORMANT
62ad406a-55a7-484d-844f-250eb3b6ca06,Malcolm James Washer,Liberal Party of Australia,Moore,2010-10-25,Membership,Other Membership,MAL WASHER NOM P./L,MAL WASHER NOM P./L,Corporate Trustee,CORPORATE TRUSTEE (Spouse)
340d88a0-e82a-4176-88fd-17a446162b23,Malcolm James Washer,Liberal Party of Australia,Moore,2010-10-25,Membership,Other Membership,WASHER ENTERPRISES P/L,WASHER ENTERPRISES P/L,Dormant Company,DORMANT (Spouse)
9d452bb5-d386-462f-934a-f9c0251796ba,Malcolm James Washer,Liberal Party of Australia,Moore,2012-10-31,Asset,Real Estate,Alcohol and other drugs Council of Australia (ADCA),Alcohol and other drugs Council of Australia (ADCA),Presidency of ADCA,elected as President
3b389e3e-4987-4a61-9de5-a74b34deac73,Andrew Wilkie,Independent,Clark,2011-10-26,Unknown,Other,"Tom Molomby SC, Paul Heywood-Smith QC and Senator Nick Xenophon","Tom Molomby SC, Paul Heywood-Smith QC and Senator Nick Xenophon",Legal Services,Legal services for self
efff9277-1e13-4d3c-89bf-ae03f9e32e69,Andrew Wilkie,Independent,Clark,2011-10-26,Travel,Other Travel,BC Iron/AMEC,BC Iron/AMEC,Helicopter Travel to BC Iron Mine,Travel by helicopter for self between Newman and BC Iron mine site provided by BC Iron/AMEC.
c946c473-e019-41ba-9bc7-c968d102e88d,Andrew Wilkie,Independent,Clark,2012-10-09,Asset,Other Asset,Westpac and Bendigo,Westpac and Bendigo,Savings Account,"Westpac Savings account for self, Bendigo account for electorate purposes and Bendigo account for campaign purposes."
fd2cea63-4907-4dcb-b826-356176a40b88,Antony Harold Windsor,Independent,New England,Unknown,Membership,Other Membership,CINTRA /SHIP,CINTRA /SHIP,Farming,50%; Farming
ed4979d3-f157-41f4-8a01-f934ea0baecc,Antony Harold Windsor,Independent,New England,Unknown,Membership,Other Membership,CINTRA /SHIP,CINTRA /SHIP,Farming,50%; Farming
dbb3c8b9-738b-4472-a44b-cbb501d31aa6,Anthony Albanese,Australian Labor Party,Grayndler,2014-06-12,Travel,Other Travel,"Centre for Liveable Cities, Government of Singapore","Centre for Liveable Cities, Government of Singapore",World Cities Summit (Accommodation and Transportation),"Attended the World Cities Summit in Singapore from 1-4 June 2014 as a guest of the Centre for Liveable Cities, Government of Singapore, who met accommodation and some hospitality costs from 31 May-3 June. The Government of Singapore provided land transportation during the Conference."
23487615-9b44-4076-8502-8d68d0a964ff,John Alexander,Liberal Party of Australia,Bennelong,2013-12-10,Asset,Shares,Gilbert Frank Investments P/L,Gilbert Frank Investments P/L,Shares,Shares held
26fb8b43-12d7-4810-81aa-1917a466c6d7,John Alexander,Liberal Party of Australia,Bennelong,2013-12-10,Asset,Shares,John Alexander's Clubs P/L,John Alexander's Clubs P/L,Shares,Shares held
c0f6f4b2-64c7-40b8-8936-225873db0ad0,John Alexander,Liberal Party of Australia,Bennelong,2013-12-10,Membership,Other Membership,Gilbert Frank Investments P/L,Gilbert Frank Investments P/L,Gilbert Frank Investments P/L Membership,Investments
534ac3d3-5f37-49fe-a3b1-5a5f8cba3e2b,Karen Andrews,Liberal National Party,McPherson,2013-12-10,Membership,Other Membership,Andrews and Andrews Consulting Pty Ltd,Andrews and Andrews Consulting Pty Ltd,Director of Andrews and Andrews Consulting Pty Ltd,Director of Andrews and Andrews Consulting Pty Ltd
6576ea04-5671-49ff-a7ae-46f56afbeeab,Karen Andrews,Liberal National Party,McPherson,2013-12-10,Liability,Credit,Australian and New Zealand Banking Group Limited (ANZ),Australian and New Zealand Banking Group Limited (ANZ),Line of Credit,Line of Credit
07864e18-19e9-4a96-a69d-cbdce05f6ac3,Karen Andrews,Liberal National Party,McPherson,2013-12-10,Liability,Loan,Australian and New Zealand Banking Group Limited (ANZ),Australian and New Zealand Banking Group Limited (ANZ),Investment Property Loan,Residential Investment Property Loan
f064a3b9-6e00-4ac4-bb12-b26d18092dc2,Karen Andrews,Liberal National Party,McPherson,2013-12-10,Liability,Loan,Andrews and Andrews Consulting Pty Ltd,Andrews and Andrews Consulting Pty Ltd,Loan,Loan
fb34b0aa-14d7-4bda-9404-d1c55a61ad85,Karen Andrews,Liberal National Party,McPherson,2013-12-10,Asset,Other Asset,Australian and New Zealand Banking Group Limited (ANZ),Australian and New Zealand Banking Group Limited (ANZ),Savings and Cheque Account,Savings and cheque account
295b0854-30d8-43ea-ac39-3cd1d8f7829f,Karen Andrews,Liberal National Party,McPherson,2013-12-10,Asset,Other Asset,Australia and New Zealand Banking Group Limited (ANZ),Australian and New Zealand Banking Group Limited (ANZ),Share Trading Account,Share Trading
7109dbd6-7bf7-4df4-af0f-35b2a5a3f53b,Karen Andrews,Liberal National Party,McPherson,2014-05-14,Gift,Entertainment,B. and Z. Davidson/Mischief Shoes,B. and Z. Davidson/Mischief Shoes,Tickets to Charity Ball,2 x tickets Bruce Lynton Charity Ball. Gift from B. and Z. Davidson/Mischief Shoes
61822507-4f15-4db2-8e9b-a3b779cb2177,Karen Andrews,Liberal National Party,McPherson,2015-01-16,Membership,Other Membership,Andrews and Andrews Consulting Pty Limited,Andrews and Andrews Consulting Pty Ltd,Andrews and Andrews Consulting Pty Limited Membership,Andrews and Andrews Consulting Pty Limited
fa60f85a-7c10-476a-beaa-c5456da47275,Kevin Andrews,Liberal Party of Australia,Menzies,2013-12-09,Membership,Other Membership,St. Michael NFP Service P/L,St. Michael NFP Service P/L,St. Michael NFP Service P/L Membership,Resigned as director
667bb8ef-ae93-4a76-9d6b-8c87146656ca,Robert Charles Baldwin,Liberal Party of Australia,Paterson,Unknown,Travel,Other Travel,Council of Small Business Australia and Intuit Inc.,Council of Small Business Australia and Intuit Inc.,Policy Dinner at Rockpool Bar & Grill Sydney,On the 17th October I attended a Council of Small Business Australia and Intuit Inc. Policy Dinner at Rockpool Bar & Grill Sydney.
aa419b8b-5ad0-4b76-a51f-e09074ab08c4,Robert Charles Baldwin,Liberal Party of Australia,Paterson,Unknown,Gift,Hospitality,Council of Small Business Australia and Intuit Inc.,Council of Small Business Australia and Intuit Inc.,Policy Dinner,On the 17th October I attended a Council of Small Business Australia and Intuit Inc. Policy Dinner at Rockpool Bar & Grill Sydney.
439a2cdc-eb39-45d6-b28b-486612dc0d67,Bruce Fredrick Billson,Liberal Party of Australia,Dunkley,2013-12-05,Membership,Other Membership,Exquisart P/L,Exquisart P/L,Exquisart P/L Membership,"Formerly trading as ""Beauty + the Beach"" - aft & fine croft retailing; body products/skin care - continues to be required but inactive"
2340bf39-3d46-4599-a13d-63a8f6bc3627,Bruce Fredrick Billson,Liberal Party of Australia,Dunkley,2013-12-05,Gift,Entertainment,"Grandparent Vic, Business Clubs-Frankston/Mornington/Langwarrin, Frankston & Seaford Vietnam Veterans, Vietnam Veterans Aust America Assoc, Yamaha Park Tennis Club, Richmond Football Club","Grandparent Vic, Business Clubs-Frankston/Mornington/Langwarrin, Frankston & Seaford Vietnam Veterans, Vietnam Veterans Aust America Assoc, Yamaha Park Tennis Club, Richmond Football Club",Membership of various organizations,Membership of various organizations
c226500f-47db-464b-8c69-077fa0a12330,Bruce Fredrick Billson,Liberal Party of Australia,Dunkley,2013-12-05,Gift,Hospitality,"Asciano, Electorate Office","Asciano, Electorate Office","Moet & Chandon, FOXTEL Package, Wine, Cufflinks","Moët & Chandon Impérial from Asciano, FOXTEL News Package - Electorate Office, Vegemite 90th birthday celebrations-cheersdartupyjamas ERA National Conference Presenter Gift-bottle of wine Ausf customer service Excellence Award - presenter gift - cufflentes"
6fdfd450-33ba-47a1-a372-74a651fc2e5f,Bruce Fredrick Billson,Liberal Party of Australia,Dunkley,2015-05-13,Gift,Entertainment,Carlton and United Breweries,Carlton & United Breweries,Tickets and hospitality for AFL Match,"AFL Round 4, Collingwood vs Essendon, Tickets and hospitality for Minister and Mrs Kate Billson"
01286a96-7801-4e01-8450-4905580a9efa,Sharon Bird,Australian Labor Party,Cunningham,2013-12-09,Asset,Other Asset,PSS /AGEST,PSS /AGEST,Superannuation,Superannuation
3baf7b7e-c090-4405-b8e5-9540449b1d37,Sharon Bird,Australian Labor Party,Cunningham,2015-07-15,Travel,Other Travel,Australian Israel and Jewish Affairs Council (AIJAC),Australian Israel and Jewish Affairs Council,Study tour of Israel and West Bank,"Study tour of Israel and West Bank (4-11 July 2015). Australian Israel and Jewish Affairs Council (AIJAC) provided business class return flights (Tel Aviv), accommodation, meals, internal flights and other transport."
6bad4073-a0c4-4e83-adb1-0498942e9d85,Bronwyn Kathleen Bishop,Liberal Party of Australia,Mackellar,2014-06-03,Gift,Entertainment,"Manly Sea Eagles, NRMA","Manly Sea Eagles, NRMA",4 Tickets to Manly Sea Eagles v Newcastle Knights Rugby League Game in Corporate Box,"4 Tickets to Manly Sea Eagles v Newcastle Knights Rugby League Game in Corporate Box, 19 May 2014, Manly Sea Eagles NRMA"
7b96b4a4-f24b-4cac-9b3b-71ea78efe19c,Bronwyn Kathleen Bishop,Liberal Party of Australia,Mackellar,2014-07-14,Gift,Entertainment,"Anthony Johnston, URM Managing Director","Anthony Johnston, URM Managing Director",Ticket to Manly vs West Tigers Rugby League Game,"1 x ticket to Manly vs West Tigers, Friday 11 July 2014 Brookvale Oval, Guest of Anthony Johnston, URM Managing Director"
d47d918e-42f3-444f-9b0f-6b83b83c10d1,Bronwyn Kathleen Bishop,Liberal Party of Australia,Mackellar,2015-02-10,Unknown,Other,Marilyn and Gary Nicholas,Marilyn and Gary Nicholas,Penfolds St Henri Shiraz-Cabernet 1994 vintage,Penfolds St Henri Shiraz-Cabernet 1994 vintage - received from Marilyn and Gary Nicholas
f5dcedce-5dba-4441-b7ee-dc0d9beaec90,Bronwyn Kathleen Bishop,Liberal Party of Australia,Mackellar,2015-02-10,Unknown,Other,"Jonah's, Whale Beach","Jonah's, Whale Beach",Copies of Icons,"10 copies of Icons - received from Jonah's, Whale Beach"
c28d1d86-e0a6-4092-9236-253d389530dc,Bronwyn Kathleen Bishop,Liberal Party of Australia,Mackellar,2015-03-18,Gift,Decorative,"Mr Wade Mark, Speaker of Trinidad and Tobago","Mr Wade Mark, Speaker of Trinidad and Tobago",Artwork by Joanna Aldred,"Artwork by Joanna Aldred, from Mr Wade Mark, Speaker of Trinidad and Tobago"
9c5a6e4c-f048-489f-834c-403eaf1c5f23,Julie Isabel Bishop,Liberal Party of Australia,Curtin,2014-03-02,Unknown,Other,"Rimbink Pato, Papua New Guinea Minister for Foreign Affairs.","Rimbink Pato, Papua New Guinea Minister for Foreign Affairs.",Framed Bird of Paradise,Framed Bird of Paradise 5 February 2014 (on loan for Display purposes in M127)
42e8d544-7281-4df6-ac58-31424388e1e5,Julie Isabel Bishop,Liberal Party of Australia,Curtin,2014-04-18,Asset,Real Estate,President of the Swiss Confederation and Head of the Federal Department of Foreign Affairs,President of the Swiss Confederation and Head of the Federal Department of Foreign Affairs,Swiss watch,Swiss watch 27 March 2014
fa230cff-ecae-426d-b317-301f399ac5eb,Julie Isabel Bishop,Liberal Party of Australia,Curtin,2014-08-18,Travel,Other Travel,Kerry and Christine Stokes,Kerry and Christine Stokes,Flights Perth - Broome - Sydney and Accommodation Broome WA,Flights Perth - Broome - Sydney Accommodation Broome WA 14-17 August
457454fe-747e-4a9d-b4b2-6475349b466a,Julie Isabel Bishop,Liberal Party of Australia,Curtin,2015-02-11,Unknown,Other,Australian Subscription Television and Radio Association (ASTRA),Australian Subscription Television and Radio Association,Foxtel Subscription,"Foxtel Subscription
Electorate Office Subiaco
From January 2015
"
f36dea44-bb6b-4716-8dd7-23cdf05f03b4,Julie Isabel Bishop,Liberal Party of Australia,Curtin,2015-08-20,Asset,Other Asset,Kerry and Christine Stokes,Kerry and Christine Stokes,Flights and Broome Cup Ticket,"Flights Canberra – Broome- Sydney
13 August and 16 August 2015
1 x Corporate Ticket to Broome Cup Racing Carnival
15 August 2015"
4394215d-9a8e-40ff-a96e-02d2d233d870,Julie Isabel Bishop,Liberal Party of Australia,Curtin,2015-08-31,Asset,Real Estate,Kerry and Christine Stokes,Kerry and Christine Stokes,Accommodation in Broome,"Accommodation Broome
13-15 August 2015"
2fe0ab4a-0cff-46a4-9d5b-7b6063f24550,Julie Isabel Bishop,Liberal Party of Australia,Curtin,2015-12-04,Unknown,Other,Minister Pato/Wapenamanda Community,Minister Pato/Wapenamanda Community,Pigs,"2x Pigs gift by Minister Pato/Wapenamanda Community
(Donated to local hospital)"
1cf40a30-46d3-4165-9874-752aa1ab814c,Julie Isabel Bishop,Liberal Party of Australia,Curtin,2016-03-24,Unknown,Other,+HUNTR,+HUNTR,Running gear,+HUNTR - Running gear
2a96d8c4-64ae-4397-9164-88f9ddc1360b,Christopher Bowen,Australian Labor Party,McMahon,2015-03-25,Asset,Other Asset,Evans + Partners,Evans + Partners,Georg Jensen Wine Carafe,"A Georg Jensen wine carafe: Wednesday 25 March, 2015, I received a wine carafe from the Executive Chairman of Evans + Partners, David Evans."
f0473df4-03ac-4d65-a60a-277ccad2ff94,Christopher Bowen,Australian Labor Party,McMahon,2015-05-25,Travel,Other Travel,Australia-Guangdong Chamber of Commerce and the Communist Party of China,Australia-Guangdong Chamber of Commerce and the Communist Party of China,Trip to Hong Kong and China,"On 26 April 2015 I travelled to Hong Kong and China for five days as a guest of the Australia - Guangdong Chamber of Commerce and the Communist Party of China, with some additional accommodation. My wife accompanied me on this trip. I engaged in high level meetings with business and government officials."
22dd11dc-1335-4011-8d44-84d6a36cf33b,Jamie Edward Briggs,Liberal Party of Australia,Mayo,2013-11-13,Gift,Entertainment,Emirates and Lion,Emirates and Lion,Two marquee tickets for 2013 Derby Day,Two marquee tickets courtesy of Emirates and Lion for 2013 Derby Day
39a41fae-ed84-4eef-ace8-cf80e0c28ea4,Jamie Edward Briggs,Liberal Party of Australia,Mayo,2014-04-17,Gift,Other,Sino Hydro and Bridge Engineering,Sino Hydro and Bridge Engineering,Royal O'Queen Classic China set,"Six cups and saucers, one tea pot, one milk jug, and one sugar bowl designed in England. Presented by Sino Hydro and Bridge Engineering following a meeting. Royal O'Queen Classic China set"
c9d789b7-81b9-4642-98e0-b8876188f7a7,Andrew John Broad,National Party of Australia,Mallee,2013-11-20,Liability,Other Liability,"Rural Finance, Victoria","Rural Finance, Victoria",Farm Loan,Money owed on farmland
d4bb6048-25a9-4a27-a239-977a8cf6308f,Gai Marie Brodtmann,Australian Labor Party,Canberra,2013-12-10,Membership,Professional,"Qantas, Virgin Australia",Virgin Australia,Qantas Chairman's Lounge & Virgin Australia's The Club Memberships,"QANTAS CHAIRMAN'S LOUNGE MEMBERSHIP, VIRGIN AUSTRALIA'S THE CLUB MEMBERSHIP"
8eb816d7-3e5f-41b5-89bd-88571a7bffab,Gai Marie Brodtmann,Australian Labor Party,Canberra,2013-12-10,Income,Other Income,MEDIA ENTERTAINMENT AND ARTS ALLIANCE,MEDIA ENTERTAINMENT AND ARTS ALLIANCE,Membership of organisation,Membership of organisation where a conflict of interest with a Member's public duties could foreseeably arise or be seen to arise
6a5f2b13-ff82-4f91-9115-de8e014dbfde,Gai Marie Brodtmann,Australian Labor Party,Canberra,2013-12-10,Travel,Other Travel,Qantas/Emirates,Qantas/Emirates,Upgrade to First Class,Upgrade from business to first class by Qantas/Emirates for two legs of a return trip to Italy.
c1909bcd-b065-42be-8737-dff6f6785f9b,Gai Marie Brodtmann,Australian Labor Party,Canberra,2015-04-15,Travel,Other Travel,Australia/Israel and Jewish Affairs Council,Australia/Israel & Jewish Affairs Council (AIJAC),Travel to Israel,Travel to Israel funded by the Australia Israel and Jewish Affairs Council
694c7a46-22a2-49bc-a667-507df3740d7d,Gai Marie Brodtmann,Australian Labor Party,Canberra,2014-09-09,Travel,Other Travel,Hong Kong Economic and Trade Office,Hong Kong Economic and Trade Office,Study Tour of Hong Kong,Study tour of Hong Kong organized and paid for by the Hong Kong Economic and Trade Office.
836cd642-5f63-44f8-af55-674141a49e7a,Gai Marie Brodtmann,Australian Labor Party,Canberra,2016-02-15,Travel,Other Travel,Gates Foundation and Save the Children Australia,"Save the Children Australia, Gates Foundation",Visit to Cambodia,Visit to Cambodia from 17-23 January 2016. Delegation was funded by the Gates Foundation and organized by Save the Children Australia
7b710a3a-b7b0-4c0b-9ac5-abff5153aa39,Scott Buchholz,Liberal National Party,Wright,2013-12-09,Membership,Other Membership,SA Buchholz & LC Buchholz and CE Fanning & AH Fanning,SA Buchholz & LC Buchholz and CE Fanning & AH Fanning,Primary Production Financial Interest,Self; Financial; Primary Production
4e9443ef-ea55-413f-bda8-879049125473,Scott Buchholz,Liberal National Party,Wright,2013-12-09,Liability,Mortgage,Bendigo/Adelaide Bank,Bendigo/Adelaide Bank,Mortgage Loan,Self; Various Mortgage Loan Accounts
80f4635b-27eb-4131-b9d0-367a3d22ef64,Scott Buchholz,Liberal National Party,Wright,2013-12-09,Liability,Mortgage,Bendigo/Adelaide Bank,Bendigo/Adelaide Bank,Mortgage Loan Accounts,Spouse; Various Mortgage Loan Accounts
5d531fa3-a129-4bf4-9112-ae9a85759309,Scott Buchholz,Liberal National Party,Wright,2013-12-09,Asset,Other Asset,Bendigo/Adelaide Bank,Bendigo/Adelaide Bank,Savings Account,Self; Savings Account
5f9e002c-0f2e-48ac-b6f8-968273ebfda2,Scott Buchholz,Liberal National Party,Wright,2013-12-09,Asset,Other Asset,Bendigo/Adelaide Bank,Bendigo/Adelaide Bank,Savings Account,Spouse; Savings Account
5c67b0a5-07c9-4ba5-9083-29ef2f81c226,Anna Elizabeth Burke,Australian Labor Party,Chisholm,2013-11-14,Asset,Other Asset,Associate member Box Hill/Oakleigh and Carnegie/Clayton RSL,Associate member Box Hill/Oakleigh and Carnegie/Clayton RSL,RSL Membership,Self
1b6c961f-921b-4853-bee7-fea35996dd8c,Anna Elizabeth Burke,Australian Labor Party,Chisholm,2013-11-14,Unknown,Other,Ass of Professional Engineers Scientists and Managers Aust (APESMA),Ass of Professional Engineers Scientists and Managers Aust. (APESMA),Ass of Professional Engineers Scientists and Managers Aust (Spouse),Spouse
b27d892b-6a86-4633-a172-dca1a4bd4700,Anna Elizabeth Burke,Australian Labor Party,Chisholm,2014-10-28,Liability,Other Liability,Mortgage/Credit Card Bank of Melbourne,Mortgage/Credit Card Bank of Melbourne,Mortgage/Credit Card,Self/Spouse
3ba6a76e-821e-4e32-b7f5-bd3a601c7f89,Anna Elizabeth Burke,Australian Labor Party,Chisholm,2014-10-28,Asset,Other Asset,"Bankvic, Victorian Teachers Mutual Bank","Bankvic, Victorian Teachers Mutual Bank",Bank Account,Dependent Children Madeleine
0505febe-7014-487d-8baf-98b34864e43d,Anna Elizabeth Burke,Australian Labor Party,Chisholm,2014-10-28,Unknown,Other,"Wilson Medic One, Benetas","Wilson Medic One, Benetas","Wilson Medic One, Benetas (Spouse)",Spouse
9c235580-3016-4074-818f-d21a5e9ef237,Anna Elizabeth Burke,Australian Labor Party,Chisholm,2014-10-29,Asset,Other Asset,ESSS / Uni Super,ESSS / Uni Super,Superannuation Account,"Spouse, Accounts, DELETION"
0751a9da-2657-49bc-9383-21d5b332715a,Tony Burke,Australian Labor Party,Watson,2013-12-10,Travel,Other Travel,"Australian Opera, Sydney Theatre Company, Belvoir Theatre Company","Australian Opera, Sydney Theatre Company, Belvoir Theatre Company",Theatre & Opera Performances,"Selected performances - Australian Opera, Sydney Theatre Company, Belvoir Theatre Company"
120bf2d5-ae3f-42dd-8ad5-532a1e9f6974,Tony Burke,Australian Labor Party,Watson,2014-10-22,Travel,Other Travel,"Chugg Entertainment, NRL, Canterbury Bulldogs","Chugg Entertainment, NRL, Canterbury Bulldogs","Concert & Rugby League Tickets, Memorabilia","Tickets from Chugg Entertainment to the Robbie Williams Concert at Allphones Arena Sydney Olympic Park, Sunday 28 September 2014. Tickets from NRL to National Rugby League Grand Final at ANZ Stadium Sunday 5th October, 2014. Assorted Canterbury Bankstown Bulldogs Memorabilia from the Canterbury Bulldogs."
184a4e4f-f9a0-4458-bb4e-c188bccaffd7,Tony Burke,Australian Labor Party,Watson,2015-06-23,Gift,Electronics,"SBS, NRMA","SBS, NRMA",Mid-winter Ball & Corporate Box tickets,"Mid-winter Ball – SBS, Wednesday, 17 June, 2015; Corporate Box, All Phones Arena – NRMA, Saturday, 20 June, 2015"
e4b04fb3-918a-41b5-80ed-adde530fc318,Tony Burke,Australian Labor Party,Watson,2015-07-31,Travel,Other Travel,"Kazaru Pty Ltd, 123 Childcare","Kazaru Pty Ltd, 123 Childcare",Transport to China,"Cost of transport to China from July 6 - July 13, 2015 provided by Kazaru Pty Ltd. Transfers and accommodation provided by 123 Childcare."
20be0e62-4965-434f-8469-1f9af898510e,Terri Butler,Australian Labor Party,Griffith,2014-03-19,Liability,Credit,ME Bank + Queenslanders,ME Bank + Queenslanders,Credit Cards,2x credit cards
66faf063-4868-4b32-a2f6-1da65477cee6,Terri Butler,Australian Labor Party,Griffith,2014-03-19,Asset,Other Asset,"Queenslanders' Credit union, ME Bank, ANZ + CBA","Queenslanders' Credit union, ME Bank, ANZ + CBA",Salary Account,Salary a/c + personal joint
0cc0b55d-20ed-4337-8080-cdd26b650c22,Terri Butler,Australian Labor Party,Griffith,2014-03-19,Unknown,Other,"Australian Institute of Company Directors, CEMEZ, ASU",Australian Institute of Company Directors,Membership,N/A
72f5d86d-9761-4164-b3c9-f05b8ecb4f9c,Terri Butler,Australian Labor Party,Griffith,2014-03-19,Unknown,Other,"Karl Marx Club, Old Girls Society, Gerard Hassays for women","Karl Marx Club, Old Girls Society, Gerard Hassays for women",Membership,N/A
8408a917-1d59-45ad-b4c7-10df07e99385,Terri Butler,Australian Labor Party,Griffith,2014-03-19,Membership,Other Membership,"Qld District Labour Party, Relations for the ALP, Emily's List","Qld District Labour Party, Relations for the ALP, Emily's List","Qld District Labour Party, Relations for the ALP, Emily's List Membership",N/A
cb66758e-e7d1-436f-88c0-18de55f88f0b,Terri Butler,Australian Labor Party,Griffith,2014-03-19,Unknown,Other,"Theodore Club Inc, Brisbane Broncos Leagues Club, Centenary Inner Club","Theodore Club Inc, Brisbane Broncos Leagues Club, Centenary Inner Club",Membership,N/A
3049d721-8866-413a-8c70-4f373f74ba23,Terri Butler,Australian Labor Party,Griffith,2015-07-17,Gift,Hospitality,Australia/Israel Jewish Affairs Council (AIJAC),Australia/Israel & Jewish Affairs Council (AIJAC),Sponsored Travel and Hospitality,"Sponsored Hospitality and Travel Cost and expenses associated with attending a Federal Parliamentary Study Group Tour to Israel courtesy of Australia/Israel Jewish Affairs Council (AIJAC) from 4 - 11 July 2015, inclusive."
6a7a709b-17ab-455e-b62c-99dbd5e4d8c4,Terri Butler,Australian Labor Party,Griffith,2015-10-28,Gift,Hospitality,ANU/Chifley Research Centre,ANU/Chifley Research Centre,Seminar Hospitality,Hospitality during a 2 day Seminar @ the ANU (01-02 October 2015) hosted by the ANU/Chifley Research Centre
db917216-5e41-46b4-8dbe-a7507609ad2d,Terri Butler,Australian Labor Party,Griffith,2015-10-28,Unknown,Other,Building and Construction Industry Training Fund (Qld) Ltd (BCITF),Building and Construction Industry Training Fund (Qld) Ltd (BCITF),Director Position,Spouse appointment as director of the Building and Construction Industry Training Fund (Qld) Ltd (BCITF)
3d25e163-9c84-4525-89ad-ae5f00b6bd26,Anthony Byrne,Australian Labor Party,Holt,2015-12-24,Liability,Loan,Newell Lock and Co.,Newell Lock and Co.,Personal Loan,DELETION 6. Liabilities including the nature of the liability and the creditor concerned; Personal Loan - Newell Lock and Co. (SPOUSE).
d8e8a113-3051-45e7-a4ac-1cd589eb6a3e,James Chalmers,Australian Labor Party,Rankin,2014-04-24,Travel,Other Travel,Australia/Israel Jewish Affairs Council,Australia/Israel & Jewish Affairs Council (AIJAC),Sponsored Travel & Hospitality to Israel,"Sponsored travel & hospitality - flights, accommodation and meals provided by the Australia/Israel Jewish Affairs Council during delegation to Israel."
55a45481-e1aa-4124-ba9a-6955c25ffadf,James Chalmers,Australian Labor Party,Rankin,2014-04-24,Travel,Other Travel,"Sheikh Mohammed bin Zayed Al Nahyan, Crown Prince of Abu Dhabi, and the Government of the United Arab Emirates","Sheikh Mohammed bin Zayed Al Nahyan, Crown Prince of Abu Dhabi, and the Government of the United Arab Emirates",Sponsored Travel & Hospitality to Abu Dhabi,"Sponsored travel & hospitality - flights, accommodation and meals provided by Highness Sheikh Mohammed bin Zayed Al Nahyan, Crown Prince of Abu Dhabi, and the Government of the United Arab Emirates."
4da60500-0f49-4b72-a17e-f3fe913bffde,James Chalmers,Australian Labor Party,Rankin,2015-07-13,Travel,Other Travel,Australia China Business Council and Huawei Technologies,Australia China Business Council and Huawei Technologies,"Flights, Accommodation and Meals for visit to China","Flights, accommodation and meals provided by Australia China Business Council and Huawei Technologies for visit to China (5 July - 12 July 2015)"
4e600180-fd59-40a8-a763-cadae729459b,James Chalmers,Australian Labor Party,Rankin,2015-10-12,Gift,Hospitality,ANU/Chifley Research Centre,ANU/Chifley Research Centre,Seminar Hospitality,Hospitality during a 2 day Seminar @ the ANU (01-02 October 2015) hosted by the ANU/Chifley Research Centre
fa5203d7-a05e-4dd9-80ce-cad26dd73fe1,Nicholas David Champion,Australian Labor Party,Spence,2014-09-22,Gift,Decorative,Katharine Siao-Yue Chang (Taipei Economic and Cultural Office in Australia),Katharine Siao-Yue Chang (Taipei Economic and Cultural Office in Australia),Crystal desk ornament,Titto Sharing (Gift). Crystal desk ornament titled A Crow for Spring. Gift is of unknown value.
11a81fd1-2bc7-48a2-8354-532de4241f56,Nicholas David Champion,Australian Labor Party,Spence,2015-05-26,Travel,Other Travel,Australian - Guangdong Chamber of Commerce and the Communist Party of China,Australia-Guangdong Chamber of Commerce and the Communist Party of China,Trip to Hong Kong and China,Trip to Hong Kong and China - On 26 April 2015 I travelled to Hong Kong and China for five days as a guest of the Australian - Guangdong Chamber of Commerce and the Communist Party of China. I engaged in high level meetings with Business and Government officials.
f1b72934-9a76-43f3-ae3d-17499d542cef,Lisa Chesters,Australian Labor Party,Bendigo,2013-11-28,Gift,Hospitality,"Arnold Dallas McPherson, Lawyers Bendigo","Arnold Dallas McPherson, Lawyers Bendigo",IR21 Luncheon Hospitality,"Hospitality - IR21 Luncheon, Guest of"
4dd823f3-b257-4312-a757-4db4bc1c7a81,Lisa Chesters,Australian Labor Party,Bendigo,2015-03-18,Unknown,Other,"GoTafe, Benalla","GoTafe, Benalla",Partner's Employer,Partner Matt's employer
0f8d2536-38f2-4991-adc5-0f2fe8a2dfa1,Steven Ciobo,Liberal National Party,Moncrieff,2014-05-26,Gift,Other Gift,"Yerlan Baudarbek-Kozhatayev, Ambassador of the Republic of Kazakhstan","Yerlan Baudarbek-Kozhatayev, Ambassador of the Republic of Kazakhstan",Framed porcelain picture,Framed porcelain picture “The Nomads’ Inheritance” by painter Nelly Bube
77777771-d8b2-4b62-9514-d4663b8809e1,Steven Ciobo,Liberal National Party,Moncrieff,2014-05-26,Membership,Other Membership,"H.E U Win Shein, Union Minister, Ministry of Finance, Republic of the Union of Myanmar","H.E U Win Shein, Union Minister, Ministry of Finance, Republic of the Union of Myanmar",Myanmar Golden Harp Souvenir,"Souvenir of Myanmar ""Golden Harp"""
375a350c-5be2-4549-8009-0a3da6a672f0,Steven Ciobo,Liberal National Party,Moncrieff,2014-07-15,Travel,Air Travel,"Crown Metropol, Melbourne","Crown Metropol, Melbourne",Hotel Room Upgrade,Room upgrade
c3988ba7-c4c1-4f75-b946-ae85d9d8434f,Jason Clare,Australian Labor Party,Blaxland,2015-02-05,Travel,Other Travel,"Channel 9, Clubs NSW, Bankstown Sports Club, Bankstown RSL, Interlink Roads, Macquarie Group, Serco, Linfox, Northrup Grumman, International SOS, Kathmandu, Ms Margaret Jack, Microsoft, Deloitte, Qantas, Optus","Channel 9, Clubs NSW, Bankstown Sports Club, Bankstown RSL, Interlink Roads, Macquarie Group, Serco, Linfox, Northrup Grumman, International SOS, Kathmandu, Ms Margaret Jack, Microsoft, Deloitte, Qantas, Optus",Travel Costs to Turkey,Travel costs to Turkey on the Gallipoli Mateship Trek.
d33388f0-8af1-4957-a8fa-a46d5e406e6e,Jason Clare,Australian Labor Party,Blaxland,2015-10-22,Unknown,Other,Taipei Economic and Cultural Office,Taipei Economic and Cultural Office,Gilded vase,"Gilded vase, Tuesday 20 October 2015, Approximate value $40."
9081820f-cf82-4205-a272-7995493e39d6,David Coleman,Liberal Party of Australia,Banks,2014-02-05,Unknown,Other,"Ms Xiangguang Lin, Ms Qanying Huang","Ms Xiangguang Lin, Ms Qanying Huang",Partial Sponsorship for Event,Partial sponsorship provided for Chinese New Year event held on 25 January 2014
5c74d4d3-693a-4946-8afd-4a240506c377,David Coleman,Liberal Party of Australia,Banks,2014-08-25,Asset,Real Estate,"Intercontinental Gold Coast, Centre for Independent Studies","Intercontinental Gold Coast, Centre for Independent Studies",Accommodation and Hospitality,"Accommodation and Hospitality, Intercontinental Gold Coast, Centre for Independent Studies Consilium Conference, 21 August - 23 August 2014"
0ced83a7-fd87-4d2b-904e-2984855df205,Mark Coulton,National Party of Australia,Parkes,2015-07-22,Travel,Other Travel,Western Australian Chamber of Minerals and Energy,Western Australian Chamber of Minerals and Energy,Pilbara Mining Sites Tour,"Charter flights and hospitality provided by the Western Australian Chamber of Minerals and Energy during a tour of the Pilbara mining sites 15 - 17 April, 2015"
46448192-6d68-448f-a3c8-33ab81cfe582,Mark Dreyfus,Australian Labor Party,Isaacs,Unknown,Asset,Other Asset,Australian Infrastructure Fund Units/Ordinary Fully Paid,Australian Infrastructure Fund Units/Ordinary Fully Paid,Shares in Australian Infrastructure Fund,Held by Kenley Dale Pty Ltd for the Dreyfus Superannuation Fund
49fa7990-f47c-4e4c-9ab9-0e468d970d82,Mark Dreyfus,Australian Labor Party,Isaacs,2015-07-23,Asset,Other Asset,Australian Infrastructure Fund Units/Ordinary Fully Paid,Australian Infrastructure Fund Units/Ordinary Fully Paid,Shares,Deletion
d4b73e51-04f8-422e-b4cf-1ff761870d62,Peter Dutton,Liberal National Party,Dickson,2013-12-10,Asset,Real Estate,"CAMP MOUNTAIN, QLD","CAMP MOUNTAIN, QLD",Residential House in CAMP MOUNTAIN,RESIDENCE
3af18536-2922-49fd-a290-8d0099a9f7f6,Peter Dutton,Liberal National Party,Dickson,2013-12-10,Asset,Real Estate,"KINGSTON, ACT","KINGSTON, ACT",Residential Property in KINGSTON,RESIDENTIAL
f0ff593d-7b1e-4b78-93da-cfc3fe96f908,Peter Dutton,Liberal National Party,Dickson,2013-12-10,Asset,Shares,"MORETON ISLAND, QLD","MORETON ISLAND, QLD",Investment Property in MORETON ISLAND,INVESTMENT
43a5e11b-1aea-424a-99df-3360a21ef4e7,Peter Dutton,Liberal National Party,Dickson,2013-12-10,Asset,Shares,"EVERTON PARK, QLD","EVERTON PARK, QLD",Investment Property in EVERTON PARK,Spouse - INVESTMENT
b5d3f329-a25f-4787-8d00-7741e24bca33,Peter Dutton,Liberal National Party,Dickson,2013-12-10,Membership,Other Membership,RHT INVESTMENTS P/L,RHT INVESTMENTS P/L,Investment Membership,Spouse - INVESTMENT
19f03169-c1f0-446a-953c-1278b6672211,Peter Dutton,Liberal National Party,Dickson,2013-12-10,Liability,Mortgage,"CBA, NAB, QPCU COMMSEC","CBA, NAB, QPCU COMMSEC",Mortgage/Credit Facility,MORTGAGE/CREDIT FACILITY (CLOSED 24/9/13)
be97d314-914d-4b52-8f55-28c4229ffc31,Peter Dutton,Liberal National Party,Dickson,2013-12-10,Asset,Other Asset,"NAB, QPCU, CBA, WESTPAC","NAB, QPCU, WESTPAC",Savings Accounts,SAVINGS
ae7120c7-2f04-4337-9d48-61cbe5802a53,Peter Dutton,Liberal National Party,Dickson,2013-12-10,Asset,Other Asset,"NAB, QPCU, WESTPAC","NAB, QPCU, WESTPAC",Savings Accounts,Spouse - SAVINGS
bdffa19b-ddca-4620-987f-8fe7fdaa372d,Peter Dutton,Liberal National Party,Dickson,2013-12-10,Asset,Other Asset,"NAB, CBA","NAB, CBA",Savings Accounts,Dependent Children - SAVINGS
7cd398c6-46a0-4a3d-bacc-01932195c7bb,Peter Dutton,Liberal National Party,Dickson,2013-12-10,Asset,Other Asset,"BALD HILLS CHILD CARE P/L, DUTTON HOLDINGS (QLD) P/L","BALD HILLS CHILD CARE P/L, DUTTON HOLDINGS (QLD) P/L",Employment,Spouse - EMPLOYMENT
c8614ea7-47df-4af2-b549-49816a6b26db,Justine Elliot,Australian Labor Party,Richmond,2013-12-10,Asset,Other Asset,"Bank of Qld, St George Bank, Heritage Building Society","Bank of Qld, St George Bank, Heritage Building Society",Savings Accounts,"Self: Savings Acc., Spouse: Savings Acc., Dependent Children: Savings Acc., Heritage Savings Acc"
96ecb8ab-b248-4958-8677-62c98ad4fc40,Warren Entsch,Liberal National Party,Leichhardt,2013-11-20,Liability,Mortgage,"Cairns Penny Savings and Loans, ING Direct, Westpac","Cairns Penny Savings and Loans, ING Direct, Westpac",Mortgage,Mortgage
f9c1c9c9-980b-4108-8b0e-d7928a4ca276,Warren Entsch,Liberal National Party,Leichhardt,2013-11-20,Asset,Other Asset,"Cairns Penny Savings & Loans, Westpac, Bendigo Bank","Cairns Penny Savings & Loans, Westpac, Bendigo Bank",Savings Accounts,"General Savings Accounts, Deposit Card (Savings)"
0e8cd6e8-8df3-4cb2-95c4-d0d553f2c36e,Warren Entsch,Liberal National Party,Leichhardt,2014-03-25,Gift,Entertainment,"North Queensland Cowboys, Rugby League Club","North Queensland Cowboys, Rugby League Club",North Queensland Cowboys Membership,"North Queensland Cowboys Membership Value $412.00, Member of Parliamentary Friends of Rugby League 2014."
66fd3601-69ad-48c2-99ac-9ebadf34637d,David Ian Feeney,Australian Labor Party,Cooper,2013-12-05,Asset,Real Estate,"East Melbourne, VIC","East Melbourne, VIC",Residential House in East Melbourne,Residential Property
7089e5a1-1a3a-40ba-86db-b4bbe417f1d6,David Ian Feeney,Australian Labor Party,Cooper,2013-12-05,Asset,Real Estate,"Seddon, VIC","Seddon, VIC",Investment Property in Seddon,Investment Property
9fdf6dad-bf07-464a-982b-5ac3fec8b61d,Laurie Ferguson,Australian Labor Party,Werriwa,2014-11-26,Travel,Other Travel,Asian Forum of Parliamentarians on Population and Development (AFPPD),Asian Forum on Parliamentarians for Population Development (AFPPD),Travel to Cambodia for AFPPD conference,Airfares and Accommodation - Cambodia - I was invited to Cambodia by the Asian Forum of Parliamentarians on Population and Development (AFPPD) to attend a conference the on Prevention of Violence against Women and Girls and the Meeting of AFPPD Male Standing Committee on Prevention of Violence against Women
00e620d2-9122-4032-afe1-a9c2789c3aa7,Joel Fitzgibbon,Australian Labor Party,Hunter,2013-11-27,Asset,Other Asset,National Australia Bank and Newcastle Permanent,National Australia Bank and Newcastle Permanent,Cheque and Savings Accounts,Various cheque and savings accounts (small amounts)
e2de9bec-64ff-4ff1-a003-3007c2ed1cf8,Joel Fitzgibbon,Australian Labor Party,Hunter,2014-04-03,Travel,Other Travel,Visy and The Australian,Visy and The Australian,Accommodation and hospitality for Global Food Forum 2014 Conference in Sydney,Accommodation and hospitality overnight paid for by Visy and The Australian to attend the Global Food Forum 2014 Conference in Sydney
bfa7eb72-5340-4724-91b9-879629c4194a,Joel Fitzgibbon,Australian Labor Party,Hunter,2014-09-11,Membership,Professional,"Australian Mango Industry Association, Mushroom Growers Association and Onions Australia","Australian Mango Industry Association, Mushroom Growers Association and Onions Australia","Mangoes, Mushrooms & Onions","Tray of mangoes, tray of mushrooms and a shopping bag of onions"
f3f6df90-2e54-4f4f-9ade-f4bbdcf1892c,Joel Fitzgibbon,Australian Labor Party,Hunter,2015-01-14,Gift,Hospitality,"McGuigans Wines, Pokolbin","McGuigans Wines, Pokolbin",Case of McGuigan Wine,"Complimentary case of wine. 3 bottles of McGuigan personal reserve Shiraz 2011 Hunter Valley, 3 bottles of McGuigan Hand made Langhorne Creek Shiraz 2010, 3 bottles of McGuigan personal reserve Chardonnay 2013 - Hunter Ridge Vineyard, 3 bottles of McGuigan The Shortlist Hunter Valley Semillon 2007"
8b8302b8-8ded-49ac-90be-dc6ecbb4275d,Joel Fitzgibbon,Australian Labor Party,Hunter,2015-07-01,Gift,Hospitality,"Tyrrell's Wines, Pokolbin","Tyrrell's Wines, Pokolbin",Bottles of Lunatiq Shiraz wine,3 bottles of Lunatiq Shiraz wine
68fd3743-d362-46de-a52b-5884a15c6253,Paul Fletcher,Liberal Party of Australia,Bradfield,2013-12-09,Asset,Trust,P&M Fletcher Superannuation Fund,P&M Fletcher Superannuation Fund,Superannuation Fund,"Self Managed Superannuation Fund, Beneficiary"
aa23a3e7-7ae2-4d40-857d-ad99a5553a4d,Paul Fletcher,Liberal Party of Australia,Bradfield,2013-12-06,Unknown,Other,P/ASX 200 Fund,P/ASX 200 Fund,Shares,SPDR S&P/ASX 200 Fund
7deafeed-4dd1-4d5b-9b0a-1c8e13a0769c,Paul Fletcher,Liberal Party of Australia,Bradfield,2013-12-06,Asset,Other Asset,P&M Fletcher Superannuation Fund,P&M Fletcher Superannuation Fund,Superannuation Fund,P&M Fletcher Superannuation Fund
de615ef8-4bb5-4d50-8f41-5a2e6d81a09d,Paul Fletcher,Liberal Party of Australia,Bradfield,2015-08-23,Gift,Other,Taipei Economic and Cultural Office,Taipei Economic and Cultural Office,Vase,Gift of vase from Representative to the Taipei Economic and Cultural Office (valued approximately AUD100)
5ea787a6-7bfd-4af6-a7bd-ed0ef435eac1,Josh Frydenberg,Liberal Party of Australia,Kooyong,2013-12-03,Asset,Other Asset,"National Australia Bank, ING",National Australia Bank,Savings Account and Cheque Account,"Self: Savings Account (jointly with spouse), Cheque Account National Australia Bank; Spouse: Savings Account ING; Dependent Children: N/A"
3d1d5f4f-94ec-4498-82e3-e457ca236eec,Giles Andrew James,Australian Labor Party,Scullin,2014-07-10,Membership,Other Membership,LABOUR SERVICES+HOLDINGS P/L,LABOUR SERVICES+HOLDINGS P/L,Directorship,CEASED DIRECTORSHIP AS AT 26/6/2014
192ba298-5189-4d65-ba03-dbd94eb774ce,Giles Andrew James,Australian Labor Party,Scullin,2014-07-10,Asset,Shares,LABOUR SERVICES+HOLDINGS P/L,LABOUR SERVICES+HOLDINGS P/L,Shares,- CEASED SHAREHOLDING AS AT 26/6/204
8c1b9ed3-1467-4525-b1c3-c0188d935d4e,Ian Goodenough,Liberal Party of Australia,Moore,2013-11-21,Asset,Real Estate,"House, Mindarie, Western Australia","House, Leederville, Western Australia",Residential House in Mindarie,Family Residence
e99def1c-d5af-48db-8b02-a2582e5c1387,Ian Goodenough,Liberal Party of Australia,Moore,2013-11-21,Asset,Real Estate,"House, Leederville, Western Australia","House, Leederville, Western Australia",Residential House in Leederville,Second Family Residence
3e937ab3-7948-4387-bc74-c06bd1d892e9,Ian Goodenough,Liberal Party of Australia,Moore,2013-11-21,Asset,Real Estate,"House, Leederville, Western Australia","House, Leederville, Western Australia",Investment Apartment in Leederville,Investment Property
228bd8c8-d4f3-498a-b9d1-1b7d624dad6c,Ian Goodenough,Liberal Party of Australia,Moore,2013-11-21,Asset,Shares,"Commercial Complex, Belmont, Western Australia","Commercial Complex, Belmont, Western Australia",Commercial Property in Belmont,Business and Investment Purposes
c6301c5f-960f-4214-b80a-235a7876d1d4,Ian Goodenough,Liberal Party of Australia,Moore,2013-11-21,Asset,Real Estate,"Factory/Warehouse, Belmont, Western Australia","Factory/Warehouse, Belmont, Western Australia",Commercial Property in Belmont,Business and Investment Purposes
9d5b535a-cdea-4135-a155-17d5f57c8af7,Ian Goodenough,Liberal Party of Australia,Moore,2013-11-21,Asset,Shares,"Commercial Complex, Currambine, Western Australia","Commercial Complex, Currambine, Western Australia",Commercial Property in Currambine,Business and Investment Purposes
e5e1e7ee-b3fc-441b-868f-291055fa7e58,Ian Goodenough,Liberal Party of Australia,Moore,2013-11-21,Asset,Shares,"Vacant Land, Currambine, Western Australia","Vacant Land, Currambine, Western Australia",Rural Land in Currambine,Business and Investment Purposes
a906c5bd-fba9-4929-8046-cb92e100085d,Ian Goodenough,Liberal Party of Australia,Moore,2013-11-21,Asset,Shares,"Rural Property, Red Gully, Western Australia","Rural Property, Red Gully, Western Australia",Rural Land in Red Gully,Business and Investment Purposes
59eebf01-09ce-4815-8b48-5257f217c717,Ian Goodenough,Liberal Party of Australia,Moore,2013-11-21,Asset,Shares,"Rural property, Granville, Western Australia","Rural property, Granville, Western Australia",Rural Land in Granville,Business and Investment Purposes
634fac32-a681-4a13-86e0-aeee9919d1ac,Ian Goodenough,Liberal Party of Australia,Moore,2013-11-21,Liability,Mortgage,Private Mortgage Funding and Management Pty Ltd,Private Mortgage Funding and Management Pty Ltd,Mortgage,Mortgage
032d909d-8b33-48e4-a053-a4d4e5df9349,Ian Goodenough,Liberal Party of Australia,Moore,2015-02-12,Liability,Loan,Private Mortgage Funding and Management Pty Ltd,Private Mortgage Funding and Management Pty Ltd,Loan Repayment,Repayment of Loans in full.
1780708a-36e4-4fe9-a8a1-1d678602a5ed,Gary Gray,Australian Labor Party,Brand,2014-07-11,Membership,Other Membership,"QT Lounge, Canberra","QT Lounge, Canberra","Complimentary membership to the QT Lounge, Canberra","Complimentary membership to the QT Lounge, Canberra."
01226f3f-bd1b-4c27-8dec-ba001db3a072,Gary Gray,Australian Labor Party,Brand,Unknown,Unknown,Other,Peel Chamber of Commerce and Industry,Tasmanian Chamber of Commerce & Industry,Peel Chamber of Commerce Membership,Peel Chamber of Commerce and Industry
bdf21d05-7eec-44a7-ac6e-6452c64c6672,Gary Gray,Australian Labor Party,Brand,Unknown,Unknown,Other,Rockingham Kwinana Chamber of Commerce and Industry,Rockingham Kwinana Chamber of Commerce and Industry,Rockingham Kwinana Chamber of Commerce Membership,Rockingham Kwinana Chamber of Commerce and Industry
6b3e6f13-1d80-4a36-a80e-8c11fdff10cc,Gary Gray,Australian Labor Party,Brand,Unknown,Unknown,Other,Safety Bay Bowling and Recreation Club,Safety Bay Bowling and Recreation Club,Safety Bay Bowling and Recreation Club Membership,Safety Bay Bowling and Recreation Club
c7513b7e-cd7b-4894-b383-0a1720f0d431,Gary Gray,Australian Labor Party,Brand,Unknown,Unknown,Other,Safety Bay Ex-Services and Community Club,Safety Bay Ex-Services and Community Club,Safety Bay Ex-Services and Community Club Membership,Safety Bay Ex-Services and Community Club
8d8b9813-ab28-49b6-b363-dc8d22f9a872,Gary Gray,Australian Labor Party,Brand,2014-02-19,Asset,Real Estate,Hawaiian and Satterley Property Group,Hawaiian and Satterley Property Group,Concert Tickets,2 x tickets to Bruce Springsteen concert at Perth Areana 8/2/14 - Provided by Hawaiian and Satterley Property Group
74f9ed5a-2396-4d54-bb1a-838166b5e689,Alan Peter Griffin,Australian Labor Party,Bruce,2013-12-03,Membership,Other Membership,"Australian Services Union, Australian Labor Party, Returned & Services League","Australian Services Union, Australian Labor Party, Returned & Services League","Membership of Australian Services Union, Australian Labor Party, Returned & Services League",N/A
5c980e94-50c2-40fb-b270-3baf2703e7ee,Natasha Louise Griggs,Country Liberal,Solomon,2013-11-21,Liability,Mortgage,Homeside/NAB,NAB Homeside,Mortgage,Mortgage
2431ae58-03cf-48f1-8435-3e941de04260,Natasha Louise Griggs,Country Liberal,Solomon,2013-11-21,Asset,Other Asset,"ANZ, NAB/Homeside, Police Credit Union, TIO, Westpac","ANZ, NAB/Homeside, Police Credit Union, TIO, Westpac",Savings Accounts,Savings accounts
021cdaf2-61ee-4b31-a864-de29c1121cb0,Natasha Louise Griggs,Country Liberal,Solomon,2013-11-21,Membership,Professional,"QANTAS - Chairmans, VIRGIN- The Club, Country Liberals, Territory Thunder Football Club, SIDS and Kids NT, Epique, RAAF Fishing Club, NT Police Association, Darwin Turf Club, ACCOR Membership","QANTAS - Chairmans, VIRGIN- The Club, Country Liberals, Territory Thunder Football Club, SIDS and Kids NT, Epique, RAAF Fishing Club, NT Police Association, Darwin Turf Club, ACCOR Membership","Membership of QANTAS - Chairmans, VIRGIN- The Club, Country Liberals, Territory Thunder Football Club, SIDS and Kids NT, Epique, RAAF Fishing Club, NT Police Association, Darwin Turf Club, ACCOR",Membership of organisations
d2269cd4-28b9-4d1d-afe1-5b1a69c42d85,Natasha Louise Griggs,Country Liberal,Solomon,2014-05-15,Membership,Other Membership,"Directors Griggsy Pty Ltd, Trustee Company","Directors Griggsy Pty Ltd, Trustee Company",Director,Director
79eabef7-657f-4453-971a-e665167820d0,Christopher Hayes,Australian Labor Party,Fowler,2013-12-09,Asset,Other Asset,"ANZ, Police Credit Union",Police Credit Union,Savings/Cheque Accounts,Savings/Cheque Accounts
71c7c244-2430-44d2-afd9-250c0216d44e,Christopher Hayes,Australian Labor Party,Fowler,2013-12-09,Asset,Other Asset,"Gorms PIL, Allmero PIL","Gorms PIL, Allmero PIL","Agri Business Investment, Debenture","Investment in Agri Business, Debenture Arlbery Sri Lodge"
682577fe-9ab1-453a-afe7-975da2a4e60f,Christopher Hayes,Australian Labor Party,Fowler,2014-04-07,Gift,Electronics,"Taiwanese Representative, Ms. Catherine Chang","Taiwanese Representative, Ms. Catherine Chang",Nexus 7 Tablet,Received a Nexus 7 Tablet as a gift.
cacd3fef-e99c-4f6e-bb8d-742d20f3c9e0,Christopher Hayes,Australian Labor Party,Fowler,2014-05-19,Travel,Other Travel,Taiwanese Government and Taipei Economic & Cultural Office,Taiwanese Government and Taipei Economic & Cultural Office,"Travel, Accommodation and hospitality in Taiwan","At the invitation of the Taiwanese Government and extended by the Representative from the Taipei Economic & Cultural Office in Australia, my wife and I visited Taiwan from 1 May 2014 until 6 May 2014. All travel, accommodation and hospitality during this visit was provided by the Taiwanese Government."
a5245889-3391-4343-8a6e-b66113cb0b0c,Sarah Henderson,Liberal Party of Australia,Corangamite,2013-12-10,Asset,Other Asset,Bendigo and Adelaide Bank,Bendigo and Adelaide Bank,Savings Account,Personal saving (spouse)
c16db01a-bb0b-4b25-839a-89319b8bc53f,Sarah Henderson,Liberal Party of Australia,Corangamite,2013-12-10,Membership,Professional,"Australian Subscription Television and Radio Association, Qantas Airways, Virgin Australia","Australian Subscription Television and Radio Association, Qantas Airways, Virgin Australia",Annual Foxtel subscription & Airline Club memberships,Annual Foxtel subscription provided by Australian Subscription Television and Radio Association to electorate office; Chairman's Club membership provided by Qantas Airways; The Club membership provided by Virgin Australia.
7b886e46-bb4b-487e-bbba-18196bfa9c7e,Sarah Henderson,Liberal Party of Australia,Corangamite,2013-12-10,Gift,Entertainment,"Melbourne Cricket Club, Victoria Racing Club, Geelong Football Club, Irrewarra Beeac Football Club","Melbourne Cricket Club, Victoria Racing Club, Geelong Football Club, Irrewarra Beeac Football Club",Club Memberships (Various),Melbourne Cricket Club; Victoria Racing Club; Geelong Football Club; Irrewarra Beeac Football Club (no. 1 ticket holder 2013).
4cc08748-3407-4ce2-a1c6-6c5a4d8f0fb5,Sarah Henderson,Liberal Party of Australia,Corangamite,2013-12-10,Membership,Professional,"Melbourne Cricket Club, The Australian Club, Geelong Football Club, Victorian Farmers Federation; Otway Agroforesty Network; Birregurra Golf Club; Qantas Club","Melbourne Cricket Club, The Australian Club, Geelong Football Club, Victorian Farmers Federation; Otway Agroforesty Network; Birregurra Golf Club; Qantas Club",Club Memberships,Spouse
31384704-dd3e-4505-a74c-3591e57b8567,Peter Hendy,Liberal Party of Australia,Eden-Monaro,2013-12-04,Asset,Shares,BENDIGO AND ADELALDE BANK LTD,BENDIGO AND ADELALDE BANK LTD,Bank Shares,Shareholding held by spouse
4b85f420-9af8-4f43-bd4f-ebb0dc3ae7db,Peter Hendy,Liberal Party of Australia,Eden-Monaro,2013-12-04,Asset,Other Asset,Bendigo and Adelaide Bank,Bendigo and Adelaide Bank,Savings Account,Savings Account - Patrick Hendy
159445db-9011-41b7-99e5-b755da38f41c,Peter Hendy,Liberal Party of Australia,Eden-Monaro,2014-03-31,Asset,Trust,William Ernest Hendy Estate and Family Foundation Trust,William Ernest Hendy Family Foundation Trust,Executor and trustee of will,Executor and trustee of father's will
e7531a0d-83a9-444b-9a86-86c2084bbe83,Peter Hendy,Liberal Party of Australia,Eden-Monaro,2015-05-08,Travel,Other Travel,"HH The Crown Prince of Abu Dhabi, Sheik Mohammed bin Zayed Al Nahyan","HH The Crown Prince of Abu Dhabi, Sheik Mohammed bin Zayed Al Nahyan",Accommodation and transport to the United Arab Emirates,"Joined other parliamentary colleagues as a guest of the HH The Crown Prince of Abu Dhabi, Sheik Mohammed bin Zayed Al Nahyan on a visit to the United Arab Emirates for 16-22 April 2015 inclusive. The trips purpose was to encourage the trade and security links between Australia and the UAE. All accommodation and transport expenses were met by the Office of the Crown Prince."
933466bb-037f-4186-a92c-d8cadd071f64,Joseph Benedict Hockey,Liberal Party of Australia,North Sydney,2013-12-04,Asset,Real Estate,"Forrest, ACT","Forrest, ACT",Residential House in Forrest,Investment/Residence
335fedc6-ff15-427b-b755-52eebb426f06,Joseph Benedict Hockey,Liberal Party of Australia,North Sydney,2013-12-04,Asset,Shares,"Malanda, QLD",Malanda QLD,Farm in Malanda,Farm Business & Investment
42c28786-97f0-4fa2-b457-800e627a661a,Joseph Benedict Hockey,Liberal Party of Australia,North Sydney,2013-12-04,Asset,Shares,"Forrest, ACT","Forrest, ACT",Investment Property in Forrest,Investment (Spouse)
3a8f18d5-8784-4ed3-b37f-c52c63e9dacc,Joseph Benedict Hockey,Liberal Party of Australia,North Sydney,2013-12-04,Asset,Real Estate,"Hunters Hill, NSW","Hunters Hill, NSW",Residential House in Hunters Hill,Residence (Spouse)
61b21869-6754-43d4-b467-ef2f39398e88,Joseph Benedict Hockey,Liberal Party of Australia,North Sydney,2013-12-04,Asset,Shares,"Malanda, QLD",Malanda QLD,Farm Investment in Malanda,Farm Investment (Spouse)
e7e2d2aa-dc40-440a-af2f-7f87ce5fe520,Joseph Benedict Hockey,Liberal Party of Australia,North Sydney,2013-12-04,Asset,Real Estate,"Stanwell Park, NSW","Stanwell Park, NSW",Residential House in Stanwell Park,Investment/Residence (Spouse)
5843d212-783b-458a-840e-839a5cee617a,Joseph Benedict Hockey,Liberal Party of Australia,North Sydney,2013-12-04,Asset,Other Asset,Commonwealth Bank of Australia/Colonial First State,Commonwealth Bank of Australia/Colonial First State,Savings/Cheque Account/Superfund,Savings/Cheque Account/Superfund
4ab6eec8-74cc-46d0-8245-9f62ec078968,Joseph Benedict Hockey,Liberal Party of Australia,North Sydney,2014-07-21,Membership,Professional,Virgin and Qantas,"Qantas, Virgin",Flight upgrades,Flight upgrades from both Virgin and Qantas from time to time.
48ce2c4c-902d-4afc-9063-2d389ce13d29,Gregory Hunt,Liberal Party of Australia,Flinders,2015-03-03,Travel,Other Travel,Emirates/Qantas,Qantas and Emirates,Upgrade Warsaw to melbourne flight,Upgrade Warsaw to melbourne (via Dubai) flight
a0d7245e-2d40-4030-8c71-918784aa1109,Eric Russell Hutchinson,Liberal Party of Australia,Lyons,2015-03-19,Asset,Real Estate,MultiMix W/S Aust Property Trust,MultiMix W/S Aust Property Trust,Property Trust,Self
ba2ef88d-bd21-4541-8f66-3cf02c68428e,Stephen James Irons,Liberal Party of Australia,Swan,2014-04-12,Membership,Professional,Qantas Airways and Virgin Australia,Qantas and Virgin Australia,The Chairman's Lounge and The Club Membership,Complimentary membership of The Chairman's Lounge and The Club
2897684c-519d-406a-ae49-fbf1e5201ac8,Stephen Jones,Australian Labor Party,Whitlam,2015-07-13,Travel,Other Travel,Australia China Business Council and Huawei Technologies,Australia China Business Council and Huawei Technologies,"Flights, accommodation and meals (China visit)","Flights, accommodation and meals provided by Australia China Business Council and Huawei Technologies for visit to China (5 July-12 July 2015)."
c2507226-6ff1-4da1-a2bf-2a4b5002946b,Barnaby Joyce,National Party of Australia,New England,2014-04-03,Unknown,Other,Mr Simon Coveney TD and Ambassador H.E. Mr. Noël White,Mr Simon Coveney TD and Ambassador H.E. Mr. Noël White,Bronze Mare and Foal Statue,Bronze Mare and Foal Statue from the Irish Minister for Agriculture
882be992-dbf1-4171-83c1-10459c0c72b4,Barnaby Joyce,National Party of Australia,New England,2014-04-15,Asset,Other Asset,"HE Sheikh Khalid bin Abdullah Al-Khalifa, HE Dr Juma bin Ahmed Al-Kaabi, Saleh-Al-Munajem","HE Sheikh Khalid bin Abdullah Al-Khalifa, HE Dr Juma bin Ahmed Al-Kaabi, Saleh-Al-Munajem",Boat Figurines and Amber Jewellery,"1 boat figurine from HE Sheikh Khalid bin Abdullah Al-Khalifa, 1 boat figurine from HE Dr Juma bin Ahmed Al-Kaabi, 3 sets of amber jewellery from Saleh-Al-Munajem, 1 wooden boat figurine from shopkeeper."
b5e99402-38aa-4e1b-8d67-6ee1e5173b11,Barnaby Joyce,National Party of Australia,New England,2014-05-26,Gift,Other Gift,"Mr Brendan Pearson, Minerals Council of Australia","Mr Brendan Pearson, Minerals Council of Australia",Hi-visibility 'Australians for Coal' mining shirt,One hi-visibility 'Australians for Coal' mining shirt
df6088c9-f416-4a2b-9a47-0c5af72be400,Barnaby Joyce,National Party of Australia,New England,2014-06-26,Income,Other Income,"Winemakers' Federation of Australia, AUSVEG, Committee for Economic Development of Australia (CEDA), Opera Australia","Winemakers' Federation of Australia, AUSVEG, Committee for Economic Development of Australia (CEDA), Opera Australia","Wine, Book ""Game of Knowns"", Pen, Opera Tickets","One bottle of wine, Book ""Game of Knowns"", Parker pen, Tickets to the opera"
72939930-f720-46db-af16-7b5a2675f6af,Barnaby Joyce,National Party of Australia,New England,2014-07-14,Gift,Hospitality,"Cr Don Chambers, Indigo Shire Council","Cr Don Chambers, Indigo Shire Council",Bottle of wine,One bottle of wine
2d0bacfe-a8d0-4bfd-a5b6-a36590c767c3,Barnaby Joyce,National Party of Australia,New England,2014-07-16,Gift,Hospitality,"Rural Industries Research and Development Corporation, Royal Embassy of Saudi Arabia","Rural Industries Research and Development Corporation, Royal Embassy of Saudi Arabia","Shirt and cap, Gift boxed food product","Shirt and cap, Gift boxed food product"
5033dad0-4546-4431-8e4c-c5ff2ec32499,Barnaby Joyce,National Party of Australia,New England,2014-10-20,Income,Other Income,"Rabobank, National Farmers Federation",The National Farmers Federation,Book & Wooden pen holder,Book Life in the Australian Outback by Thijs Helensfeld from Rabobank; Wooden pen holder from the National Farmers Federation
2e513f4d-d70f-42a8-a22e-0a317641971d,Barnaby Joyce,National Party of Australia,New England,2014-10-28,Gift,Entertainment,"National Rugby League Limited, Australian Dairy Industry Council, Mr Keene, One Mandate Publishing, The Australia and New Zealand School of Government, Australian Made Shop Pty Ltd","National Rugby League Limited, Australian Dairy Industry Council, Mr Keene, One Mandate Publishing, The Australia and New Zealand School of Government, Australian Made Shop Pty Ltd","Tickets, cheeseboard, and books","Tickets from National Rugby League Limited to attend a Four Nations tournament match; Cheese board and knives from the Australian Dairy Industry Council; Book Australia's Nobel Laureates from Mr Keene, One Mandate Publishing; Book The Governance of Public Policy: Lectures in Honour of Eminent Australians from The Australia and New Zealand School of Government; A framed embroided picture from Australian Made Shop Pty Ltd."
a60a1902-edd5-4b27-98ae-0470ea02b0e0,Barnaby Joyce,National Party of Australia,New England,2014-12-02,Gift,Entertainment,"Mr John Cassegrain, Michael Hope","Mr John Cassegrain, Michael Hope",Wine and concert tickets,"1 bottle of 2014 Chardonnay, 1 bottle of 2012 Merlot from Mr John Cassegrain of Cassegrain Winery; 2 tickets to the Rolling Stones concert from Michael Hope of Hope Estate; 4 tickets to the Museum of Contemporary Art's Chuck Close: Prints, Process and Collaboration."
510656fc-049d-4494-bba8-6d3c2733193d,Barnaby Joyce,National Party of Australia,New England,2015-08-11,Gift,Entertainment,"Bindaree Beef, The Australia Ballet","Bindaree Beef, The Australia Ballet",Cryovac scotch fillet and ballet tickets,4 cryovac scotch fillet packages from Bindaree Beef; 4 tickets to The Australia Ballet Regional Tour in Tamworth
48ed0aa7-76c4-4971-8fcf-c969be67009f,Barnaby Joyce,National Party of Australia,New England,2015-09-17,Income,Other Income,"CropLife Australia, Embassy of the Islamic Republic of Iran, Shenzhen Zhonglong Food Company","CropLife Australia, Embassy of the Islamic Republic of Iran, Shenzhen Zhonglong Food Company","Wine Gift Box, Book Persia to Iran, Painting",A wine gift box from CropLife Australia; Book Persia to Iran from the Embassy of the Isla Islamic Republic of Iran; Painting from the Shenzhen Zhonglong Food Company
61d3d1e8-f906-4077-90ca-10830c36ea10,Barnaby Joyce,National Party of Australia,New England,2015-11-26,Travel,Other Travel,"CHEN Lei, ZHI Shuping, HAN Changfu, LEE Dong Phil, OKUNO, CHOE, MORIYAMA, Hiroshi","CHEN Lei, ZHI Shuping, HAN Changfu, LEE Dong Phil, OKUNO, CHOE, MORIYAMA, Hiroshi",Gifts during North Asia visit,"Gifts during North Asia visit (Minister for Water Resources CHEN Lei, Minister Administration of Quality Supervision, Inspection and Quarantine ZHI Shuping, Minister for Agriculture HAN Changfu, Korean Minister for Agriculture, LEE Dong Phil, Head of JA Zenchu – OKUNO, CHOE, Minister for Agriculture MORIYAMA, Hiroshi)"
2ec07ca6-6b36-4aaa-88bd-5a1263a811fa,Barnaby Joyce,National Party of Australia,New England,2016-03-29,Membership,Professional,"Delisi Group and Bindaree Beef, Qantas, Australian Wool Innovation","Delisi Group and Bindaree Beef, Qantas, Australian Wool Innovation",Silk scroll and green tea package,A silk scroll and package of green tea from Delisi Group and Bindaree Beef; Penfolds Barossa Valley Shiraz from Qantas; Wool scarf and jacket from Australian Wool Innovation
483ff48e-137f-4075-8868-ed7bfd471a50,Robert Carl Katter,Katter's Australian Party,Kennedy,2013-12-03,Liability,Loan,"ANZ, Commonwealth, NAB, Metway","ANZ, Commonwealth, NAB, Metway and others",Loans,Loans
1c6a55fd-bf3e-4435-8026-b87e3b4397ba,Robert Carl Katter,Katter's Australian Party,Kennedy,2013-12-03,Asset,Other Asset,"ANZ, Commonwealth, Westpac","ANZ, Commonwealth, Westpac etc.",Savings and Cheque Accounts,The usual saving and cheque accounts.
d50c3bad-f4fd-46d1-90ea-ead9cd72cd0a,Michael Keenan,Liberal Party of Australia,Stirling,2015-04-01,Travel,Other Travel,"HE Mr Wataru Takeshita, (Japan)","HE Mr Wataru Takeshita, (Japan)",Mini Okiagari-Koboshi dolls,"ADDITION: Mini Okiagari-Koboshi dolls Presented by HE Mr Wataru Takeshita, (Japan) Minister of Reconstruction and Minister for Revitalisation of Fukushima during visit to WCDRR Japan 15 March 2015. On display Perth Ministerial Office"
5f1c5a21-c38d-4767-ade6-3f88fc846d03,Michael Keenan,Liberal Party of Australia,Stirling,2015-04-01,Gift,Hospitality,"Crown Resort, Perth","Crown Resort, Perth",Lunch at Nobu Restaurant,"ADDITION: Lunch Nobu Restaurant Guest of Crown Resort, Perth, 31 March 2015"
e4d0cb69-ca62-46c6-9d8a-378d88f3ed58,Michael Keenan,Liberal Party of Australia,Stirling,2015-06-18,Unknown,Other,Mr Harry and Mrs Demetra Xydas,Mr Harry and Mrs Demetra Xydas,Tiffany Ballpoint Pen,"ADDITION: Tiffany T-Clip Ballpoint Pen Received from Mr Harry and Mrs Demetra Xydas, Event Chair, Chief Executive Organisation Value $300 plus GST"
78a8adf9-858f-4646-b0f7-d30c3d28a3a3,Michael Keenan,Liberal Party of Australia,Stirling,2015-10-20,Asset,Shares,"Interpol Secretary-General, Mr Jurgen Stock","Interpol Secretary-General, Mr Jurgen Stock",Altanus Men's Watch,"ADDITION: Altanus Men's Watch Received from Interpol Secretary-General, Mr Jurgen Stock. Value $124 Euro (approx. $200.00 Australian Dollars) – as advised by meeting organisers from Interpol"
a0d2227f-32f2-4ef2-8338-b88bb97811d4,Craig Kelly,Liberal Party of Australia,Hughes,2014-07-14,Travel,Other Travel,Australia/Israel & Jewish Affairs Council,Australia/Israel & Jewish Affairs Council (AIJAC),"Business class flights, accommodation, transport and hospitality (Israel Study Tour)","Trip to Israel and the west Bank for Study Tour on realities of political and social life in the region, Funded and organised by the Australia/Israel & Jewish Affairs Council. Business class lights, accommodation, transport and hospitality, 26 April '14 - 3 May '14."
9de91d0f-13b0-404d-8c8f-cf4893f66521,Catherine King,Australian Labor Party,Ballarat,2014-10-15,Travel,Other Travel,"Gavi, the Vaccine Alliance","Gavi, the Vaccine Alliance",Business Class Ticket to Laos,"Business Class Ticket with Thai Airways, Bangkok Airways and Singapore Airways to Laos (5th Oct to 8th Oct). Delegation to Laos of Australian MP's with Gavi, the Vaccine Alliance, Board"
9db5d5f4-13a7-464f-94b8-a3dd4822820a,Catherine King,Australian Labor Party,Ballarat,2014-10-15,Asset,Real Estate,Maison Souvannaphoum hotel and Laos Plaza Hotel,Maison Souvannaphoum hotel and Laos Plaza Hotel,Hotel Accommodation and Meals,Accommodation at the Miason Souvannaphoum and Lao Plaza Hotel and Meals (6th Oct to 7th Oct)
1dcb4032-a212-4b68-a1a5-9d7ffdb41489,Andrew Laming,Liberal National Party,Bowman,2013-12-10,Asset,Other Asset,OLESTA AND ANDREW LAMING SUPERANNUATION FUND,OLESTA ANDREW LAMING SUPERANNUATION FUND,Superannuation Fund,ACN 159 102 897
e2082764-5d60-4ead-b552-db8c3dcc84e4,Craig Laundy,Liberal Party of Australia,Reid,2013-09-07,Unknown,Other,"Strathfield, NSW","Strathfield, NSW","Property in Strathfield, NSW",Suzanne Laundy
e24040d1-616c-4ace-94b9-59410d07449c,Craig Laundy,Liberal Party of Australia,Reid,2013-09-07,Unknown,Other,"Gundagai, NSW","Gundagai, NSW","Property in Gundagai, NSW",Suzanne Laundy
cc8bd91f-9efb-44f9-96ca-3c2ce230bbcf,Craig Laundy,Liberal Party of Australia,Reid,2013-09-07,Asset,Other Asset,"Gundagai, NSW","Gundagai, NSW",Superannuation Fund in Gundagai,The Laundy Family Super Fund
0f49bcfc-2f67-422f-9b2b-39b0f66dbf5e,Andrew Leigh,Australian Labor Party,Fenner,2014-04-21,Gift,Entertainment,NRL and the Raiders,NRL and the Raiders,Canberra Raiders Membership,"Complimentary membership of the Canberra Raiders, provided by the NRL and the Raiders."
e695429e-b138-40a6-bc19-9bf1ce557478,Sussan Ley,Liberal Party of Australia,Farrer,2013-12-10,Asset,Other Asset,"Hume Building Society, NAB","Hume Building Society, NAB",Savings Account,"Spouse: Savings, Savings"
bc38bab2-cac5-49d4-b83a-7e594a95ec44,Sussan Ley,Liberal Party of Australia,Farrer,2015-06-23,Asset,Real Estate,"Main Beach, QLD 4217","Main Beach, QLD 4217",Rental Property in Main Beach,"Purchase on 9 June 2015, Rental property"
bfea11a0-e95a-4c3b-8646-eb40d5914ea9,Ian Macfarlane,Liberal National Party,Groom,2014-10-13,Gift,Entertainment,"Empire Theatre, Toowoomba","Empire Theatre, Toowoomba",Theatre Invitation,"Invitation for Ian Macfarlane and Karen Macfarlane to attend opening performance of Cinderella, 13 Sep 2014, Empire Theatre, Toowoomba"
51071935-6ce1-4fcf-968b-81522496f95f,Jennifer Louise Macklin,Australian Labor Party,Jagajaga,2013-12-02,Asset,Shares,AMP and Unisuper,AMP and Unisuper,Superannuation,Superannuation with AMP; Superannuation with Unisuper
b9d42d76-d498-4f8f-b9db-b4c4d4124600,Nola Marino,Liberal Party of Australia,Forrest,2013-12-03,Membership,Other Membership,C+ NB Marino,C & NB Marino,Dairy/Beef Land Holding,Dairy/beef land holding used in Family Trust; Farm residence - Harvey Own residence
3dab566f-aa95-4f02-b96b-fe2350b0923e,"Markus, Louise Elizabeth",Liberal Party of Australia,Macquarie,2013-11-19,Asset,Other Asset,AGEST Super P/L,AGEST Super P/L,Superannuation,Superannuation (Self)
efe34550-8a74-4881-bb75-c23436539430,"Markus, Louise Elizabeth",Liberal Party of Australia,Macquarie,2013-11-19,Asset,Shares,ANZ and MBF,ANZ and NAB,Life Insurance,Life Insurance (Self)
5152b2a7-21df-4833-a928-800bb0bd2e2e,Richard Marles,Australian Labor Party,Corio,2013-12-10,Asset,Real Estate,Avanti Investments P/L,Avanti Investments P/L,Property Shares,"Property, 500 shares - beneficiary"
814494b2-2216-409b-95b3-824997004149,Richard Marles,Australian Labor Party,Corio,2013-12-10,Asset,Shares,ANZ Investments P/L.,Avanti Investments P/L,Superannuation,"Ford Territory, Ford Focus, Superannuation with ANZ Investments P/L."
ac502a31-3902-4ac4-9833-d1f9ac78618a,Richard Marles,Australian Labor Party,Corio,2013-12-10,Unknown,Other,Geelong Indoor Plants and Orchids Club,Geelong Indoor Plants and Orchids Club,Spouse Club Membership,Spouse - See Attachment
694b5d83-d6e0-4f4c-b8e7-91dec3453e72,Richard Marles,Australian Labor Party,Corio,2014-08-11,Travel,Other Travel,Australian American Leadership Dialogue and Virgin Australia,Australian American Leadership Dialogue and Virgin Australia,Return Business Class Airfare to Washington DC and New York,Return Business Class Airfare from Melbourne to Washington DC on 19/7/14 and New York to Melbourne on 25-27/7/14 provided by the Australian American Leadership Dialogue and Virgin Australia (plus bus trip from Washington to NYC)
895c57cb-857f-43e2-a4ee-c9f9fa809e7d,Richard Marles,Australian Labor Party,Corio,2015-02-16,Gift,Other Gift,"East Geelong Golf Club, St Mary's Sporting Club and the Kardinia Netball Association","East Geelong Golf Club, St Mary's Sporting Club and the Kardinia Netball Association","Membership to East Geelong Golf Club, St Mary's Sporting Club and the Kardinia Netball Association","Isabella has joined the East Geelong Golf Club, St Mary's Sporting Club and the Kardinia Netball Association."
b2df02c8-884a-4572-a525-03f5a3c1fb4b,Richard Marles,Australian Labor Party,Corio,2015-02-16,Gift,Other Gift,Heritage Golf and Country Club,Heritage Golf and Country Club,Membership to Heritage Golf and Country Club,Sam has joined the Heritage Golf and Country Club as part of his studies at the Australian College of Elite Golf.
9e958d6e-bc9c-49ca-a6b6-7cf6b02ce530,Russell Matheson,Liberal Party of Australia,MacArthur,2013-12-05,Liability,Loan,"St George Bank, ANZ, NAB, Citibank","St George Bank, ANZ, NAB, Citibank",Home Loan and Credit Cards,"Home Loan, Credit Cards"
8d652ded-7ab3-4e8c-94bb-1b6b7ba27f4b,Russell Matheson,Liberal Party of Australia,MacArthur,2013-12-05,Asset,Other Asset,"ANZ, CUA, NAB, Macarthur Credit Union","ANZ, CUA, NAB, Macarthur Credit Union",Savings Account,Savings
c904ab4a-85e5-4f2d-9de5-a75af015ef49,Russell Matheson,Liberal Party of Australia,MacArthur,2015-08-07,Travel,Other Travel,Australia/Israel & Jewish Affairs Council,Australia/Israel & Jewish Affairs Council (AIJAC),Return Flights & Accommodation to Israel,"Return flights-Sydney to Israel and four nights' accommodation (costs unknown) paid for by the Australia/Israel & Jewish Affairs Council, in order to participate in a Federal Parliamentary Study Group visit to Israel."
ea0406cb-a3bc-40a1-83eb-c341640392d8,Russell Matheson,Liberal Party of Australia,MacArthur,2015-11-23,Travel,Other Travel,Taipei Economic and Cultural Office,Taipei Economic and Cultural Office,Return Flights & Accommodation to Taiwan,"Return flights-Sydney to Taiwan-and five nights' accommodation (costs unknown) paid for by the Taipei Economic and Cultural Office, in order to participate in the Australian Parliamentary Delegation visit to The Republic of China (Taiwan)."
75614fd9-e7af-47dc-b0c4-169f1dc712f8,Karen McNamara,Liberal Party of Australia,Dobell,2013-09-07,Gift,Entertainment,"Central Coast Bears, Woongarah Football Club","Central Coast Bears, Woongarah Football Club",Foundation Membership,Foundation member (Spouse)
f38af282-bb5d-4e78-99d3-47d8792b80f5,Karen McNamara,Liberal Party of Australia,Dobell,2013-09-07,Unknown,Other,"Central Coast Bears, Woongarah FC","Central Coast Bears, Woongarah Football Club",Spouse Club Membership,Foundation member (Spouse)
58809df0-647f-4ddc-85a8-f7a05c30899b,Robert Mitchell,Australian Labor Party,McEwen,2015-07-24,Travel,Other Travel,The Australia/Israel & Jewish Affairs Council,Australia/Israel & Jewish Affairs Council (AIJAC),Trip to Israel and Palestine,Accepted a 4 day trip to Israel and Palestine including flights and accommodation sponsored by The Australia/Israel & Jewish Affairs Council Rambam Israel Fellowship Program.
0ee96e0a-d414-4bb9-abd2-f03565dc28f9,Scott Morrison,Liberal Party of Australia,Cook,2013-12-09,Liability,Mortgage,"CommBank, CitiBank, AMEX","CommBank, CitiBank, AMEX","Mortgage, Viridian, VISA, Mastercard, Credit, Amex","Mortgage, Viridian, VISA, Mastercard, Credit, Amex"
8843800b-cfe0-4af1-9f33-8c6a4e3f8e4a,Scott Morrison,Liberal Party of Australia,Cook,2014-04-17,Asset,Other Asset,"Royal Motor Yacht Club, Woolooware","Royal Motor Yacht Club, Woolooware",Yacht Club Membership,Gift of 14/15 Membership
3e3c1437-e38c-4b4b-a64a-7977e8e91212,Scott Morrison,Liberal Party of Australia,Cook,2014-07-02,Gift,Entertainment,"Australian Rugby Union, Showcall Crewing Pty Ltd","Australian Rugby Union, Showcall Crewing Pty Ltd","Wallabies versus France Rugby Union Match, Keith Urban Concert",Wallabies versus France Rugby Union Match at Allianz Stadium (with father); Keith Urban concert in June
1ae26cc1-1b69-489d-b45d-e1d12368b67a,Andrew Alexander Nikolic,Liberal Party of Australia,Bass,2013-12-03,Membership,Other Membership,Australian Nursing and Midwifery Federation,Australian Nursing and Midwifery Federation,Australian Nursing and Midwifery Federation Membership,"Memberships: Australian Nursing and Midwifery Federation, Liberal Party of Australia. (Spouse)"
6b70ba13-aee1-45cb-b641-f6d505c9b209,Kelly Megan O'Dwyer,Liberal Party of Australia,Higgins,2013-12-10,Travel,Other Travel,Sydney/Melbourne,Sydney/Melbourne,Qantas Upgrade,"Self and Spouse, Qantas upgrade, personal travel 21/9/13"
1aacb3e8-7ff6-4bfe-ad75-54c236833e30,Kelly Megan O'Dwyer,Liberal Party of Australia,Higgins,2013-12-10,Travel,Other Travel,Melbourne/Sydney,Melbourne/Sydney,Virgin Upgrade,"Spouse, Virgin upgrade 23/11/13"
ebcae31c-29fa-4d21-8526-c87c37cc6cda,Kelly Megan O'Dwyer,Liberal Party of Australia,Higgins,2014-09-19,Membership,Other Membership,The Big Issue and Homes-for-Homes,The Big Issue and Homes-for-Homes,The Big Issue and Homes-for-Homes Director Resignation,Husband resigned as director
481fa64c-ef28-4176-8d3a-0a6b68b46b21,Kelly Megan O'Dwyer,Liberal Party of Australia,Higgins,2014-11-06,Asset,Other Asset,"Suncorp, Emirates, Lion, Diageo & CGU","Suncorp, Emirates, Lion, Diageo & CGU",Melbourne Cup Carnival Tickets & Hospitality,"Self and husband, Tickets & hospitality for the 2014 Melbourne Cup Carnival (Flemington) for my husband and me as guests"
8c092f67-fb04-43b8-b500-6b2f5231bb76,Kelly Megan O'Dwyer,Liberal Party of Australia,Higgins,2015-01-23,Asset,Other Asset,Westpac/Bankers' Trust,Westpac/Bankers' Trust,Managed Investment Fund,"Husband, Please modify ""Managed investment fund"" to indicate that it is held with Westpac/Bankers' Trust"
c681e710-5dde-44c7-ab50-ece13921e423,Kelly Megan O'Dwyer,Liberal Party of Australia,Higgins,2015-01-23,Membership,Other Membership,Duldig Gallery (Museum and Art Gallery),Duldig Gallery (Museum and Art Gallery),Duldig Gallery (Museum and Art Gallery) Membership,"Self, Organisation membership"
40846802-4454-4028-82e3-260e2030df2c,Kelly Megan O'Dwyer,Liberal Party of Australia,Higgins,2015-01-23,Membership,Other Membership,East Malvern/Tooronga Cricket Club,East Malvern/Tooronga Cricket Club,East Malvern/Tooronga Cricket Club Membership,"Self, Organisation membership"
328dfdbb-a334-4b80-85b1-aceebc9f83ae,Kelly Megan O'Dwyer,Liberal Party of Australia,Higgins,2015-01-23,Membership,Other Membership,Trisfall Pty Ltd and Kingmeadow Pty Ltd,Trisfall Pty Ltd and Kingmeadow Pty Ltd,Trisfall Pty Ltd and Kingmeadow Pty Ltd Director Resignation,"Self, I resigned as Company Director and Secretary of both companies on 23 December 2014."
8b34f394-bcf3-46d9-a079-3b6a4f811cc9,Kelly Megan O'Dwyer,Liberal Party of Australia,Higgins,2015-02-05,Asset,Real Estate,"Park Hyatt Hotel, The Rocks, Sydney","Park Hyatt Hotel, The Rocks, Sydney",Accommodation Upgrade,"Self, 3/2/15 - Unrequested accommodation upgrade"
b5fd0ba7-a936-403e-a48d-4a19a590d2db,Kelly Megan O'Dwyer,Liberal Party of Australia,Higgins,2016-02-29,Asset,Other Asset,"Volvo Cars, Bilia South Yarra","Volvo Cars, Bilia South Yarra",Venue for Chinese New Year event,"Mr Paul Bartett, General Manager, Volvo Cars, Bilia South Yarra provided venue for a Higgins community Chinese New Year event on 5/2/16"
1ed28dcf-ead9-4b25-81dd-0c366c306113,Clare O'Neil,Australian Labor Party,Hotham,2013-12-04,Membership,Other Membership,"Australian Labor Party, Fabian Society of Victoria; Australian Medical Association, Australia and New Zealand College of Anaesthetists (Spouse)","Australian Labor Party, Fabian Society of Victoria; Australian Medical Association, Australia and New Zealand College of Anaesthetists (Spouse)",Australian Labor Party Membership,N/A
f361945b-1c4c-4199-99ac-4fa86a518b73,Clare O'Neil,Australian Labor Party,Hotham,2015-05-25,Travel,Other Travel,Australia-Guangdong Chamber of Commerce and the Communist Party of China,Australia-Guangdong Chamber of Commerce and the Communist Party of China,Travel to China,"Travelled to China for five days as a guest. High level meetings with business representatives and Chinese government officials, accommodation provided."
a6a09ee2-1fa0-4e66-b7df-a9bcef3c6691,Julie Owens,Australian Labor Party,Parramatta,2013-12-10,Liability,Loan,"ANZ, Citibank","ANZ, Citibank",Home Loan and Credit Cards,"Home Loan, Credit Cards"
cd93c8c7-19c0-4ad0-a42c-9f5da0d5a946,Julie Owens,Australian Labor Party,Parramatta,2013-12-10,Asset,Other Asset,"ANZ, NAB","ANZ, NAB",Savings Accounts,"3 Savings Accounts, Savings Account"
36ba1f54-ed11-481b-9593-92026d84ea5a,Julie Owens,Australian Labor Party,Parramatta,2013-12-10,Asset,Other Asset,"ARIA, PSS, Town","ARIA, PSS, Town",Superannuation,Superannuation
c318847c-063e-4a6c-9cc2-8d3659cca241,Julie Owens,Australian Labor Party,Parramatta,2016-05-02,Liability,Loan,"ANZ, Citibank","ANZ, Citibank",Home Loan and Credit Card,"Home Loan, Credit Card"
b0fe544c-954f-4827-85cf-4edfd049624a,Clive Frederick Palmer,Palmer United,Fairfax,2013-12-10,Asset,Real Estate,"Brisbane, QLD","Brisbane, QLD",Commercial & Residential Properties in Brisbane,"Houses/Units/Land, Commercial Buildings, Residential/Investments"
40409f41-8b49-4b2a-96f8-21051a76ccb7,Clive Frederick Palmer,Palmer United,Fairfax,2013-12-10,Asset,Real Estate,"Gold Coast, QLD","Gold Coast, QLD",Commercial & Residential Properties in Gold Coast,"Houses/Units/Land, Commercial Buildings, Restaurant, Residential/Investments"
762a2733-6187-4896-9705-c1196ec35083,Clive Frederick Palmer,Palmer United,Fairfax,2013-12-10,Asset,Real Estate,"Sunshine Coast, QLD","Sunshine Coast, QLD",Residential Properties in Sunshine Coast,"Houses/Units/Land, Residential/Investments"
0a51dbe7-78c5-453e-b169-795919e5875d,Antony (Tony) Pasin,Liberal Party of Australia,Barker,2013-12-10,Asset,Shares,L&G Pasin Family Trust/Pasin Nominees,Pepe Family Trust/Pasin Nominees,Primary Production and Investment,Primary Production and Investment. Potential beneficiary in discretionary trusts
f38177cf-b4a3-4776-aaa9-a6c5a2e79bfb,Antony (Tony) Pasin,Liberal Party of Australia,Barker,2013-12-10,Asset,Trust,Pepe Family Trust/Pasin Nominees,Pepe Family Trust/Pasin Nominees,Dormant Trust,Currently dormant. Potential beneficiary in discretionary trusts
067fab5e-6e62-4592-b2f6-750ef0e7b26b,Antony (Tony) Pasin,Liberal Party of Australia,Barker,2013-12-10,Liability,Mortgage,Bendigo and Adelaide Bank,Bendigo and Adelaide Bank,Residential Property Mortgage in Largs Bay,Mortgage on Largs Bay residential property
88c0d967-32ae-4a8e-bb1b-de5691644cfe,Antony (Tony) Pasin,Liberal Party of Australia,Barker,2016-03-15,Liability,Mortgage,Bendigo and Adelaide Bank,Bendigo and Adelaide Bank,Investment Property Mortgage in Largs Bay,Mortgage on Largs Bay Investment Property
2e4fdd8c-240b-4398-9a4c-0d1bfbb2ceaf,Pli Bersek,Australian Labor Party,Sydney,2013-12-09,Asset,Other Asset,NAB and Westpac,"NAB, Westpac",Savings Accounts,Savings accounts
a0ec8f1d-7b4a-495d-b362-bba0f277d21b,Pli Bersek,Australian Labor Party,Sydney,2013-12-09,Membership,Professional,"Qantas, Virgin","Qantas, Virgin",Airline Lounge Membership,"Qantas chairman's Lounge membership, virgin Lounge membership"
1d5b704e-6a97-4021-814c-e7d8d66155f5,Pli Bersek,Australian Labor Party,Sydney,2013-12-09,Membership,Other Membership,Community and Public Sector Union,Community and Public Sector Union,Community and Public Sector Union Membership,Member
5190bdda-45da-44a6-88db-35994531ef75,Pli Bersek,Australian Labor Party,Sydney,2013-12-09,Unknown,Other,"National Rural Health Alliance, Friends of the Alliance","National Rural Health Alliance, Friends of the Alliance",Rural Health Alliance Membership,Member
865ba906-c8e6-4f42-a18f-fca78551fea3,Pli Bersek,Australian Labor Party,Sydney,2013-12-09,Unknown,Other,Women's International League for Peace and Freedom,Women's International League for Peace and Freedom,Peace and Freedom League Membership,Member
6faaf301-a7fa-49ff-a917-8ebb788fd685,Pli Bersek,Australian Labor Party,Sydney,2016-04-19,Income,Other Income,"Minister Lembong, Indonesian Minister for Trade","Minister Lembong, Indonesian Minister for Trade",'Indonesian Kitchen' book,"'Indonesian Kitchen' book Gift from Minister Lembong, Indonesian Minister for Trade – value A$25 (IDR 250.000)"
bd721ef9-03d8-4d63-9ad9-0e9a8b1ade03,Charles Christian Porter,Liberal Party of Australia,Pearce,2014-03-07,Gift,Decorative,Taipei Economic and Cultural Office,Taipei Economic and Cultural Office,Decorative Phoenix Wall Hanging,Received a gift from Ambassador Chang from the Taipei Economic and Cultural Office. The gift (a decorative phoenix wall hanging) is of an unspecified value.
7383afa6-21b6-4e23-8624-8afdd0da55a1,Rowan Ramsey,Liberal Party of Australia,Grey,2013-12-03,Asset,Trust,Barranco P/L,Barranco,Beneficiary of Ramsey Family Trust,"Beneficiary of Ramsey Family Trust, No Interests"
cfead72a-61ce-4361-a967-b73a4f39577b,Bernard Ripoll,Australian Labor Party,Oxley,2013-11-21,Asset,Other Asset,"Bendigo Bank, NAB",Bendigo Bank,Savings Account,Savings
4c82c378-be9a-4c37-bc6f-1f913515d5d9,Bernard Ripoll,Australian Labor Party,Oxley,2013-12-11,Asset,Shares,"The Chairman of Queensland Cricket, Mr Jim","The Chairman of Queensland Cricket, Mr Jim",Ticket to Cricket Match,Attended Day 2 of The First Commonwealth Bank Test Holding Match on 22nd November 2013
1dbf2067-5e86-45af-a1cf-d0653a24b93d,Bernard Ripoll,Australian Labor Party,Oxley,2014-01-28,Gift,Entertainment,"The Chairman of Cricket Australia, Mr Wally Edwards","The Chairman of Cricket Australia, Mr Wally Edwards",Attendance at Carlton Mid One Day International Series,Attended the Carlton Mid One Day International Series in Sydney on 19th January 2014
b5c96023-4fc4-419e-adc1-9c36081c5c16,Bernard Ripoll,Australian Labor Party,Oxley,2014-01-28,Gift,Entertainment,Cricket Australia and the Australian Cricketers' Association,Cricket Australia and the Australian Cricketers' Association,Attendance at Allan Border Medal Reception,Attended the Allan Border Medal Reception in Sydney on 20th January 2014
9b802d87-f043-4db7-af75-5ed3905e6cef,Bernard Ripoll,Australian Labor Party,Oxley,2014-01-28,Travel,Other Travel,"Gavin Jackman, Executive Global Head of Orica Limited (Greenedge)","Gavin Jackman, Executive Global Head of Orica Limited (Greenedge)",Attendance at the Australian Tour Down Under,Attended the Final Stages of the Australian Tour Down Under in Adelaide from 23rd January to 27th January 2014
4b9a89b2-2ff2-433f-aca3-aaee061d4c9b,Bernard Ripoll,Australian Labor Party,Oxley,2014-05-13,Gift,Entertainment,"the Chairman Frank Lowy AC, CEO David Gallop and Board of Directors of Football Federation of Australia","the Chairman Frank Lowy AC, CEO David Gallop and Board of Directors of Football Federation of Australia",Attendance at Hyundai A-League grand final game,Attended the Hyundai A-League grand final game in Brisbane
4fd8e9f2-2fc5-4182-bfd0-a415d8dd37ff,Bernard Ripoll,Australian Labor Party,Oxley,2014-07-14,Gift,Entertainment,"Terry Slaugher, Springfield Lakes IGA","Terry Slaugher, Springfield Lakes IGA",Attendance at 2014 State of Origin 3rd Match,Attended the 2014 State of Origin 3rd Match in Brisbane QLD on 9th July 2014.
ebead07f-5e65-43bf-ba57-669ec8c5b583,Bernard Ripoll,Australian Labor Party,Oxley,2014-08-19,Membership,Professional,David Crombie (President) and Bill Pulver (CEO) of Australia Rugby Union,David Crombie (President) and Bill Pulver (CEO) of Australia Rugby Union,Qantas Wallabies v All Blacks Rugby Game Attendance,Attended the Qantas Wallabies v All Blacks Rugby Union Game in Sydney on the 16th of August 2014
d1f275ec-e175-49f3-8326-817d94a430e0,Bernard Ripoll,Australian Labor Party,Oxley,2014-09-15,Unknown,Other,"Brett Kitching, General Manager and Secretary of the Ipswich Turf Club","Brett Kitching, General Manager and Secretary of the Ipswich Turf Club",All Enclosures passes to the Ipswich Turf Club,All Enclosures passes to the Ipswich Turf Club for 2014/2015
7dfcc625-dc7e-4d82-8cdf-84f703615506,Bernard Ripoll,Australian Labor Party,Oxley,2014-11-27,Membership,Other Membership,"Mark Gibson, Chairman PGA of Australia","Mark Gibson, Chairman PGA of Australia",PGA Australia Annual Honorary Membership,"7th October 2014, PGA Australia Annual Honorary Membership"
44972412-f7af-41eb-9a5c-12797b36e3e2,Bernard Ripoll,Australian Labor Party,Oxley,2015-02-18,Gift,Entertainment,Cricket Australia and New Zealand Cricket,Cricket Australia and New Zealand Cricket,Tickets to ICC Cricket World Cup Match Australia v Bangladesh,21st February 2015 Received 3 tickets to the ICC Cricket World Cup Match Australia v Bangladesh
96a573d4-ef63-4396-9600-520da9f5240f,Bernard Ripoll,Australian Labor Party,Oxley,2015-02-18,Gift,Entertainment,Cricket Australia and New Zealand Cricket,Cricket Australia and New Zealand Cricket,Tickets to ICC Cricket World Cup Match Pakistan V Zimbabwe,1st March 2015 Received 3 tickets to the ICC Cricket World Cup Match Pakistan V Zimbabwe
7635e9d3-2206-420e-bf7a-1219cc48d782,Bernard Ripoll,Australian Labor Party,Oxley,2015-05-11,Gift,Entertainment,"David Smith, CEO of National Rugby League","David Smith, CEO of National Rugby League",Tickets to NRL Anzac Test and NRL Pacific Test,"1st May 2015 Received(not used due to weather) 2 tickets to the NRL Anzac Test, Brisbane QLD and 2nd of May 2015 received(not used due to weather) 2 tickets to the NRL Pacific Test in Robina, QLD"
f633bda9-86f7-4485-bdd5-248fa9431bd9,Bernard Ripoll,Australian Labor Party,Oxley,2015-07-22,Membership,Professional,"Bill Pulver, CEO of Australian Rugby Union","Bill Pulver, CEO of Australian Rugby Union",Qantas Wallabies V Springboks Rugby Union Match Attendance,"18th July 2015, attended the Qantas Wallabies V Springboks Rugby Union Match in Brisbane."
3a50eb85-9344-4133-8095-9b72a5f95a3b,Bernard Ripoll,Australian Labor Party,Oxley,2016-02-01,Unknown,Other,"Brett Kitching, General Manager and Secretary of the Ipswich Turf Club","Brett Kitching, General Manager and Secretary of the Ipswich Turf Club","Ipswich Turf Club ""All Enclosures"" passes","Two ""All Enclosures"" passes to the Ipswich Turf Club for 2015/2016 season."
92e8ee2b-2045-422d-b11b-4d6c0e758e14,Andrew Robb,Liberal Party of Australia,Goldstein,2013-12-09,Asset,Shares,TUP Robb P/L (Ha Armchair),TUP Robb P/L (Ha Armchair),Shares,Trustee for one ordinary share in Parakeelia P/L
16140e2f-6b71-4963-8c6d-42397e0277fb,Andrew Robb,Liberal Party of Australia,Goldstein,2013-12-09,Unknown,Other,Collective Events P/L,Collective Events P/L,Interest,N/A
dfc0dad4-bf14-4e29-9626-2e5126a1041c,Andrew Robb,Liberal Party of Australia,Goldstein,2013-12-09,Asset,Shares,AP Goldsmith Investments/L,AP Goldsmith Investments/L,Shares,N/A
ec7e2665-90d1-48f9-a2c1-97610e287041,Andrew Robb,Liberal Party of Australia,Goldstein,2013-12-09,Asset,Trust,RAM Consultancy P/L,RAM Consultancy P/L,Consultancy,in trust for Robb Family Trust (jointly & spouse); Nature of operation: Consultancy; Beneficial interest: Private beneficiary
466eaf50-51bf-4ae7-a05b-8c630d09ffe2,Andrew Robb,Liberal Party of Australia,Goldstein,2013-12-09,Asset,Shares,RAM Consultants P/L,RAM Consultants Pty Ltd,Consultancy,in trust for Robb Family Trust (jointly & spouse); Nature of operation: Consultancy; Beneficial interest: Director & Shareholder in Trustee company
8540bb90-cf09-418e-8624-6cbfb40df35d,Andrew Robb,Liberal Party of Australia,Goldstein,2013-12-09,Membership,Other Membership,RAM Consultants P/L (Jointly & spouse),RAM Consultants P/L (Jointly & spouse),RAM Consultants P/L Consultancy,Consultancy
c7e2b687-a430-4b3b-bc78-3583ce32b8b4,Andrew Robb,Liberal Party of Australia,Goldstein,2014-12-01,Unknown,Other,"Akira Amari, Japanese Minister of State for Economic and Fiscal Policy","Akira Amari, Japanese Minister of State for Economic and Fiscal Policy",Lithograph print of Mt Fuji,A Lithograph print of Mt Fuji
e4e86bde-39af-4979-b0ac-e1b771f93472,Andrew Robb,Liberal Party of Australia,Goldstein,2015-01-20,Unknown,Other,"Mr Wang Jianlin, Chairman of the Wanda Group, China","Mr Wang Jianlin, Chairman of the Wanda Group, China",China tea set and Tong Quing Hao Purer tea,An Auratic authentic china tea set and Tong Quing Hao Purer tea
68e042f1-5d43-4b5e-bb9c-d0405e71fb82,Andrew Robb,Liberal Party of Australia,Goldstein,2015-01-20,Travel,Other Travel,"Mr Guatam Adani, Chairman Adani Group","Mr Guatam Adani, Chairman Adani Group",Private Charter Plane Flight,"Travelled from Ahmedabad to Mundra on Mr Guatam Adani, Chairman Adani Group's private charter plane on Saturday 10 January 2015."
c7359463-c4fd-49a8-b4c2-aad30aa8aab1,Andrew Robb,Liberal Party of Australia,Goldstein,2015-03-06,Unknown,Other,"HE Heraldo Munoz, Chile Foreign Min","HE Heraldo Munoz, Chile Foreign Min",Wooden Chilean Indigenous Statue,Wooden Chilean Indigenous Statue
c4c4408a-e13b-4272-bb38-aaea69f34f17,Andrew Robb,Liberal Party of Australia,Goldstein,2015-03-13,Asset,Real Estate,"Mr Ollanta Humala Tasso, President of the Republic of Peru","Mr Ollanta Humala Tasso, President of the Republic of Peru",Guanaco wool scarf,Guanaco wool scarf in wooden box
20b66ab9-7039-49ad-91e1-78afa4c3ab6b,Andrew Robb,Liberal Party of Australia,Goldstein,2015-03-23,Asset,Real Estate,"Mr Francois Hollande, President of France","Mr Francois Hollande, President of France",Silver plate,Silver plate
9d25fba9-78f6-4b03-a809-bb0451353f66,Andrew Robb,Liberal Party of Australia,Goldstein,2015-06-24,Travel,Other Travel,"Conrad Hotel, Dubai, UAE","Conrad Hotel, Dubai, UAE",Suite Upgrade in Dubai,"Free of charge upgrade to a suite at the Conrad Hotel, Dubai, UAE."
4036a408-a6de-4e75-a63b-414ca06f7c1c,Andrew Robb,Liberal Party of Australia,Goldstein,2015-06-24,Unknown,Other,"Raine and Horne Dubai, UAE","Raine and Horne Dubai, UAE",Montegrappa Natia pen,"Montegrappa Natia pen from Raine and Horne Dubai, UAE."
59d08f59-79e0-41af-8c4e-7fe5bd9c37e8,Andrew Robb,Liberal Party of Australia,Goldstein,2015-06-24,Travel,Other Travel,"Sheraton Kuwait Hotel, Kuwait City, Kuwait","Sheraton Kuwait Hotel, Kuwait City, Kuwait",Suite Upgrade in Kuwait City,"Free of charge upgrade to a suite at the Sheraton Kuwait Hotel, Kuwait City, Kuwait."
09d3cc3b-c510-44ee-a787-6ee557b97652,Andrew Robb,Liberal Party of Australia,Goldstein,2015-06-24,Travel,Other Travel,"St Regis Hotel, Doha, Qatar","St Regis Hotel, Doha, Qatar",Suite Upgrade in Doha,"Free of charge upgrade to a suite at the St Regis Hotel, Doha, Qatar."
68f6b13e-a6b6-4679-9834-879261342ce4,Andrew Robb,Liberal Party of Australia,Goldstein,2015-06-24,Gift,Decorative,"Mr Mohammed Al Quabaisi, Acting DG/Exploration & Production Director ADNOC","Mr Mohammed Al Quabaisi, Acting DG/Exploration & Production Director ADNOC",Commemorative Statue,"Commemorative Statue from Mr Mohammed Al Quabaisi, Acting DG/Exploration & Production Director ADNOC."
ff60f70b-f435-4544-9af5-f10f851a0f06,Andrew Robb,Liberal Party of Australia,Goldstein,2015-06-24,Unknown,Other,"Javier Cordova, Minister for Mining and Dr Rafael Poveo, Minister for Coordination of Strategic sectors, Equador","Javier Cordova, Minister for Mining and Dr Rafael Poveo, Minister for Coordination of Strategic sectors, Equador",Coffee,"Coffee from Javier Cordova, Minister for Mining and Dr Rafael Poveo, Minister for Coordination of Strategic sectors, Equador. Approx Value AUD20."
ceed2695-8c61-4204-ab5b-a8065c088c76,Andrew Robb,Liberal Party of Australia,Goldstein,2015-06-24,Travel,Other Travel,"Peninsular Hotel, Manila, Philippines","Peninsular Hotel, Manila, Philippines",Suite Upgrade in Manila,"Free of charge upgrade to a suite at the Peninsular Hotel, in Manila, Philippines."
9d669f53-672a-4bbb-9475-265ab7faef38,Andrew Robb,Liberal Party of Australia,Goldstein,2015-10-27,Gift,Entertainment,"Stephen Moore and Stephen Larkham, Wallabies","Stephen Moore and Stephen Larkham, Wallabies",Personalised Wallabies World Cup jersey,"Personalised Wallabies World Cup jersey for 2015 Rugby World Cup presented by Stephen Moore and Stephen Larkham, Wallabies. Price Unknown."
9957a1f0-d855-4f56-9e0a-94813ed88a74,Andrew Robb,Liberal Party of Australia,Goldstein,2015-10-27,Gift,Hospitality,"HE Burhan Gafoor, High Commissioner of the Republic of Singapore",High Commissioner of the Republic of Singapore,Ceramic dinnerware set,"Ceramic dinnerware set made by Mudrock on the occasion of the 50th Anniversary of Singapore & 50th Anniversary of Diplomatic Relations presented by HE Burhan Gafoor, High Commissioner of the Republic of Singapore. Price Unknown."
22fdfa1c-69c8-4e31-a8cd-8855993dd5b0,Andrew Robb,Liberal Party of Australia,Goldstein,2015-12-21,Income,Other Income,"Mr Avi Hassan, Chief Scientist of Israel","Mr Avi Hassan, Chief Scientist of Israel",Framed Silver Relief of Jerusalem,"Framed Silver relief of Jerusalem presented by Mr Avi Hassan, Chief Scientist of Israel. Price $71"
9968e04e-b8b9-47f5-8298-3e2ad167ba1d,Andrew Robb,Liberal Party of Australia,Goldstein,2015-12-23,Gift,Other,"Minister Gao Hucheng, Minister for Commerce, China","Minister Gao Hucheng, Minister for Commerce, China",Montblanc Meisterstuck 149 Fountain pen,"Montblanc Meisterstuck 149 Fountain pen presented by Minister Gao Hucheng, Minister for Commerce, China."
cf8b6365-064f-4f35-aba6-10d7dc39f711,Andrew Robb,Liberal Party of Australia,Goldstein,2015-12-23,Asset,Other Asset,"John Short, Aurizon Australia","John Short, Aurizon Australia",Framed original cartoon,"Framed original cartoon by David Rowe, Australian Financial Review presented by John Short, Aurizon Australia. Value $662.41"
f85c78b6-1b80-4104-af17-639a31468e3b,Wyatt Beau Roy,Liberal National Party,Longman,2014-05-05,Travel,Other Travel,Australia/Israel Jewish Affairs Council (AIJAC),Australia/Israel & Jewish Affairs Council (AIJAC),Travel and Hospitality in Israel,"Accommodation, airfares, transfers, and hospitality (self) Israel April/May 2014"
a76880bb-b6cc-41a9-a6da-52df6446be18,Philip Maxwell Ruddock,Liberal Party of Australia,Berowra,2013-12-05,Membership,Other Membership,"Australian Institute of Political Science, The","Australian Institute of Political Science, The",Australian Institute of Political Science Membership,Membership of any organisation
58ea9bbd-5f36-4a5f-a292-4a4429762c53,Philip Maxwell Ruddock,Liberal Party of Australia,Berowra,2013-12-05,Membership,Other Membership,"Eastwood Club, The","Eastwood Club, The",Eastwood Club Membership,Membership of any organisation
fb89e4d4-72c0-43a6-9c8c-a77c8f6b08ef,Philip Maxwell Ruddock,Liberal Party of Australia,Berowra,2013-12-05,Membership,Other Membership,Global Panel Foundation of America and Australia (Advisory Board),Global Panel Foundation of America and Australia (Advisory Board),Global Panel Foundation Membership,Membership of any organisation
8f0a40c1-f1c9-4d65-a099-dc7f46aee0e4,Philip Maxwell Ruddock,Liberal Party of Australia,Berowra,2013-12-05,Membership,Other Membership,Hornsby and District Chamber of Commerce and Industry,Hornsby and District Chamber of Commerce and Industry,Hornsby and District Chamber of Commerce and Industry Membership,Membership of any organisation
ef53e3aa-8cb3-4780-a9ee-3de2f50e98fc,Philip Maxwell Ruddock,Liberal Party of Australia,Berowra,2013-12-05,Membership,Other Membership,"Law Society of NSW, The","Law Society of NSW, The",Law Society of NSW Membership,Membership of any organisation
468a6119-2023-4a8a-a222-0d5939b0b1b0,Philip Maxwell Ruddock,Liberal Party of Australia,Berowra,2013-12-05,Membership,Other Membership,"Sydney Institute, The",Sydney Institute,Sydney Institute Membership,Membership of any organisation
2df8d8dd-aae4-4cb4-bf3f-86e42f216360,Philip Maxwell Ruddock,Liberal Party of Australia,Berowra,2013-12-05,Membership,Other Membership,"Union and University Club, The (Sydney)","Union and University Club, The (Sydney)",Union and University Club Membership,Membership of any organisation
608be6a7-b2bd-49b9-ac9a-f02dcbf25065,Philip Maxwell Ruddock,Liberal Party of Australia,Berowra,2013-12-05,Membership,Professional,"Virgin Australia, The Club",Virgin Australia - The Club,"Virgin Australia, The Club Membership",Membership of any organisation
4183b3e9-3cf5-435d-b9b1-2b18edda39a2,Philip Maxwell Ruddock,Liberal Party of Australia,Berowra,2013-12-05,Membership,Other Membership,"Liberal Party of Australia, New South Wales Division","Liberal Party of Australia, NSW Division",Liberal Party of Australia (NSW) Membership,Membership of Mrs Heather Ruddock
ee07e4b8-5882-4bf3-a71c-f1693279fe39,Philip Maxwell Ruddock,Liberal Party of Australia,Berowra,2013-12-05,Membership,Professional,"Virgin Australia, The Club (member)",Virgin Australia - The Club,Virgin Australia The Club Membership,Membership of Mrs Heather Ruddock
2ecaadf1-eaaa-402b-bd90-6b285f80c2e1,Joanne Ryan,Australian Labor Party,Lalor,2013-11-19,Unknown,Other,Wyndham Track and Field Club,Wyndham Track and Field Club,Patronage of Wyndham Track and Field Club,PATRON - WYNDHAM TRACK AND FIELD CLUB
f52d5f24-c72e-4551-9961-38e4c053def5,Fiona Scott,Liberal Party of Australia,Lindsay,2013-12-09,Gift,Other,Australian Subscription Television and Radio Association,Australian Subscription Television and Radio Association,Complimentary TV subscription for electorate office,Complimentary TV subscription for electorate office in Penrith
88b512a1-d645-4fb3-9ad5-ba3222717615,Fiona Scott,Liberal Party of Australia,Lindsay,2014-07-04,Membership,Professional,Ian and Kathryn Garton,Ian and Kathryn Garton,Panthers Chairman's Lounge Ticket,One complimentary ticket to Chairman's lounge at Centrebet Stadium to attend a Panthers Home game against the Dragons.
c4da93c6-9184-4640-b62e-fb12d8df0cf4,Fiona Scott,Liberal Party of Australia,Lindsay,2014-09-17,Gift,Entertainment,"BROTHERS, Penrith Junior Rugby League Club","BROTHERS, Penrith Junior Rugby League Club",Complimentary ticket to Sports Luncheon,Complimentary ticket to the 19th Annual Sports Luncheon (valued at $110)
2597b00d-2952-4e68-b285-59ca56879bb5,William Shorten,Australian Labor Party,Maribyrnong,2013-12-09,Travel,Other Travel,"Qantas, Virgin","Qantas, Virgin","Membership of Qantas Chairman's Lounge & Virgin ""The Club""","Complimentary membership of Qantas Chairman's Lounge, Complimentary membership of Virgin ""The Club"""
09ecb9ff-430d-40a2-8e11-97740f982255,William Shorten,Australian Labor Party,Maribyrnong,2013-12-09,Unknown,Other,"Battle of 2007 Grange Heritage, Gift from Howard Kiangnio. Donated to Endeavour Foundation for Raffle","Battle of 2007 Grange Heritage, Gift from Howard Kiangnio. Donated to Endeavour Foundation for Raffle",Battle of 2007 Grange Heritage Gift,Gifts
3c4b15aa-8d13-45f7-8e06-5bac3b3abc67,William Shorten,Australian Labor Party,Maribyrnong,2013-12-09,Travel,Other Travel,"Virgin, Qantas, Etihad","Virgin, Qantas, Etihad",Domestic & International Flight Upgrades to Business Class,"Domestic Flight Upgrades to Business Class - Virgin: 20.8.13 (x2), 22.9.13 23.9.13 (family), 4.10.13 (x2), 11.11.13 (x2 family); International flight upgrades to business class: Qantas - Melbourne/Dubai 27.10.13, Etihad - Abu Dhabi/Melbourne 28.10.13"
82398e15-77c6-4658-ba76-0010f98592f2,William Shorten,Australian Labor Party,Maribyrnong,2013-12-10,Asset,Real Estate,"Dr Chau of Kingold Group, Vice President of the Republic of Indonesia","Dr Chau of Kingold Group, Vice President of the Republic of Indonesia","Tie, Fragrances, Business Card Holder, Silk Prints","Tie, Gift Box of Fragrances, Leather Business Card Holder 05.12.13 from Dr Chau of Kingold Group (Donated to Albion North Primary School as prizes). Print on Silk x 2 from Vice President of the Republic of Indonesia 10.12.13"
3a3f4829-6c67-4ba2-8e4f-0c1b1b375540,William Shorten,Australian Labor Party,Maribyrnong,2014-02-20,Travel,Other Travel,"Virgin, Slater & Gordon (UK) LLP","Virgin, Slater & Gordon (UK) LLP",Family Flight Upgrade to Business Class,"Family Flight Upgrade to Business Class, Brisbane to Melbourne, Virgin: 23.01.14 (Bill and Chloe). My wife Chloe, Melb/Paris/London/Melb 26.01.14 - 02.02.14 from Slater & Gordon (UK) LLP."
b9d69a7c-66a9-4fe0-9ab7-6bbb3d63335d,William Shorten,Australian Labor Party,Maribyrnong,2014-06-24,Gift,Entertainment,"Opera Australia, Essendon Football Club","Opera Australia, Essendon Football Club",Tickets to Opera Australia and Essendon Football Club,"Tickets x 2 Opera Australia “The King and I"" 14.06.14; 2 x tickets Essendon Football Club - Dreamtime function and match 31.05.14"
55fb30cb-acb3-4127-8002-1f14fc2bfac0,William Shorten,Australian Labor Party,Maribyrnong,2014-10-23,Travel,Other Travel,"Toyota, AFL","Toyota, AFL",Tickets to Toyota AFL Grand Final AFL Commission Luncheon,2 x complimentary tickets to the 2014 Toyota AFL Grand Final AFL Commission Luncheon @ the MCG 27.09.14
17685a60-959e-4e10-9951-16e90522520c,William Shorten,Australian Labor Party,Maribyrnong,2014-12-12,Asset,Real Estate,"President U Thein Sein of Myanmar, President Xi Jinping of the People's Republic of China","President U Thein Sein of Myanmar, President Xi Jinping of the People's Republic of China",Artwork and Vase,"Artwork from President U Thein Sein of Myanmar, Gift of a Vase from President Xi Jinping of the People's Republic of China 17.11.14"
1478bb29-7002-4442-baac-85f1a3db0784,William Shorten,Australian Labor Party,Maribyrnong,2014-12-12,Membership,Professional,"Virgin Australia Airlines, Qantas Australia Airlines","Virgin Australia Airlines, Qantas Australia Airlines",Virgin Australia 'The Club' and Qantas 'The Chairmans Lounge' Memberships,My wife and I received renewed memberships to 'The Club' of Virgin Australia Airlines and 'The Chairmans Lounge' of Qantas Australia Airlines
6e5a853f-4116-450f-9226-9f06a01dc738,William Shorten,Australian Labor Party,Maribyrnong,2015-02-18,Travel,Other Travel,"Qantas, Emirates, Linfox","Qantas, Emirates, Linfox",Upgrade from Business Class to First Class,I received an upgrade from business class to first class by Qantas for travel Melb/Dubai 26.01.15 & an upgrade from business class to first class by Emirates from Dubai/Melb 07.01.15. Flight Sydney/Melbourne 04.02.15 for my wife and I on Linfox plane.
1be761d9-8c01-4653-a13a-e2daf87361cf,William Shorten,Australian Labor Party,Maribyrnong,2015-06-19,Asset,Other Asset,"Charles Bilich, Mr Xiangmo Huang, International Department CPC Central Committee","Charles Bilich, Mr Xiangmo Huang, International Department CPC Central Committee","Artwork, Grange Wine, Scarves, Tie, Toy Pandas, Ram Figurine","Artwork in chalk from artist Charles Bilich, Bottle of 2002 Grange from Mr Xiangmo Huang donated to Women's Health West in my electorate, Two silk scarves and one silk tie for myself and my wife and toy pandas for my children from the International Department CPC Central Committee, Plinth with a figurine of a Ram symbolising Chinese Year of the Ram from Greater Western Sydney Chinese Community"
2362be4f-f562-4ec7-8b0c-da89a728d908,William Shorten,Australian Labor Party,Maribyrnong,2015-06-19,Travel,Other Travel,"Fortescue Metals Group, International Department of the CCCP, Qantas","Fortescue Metals Group, International Department of the CCCP, Qantas",Accommodation and Flight Upgrade to Business Class,"Two nights' accommodation in China for my wife and I, provided by Fortescue Metals Group, Accommodation upgrade at the Grand Hyatt Hotel Beijing, Meals and transport provided to my wife and I in China by the International Department of the CCCP, Accommodation upgrade at East Hotel Canberra for two nights, Accommodation upgrade at the Park Royal Hotel Brisbane for one night, Flight upgrade to Business Class by Qantas Canberra/Brisbane & Brisbane/Canberra"
80737314-fa5b-4cd5-84ff-ae6e984db876,William Shorten,Australian Labor Party,Maribyrnong,2015-08-20,Gift,Entertainment,"Parliamentary Press Gallery, Melbourne Football Club, Various artists","Parliamentary Press Gallery, Melbourne Football Club, Various artists","Tickets, Artwork, and Scroll",Two tickets to the Parliamentary Press Gallery Mid Winter Ball from the Parliamentary Press Gallery. One ticket from Melbourne Football Club to Collingwood v Melbourne AFL Match. Chinese Calligraphy Poem Scroll Artwork from artist Mr. Zi Li Yao. Painting from artist Gail Mabo. Two tickets to opening night for the Winter Masterpieces from the Hermitage exhibition from the National Gallery of Victoria (NGV).
772ccb55-b7e1-4bd2-b60c-c05595b02aaa,William Shorten,Australian Labor Party,Maribyrnong,2015-08-20,Unknown,Other,"Arnold Bloch Leibler (Lawyers), Mr A J Myers AO QC and Mr N Clelland QC","Arnold Bloch Leibler (Lawyers), Mr A J Myers AO QC and Mr N Clelland QC",Pro bono legal advice,"I am receiving pro bono legal advice from Arnold Bloch Leibler (Lawyers). Mr A J Myers AO QC and Mr N Clelland QC have provided discounted services as Counsel and have been assisted by Mr R A Finkelstein QC, Mr G Kozminsky, Mr M Hosking and Ms SM Kelly as Counsel, also on a discounted basis."
5e31eecc-fe4a-4b6c-9019-da2a4143857c,William Shorten,Australian Labor Party,Maribyrnong,2015-10-20,Travel,Other Travel,"Fraser Suites, Royal on the Park, ALP National Secretariat","Fraser Suites, Royal on the Park, ALP National Secretariat",Accommodation Upgrades & Business class flights,Accommodation upgrades - Fraser Suites Perth (3 nights). Accommodation upgrade - Royal on the Park Brisbane (1 night). Business class flights Melbourne/Perth for my wife and daughter provided by ALP National Secretariat on 11.09.15.
fa149674-7159-450a-9ec0-c57a78e09355,William Shorten,Australian Labor Party,Maribyrnong,2015-10-20,Unknown,Other,"Arnold Bloch Leibler (Lawyers), Mr A J Myers AO QC and Mr N Clelland QC","Arnold Bloch Leibler (Lawyers), Mr A J Myers AO QC and Mr N Clelland QC",Pro bono legal advice,"I am receiving pro bono legal advice from Arnold Bloch Leibler (Lawyers). Mr A J Myers AO QC and Mr N Clelland QC have provided discounted services as Counsel and have been assisted by Mr R A Finkelstein QC, Mr G Kozminsky, Mr M Hosking and Ms SM Kelly as Counsel, also on a discounted basis."
574ae7c7-aa00-426a-84df-e46ebdcdd54d,William Shorten,Australian Labor Party,Maribyrnong,2016-02-22,Unknown,Other,"Arnold Bloch Leibler (Lawyers), Mr A J Myers AO QC and Mr N Clelland QC","Arnold Bloch Leibler (Lawyers), Mr A J Myers AO QC and Mr N Clelland QC",Pro bono legal advice,"I am receiving pro bono legal advice from Arnold Bloch Leibler (Lawyers), Mr A J Myers AO QC and Mr N Clelland QC have provided discounted services as Counsel and have been assisted by Mr R A Finkelstein QC, Mr G Kozminsky, Mr M Hosking and Ms SM Kelly as Counsel, also on a discounted basis."
0a40d1f5-31b6-43c6-9563-51bd49ef2357,Luke Simpkins,Liberal Party of Australia,Cowan,2013-12-04,Liability,Mortgage,"ING bank, Commonwealth bank","ING bank, Commonwealth bank",Mortgage,Self: Mortgage
d2dcc7c2-20eb-436f-ae22-74c111564e9b,Luke Simpkins,Liberal Party of Australia,Cowan,2013-12-04,Liability,Mortgage,"ANZ, Commonwealth bank",Commonwealth bank,Mortgage,Spouse: Mortgage
964e8cc0-275e-4d38-9807-736a18a2e283,Luke Simpkins,Liberal Party of Australia,Cowan,2013-12-04,Asset,Other Asset,"ING, Commonwealth bank.",Commonwealth bank,Joint Savings Account,Self: Joint savings account
4cd6db39-b49e-4bc8-9bc1-97bec64ad218,Luke Simpkins,Liberal Party of Australia,Cowan,2013-12-04,Asset,Other Asset,"Westpac, Commonwealth bank.","Westpac, Commonwealth bank.",Joint Savings Account,Spouse: Joint savings account
1a3d6e2e-c522-4a3e-b5d1-e9c38b59c381,Anthony David Hawthorn Smith,Liberal Party of Australia,Casey,2013-12-10,Membership,Professional,"Qantas, Virgin Australia, Foxtel","Qantas, Virgin Australia, Foxtel, ASTRA","Qantas Chairman's Lounge, Virgin Australia Platinum & Foxtel Services","Complimentary Qantas Chairman's Lounge membership, Complimentary Platinum Membership - Virgin Australia, Complimentary Foxtel Services to Electorate Office"
1de3cd83-38dd-48d2-bb3b-9f4f4166c5c6,Anthony David Hawthorn Smith,Liberal Party of Australia,Casey,2013-12-10,Gift,Entertainment,"Carlton Football Club, MCC Members, RACV, Liberal Party of Australia, Pontiac Car Club of Australia, Union-University and Schools Club, Sydney, Life Member, Melbourne University Liberal Club, Croydon Sub-Branch RSL, Eastwood Golf Club, Croydon Chamber of Commerce","Carlton Football Club, MCC Members, RACV, Liberal Party of Australia, Pontiac Car Club of Australia, Union-University and Schools Club, Sydney, Life Member, Melbourne University Liberal Club, Croydon Sub-Branch RSL, Eastwood Golf Club, Croydon Chamber of Commerce",Memberships and Affiliations,"Carlton Football Club, MCC Members, RACV, Liberal Party of Australia (Victorian Division), Pontiac Car Club of Australia, Union-University and Schools Club, Sydney, Life Member, Melbourne University Liberal Club, Croydon Sub-Branch RSL, Honorary Member of Eastwood Golf Club, Croydon Chamber of Commerce"
4b27aead-6919-4b2f-8547-57069f7d9b3e,Warren Snowdon,Australian Labor Party,Lingiari,2013-12-10,Asset,Other Asset,"WESTPAC, CBA, NT Credit Union","WESTPAC, CBA, NT Credit Union",Savings and Line of Credit,"Savings with spouse, Line of Credit with spouse; Savings with spouse, Savings; Savings, Savings CBA"
77ff6b7c-89cc-42cd-9584-3ce28b1ab8fd,Warren Snowdon,Australian Labor Party,Lingiari,2013-12-10,Gift,Entertainment,"Australian Education Union, UNICEF, World Vision","Australian Education Union, UNICEF, World Vision",Membership,"Member, Kiwi Rugby Union Club, Friends of Rugby; CANSTEL, Australian Education Union, ACEL"
ddb92570-4b06-40e0-a0fd-14b0d1e0cddf,Warren Snowdon,Australian Labor Party,Lingiari,2014-05-29,Unknown,Other,Hong Kong Economic + Trade office,Hong Kong Economic + Trade office,Compendium,A compendium received from the Hong Kong Economic + Trade office Government of the Hong Kong Special Administrative region. Value of this compendium is unknown.
c291a426-47ef-4a17-bdc4-7087acf07282,Andrew John Southcott,Liberal Party of Australia,Boothby,2015-07-10,Travel,Other Travel,"Global Fund to fight AIDS, Tuberculosis and Malaria","Global Fund to fight AIDS, Tuberculosis and Malaria","Flights, accommodation and travel within Vietnam","Flights to, accommodation in, and travel within Vietnam provided by the Global Fund to fight AIDS, Tuberculosis and Malaria (1-4 July)"
2ca68c20-ffa1-4fae-a133-b918ac48f0da,Andrew John Southcott,Liberal Party of Australia,Boothby,2015-11-27,Asset,Other Asset,Asgard/St George,Asgard/St George,Domestic Cash Account,Domestic cash account with Asgard/St George.
7bfeb270-8de1-4ca8-8c07-fc24bc4d0d0c,Andrew John Southcott,Liberal Party of Australia,Boothby,2015-11-27,Asset,Shares,P/ASX Dividend Opportunities ETF,P/ASX Dividend Opportunities ETF,Shares,Shares in iShare S&P/ASX Dividend Opportunities ETF
9827cbc1-bd81-435b-869f-d78fe732871e,Sharman Nancy Stone,Liberal Party of Australia,Nicholls,2015-11-20,Travel,Other Travel,Taipei Economic and Cultural office in Australia,Taipei Economic and Cultural office in Australia,"Business class airfares, ground transport and accommodation","Travel to Taiwan, Taipei Economic and Cultural office in Australia provided business class airfares, ground transport and accommodation 27 August – 2 September 2015"
6ddbe238-7471-4afa-824a-870a7c2a0f2d,Michael Sukkar,Liberal Party of Australia,Deakin,2014-04-11,Unknown,Other,Tapei Economic and Cultural Office,Taipei Economic and Cultural Office,Ceramic Tea Holder,"Ceramic Tea Holder, Melbourne, Value unknown"
f4b525a5-dd13-47e3-9205-728aac17ce01,Wayne Maxwell Swan,Australian Labor Party,Lilley,2013-12-09,Membership,Other Membership,COMMUNITY AND PUBLIC SECTOR UNION (CPSU),COMMUNITY AND PUBLIC SECTOR UNION (CPSU),Spouse's COMMUNITY AND PUBLIC SECTOR UNION (CPSU) Membership,COMMUNITY AND PUBLIC SECTOR UNION (CPSU) (Spouse)
4b6cac9b-5e42-46a3-a014-fa2987004b7e,Wayne Maxwell Swan,Australian Labor Party,Lilley,2015-05-08,Travel,Other Travel,Garuda and Virgin airlines,Garuda and Virgin airlines,Return Business Airfares to Jakarta,"Accepted return business airfares to Jakarta, Indonesia, flying Garuda and Virgin airlines, to attend the Asia-Pacific High-Level Consultation on Financing for Development. This included private transfers to and from the airport in Jakarta."
bbd970ea-7e57-4324-83ea-67d730154fe0,Wayne Maxwell Swan,Australian Labor Party,Lilley,2015-07-21,Travel,Other Travel,Singapore and Ethiopian Airlines and Thai Airways,Singapore and Ethiopian Airlines and Thai Airways,Return Business Airfares to Addis Ababa,"Accepted return business airfares to Addis Ababa, Ethiopia, from United Nations Economic and Social Commission for Asia and the Pacific (ESCAP), flying Singapore and Ethiopian Airlines and Thai Airways, to attend the Third International Conference on Financing for Development. This included private transfers to and from the airport in Addis Ababa."
6449deb1-ae0c-43bd-b076-d9c0a11b90b0,Angus Taylor,Liberal Party of Australia,Hume,2013-12-09,Unknown,Other,"St Andrew's College, University of Sydney, College Council","St Andrew's College, University of Sydney, College Council",College Council Membership,"St Andrew's College, University of Sydney, College Council"
a771b571-a520-4d25-9314-321c5b4c8c98,Angus Taylor,Liberal Party of Australia,Hume,2013-12-09,Unknown,Other,Goulburn And District Education Foundation,Goulburn and District Education Foundation,Education Foundation Membership,Goulburn And District Education Foundation - Spouse
6368892d-55a9-4024-b1a4-2442cf0a2ea8,Angus Taylor,Liberal Party of Australia,Hume,2013-12-09,Gift,Entertainment,Goulburn junior rugby and cricket clubs,Goulburn junior rugby and cricket clubs,Gift,Goulburn junior rugby and cricket clubs - Dependent Children
0ab2b5f8-7477-4f9e-af63-944ecb1a7aa9,Daniel Tehan,Liberal Party of Australia,Wannon,2013-12-17,Asset,Other Asset,NAB / ANZ / Macquarie Bank,NAB / ANZ / Macquarie Bank,Savings Accounts,Self - Savings Accounts
47e29e44-9b79-4ecd-bd7d-908744facee4,Daniel Tehan,Liberal Party of Australia,Wannon,2014-05-11,Travel,Other Travel,Republic of China (Taiwan) / Taipei Economic and Cultural Office in Australia,Republic of China (Taiwan) / Taipei Economic and Cultural Office in Australia,"Sponsored Travel, Accommodation and Meals to Taiwan","Sponsored travel (business class), accommodation and meals for an Australian parliamentary visit to Taiwan from 2-6 May 2014. Departure from Melbourne on 1 May 2014 and return to Melbourne on 7 May 2014"
c8dd1aae-f29a-4add-be67-de008be4f925,Daniel Tehan,Liberal Party of Australia,Wannon,2014-11-04,Gift,Hospitality,"Victoria Racing Club, Emirates and CGU Insurance.","Victoria Racing Club, Emirates and CGU Insurance.",AAMI Victoria Derby Day Hospitality,"Hospitality - Attendance for self and spouse at AAMI Victoria Derby Day on Saturday, 1 November 2014."
cdd3449b-8292-484a-9549-6a56d73dff56,Daniel Tehan,Liberal Party of Australia,Wannon,2015-02-05,Gift,Entertainment,Cricket Australia and Herald Sun,Cricket Australia and Herald Sun,Big Bash League Final Ticket and Hospitality,"Attendance at Big Bash League Final held at Manuka Oval, Canberra on 28 January 2015. Hospitality. KFC T20 Big Bash League Final"
8e9cf0ab-5c73-48a9-b4f4-28e9bab9939a,Daniel Tehan,Liberal Party of Australia,Wannon,2015-11-04,Gift,Hospitality,"Victoria Racing Club, Emirates and Crown Resorts","Victoria Racing Club, Emirates and Crown Resorts",AAMI Victoria Derby Day Hospitality,"Hospitality- Attendance for self and brother at AAMI Victoria Derby Day on Saturday, 31 October 2015"
8623a787-b333-468e-bfd8-46b1f20b55c1,Daniel Tehan,Liberal Party of Australia,Wannon,2016-01-29,Travel,Other Travel,Save the Children Australia/Bill and Melinda Gates Foundation,"Save the Children Australia, Gates Foundation","Sponsored Travel, Accommodation and Meals for Cambodia Learning Tour","Sponsored travel*, accommodation and meals for self and son for a visit to Cambodia as participants in The Australian Aid and Parliament Project Learning tour to Cambodia, delivered by Save the Children Australia, made possible by a grant from the Bill and Melinda Gates Foundation."
cea10900-27e2-45ab-b730-1bd29dbece3e,Matthew Thistlethwaite,Australian Labor Party,Kingsford Smith,2014-11-07,Travel,Other Travel,Global Alliance for Vaccines and Immunisation,Global Alliance for Vaccines and Immunisation,"Flights, Accommodation & Meals to Laos","Flights, accommodation & meals to Laos from 06.10.14 to 10.10.14 provided by the Global Alliance for Vaccines and Immunisation"
267ad4d4-44c1-4514-b201-32bd1e9d07fd,Matthew Thistlethwaite,Australian Labor Party,Kingsford Smith,2015-05-31,Unknown,Other,Taipei Economic and Cultural Office in Australia,Taipei Economic and Cultural Office,Hand painted tea set & plate,1 x hand painted tea set & plate provided by the Taipei Economic and Cultural Office in Australia
1b521593-3163-4166-af2b-e9d7cfcd0648,Matthew Thistlethwaite,Australian Labor Party,Kingsford Smith,2015-05-31,Unknown,Other,Taipei Economic and Cultural Office in Australia,Taipei Economic and Cultural Office,Ceramic vase,1 x ceramic vase provided by the Taipei Economic and Cultural Office in Australia
05e368c5-2e3e-4a8c-a0b4-112084f1908e,Kelvin John Thomson,Australian Labor Party,Wills,2013-12-03,Asset,Other Asset,"Bendigo Bank, Australian National Credit Union (C.U.A), Members Equity (M.E.)","Bendigo Bank, Australian National Credit Union (C.U.A), Members Equity (M.E.)",Savings Account and Mortgage Offset Account,"Savings account, Mortgage offset account"
acc89efc-3110-459d-9501-d7dd3d3c709f,Kelvin John Thomson,Australian Labor Party,Wills,2013-12-03,Travel,Other Travel,"Bully Zero Australia Foundation, Hugh Middendorp","Bully Zero Australia Foundation, Hugh Middendorp",Bully Zero Australia Foundation Dinner Attendance,Donation to Bully Zero Australia Foundation by Hugh Middendorp which enabled my partner Kerry and I to attend Foundation dinner.
681cb6ce-9d6a-4b24-af4f-4e8898991041,Kelvin John Thomson,Australian Labor Party,Wills,2013-12-03,Asset,Real Estate,"Hugh Middendorp, Victoria First","Hugh Middendorp, Victoria First",Donation for NGO Establishment,"Donation by Hugh Middendorp to cover establishment costs of non-government organisation Victoria First, of which I am President, (no conflict with my public duties is foreseen)."
34ec45bd-74f4-4d73-a364-1962be8bb1e0,Warren Errol Truss,Liberal National Party,Wide Bay,2014-03-03,Gift,Entertainment,Cricket Australia and Cricket Victoria,Cricket Australia and Cricket Victoria,Attendance to Ashes Cricket Test in Melbourne,Guests of Cricket Australia and Cricket Victoria at the Australia -v- England Ashes Cricket Test in Melbourne on 26 and 27 December
b7a8509f-1b18-49b9-99d9-03f856c72eee,Warren Errol Truss,Liberal National Party,Wide Bay,2014-07-14,Gift,Entertainment,ARU and RACQ,ARU and RACQ,Attendance to Australia France Rugby Union Test in Brisbane,Attended Australia France Rugby Union Test in Brisbane 7-6-14 as guest of ARU and RACQ
631290ef-74e7-4596-92f5-b606aab0cbb5,Warren Errol Truss,Liberal National Party,Wide Bay,2015-06-23,Gift,Entertainment,National Rugby League and Queensland Rugby League,National Rugby League and Queensland Rugby league,Attendance to ANZAC Test Match in Brisbane,"Attended the ANZAC Test Match in Brisbane as a guest of the National Rugby League and Queensland Rugby League, where I presented the Player of the Match Award on 3 May"
3fafaff0-a7af-4360-8881-5559c6e9e163,Warren Errol Truss,Liberal National Party,Wide Bay,2015-07-16,Gift,Entertainment,National Rugby League and Queensland Rugby league,National Rugby League and Queensland Rugby league,Attendance to NRL Origin Game 3 in Brisbane,Guests of National Rugby League and Queensland Rugby league for Game 3 of the NRL Origin in Brisbane on 8 July.
d5be6802-c0ac-4a39-bb16-a9fe329eb99d,Warren Errol Truss,Liberal National Party,Wide Bay,2016-02-08,Gift,Entertainment,Queensland Cricket and Cricket Australia,Cricket Australia and New Zealand Cricket,Attendance to One Day International Match in Brisbane,Guest of Queensland Cricket and Cricket Australia for a One Day International Match in Brisbane on 15 January.
0f4714d5-595f-44c2-8d7d-448446b0a742,Alan Tudge,Liberal Party of Australia,Aston,2013-12-04,Asset,Other Asset,"ING, ANZ","ING, ANZ","Savings Account, Cheque Account, Superannuation","ING, Savings a/c with ING. Cheque. Super"
e5c0a5b7-9c00-4c07-b22b-e5290bcad208,Alan Tudge,Liberal Party of Australia,Aston,2013-12-19,Travel,Other Travel,"Mr Andrew Forrest, Fortescue Metals","Mr Andrew Forrest, Fortescue Metals",Flights and accommodation Perth-Port Hedland-Christmas Creek-Perth,"Flights from Perth to Port Hedland, Port Hedland to Christmas Creek and Christmas Creek to Perth. Overnight accommodation at Christmas Creek. 14th & 15th October 2013"
5c2f32ee-b3ab-4d0b-8a81-7c0cb2e94e7d,Malcolm Turnbull,Liberal Party of Australia,Wentworth,2013-12-09,Asset,Trust,"Pokana Pty Limited, Trustee of Superannuation Fund","Pokana Pty Limited, Trustee of Superannuation Fund",Beneficial Interest in Superannuation Fund,"Beneficial Interest - Yes, Self"
84c6b57e-277d-4066-95f9-147178951d8c,Malcolm Turnbull,Liberal Party of Australia,Wentworth,2013-12-09,Asset,Trust,"Pokana Pty Limited, Trustee of Superannuation Fund","Pokana Pty Limited, Trustee of Superannuation Fund",Beneficial Interest in Superannuation Fund,"Beneficial Interest - Yes, Spouse"
f2014e8a-8d4e-4edc-9805-dd98216340f3,Malcolm Turnbull,Liberal Party of Australia,Wentworth,2014-05-26,Asset,Other Asset,GPRIX and Elbrook Offshore Fund,GPRIX and Elbrook Offshore Fund,Shares,Item 7:- GPRIX and Elbrook Offshore Fund (self and spouse) -ADDITION
0e542805-9b49-41aa-a7a2-fe2b91cce91a,Malcolm Turnbull,Liberal Party of Australia,Wentworth,2014-05-26,Membership,Other Membership,"Biennale of Sydney, Advisory Panel on Capital City Infrastructure, Expert Panel on Constitutional Recognition of Local Government, Integrated Design Strategy Expert Panel, Sydney Metropolitan Development Authority","Biennale of Sydney, Advisory Panel on Capital City Infrastructure, Expert Panel on Constitutional Recognition of Local Government, Integrated Design Strategy Expert Panel, Sydney Metropolitan Development Authority",Multiple Advisory Panel Memberships,Item 4: Biennale of Sydney; Advisory Panel on Capital City Infrastructure; Expert Panel on Constitutional Recognition of Local Government; Integrated Design Strategy Expert Panel; Sydney Metropolitan Development Authority (Spouse) -DELETION
4299c534-b842-4dd9-b9b5-b92ba899d90d,Malcolm Turnbull,Liberal Party of Australia,Wentworth,2014-06-08,Asset,Other Asset,"Bowery Opportunity Fund, CVC Global Credit Opportunity Fund","Bowery Opportunity Fund, CVC Global Credit Opportunity Fund",Shares,"Item 7:- Bowery Opportunity Fund (self and spouse), CVC Global Credit Opportunity Fund (self and spouse) -ADDITION"
5a48f138-aa4c-46d9-afc4-9d20cad0bea3,Malcolm Turnbull,Liberal Party of Australia,Wentworth,2014-07-05,Asset,Other Asset,"SGIIX, MSD Energy Partners Ltd, MSD Torchlight Partners Ltd, VGT, VIG","SGIIX, MSD Energy Partners Ltd, MSD Torchlight Partners Ltd, VGT, VIG",Shares,"Item 7:- SGIIX (self), MSD Energy Partners Ltd (self), MSD Torchlight Partners Ltd (self), VIG (self), VGT (self) - ADDITION"
8158b24f-b800-43bb-9488-c1a4fadfc5c9,Malcolm Turnbull,Liberal Party of Australia,Wentworth,2015-01-19,Asset,Other Asset,"Zebedee Growth Fund, Brookfield Wells Street Offshore Fund","Zebedee Growth Fund, Brookfield Wells Street Offshore Fund",Shares,"Item 7:- Zebedee Growth Fund (self), Brookfield Wells Street Offshore Fund (self) - ADDITION"
912060ce-1fbb-4a60-ab97-dae076a535da,Malcolm Turnbull,Liberal Party of Australia,Wentworth,2015-01-29,Unknown,Other,Gold Coast Mayor's Arts and Culture Reference Group,Gold Coast Mayor's Arts and Culture Reference Group,Arts and Culture Reference Group Appointment,Item 14:- Appointment to Gold Coast Mayor's Arts and Culture Reference Group (spouse) - ADDITION
52855f5a-0c13-46d6-a9e5-5677b89e155c,Malcolm Turnbull,Liberal Party of Australia,Wentworth,2015-06-16,Asset,Other Asset,"3G Natural Resources Offshore Fund, GYLD, DBJP","3G Natural Resources Offshore Fund, GYLD, DBJP",Shares,"Item 7:- 3G Natural Resources Offshore Fund (self), GYLD (Wilcrow), DBJP (self) - ADDITION"
8f3ba4d2-eb60-4f27-8c9e-ee04ecab78b2,Malcolm Turnbull,Liberal Party of Australia,Wentworth,2015-07-14,Asset,Other Asset,"MICSX, VGK","MICSX, VGK",Shares,"Item 7:- MICSX (self and spouse), VGK (Wilcrow Pty Ltd) - DELETION"
1ca86d40-6398-485c-9a01-d696acbebcb2,Malcolm Turnbull,Liberal Party of Australia,Wentworth,2015-11-12,Unknown,Other,"Pillemer Pty Ltd, Revo Pty Ltd","Pillemer Pty Ltd, Revo Pty Ltd","Shares Pillemer Pty Ltd, Shares Revo Pty Ltd","Item 9:- Pillemer Pty Ltd (self & spouse), Revo Pty Ltd (self & spouse) -DELETION"
6f141c1c-011b-4a8e-978d-25f6e71f683c,Malcolm Turnbull,Liberal Party of Australia,Wentworth,2015-12-23,Membership,Other Membership,"The Committee for Sydney, Australian Technology Park Precinct Management Ltd, United States Study Centre","The Committee for Sydney, Australian Technology Park Precinct Management Ltd, United States Study Centre",Committee for Sydney Membership,Item 4:- The Committee for Sydney (spouse) Australian Technology Park Precinct Management Ltd (spouse) United States Study Centre (spouse) - DELETION
2d7ad672-37f6-408b-9277-cd742167e078,Malcolm Turnbull,Liberal Party of Australia,Wentworth,2016-02-10,Unknown,Other,"Gold Coast Mayors Arts and Culture Reference Group, Australia-German Advisory Group","Gold Coast Mayors Arts and Culture Reference Group, Australia-German Advisory Group",Advisory Group Membership,"Item 14:- Gold Coast Mayors Arts and Culture Reference Group (spouse), Australia-German Advisory Group (spouse) -DELETION"
c2c1d17b-7746-4312-9848-5641cb381f2a,Malcolm Turnbull,Liberal Party of Australia,Wentworth,2016-02-10,Gift,Other Gift,"Romeo and Julieta Cigars, West Indies Cricket Team","Romeo and Julieta Cigars, West Indies Cricket Team","Box of Romeo and Julieta Cigars, Framed West Indies Cricket Team Jersey","Box of 25 Romeo and Julieta Cigars valued at $940.00, Framed and signed West Indies Cricket Team Jersey valued at $495.00 -ADDITION"
2bd1a8ac-cbd6-4ffd-95ac-4cbd061169bb,Nickolas Varvaris,Liberal Party of Australia,Barton,2013-12-10,Liability,Credit,"AM2, CBA, HSBC, WESTPAC, NAB, AMEX, CITIBANK, DAVID JONES, NATIONAL AUSTRALIA BANK","AM2, CBA, HSBC, WESTPAC, NAB, AMEX, CITIBANK, DAVID JONES, NATIONAL AUSTRALIA BANK",Credit Cards,Credit Cards
0dc5f30c-0b40-441c-88c4-7c717ab43b6a,Nickolas Varvaris,Liberal Party of Australia,Barton,2013-12-10,Asset,Other Asset,CITIBANK US A/c,CITIBANK US A/c,Savings Account,Savings
84512fc2-83bd-40c7-b8cb-c22aa15dfdf0,Nickolas Varvaris,Liberal Party of Australia,Barton,2013-12-10,Asset,Other Asset,CITIBANK GREECE A/c,CITIBANK GREECE A/c,Savings Account,Savings
56d1786f-cdb8-4e8e-83ad-5e125f9ab67a,Nickolas Varvaris,Liberal Party of Australia,Barton,2013-12-10,Asset,Other Asset,BANK OF CHINA - CHINA A/c,BANK OF CHINA - CHINA A/c,Savings Account,Savings
3eece385-0247-410d-892f-c93761b9b243,Timothy Watts,Australian Labor Party,Gellibrand,2013-09-07,Asset,Other Asset,"HSBC UK, Commonwealth Bank, NAB","HSBC UK, Commonwealth Bank, NAB",Savings Account,"Savings Account, Smart Access Account, Netbank saver account, Savings account (Spouse)"
9071e1f6-f51e-4c75-9527-a440b9962c8d,Timothy Watts,Australian Labor Party,Gellibrand,2014-04-10,Travel,Other Travel,Australian/Israel & Jewish Affairs Council,Australia/Israel & Jewish Affairs Council (AIJAC),Delegation to Israel,"I participated in a delegation to Israel sponsored by the Australian/Israel & Jewish Affairs Council. My flights, accommodation and meals were provided by the Australia/Israel & Jewish Affairs Council."
ab98dad6-d1ea-4d4c-82e8-beaff3a4a60e,Brett David Whiteley,Liberal Party of Australia,Braddon,2013-11-21,Asset,Other Asset,"NAB, Commonwealth, Citibank, B&E Building Society","NAB, Commonwealth, Citibank, B&E Building Society",Personal Bank Account,Personal
9e608384-e509-4fc2-8b58-d920b9e109ef,Brett David Whiteley,Liberal Party of Australia,Braddon,2013-11-21,Asset,Other Asset,"B&E Building Society, MyState","B&E Building Society, MyState",Personal Bank Account,Personal (Spouse)
d642fe17-744e-41e8-9bc4-c5dd622f5b54,Lucy Wicks,Liberal Party of Australia,Robertson,2013-12-10,Unknown,Other,"Central Coast Leagues Club, Gosford","Central Coast Leagues Club, Gosford",Club Membership,"Central Coast Leagues Club, Gosford"
d3a0ae0c-c45e-45fd-9669-34ae2780e514,Lucy Wicks,Liberal Party of Australia,Robertson,2013-12-10,Unknown,Other,"Everglades Country Club, Woy Woy","Everglades Country Club, Woy Woy",Club Membership,"Everglades Country Club, Woy Woy"
fdd07f1f-6cec-45bd-b445-c6b66dd2ba98,Lucy Wicks,Liberal Party of Australia,Robertson,2013-12-10,Unknown,Other,"Easts (Eastern Suburbs Leagues Club Ltd), Woy","Easts (Eastern Suburbs Leagues Club Ltd), Woy Woy",Club Membership,"Easts (Eastern Suburbs Leagues Club Ltd), Woy"
7912487d-e4a9-4e93-a81c-0e124304e28b,Lucy Wicks,Liberal Party of Australia,Robertson,2015-11-20,Unknown,Other,"Breakers Country Club, Wamberal","Breakers Country Club, Wamberal",Club Membership,"Member: Breakers Country Club, Wamberal"
cf510342-1279-4127-839e-d91f2bf41846,Lucy Wicks,Liberal Party of Australia,Robertson,2015-11-20,Unknown,Other,"Erina Leagues Club, Erina","Erina Leagues Club, Erina",Club Membership,"Member: Erina Leagues Club, Erina"
c390b4aa-0461-4002-9f19-aefd217fc2a9,Andrew Wilkie,Independent,Clark,2015-08-11,Travel,Other Travel,Qantas and Virgin Australia,Qantas and Virgin Australia,Occasional Economy to Business Class Upgrades,Occasional upgrades from Economy to Business class travel on Qantas and Virgin Australia.
c6d4c140-a3a2-4560-b2a1-18b4abec9e4a,Andrew Wilkie,Independent,Clark,2015-08-11,Membership,Professional,Qantas and Virgin Australia,Qantas and Virgin Australia,Qantas and Virgin Australia Lounge Membership,"Membership of Qantas and Virgin Australia lounges for ""spouse""."
263744da-87b4-4d46-85b3-280922454658,Andrew Wilkie,Independent,Clark,2015-10-13,Membership,Professional,Qantas and Virgin Australia,Qantas and Virgin Australia,Qantas and Virgin Australia Lounge Membership,"DELETION: Membership of Qantas and Virgin Australia lounges for ""spouse""."
559a5b53-cdca-4524-8f43-e05e63cbeb41,Matthew Philip Williams,Liberal Party of Australia,Hindmarsh,2013-12-10,Membership,Other Membership,"Physioedge, Mile End","Physioedge, Mile End",Physiotherapy Practice Partnership,"Business partner, Physiotherapy practice - Spouse"
03c41aff-52d0-4be5-8ce7-6f3a1ef0d940,Matthew Philip Williams,Liberal Party of Australia,Hindmarsh,2013-12-10,Asset,Shares,"Tripple S Superannuation, AMP Super","Tripple S Superannuation, AMP Super",Superannuation,N/A
5210b215-ee0c-4a84-8f57-04bdb96edaee,Matthew Philip Williams,Liberal Party of Australia,Hindmarsh,2013-12-10,Unknown,Other,Australian Subscription Television and Radio Association,Australian Subscription Television and Radio Association,Pay television subscription,Pay television subscription
3e74f601-787e-4395-b03e-83a0307bb0c8,Richard James Wilson,Liberal Party of Australia,O'Connor,2013-12-09,Asset,Other Asset,"CBA, Macquarie Bank",Macquarie Bank,Savings Accounts,Savings Accounts
8256d70c-8b7c-4491-ac1b-5f37b3b37cb3,Richard James Wilson,Liberal Party of Australia,O'Connor,2013-12-09,Unknown,Other,Pastoralists and Graziers Association,Pastoralists and Graziers Association,Interest,N/A
e8953f4d-ddce-49ae-b2b1-28c02660dd09,Kenneth Wyatt,Liberal Party of Australia,Hasluck,2014-05-07,Travel,Other Travel,Australia/Israel & Jewish Affairs Council,Australia/Israel & Jewish Affairs Council (AIJAC),"Perth-Israel Business Class Airfares, Accommodation & Transport","Rambam Israel Fellowship Program, Study Group Visit to Israel - Return Perth-Israel Business Class Airfares, 4 nights accommodation & on the ground transport in Israel"
ea3c314e-9bc0-4d0a-8194-cf092471ae6a,Kenneth Wyatt,Liberal Party of Australia,Hasluck,2014-05-13,Gift,Decorative,"Province of Bohol, Philippines","Province of Bohol, Philippines",Commemorative key,Commemorative key
7734df7b-265b-40e7-ba9c-a283940382b2,Kenneth Wyatt,Liberal Party of Australia,Hasluck,2014-05-13,Unknown,Other,"Graham Lewis, Constituent","Graham Lewis, Constituent",24 Ct Gold Plated pen,Collectors 24 Ct Gold Plated pen
2c866e96-d93f-4761-8786-d04728a0faaa,Kenneth Wyatt,Liberal Party of Australia,Hasluck,2014-11-27,Income,Other Income,"Department of Health, WA","Department of Health, WA",Bookha (Kangaroo Skins),Bookha (Kangaroo Skins)
2062a9eb-95a3-4c1c-a4f3-acfbcaa9929a,Tony Abbott,Liberal Party of Australia,Warringah,2016-09-27,Liability,Mortgage,AFSH Nominees P/L,AFSH Nominees,Residential Mortgage,Residential Mortgage
1bce5492-881e-4b8a-a053-c92b4f5fdd27,Tony Abbott,Liberal Party of Australia,Warringah,2016-09-27,Liability,Mortgage,AFSH Nominees P/L,AFSH Nominees,Residential Mortgage,Residential Mortgage (Spouse)
db797a0f-5f0e-4b6d-b1ac-79bfc682c74b,Tony Abbott,Liberal Party of Australia,Warringah,2016-09-27,Asset,Other Asset,Commonwealth Bank and HSBC,ANZ and Commonwealth Banks,Bank Accounts,Various Individual and Joint accounts with spouse
4f1e3495-cdcd-46e3-9af6-60881f3f5e19,Tony Abbott,Liberal Party of Australia,Warringah,2016-09-27,Asset,Other Asset,Commonwealth Bank and ANZ,Commonwealth Bank,Savings Accounts,Various Savings accounts (Dependent Children)
92b1dc83-3c76-4fe5-ab32-c3e898440943,Tony Abbott,Liberal Party of Australia,Warringah,2016-09-27,Travel,Other Travel,"AECR, Emirates","AECR, Emirates","Flights, accommodation and incidentals for speech in Prague","Alliance of European Conservatives and Reformists (AECR) invited me to deliver a speech at their recent conference in Prague on 15-18 September 2016. Flights, accommodation and incidentals for my wife and I were met by the AECR. Emirates upgraded my wife and I on a leg from Prague to Dubai."
b59fc961-92a6-4b56-90e8-4f4c3d1453b4,Tony Abbott,Liberal Party of Australia,Warringah,2016-09-27,Asset,Real Estate,"Carers Australia; the Australian Paralympic Team; Royal Flying Doctors Service; medical research into children's leukaemia, breast cancer, diabetes, prostate cancer; the Poche Centre for Indigenous Health at Sydney University; and Ronald McDonald House","Carers Australia; the Australian Paralympic Team; Royal Flying Doctors Service; medical research into children's leukaemia, breast cancer, diabetes, prostate cancer; the Poche Centre for Indigenous Health at Sydney University; and Ronald McDonald House",Funds Raised for Charities,"Over $5,000,000 raised for good causes."
1a69e439-b0d1-4846-af6a-61b24e17665a,Tony Abbott,Liberal Party of Australia,Warringah,2016-09-27,Asset,Other Asset,"Carers Australia, Bear Cottage","Carers Australia, Bear Cottage",Funds Raised for Charities,"In 2016, Pollie Pedal raised over $300,000 for Carers Australia (as my national charity) and $18,240 for Bear Cottage (as my local electorate charity)"
953a84c7-9855-4efa-84c8-6a2e8153681b,Tony Abbott,Liberal Party of Australia,Warringah,2016-09-27,Income,Other Income,"Soldier On, StreetWork Northern Beaches","Soldier On, StreetWork Northern Beaches",Soldier On and StreetWork Beneficiaries,Soldier On and StreetWork Northern Beaches have agreed to be the national and local beneficiaries in 2017
1299b011-3647-422d-999f-5f52d27b8e59,Tony Abbott,Liberal Party of Australia,Warringah,2016-09-27,Unknown,Other,"Michael Wheelahan, Timothy J.F. McEvoy, Arnold Bloch Leibler","Michael Wheelahan, Timothy J.F. McEvoy, Arnold Bloch Leibler",Pro Bono Legal Advice,Received pro bono legal advice in a defamation case brought by Mr John Setka
d97d074e-dccd-42e8-b65e-52ffa2cd4377,Tony Abbott,Liberal Party of Australia,Warringah,2016-11-28,Travel,Other Travel,"Anglicare PNG, Airways Hotel Limited","Anglicare PNG, Airways Hotel Limited","Travel, accommodation and incidentals","Travelled to Port Moresby to address the Anglicare PNG annual fundraising dinner. Anglicare PNG met the cost of travel, while accommodation and incidentals were covered by Airways Hotel Limited."
da3a5a24-f48c-4a48-b93f-d064b714225e,Tony Abbott,Liberal Party of Australia,Warringah,2016-12-22,Travel,Other Travel,"Mohammed bin Rashid Al Maktoum Foundation, Washington Speakers Bureau","Mohammed bin Rashid Al Maktoum Foundation, Washington Speakers Bureau",Costs for attending Knowledge Summit in Dubai,"Invited to attend the Knowledge Summit in Dubai, United Arab Emirates. Costs met by the Foundation and arranged by the Washington Speakers Bureau."
9e1ce8ad-df9d-4264-869a-1e8ce1d8e8f4,Tony Abbott,Liberal Party of Australia,Warringah,2017-02-13,Asset,Real Estate,"Cancer Council, South Australia","Cancer Council, South Australia",Accommodation in Adelaide,"Invited to participate in the Tour Down Under as a part of the 2017 Beat Cancer Tour. One night's accommodation in Adelaide provided by the Cancer Council, South Australia."
5a49af26-7cef-4277-a7af-531dd2cf1413,Tony Abbott,Liberal Party of Australia,Warringah,2017-05-11,Asset,Real Estate,"Carers Australia, the Royal Flying Doctor Service, Ronald McDonald House, Youth Insearch and the Paralympic Games","Carers Australia, the Royal Flying Doctor Service, Ronald McDonald House, Youth Insearch and the Paralympic Games",Funds Raised for Charities,"Over $5,500,000 has been raised for good causes"
ccea61e8-0022-4538-a838-587b3d3f05ec,Tony Abbott,Liberal Party of Australia,Warringah,2017-05-11,Income,Other Income,"Soldier On, Streetwork","Soldier On, Streetwork",Fundraising for Charities,In 2017 Pollie Pedal raised over $410 000 for Soldier On (as my national charity) and over $60 000 for Streetwork (as my local charity)
a1409bb3-55d6-4bb9-a47e-ce9be4470e52,Tony Abbott,Liberal Party of Australia,Warringah,2018-06-13,Asset,Real Estate,"Carers Australia, Royal Flying Doctor Service, Ronald McDonald House, Youth Insearch, Paralympic Games","Carers Australia, the Royal Flying Doctor Service, Ronald McDonald House, Youth Insearch and the Paralympic Games",Funds Raised for Charities,"Over $6,000,000 has been raised for good causes"
b674730a-7959-4ea1-b4c6-1c4faee72aa7,Anthony Albanese,Australian Labor Party,Grayndler,2017-02-15,Gift,Entertainment,Tennis Australia and Emirates,Tennis Australia and Optus,Tickets to the 2017 Australian Open,Tickets to the 2017 Australian Open
5cc4dbed-afc8-486f-9e1a-d054e8b8045e,Anthony Albanese,Australian Labor Party,Grayndler,2017-06-21,Income,Other Income,Leadership Ballarat and Western Region,Leadership Ballarat and Western Region,Notebook,Notebook
f708f2a1-d877-4147-8c3d-51005b946046,Anthony Albanese,Australian Labor Party,Grayndler,2017-07-20,Unknown,Other,Earle Page College and New England Brewing Company,Earle Page College and New England Brewing Company,Engraved Bucket with Beer,Engraved bucket with beer
79730547-78e7-4c3f-9c56-96f2691e81b4,Anthony Albanese,Australian Labor Party,Grayndler,2017-09-14,Asset,Real Estate,"Today Show, Channel Nine","Today Show, Channel Nine",Accommodation at Seaworld,Accommodation at Seaworld
560a4568-e3e7-4eeb-a20e-c93f0d2f973d,Anthony Albanese,Australian Labor Party,Grayndler,2018-10-30,Gift,Hospitality,The Australian and the Melbourne Institute,The Australian and the Melbourne Institute,Two bottles of wine,Two bottles of wine
561576b6-fdf3-4d56-847c-b71b966a0a54,Anthony Albanese,Australian Labor Party,Grayndler,2018-12-06,Unknown,Other,"Shire of Wyndham, East Kimberley","Shire of Wyndham, East Kimberley",Clay/Pottery Display Dish,Clay/pottery display dish
777570ce-a681-4810-8a3f-9e5e64e019fd,Anthony Albanese,Australian Labor Party,Grayndler,2019-02-05,Gift,Entertainment,Emirates and Tennis Australia,Tennis Australia and Optus,Australian Open tickets,Australian Open tickets
bcb8773a-8501-47b5-8d23-34f957f64758,John Alexander,Liberal Party of Australia,Bennelong,2016-09-30,Asset,Shares,Gilbert Frank Investments P/L,Gilbert Frank Investments P/L,Investment,"Investment, Sole proprietor"
3190b53b-5892-4f9e-99da-63f3ecee4b8e,John Alexander,Liberal Party of Australia,Bennelong,2016-09-30,Membership,Other Membership,Gilbert Frank Investments P/L,Gilbert Frank Investments P/L,Investments,Investments
1a051a61-9dea-4b72-8d50-ba6cb76afdb9,John Alexander,Liberal Party of Australia,Bennelong,2018-03-01,Membership,Other Membership,GILBERT FRANK INVESTMENTS P/L,GILBERT FRANK INVESTMENTS P/L,Investments,INVESTMENTS
bf6068e8-f165-4a33-b0d7-a1a557767ec0,John Alexander,Liberal Party of Australia,Bennelong,2018-03-01,Asset,Other Asset,GILBERT FRANK INVESTMENTS P/L,GILBERT FRANK INVESTMENTS P/L,Stocks,STOCKS
842968d9-ce2a-4ed8-8885-ef3f7ec6cd19,Anne Aly,Australian Labor Party,Cowan,2016-10-13,Travel,Other Travel,STAGE AND SCREEN,STAGE AND SCREEN,Flight and Accommodation Perth-Sydney-Perth,Flight and Accommodation Perth-Sydney-Perth for a photo shoot for Harper's Bazaar magazine. Flights and accomodation booked by Stage and Screen 6 October 2016
236fd4bb-679a-4414-bccb-0bf1d7df4b2f,Anne Aly,Australian Labor Party,Cowan,2018-08-31,Travel,Other Travel,Harper Collins and Byron Bay Writers Festival,Harper Collins and Byron Bay Writers Festival,"Return Airfares, Accommodation, Transfers and Meals",Attendance at Byron Bay Writers Festival August 2018 funded by Harper Collins and Byron Bay Writers Festival. Economy Return Airfares - Perth - Coolangatta – $632.22. Accommodation - $780. Transfers - $115. Meals - $100
318c30e1-3c20-4bd1-be2c-a2ce799065b7,Anne Aly,Australian Labor Party,Cowan,2019-02-26,Travel,Other Travel,Kuwait Parliament and Palestinian Authority,"Kuwait Parliament, Palestinian Authority","Airfares, Accommodation and Meals in Kuwait and Palestine","From 7 January 2019 to 16 January 2019, I was part of a delegation to Kuwait and Palestine as a member of the Parliamentary Friends of Palestine. The delegation to Kuwait and Palestine was hosted by the Kuwait Parliament and Palestinian Authority. All airfares were provided by the Kuwait Parliament, as was accommodation and meals during our stay in Kuwait. All other accommodation and meals, during our stay in Jordan and Palestine, including ground travel, was provided by the Palestinian Authority."
91086086-a054-4e4e-8e3c-b1e574ed94b6,Karen Andrews,Liberal National Party,McPherson,2016-09-27,Membership,Other Membership,Andrews and Andrews Consulting Pty Ltd,Andrews and Andrews Consulting Pty Ltd,Human Resources and Industrial Relations Consulting,Human Resources and Industrial Relations Consulting
6895688a-0fe0-4ffb-8937-c31d722d606c,Karen Andrews,Liberal National Party,McPherson,2016-09-27,Liability,Credit,Australia and New Zealand Banking Group Limited (ANZ),Australian and New Zealand Banking Group Limited (ANZ),Line of Credit,Line of Credit
14d1620a-2b08-4105-9033-871e166e83a6,Karen Andrews,Liberal National Party,McPherson,2016-09-27,Liability,Loan,Australia and New Zealand Banking Group Limited (ANZ),Australian and New Zealand Banking Group Limited (ANZ),Residential Investment Property Loan,Residential Investment Property Loan
f0e03524-0098-4a48-9335-b6fe54a06d96,Karen Andrews,Liberal National Party,McPherson,2016-09-27,Liability,Loan,Andrews and Andrews Consulting Pty Ltd,Andrews and Andrews Consulting Pty Ltd,Loan,Loan
33ebe74f-4b8c-4fb4-bcd4-8657cf445a87,Karen Andrews,Liberal National Party,McPherson,2016-09-27,Unknown,Other,Andrews and Andrews Consulting Pty Limited,Andrews and Andrews Consulting Pty Ltd,N/A,N/A
45b6d47c-54d7-4548-a54c-de9c164797e1,Kevin Andrews,Liberal Party of Australia,Menzies,2017-08-10,Gift,Other Gift,Astra/Foxtel,Astra Foxtel,Foxtel service,"Further to my letter of 12 April 2011 when I advised that I had taken up a complimentary offer from Astra to have Foxtel installed in my electorate office, I confirm that the service is ongoing,."
a23ef1c4-ae6b-43ff-adc3-56802a31b31c,Adam Bandt,Australian Greens,Melbourne,2019-02-19,Travel,Other Travel,"Parliament of Kuwait, General Delegation of Palestine","Parliament of Kuwait, General Delegation of Palestine","Travel to Kuwait, Jordan, Israel, and Palestine & Vase from Hebron Governate","As part of cross-parliamentary delegation, travel to Kuwait, Jordan, Israel and Palestine. Flights, travel, accommodation and meals paid for by Parliament of Kuwait and General Delegation of Palestine to Australia, New Zealand and the Pacific. Gift (vase – unknown value) received from Hebron Governate."
5a89dd85-c66b-40b8-a2eb-4510093e7fac,Julia Helen Banks,Liberal/Independent,Chisholm,2017-12-05,Unknown,Other,Lion and Tabcorp,Tabcorp and Lion,Melbourne Cup Attendance,Self and guest attendance at 2017 Melbourne Cup. Guests of Lion and Tabcorp
b6f90b08-5836-48e9-a06a-6e3c84e148f7,Julia Helen Banks,Liberal/Independent,Chisholm,2018-11-08,Unknown,Other,Tabcorp and Lion,Tabcorp and Lion,Melbourne Cup Attendance,Self and guest attendance at 2018 Melbourne Cup. (Guests of Tabcorp and Lion)
6aafb6d0-0d3d-4528-be38-222d3fa31d83,Sharon Bird,Australian Labor Party,Cunningham,2016-09-23,Asset,Other Asset,PSS/AGEST,PSS/AGEST,Superannuation,Superannuation
83e13400-7e4f-4964-857b-e947b052642e,Sharon Bird,Australian Labor Party,Cunningham,2016-12-01,Unknown,Other,Taipei Economic and Cultural Office,Taipei Economic and Cultural Office,China vase,7 November 2016 - China vase
a5a9bd79-ae6d-4916-ac13-7d58fa7f95f9,Christopher Bowen,Australian Labor Party,McMahon,2016-09-01,Asset,Other Asset,"Sydney Credit Union, Australian Super, Sun Super","Sydney Credit Union, Australian Super, Sun Super","Savings Account, Superannuation","Savings account (Joint), Superannuation"
8d1b8da8-181a-4c89-b1d5-3343c24cbb78,Christopher Bowen,Australian Labor Party,McMahon,2016-09-01,Gift,Entertainment,"Fairfield RSC Club, Smithfield RSE Club, Marcom Club, Guildford West Leagues Club, GWS Giants AFL Club","Fairfield RSC Club, Smithfield RSE Club, Marcom Club, Guildford West Leagues Club, GWS Giants AFL Club",N/A,N/A
8411923c-bd1c-4032-b60a-55cd60079e90,Christopher Bowen,Australian Labor Party,McMahon,2018-11-06,Travel,Other Travel,Diedree Steinwall and Simon O'Brien,Diedree Steinwall and Simon O'Brien,Ferraghini travel bag,I received the gift of a Ferraghini travel bag from Diedree Steinwall and Simon O'Brien for opening their (Cook/Hughes) campaigns.
3d3996f4-b674-4a6a-bc1c-33b74bbe7b53,Russell Broadbent,Liberal Party of Australia,Monash,2016-09-21,Asset,Other Asset,"CBA, ANZ, BENDIGO BANK","CBA, ANZ, BENDIGO BANK",Cheque and Savings Accounts,"CHEQUE
SAVINGS"
06f73331-b2da-4acc-aeda-4ef9f1a830fa,Russell Broadbent,Liberal Party of Australia,Monash,2016-09-21,Travel,Other Travel,"Qantas, Virgin","Qantas, Virgin",Qantas Chairmans Lounge & Virgin Airlines Lounge membership,"Qantas Chairmans Lounge
Virgin Airlines Lounge"
3a9d6dbd-a025-4add-a87f-c7ccf7db5be2,Gai Marie Brodtmann,Australian Labor Party,Canberra,2016-09-27,Income,Other Income,MEDIA ENTERTAINMENT AND ARTS ALLIANCE,MEDIA ENTERTAINMENT AND ARTS ALLIANCE,Income,Self
3ffd92a0-22a5-4959-a980-defb3c7b77d2,Gai Marie Brodtmann,Australian Labor Party,Canberra,2016-09-27,Income,Other Income,"Mr Cai Wei, Minister, Chinese Embassy","Mr Cai Wei, Minister, Chinese Embassy",Income,Echoes of Great Times: The Most Beautiful Works of Arts in Ancient China Hardcover book on 11 August 2016. Valued at $450.
da7a3ab1-7df6-4a62-9fce-c2a4133871b3,Gai Marie Brodtmann,Australian Labor Party,Canberra,2019-03-06,Unknown,Other,Taipei Economic and Cultural Office in Australia,Taipei Economic and Cultural Office,Tai-HWA Pottery vase,TAI-HWA Pottery vase Gift given from  value: $500 approx.
3684f202-298f-4940-b2a5-0fff8092dc72,Gai Marie Brodtmann,Australian Labor Party,Canberra,2018-12-04,Asset,Real Estate,Winnunga and residents of the Alexander McConachie Centre,Winnunga and residents of the Alexander McConachie Centre,Hand painted Aboriginal Artwork,"Hand painted Aboriginal Artwork. On Wednesday 12 September I was gifted by Winnunga an Aboriginal artwork, hand painted by two residents of the Alexander Mcconachie Centre valued at approximately $500."
8e14a39f-fe85-4c4a-a4fb-af21a4b08714,Scott Buchholz,Liberal National Party,Wright,2016-10-11,Membership,Other Membership,CE Fanning & AH Fanning G&S Buchholz,SA Buchholz & CE & AH Fanning,Marine Equipment Hire Partnership,Self - Financial - Hire of equipment - marine
9a1c40c4-0c64-4c78-b177-f7cde5f2921a,Scott Buchholz,Liberal National Party,Wright,2016-10-11,Liability,Mortgage,Bendigo/ Adelaide Bank,Bendigo and Adelaide Bank,Mortgage Loan,Self - Various mortgage loan accounts
f81d481f-8909-4904-ac34-8ee43e0c54b4,Scott Buchholz,Liberal National Party,Wright,2016-10-11,Liability,Mortgage,Bendigo/ Adelaide Bank,Bendigo and Adelaide Bank,Mortgage Loan,Spouse - Various mortgage loan accounts
717c63c4-d3cb-4dd4-844b-c10bf881e82f,Scott Buchholz,Liberal National Party,Wright,2016-10-11,Asset,Other Asset,Bendigo/ Adelaide Bank,Bendigo and Adelaide Bank,Savings Account,Self - Savings account
353bfb4d-8e8a-4cca-8204-9eb312840112,Scott Buchholz,Liberal National Party,Wright,2016-10-11,Asset,Other Asset,Bendigo/ Adelaide Bank,Bendigo and Adelaide Bank,Savings Account,Spouse - Savings account
862e294f-4323-4ee2-95ff-6cf773d85301,Scott Buchholz,Liberal National Party,Wright,2018-09-18,Membership,Other Membership,L.C Buchholz and S.A Buchholz,SA Buchholz & LC Buchholz,Cattle Production Partnership,"ADDITION: SELF: L.C Buchholz and S.A Buchholz, Nature of interests - Financial, Activities of partnership - Cattle production"
67f711fd-c33a-4736-84e4-d8a816225a16,Tony Burke,Australian Labor Party,Watson,2016-09-27,Travel,Other Travel,"SELECTED RUGBY LEAGUE GAMES/CANTERBURY BULLDOGS, SELECTED PERFORMANCES ARTS ORGANISATIONS INCLUDING OPERA AUSTRALIA, SYDNEY THEATRE CO BELVOIR THEATRE COMPANY, BLUESFEST","SELECTED RUGBY LEAGUE GAMES/CANTERBURY BULLDOGS, SELECTED PERFORMANCES ARTS ORGANISATIONS INCLUDING OPERA AUSTRALIA, SYDNEY THEATRE CO BELVOIR THEATRE COMPANY, BLUESFEST",Tickets to sporting and arts events,N/A
32a128cf-45c9-45f5-933f-34f2acc615d1,Tony Burke,Australian Labor Party,Watson,2016-09-27,Membership,Other Membership,"ALP, SDA, LAKEMBA BOWLING CLUB BENEVOLENT SOCIETY, LOCAL REGISTERED CLUBS","ALP, SDA, LAKEMBA BOWLING CLUB BENEVOLENT SOCIETY, LOCAL REGISTERED CLUBS","ALP, SDA, LAKEMBA BOWLING CLUB BENEVOLENT SOCIETY, LOCAL REGISTERED CLUBS Membership",N/A
8a56e1af-8480-406a-a63b-457595c40828,Tony Burke,Australian Labor Party,Watson,2016-09-27,Membership,Other Membership,"ALP, CANTERBURY CITY COMMUNITY CENTRE","ALP, CANTERBURY CITY COMMUNITY CENTRE",CANTERBURY CITY COMMUNITY CENTRE Membership,Spouse
40ae2d97-cb8f-457b-a24d-847c39c3efe0,Tony Burke,Australian Labor Party,Watson,2017-08-23,Membership,Professional,Qantas and Virgin,"Qantas, Virgin",Airport Lounge Access,update my Register of Members Interests to include access to airport lounges for Qantas and Virgin.
79062589-c3bf-4f5c-a59a-ae7d7dddb1a9,Linda Burney,Australian Labor Party,Barton,2016-09-23,Gift,Entertainment,"Chairman, Chief Executive & The Board Canterbury Bankstown Bulldogs","Chairman, Chief Executive & The Board Canterbury Bankstown Bulldogs",Bulldogs Game Tickets,"- 2 x tickets Bulldogs v Manly Game 11/8/16, - 2 x tickets Bulldogs v Cowboys 25/8/16, - 2 x tickets Bulldogs v Penrith 11/9/16"
014b72c6-d6f9-43dc-92b3-7b9c88093cbb,Linda Burney,Australian Labor Party,Barton,2017-03-28,Gift,Entertainment,"Chairman, Chief Executive & The Board Canterbury Bankstown Bulldogs","Chairman, Chief Executive & The Board Canterbury Bankstown Bulldogs",Bulldogs Game Tickets,- 2 x tickets Bulldogs vs Storms Game - 2 x tickets Bulldogs vs Broncos Games 3/3/2017
66653658-e977-40d9-9e47-4157ac96bc01,Linda Burney,Australian Labor Party,Barton,2017-04-20,Asset,Other Asset,"Adrian Carson, CEO Institute for Urban Indigenous Health Brisbane","Adrian Carson, CEO Institute for Urban Indigenous Health Brisbane",Personalized Shirt,Received a Deadly Choices Personalised Canterbury/Bankstown Bulldogs shirt
b9427754-4716-4779-bb45-702887cba8e1,Linda Burney,Australian Labor Party,Barton,2017-10-03,Travel,Other Travel,Prof Peter Hoj Vice Chancellor and President The University of Queensland,Prof Peter Hoj Vice Chancellor and President The University of Queensland,Travel and accommodation,18/9/2017 to 19/9/2017 Brisbane - Travel and accommodation
c01e3182-70b2-4f65-80b4-0712cdd32d5c,Linda Burney,Australian Labor Party,Barton,2017-10-03,Gift,Entertainment,"Chairman, Chief Executive & The Board Canterbury Bankstown Bulldogs","Chairman, Chief Executive & The Board Canterbury Bankstown Bulldogs",Bulldogs Game Tickets,"- 2 x tickets Bulldogs v Broncos Game 14/4/2017, - 3 x tickets Bulldogs v Dragons 12/6/2017"
0a4c781f-b35c-4296-ae68-65ca0e1dfd99,Linda Burney,Australian Labor Party,Barton,2017-10-03,Gift,Entertainment,Mr Peter Doust Board and Management St George Illawarra Dragons,Mr Peter Doust Board and Management St George Illawarra Dragons,Dragons Game Tickets,-2 x tickets Dragons v Knights Game 25/6/2017
372c71b8-ac7d-4ad7-ac15-574df6f772a3,Mark Butler,Australian Labor Party,Hindmarsh,2017-03-10,Membership,Other Membership,Semaphore and Port Adelaide RSL Club,Semaphore and Port Adelaide RSL Clubs,Semaphore and Port Adelaide RSL Club Membership,Membership of an Organisation
a29bf7b9-99c4-42ad-8994-60ce7a5b487d,Mark Butler,Australian Labor Party,Hindmarsh,2018-03-15,Unknown,Other,Semaphore and Port Adelaide RSL Clubs,Semaphore and Port Adelaide RSL Clubs,RSL Club Membership,Semaphore and Port Adelaide RSL Clubs
8455141c-4b73-4359-83c5-0527e3560b41,Terri Butler,Australian Labor Party,Griffith,2016-09-27,Asset,Other Asset,"CBA, ING Direct",ING Direct,Bank Account,"Personal Account, Joint Account; Account for Electorate Allowance"
e9e5322e-a198-4159-b2d7-3d8d57d75b6e,Terri Butler,Australian Labor Party,Griffith,2016-09-27,Membership,Professional,"QANTAS, Virgin Australia",Virgin Australia,QANTAS Chairman's Lounge & Virgin Australia 'The Club' Membership,Membership of QANTAS Chairman's Lounge; Membership of 'The Club' Virgin Australia
3e9a6342-0391-421f-adb9-59af6b1e06d8,Terri Butler,Australian Labor Party,Griffith,2017-01-30,Travel,Other Travel,"Save the Children Australia, Gates Foundation","Save the Children Australia, Gates Foundation","Flights, accommodation, meals and transfers","Economy class flights, accommodation, meals and transfers to visit aid projects in Myanmar/Burma (visit organised by Save the Children Australia, funded by a grant from the Gates Foundation)."
42f09370-f88f-4133-9bde-570d1fb313d0,Terri Butler,Australian Labor Party,Griffith,2017-05-09,Income,Other Income,"Maurice Blackburn Pty Ltd, Melbourne University Publishing (MUP)","Maurice Blackburn Pty Ltd, Melbourne University Publishing (MUP)",Employment Income,Discount on fees: Maurice Blackburn Pty Ltd; Book contract with Melbourne University Publishing (MUP)
637435df-bb83-44e7-bed8-e3a4370fffd1,Terri Butler,Australian Labor Party,Griffith,2017-08-02,Gift,Other,"ASTRA, Foxtel",Foxtel from ASTRA,Foxtel Subscription,Complimentary subscription to Foxtel provided by ASTRA for the Electorate Office (1 July 2017)
c01e24fd-48ab-4595-9dde-1bd2a6e367e5,Terri Butler,Australian Labor Party,Griffith,2018-09-04,Unknown,Other,Women's International League for Peace and Freedom QLD,Women's International League for Peace and Freedom,Membership,Women's International League for Peace and Freedom QLD
686b12a1-5e87-4d60-a758-cf21c6afac91,Terri Butler,Australian Labor Party,Griffith,2019-04-08,Unknown,Other,"Queensland Advisory Board, McKell Institute","Queensland Advisory Board, McKell Institute",Director Position,"Spouse - Director, Queensland Advisory Board, McKell Institute"
193d18f2-2e38-44e7-b36e-e01812446404,James Chalmers,Australian Labor Party,Rankin,2016-09-15,Unknown,Other,"Georgetown University, Washington","Georgetown University, Washington",Advisory Board Member,"Advisory Board Member for the Centre for Australian, New Zealand and Pacific Studies (Georgetown University, Washington) (since 2014)"
91a4ba8d-3d67-4487-b7fb-5345ae8f7540,James Chalmers,Australian Labor Party,Rankin,2017-07-19,Travel,Other Travel,Transport Workers Union and ACTU,Transport Workers Union (TWU),Travel and accommodation,"Part travel and accommodation for meetings in San Francisco with shared economy platforms, the Transport Workers Union and ACTU (10-14 July 2017)"
8993cc87-6199-4d13-a2ea-aab9e8120082,James Chalmers,Australian Labor Party,Rankin,2018-06-19,Travel,Other Travel,Taipei Economic and Cultural Office,Taipei Economic and Cultural Office,Transportation Assistance in Taipei,Transportation assistance in Taipei by the Taipei Economic and Cultural Office (11 and 12 June 2018)
71704d8b-ea5c-42b6-b6b6-b4d25819ab6f,Nicholas David Champion,Australian Labor Party,Spence,2016-09-15,Unknown,Other,South Australian Department of Health and Ageing,South Australian Department of Health and Ageing,Employment,Employment
acb9bd81-ae66-4c23-85e7-d4d879ed0bce,Nicholas David Champion,Australian Labor Party,Spence,2016-11-23,Unknown,Other,Taipei Economic and Cultural office in Australia,Taipei Economic and Cultural office in Australia,Tai-Hwa Pottery Vase,Gift - Tai-Hwa Pottery Vase Received from Taipei Economic and Cultural office in Australia
e6de5d3f-f42c-46ae-aeb8-b89f918d9750,Nicholas David Champion,Australian Labor Party,Spence,2018-02-28,Unknown,Other,Taipei Economic and Cultural Office in Australia,Taipei Economic and Cultural Office,Tai Hwa Pottery Urn,Tai Hwa Pottery Urn Received as a gift from the Taipei Economic and Cultural Office in Australia
09bc0c2f-6072-47c4-a0e3-8197157726b2,Steven Ciobo,Liberal National Party,Moncrieff,2016-10-10,Liability,Mortgage,"Westpac, Finance and Others","Westpac, Finance and Others","Residential & Investment Mortgage, Credit/store cards","Mortgage (Residential & Investment), Credit/store cards."
10874059-ab5d-4888-95af-b9ebca21528d,Steven Ciobo,Liberal National Party,Moncrieff,2016-11-22,Travel,Air Travel,"The Darling Hotel, QT Hotel Group and Crown Hotels","The Darling Hotel, QT Hotel Group and Crown Hotels",Hotel Upgrades,"Upgrades (from time-to-time) at The Darling Hotel, QT Hotel Group and Crown Hotels"
4d7e3872-e7a7-4b08-978c-6eccc60ddbe9,Steven Ciobo,Liberal National Party,Moncrieff,2017-04-03,Unknown,Other,"The Arts Centre, Gold Coast",The Arts Centre Gold Coast,VIP Movie Pass,"Annual VIP Double Movie Pass from The Arts Centre, Gold Coast"
7e03733c-4957-43f1-9548-dbb76e520d54,Steven Ciobo,Liberal National Party,Moncrieff,2018-07-01,Asset,Real Estate,Italian Chamber of Commerce and Industry (Queensland),Italian Chamber of Commerce and Industry in Australia Inc.,"Accommodation at The Treasury Hotel, Brisbane","One nights accommodation at The Treasury Hotel, Brisbane from the Italian Chamber of Commerce and Industry (Queensland)"
d1139d81-052c-4667-ae0c-0a38e94951cc,Steven Ciobo,Liberal National Party,Moncrieff,2018-07-01,Unknown,Other,Ministry of Foreign Affairs and International Cooperation of the United Arab Emirates,Ministry of Foreign Affairs and International Cooperation of the United Arab Emirates,Art Work,Art work from the Ministry of Foreign Affairs and International Cooperation of the United Arab Emirates
a22e4736-7ffd-4609-b55e-0098e6fde8ae,Steven Ciobo,Liberal National Party,Moncrieff,2018-12-21,Asset,Shares,"Mr Saad Al-Shareef, Ambassador to Australia, State of Qatar","Mr Saad Al-Shareef, Ambassador to Australia, State of Qatar",Ornamental teapot,"Ornamental teapot from His Excellency Mr Saad Al-Shareef, Ambassador to Australia, State of Qatar"
21f36f86-af82-45d5-b3d7-8319a1ec399d,Sharon Claydon,Australian Labor Party,Newcastle,2017-04-12,Membership,Other Membership,Community and Public Sector Union,Community and Public Sector Union,Community and Public Sector Union Membership,Member
4f7b6cb1-5986-4566-8b6b-754e38c884dc,David Coleman,Liberal Party of Australia,Banks,2016-09-27,Unknown,Other,Parliamentary Friends of Innovation and Enterprise,Parliamentary Friends of Innovation and Enterprise,Co-Chair Position,Co-Chair
61c380b2-35d8-4585-ad62-215a3237ce52,Julie Collins,Australian Labor Party,Franklin,2016-09-13,Liability,Mortgage,"Westpac Banking Corporation, Commonwealth Bank","Westpac Banking Corporation, Commonwealth Bank",Mortgage and Credit Card,"Mortgage, Credit card - VISA; Spouse: Mortgage, Credit card - Mastercard"
770ab27e-b788-4a7a-be75-20e810e09011,Julie Collins,Australian Labor Party,Franklin,2016-09-13,Asset,Other Asset,"Commonwealth Bank, Westpac Banking Corporation","Westpac Banking Corporation, Commonwealth Bank",Savings Account,Savings accounts
a6c1506d-a9a6-4553-8073-f302877b2aa1,Julie Collins,Australian Labor Party,Franklin,2016-09-13,Asset,Shares,"AMP, Retirements Benefits Fund Tasmania","AMP, Retirements Benefits Fund Tasmania",Superannuation,Superannuation - AMP; Spouse: Superannuation - Retirements Benefits Fund Tasmania
b43c80f6-7742-4f69-a45e-ab12d2103da3,Julie Collins,Australian Labor Party,Franklin,2016-09-13,Travel,Other Travel,"Qantas, Virgin Australia",Virgin Australia,Airline Lounge Membership,"Qantas - Chairman's Lounge membership, Virgin Australia - Club membership"
a6de00a0-9251-4e15-bb06-9b8e53fd8b46,Julie Collins,Australian Labor Party,Franklin,2016-09-13,Gift,Entertainment,"Tasmanian Association of Community Houses, EMILY's List, Amnesty International, Cricket Tasmania, Huon Agricultural Society, Hawthorn Football Club, Lindisfarne Football Club, Australian Republican Movement, Clarence Football Club, Howrah Recreation Centre, Royal Society for the Prevention of Cruelty to Animals (RSPCA), Warrane/Mornington Neighbourhood House, Risdon Vale Neighbourhood House - Patron, Clifton Beach Royal Life Saving - Patron, Keep Watch Ambassador - Royal Life Saving Association","Tasmanian Association of Community Houses, EMILY's List, Amnesty International, Cricket Tasmania, Huon Agricultural Society, Hawthorn Football Club, Lindisfarne Football Club, Australian Republican Movement, Clarence Football Club, Howrah Recreation Centre, Royal Society for the Prevention of Cruelty to Animals (RSPCA), Warrane/Mornington Neighbourhood House, Risdon Vale Neighbourhood House - Patron, Clifton Beach Royal Life Saving - Patron, Keep Watch Ambassador - Royal Life Saving Association",List of Memberships,List of Memberships
7643c6e8-23d0-4201-8a66-5149b21aaf00,Christopher John Crewther,Liberal Party of Australia,Dunkley,2016-09-27,Asset,Real Estate,CJC Property Consultants Pty Ltd (t/a Nineteen Consulting),CJC Property Consultants Pty Ltd (t/a Nineteen Consulting),Business,Self
9d23f90a-88a2-4495-8985-4fe3379cd2e5,Christopher John Crewther,Liberal Party of Australia,Dunkley,2016-09-27,Membership,Other Membership,CJC Property Consultants PL (t/a Nineteen Consulting),CJC Property Consultants Pty Ltd (t/a Nineteen Consulting),Agricultural Trade and Consulting,"Self, Agricultural trade and consulting (currently dormant)"
02a795b5-4a59-4b30-af42-33e70e0d7133,Christopher John Crewther,Liberal Party of Australia,Dunkley,2016-09-27,Unknown,Other,Golden Key International Honour Society (ANU and UC),Golden Key International Honour Society (ANU),Honour Society Membership,Self
b65280f8-5b9a-4e03-8c92-072df878031b,Christopher John Crewther,Liberal Party of Australia,Dunkley,2016-09-27,Unknown,Other,"St Hilda's College, The University of Melbourne, Alumni","St Hilda's College, The University of Melbourne, Alumni",College Alumni Membership,Self
0d3c88e5-b40c-4362-866a-3be8021e93b4,Christopher John Crewther,Liberal Party of Australia,Dunkley,2018-01-31,Travel,Other Travel,Bill and Melinda Gates Foundation,The Bill and Melinda Gates Foundation,"Airfares, accommodation, travel and food","Item 12 Save the Children Delegation to Solomon Islands sponsored by Bill and Melinda Gates Foundation airfares, accommodation, travel, some food"
5c6709c6-1166-4a8c-bb90-4dff4aae5c2f,Christopher John Crewther,Liberal Party of Australia,Dunkley,2018-05-21,Gift,Hospitality,Australian Leisure and Hospitality,Australian Leisure and Hospitality,Hospitality/Catering,"Item 12 - Self, Hospitality/catering from Australian Leisure and Hospitality"
3d5811b0-04be-4dd2-b18d-d3db25ff741b,Milton Dick,Australian Labor Party,Oxley,2016-09-27,Membership,Professional,"FOXTEL CABLE TELEVISION PTY LTD, QANTAS AIRWAYS LTD, VIRGIN AUSTRALIA AIRLINES PTY LTD, NATIONAL PRESS CLUB OF AUSTRALIA","FOXTEL CABLE TELEVISION PTY LTD, QANTAS AIRWAYS LTD, VIRGIN AUSTRALIA AIRLINES PTY LTD, NATIONAL PRESS CLUB OF AUSTRALIA","Cable TV Subscription, Lounge Membership, Parliamentary Membership",1. CABLE TV SUBSCRIPTION FOR THE ELECTORATE OFFICE FROM FOXTEL CABLE TELEVISION PTY LTD 2. CHAIRMAN'S LOUNGE MEMBERSHIP FROM QANTAS AIRWAYS LTD 3. VIRGIN EXCLUSIVE CLUB MEMBERSHIP FROM VIRGIN AUSTRALIA AIRLINES PTY LTD 4. PARLIAMENTARY MEMBERSHIP FROM NATIONAL PRESS CLUB OF AUSTRALIA
56846eb5-06ca-48de-b33e-80c64bc01646,Milton Dick,Australian Labor Party,Oxley,2016-09-27,Membership,Other Membership,"AUSTRALIAN WORKERS' UNION OF EMPLOYEES, QLD, AUSTRALIAN LABOR PARTY, QLD","AUSTRALIAN WORKERS' UNION OF EMPLOYEES, QLD, AUSTRALIAN LABOR PARTY, QLD","Union Membership, Political Party Membership","1. AUSTRALIAN WORKERS' UNION OF EMPLOYEES, QLD 2. AUSTRALIAN LABOR PARTY, QLD"
301cef56-fad8-450c-b855-cfcdf3a71a3c,Milton Dick,Australian Labor Party,Oxley,2017-01-24,Travel,Other Travel,"THE AUSTRALIAN AMERICAN LEADERSHIP DIALOGUE, VIRGIN AUSTRALIA AIRLINES PTY LTD","THE AUSTRALIAN AMERICAN LEADERSHIP DIALOGUE, VIRGIN AUSTRALIA AIRLINES PTY LTD",Economy Class Airfare and Business Class Flight Upgrade,ACCEPTED ECONOMY CLASS AIRFARE FROM SAN DIEGO TO LOS ANGELES ON 21 JANUARY 2017 FROM THE AUSTRALIAN AMERICAN LEADERSHIP DIALOGUE TO PARTICIPATE IN THE WEST COAST LEADERSHIP DIALOGUE 2017. ACCEPTED ECONOMY CLASS AIRFARE FROM LOS ANGELES TO BRISBANE ON 23 JANUARY 2017 FROM THE AUSTRALIAN AMERICAN LEADERSHIP DIALOGUE TO PARTICIPATE IN THE WEST COAST LEADERSHIP DIALOGUE 2017. ACCEPTED UPGRADE FROM ECONOMY TO BUSINESS CLASS (LOS ANGLES TO BRISBANE) ON 23 JANUARY 2017 FROM VIRGIN AUSTRALIA AIRLINES PTY LTD.
8388898c-fdba-4899-906a-d6a9de1c6ee5,Milton Dick,Australian Labor Party,Oxley,2017-03-21,Travel,Other Travel,"CATHY PACIFIC AIRWAYS, ROYAL JORDANIAN, QANTAS AIRWAYS, AUSTRALIA-ISRAEL JEWISH AFFAIRS COUNCIL (AIJAC)","CATHY PACIFIC AIRWAYS, ROYAL JORDANIAN, QANTAS AIRWAYS, AUSTRALIA-ISRAEL JEWISH AFFAIRS COUNCIL (AIJAC)",Business Class Airfare and Accommodation,"(1) ACCEPTED A BUSINESS CLASS AIRFARE FROM SYDNEY TO HONG KONG ON CATHY PACIFIC AIRWAYS ON 12 MAR 2017; A BUSINESS CLASS AIRFARE FROM HONG KONG TO AMMAN ON ROYAL JORDANIAN ON 12 MARCH 2017 TO 13 MARCH 2017; AND A BUSINESS CLASS AIRFARE FROM AMMAN TO TEL AVIV ON ROYAL JORDANIAN ON 13 MARCH 2017. (2) ACCEPTED 2 NIGHTS ACCOMMODATION WHILST IN JERUSALUM ON 13 MARCH TO 14 MARCH 2017, AND 2 NIGHTS ACCOMMODATION IN TEL AVIV ON 15 MARCH 2017 TO 16 MARCH 2017. (3) ACCEPTED A BUSINESS CLASS AIRFARE FROM TEL AVIV TO AMMAN ON ROYAL JORDANIAN ON 17 MARCH 2017; A BUSINESS CLASS AIRFARE FROM AMMAN TO BANGKOK ON ROYAL JORDANIAN 18 MARCH 2017; AND A BUSINESS CLASS AIRFARE FROM BANGKOK TO SYDNEY ON QANTAS AIRWAYS ON 18 MARCH TO 19 MARCH 2017. ALL ITEMS DECLARED (1) (3) UNDER ITEM 12 WERE PROVIDED BY THE AUSTRALIA-ISRAEL JEWISH AFFAIRS COUNCIL (AIJAC) TO PARTICIPATE IN A SPONSORED STUDY VISIT TO ISRAEL THROUGH THE RAMBAM ISRAEL FELLOWSHIP PROGRAM FROM 13 MARCH 2017-17 MARCH 2017."
bed5dc80-102d-4e29-ab4f-ce60280a62b2,Milton Dick,Australian Labor Party,Oxley,2018-02-09,Travel,Other Travel,"SAVE THE CHILDREN AUSTRALIA, BILL & MELINDA GATES FOUNDATION","SAVE THE CHILDREN AUSTRALIA, BILL & MELINDA GATES FOUNDATION","Flights, Accommodation, Transfers and Hospitality","ACCEPTED ECONOMY FLIGHTS, ACCOMODATION TRANSFERS & HOSPITALITY. SOLOMON ISLANDS 15-19 JANUARY 2018 ORGANISED BY SAVE THE CHILDREN AUSTRALIA FUNDED BY A GRANT FROM THE BILL & MELINDA GATES FOUNDATION."
b5c978f7-aef5-4679-833e-d432e9ca0dc8,Milton Dick,Australian Labor Party,Oxley,2018-05-08,Travel,Other Travel,"AZNUR PTY LTD, GOVERNMENT OF AZERBAIJAN","AZNUR PTY LTD, GOVERNMENT OF AZERBAIJAN","Flights, Accommodation, Ground Transport and Meals","ACCEPTED FLIGHTS FROM AZNUR PTY LTD ON BEHALF OF THE GOVERNMENT OF AZERBAIJAN ACCEPTED ACCOMODATION, GROUND TRANSPORT AND MEALS FROM THE GOVERNMENT OF AZERBAIJAN. THE FLIGHTS AND HOSPITALITY DECLARED ABOVE WERE RECEIVED IN CONNECTION WITH MY PARTICIPATION IN A PARLIAMENTARY DELEGATION TO OBSERVE THE AZERBAIJANI PRESIDENTIAL ELECTION FROM 6 TO 13 APRIL 2018."
b5a31bf2-eca8-46dd-be48-b613f81a4507,Damian Drum,National Party of Australia,Nicholls,2017-12-13,Travel,Other Travel,Pacific Friends of the Global Fund and the Asia Pacific Leaders Malaria Alliance (APLMA),Pacific Friends of the Global Fund and the Asia Pacific Leaders Malaria Alliance (APLMA),Invitation to visit Thailand and Myanmar,"In May 2017, I received an invitation to visit Thailand and Myanmar as part of a delegation of nine Members and Senators between Saturday 24 June and Saturday 1 July 2017. The entire costs of this visit were $7,635.11, which were met by APLMA which is supported by the Bill and Melinda Gates Foundation."
0974f22c-79cd-4ee3-816f-e55cc74df3c7,Peter Dutton,Liberal National Party,Dickson,2016-10-12,Asset,Shares,Dutton Holdings (Qld) P/L,Dutton Holdings (Qld) P/L,Shares,Shareholdings in public and private companies
2ec4f3ab-4ecc-4bd5-bb2a-7a14b1f0ff0d,Peter Dutton,Liberal National Party,Dickson,2016-10-12,Asset,Shares,PK Super (Qld) P/L,PK Super (Qld) P/L,Shares,Shareholdings in public and private companies
271f169a-814c-41cc-9f8b-962cbc3c8363,Peter Dutton,Liberal National Party,Dickson,2016-10-12,Asset,Shares,RHT Family Trust (RHT Investments P/L ATF),RHT Family Trust (RHT Investments P/L ATF),Investment,"Beneficial interest, Investment"
11d5d298-a4f2-455b-a687-33773b8bf20f,Peter Dutton,Liberal National Party,Dickson,2016-10-12,Liability,Credit,"ANZ, CBA, NAB","ANZ, CBA, NAB",Credit Facilities,Credit Facilities
3d8b48bb-1400-47e1-845b-5d4903190c08,Peter Dutton,Liberal National Party,Dickson,2016-10-12,Asset,Other Asset,"ANZ, QPCU, NAB, CBA","ANZ, QPCU, NAB, CBA",Savings Accounts,Savings Accounts
cb497660-5cec-4d1b-8931-ef54aae7f90a,Peter Dutton,Liberal National Party,Dickson,2016-10-12,Asset,Shares,RHT Investments (Qld) P/L and Bald Hills Child Care P/L,RHT Investments (Qld) P/L and Bald Hills Child Care P/L,Employment by RHT Investments,Employment by RHT Investments
f38357ea-655f-4989-935b-a74741fc0cfd,Peter Dutton,Liberal National Party,Dickson,2016-10-12,Membership,Other Membership,RHT Investments (Qld) P/L,RHT Investments (Qld) P/L,Childcare/Investment Company,Child Care/Investment
2b456a51-6077-457c-8fa7-57b3105661cb,Peter Dutton,Liberal National Party,Dickson,2016-10-12,Membership,Other Membership,Bald Hills Child Care P/L,Bald Hills Child Care P/L,Childcare Company,Child Care
5c1bb029-1f9f-4f5f-86ba-44c0eb8e765c,Peter Dutton,Liberal National Party,Dickson,2016-10-12,Membership,Other Membership,PK Super P/L,PK Super (Qld) P/L,SMSF Membership,SMSF
9b5ef14e-60c0-4c27-a750-88fd981af2b1,Peter Dutton,Liberal National Party,Dickson,2016-10-12,Asset,Shares,RHT Investments (Qld) P/L,RHT Investments (Qld) P/L,Shares,Shareholdings in public and private companies - Spouse
ce3378ad-ce9c-465a-89eb-d6aa8ce36c61,Peter Dutton,Liberal National Party,Dickson,2016-10-12,Asset,Shares,PK Super (Qld) P/L,PK Super (Qld) P/L,Shares,Shareholdings in public and private companies - Spouse
67babe32-57a8-4f21-9f9b-fe279dc437fd,Peter Dutton,Liberal National Party,Dickson,2016-10-12,Asset,Shares,RHT Family Trust (RHT Investments P/L ATF),RHT Family Trust (RHT Investments P/L ATF),Beneficial Interest in Investment,"Beneficial interest, Investment - Spouse"
19e3151b-955e-4d87-a09b-50ce26cc9daa,Peter Dutton,Liberal National Party,Dickson,2016-10-12,Liability,Credit,"ANZ, NAB","ANZ, NAB",Credit Facilities,Credit Facilities - Spouse
dc8c1b49-37d1-4043-bf6d-66b01137e683,Peter Dutton,Liberal National Party,Dickson,2016-10-12,Asset,Other Asset,"ANZ, QPCU","ANZ, QPCU",Savings Account,Savings Accounts - Spouse
c16bc700-aedd-448d-9c86-f117ecfd60bc,Peter Dutton,Liberal National Party,Dickson,2016-10-12,Asset,Other Asset,"NAB, CBA","NAB, CBA",Savings Account,Savings Accounts - Dependent Children
61d4ce85-cb09-4202-8d70-e7aa20d64acc,Peter Dutton,Liberal National Party,Dickson,2016-10-12,Asset,Shares,RHT Family Trust (RHT Investments P/L ATF),RHT Family Trust (RHT Investments P/L ATF),Beneficial Interest in Investment,"Beneficial interest, Investment - Dependent Children"
20f70766-f03b-4c9f-af8a-5fe2461612de,Peter Dutton,Liberal National Party,Dickson,2017-02-13,Asset,Trust,Sydney Cricket and Sports Ground Trust,Sydney Cricket and Sports Ground Trust,Tickets and Hospitality,Tickets and hospitality Australia v Pakistan Third Test courtesy Sydney Cricket and Sports Ground Trust
9be1603d-f69b-4fd5-ab4f-25f2af020a27,Peter Dutton,Liberal National Party,Dickson,2017-12-20,Gift,Entertainment,Cricket Australia and Queensland Cricket,Cricket Australia and New Zealand Cricket,Ashes First Test tickets and hospitality,Ticket and hospitality Day 1 Magellan Ashes First Test courtesy of Cricket Australia and Queensland Cricket
c54280e2-de49-4b00-95f8-27d5a6b9bb02,Peter Dutton,Liberal National Party,Dickson,2018-02-21,Gift,Entertainment,Cricket Australia and SCG Trust,Cricket Australia and the SCG Trust,Ashes 5th test tickets and hospitality,Tickets and hospitality Magellan Ashes 5th test courtesy of Cricket Australia and SCG Trust
8e5fe0cb-a9c7-4c8a-b1ba-889c49a6b1fa,Peter Dutton,Liberal National Party,Dickson,2019-01-25,Gift,Entertainment,Cricket Australia and the SCG Trust,Cricket Australia and the SCG Trust,Ticket and hospitality,Ticket and hospitality courtesy of Cricket Australia and the SCG Trust.
9f8b2723-11f9-49a6-9b43-9af7abdedf89,Katherine Margaret Ellis,Australian Labor Party,Adelaide,2016-09-30,Unknown,Other,"News Ltd, FiveAA","News Ltd, FiveAA",Employment Income,income for employment
177d6943-a16a-4510-acca-1c930ab33f1a,Warren Entsch,Liberal National Party,Leichhardt,2016-09-15,Liability,Mortgage,Cairns Penny Savings and Loans,Cairns Penny Savings and Loans,"Mortgage, Overdraft and Personal Loan","Mortgage, Overdraft, Personal Loan"
a856bdcf-d167-47ac-88c6-e5dde008562a,Warren Entsch,Liberal National Party,Leichhardt,2016-09-15,Liability,Mortgage,"ING Direct, Westpac (Spouse)","ING Direct, Westpac (Spouse)",Mortgages,Mortgages
d01b2100-b5b2-4dca-b6a3-e3aa0cbb80d4,Warren Entsch,Liberal National Party,Leichhardt,2016-09-15,Asset,Other Asset,Cairns Penny Savings + Loans,Cairns Penny Savings and Loans,Savings Account,General Savings Accounts
55c12fb3-1d55-49a2-a218-6155ac6fd8f5,Warren Entsch,Liberal National Party,Leichhardt,2016-09-15,Asset,Other Asset,"Cairns Penny Savings + Loans, Westpac, ANZ (Spouse)","Cairns Penny Savings + Loans, Westpac, ANZ (Spouse)",Savings Account,General Savings Accounts
cb15d39e-2781-4a0c-886f-e42e4316a850,Warren Entsch,Liberal National Party,Leichhardt,2016-09-15,Asset,Other Asset,"Bendigo Bank, Westpac (Dependent Children)","Bendigo Bank, Westpac (Dependent Children)",Savings Account,General Savings Accounts
3f501aa7-4c88-4428-bd4b-553177a4d15f,Trevor Evans,Liberal National Party,Brisbane,2018-01-29,Travel,Other Travel,Save the Children and the Bill & Melinda Gates Foundation,Save the Children and the Bill & Melinda Gates Foundation,Airfares & accommodation for learning tour to Solomon Islands,"Retum economy airfares and accommodation from Brisbane to Honiara and Auki, the Solomon Islands, from Save the Children and the Bill & Melinda Gates Foundation, learning tour to see delivery of Australian foreign aid projects, 15 Jan 2018"
e0fc8469-40cd-46f2-b997-173a355c470c,Jason Falinski,Liberal Party of Australia,Mackellar,2016-09-15,Liability,Mortgage,Australia and New Zealand Banking Group Limited,Australian and New Zealand Banking Group Limited (ANZ),Mortgage on Collaroy Property,"Mortgage in respect of property at Collaroy, NSW"
672474e5-2bad-4e1c-b8f4-01e618302db9,Jason Falinski,Liberal Party of Australia,Mackellar,2016-09-15,Liability,Mortgage,Australia and New Zealand Banking Group Limited,Australian and New Zealand Banking Group Limited (ANZ),Mortgage on Woolloomooloo Property,"Mortgage in respect of property (including car space) at Woolloomooloo, NSW"
730c782e-d1b9-441d-9a9f-43a36196d498,Jason Falinski,Liberal Party of Australia,Mackellar,2016-09-15,Liability,Mortgage,Australia and New Zealand Banking Group Limited,Australian and New Zealand Banking Group Limited (ANZ),Mortgage on Collaroy Property,"Spouse's mortgage in respect of property at Collaroy, NSW"
5f7cb02f-3b59-4118-bf81-6cfec6cb4ce7,Jason Falinski,Liberal Party of Australia,Mackellar,2016-09-15,Asset,Shares,"BKL, CWN, QBE, SEK","BKL, CWN, QBE, SEK",Shares,"Striker SMSF holds shares in – BKL, CWN, QBE, SEK"
155006a1-ae29-4d6f-90a4-98c1abbdb432,Jason Falinski,Liberal Party of Australia,Mackellar,2016-09-15,Membership,Other Membership,"Long Reef Surf Life Saving Club, Warringah Chamber of Commerce, Manly Sea Eagles, Dee Why RSL Club","Long Reef Surf Life Saving Club, Warringah Chamber of Commerce, Manly Sea Eagles, Dee Why RSL Club",Various Organizations Membership,Member of various organizations
46b4bcf0-08ef-4980-8cf0-37f83138dbda,Jason Falinski,Liberal Party of Australia,Mackellar,2016-09-15,Membership,Other Membership,"Carewell Health Pty Ltd, Ricardo Health Limited, Soda Man Pty Ltd, and Chikara Pty Ltd","Carewell Health Pty Ltd, Ricardo Health Limited, Soda Man Pty Ltd, and Chikara Pty Ltd",Company Directorships Membership,Directorships DELETED
9ac23acb-f9e8-4a70-ac58-cc0b9c0b8fa9,Jason Falinski,Liberal Party of Australia,Mackellar,2018-03-27,Liability,Credit,Australian and New Zealand Banking Group,Australian and New Zealand Banking Group Limited (ANZ),Credit Card,Credit Card - Visa
565fceb0-c2a7-493d-b072-6bcc4e212ac8,David Ian Feeney,Australian Labor Party,Cooper,2017-07-20,Travel,Other Travel,Taipei Economic and Cultural office in Australia,Taipei Economic and Cultural office in Australia,"Flights, accommodation, hospitality and transport to Taiwan","Flights, accommodation, hospitality and transport to Taiwan from Melbourne provided by the Taipei Economic and Cultural office in Australia. Sunday 25 June - Friday 30 June 2017"
e1c21c56-9a54-4d52-a27b-add3038849ba,Joel Fitzgibbon,Australian Labor Party,Hunter,2016-09-09,Asset,Other Asset,National Australia Bank and Newcastle Permanent,National Australia Bank and Newcastle Permanent,Cheque and Savings Accounts,Various cheque and savings accounts (small amounts)
3cc43b29-3cdf-4aba-807c-307920d723e9,Joel Fitzgibbon,Australian Labor Party,Hunter,2016-12-05,Gift,Hospitality,Australian Food and Grocery Council,Australian Food and Grocery Council,Mixed Hamper,Small mixed hamper
b0efc3b0-51ab-4f48-89b0-df5d7ea22443,Joel Fitzgibbon,Australian Labor Party,Hunter,2017-03-08,Gift,Other,Maurice Blackburn and Matthew Albert of Counsel,Maurice Blackburn and Matthew Albert of Counsel,Pro Bono Legal Representation,"Being represented in the matter by lawyers from Maurice Blackburn and Matthew Albert of Counsel who are doing the work on a ""pro bono"" basis in an Administrative Appeals Tribunal process."
da0d84f3-2eec-499c-a315-46232567a2bc,Joel Fitzgibbon,Australian Labor Party,Hunter,2017-08-02,Gift,Other,Australian Subscription Television and Radio Association (ASTRA),Australian Subscription Television and Radio Association,Foxtel Subscription,"Complimentary subscription to Foxtel for my electorate office. $1,644.00"
b16e51cf-fdd8-43bf-b1c9-d37502644df0,Joel Fitzgibbon,Australian Labor Party,Hunter,2017-09-26,Income,Other Income,Chartered Institute of Logistics and Transport Australia,Chartered Institute of Logistics and Transport Australia,Income,Spoke at the Chartered Institute of Logistics and Transport Australia's Hunter event and accepted hospitality along with a bottle of Meerea Park 'The Aunts' 2015 Shiraz and a book '200 years of transport in the Hunter'.
d355e693-261b-4c5d-aeaa-e84982174ae9,Joel Fitzgibbon,Australian Labor Party,Hunter,2017-12-20,Asset,Real Estate,"The Charge d'Affaires a.i, James Carouso and Elizabeth Visbeek and the entire US Mission in Australia.","The Charge d'Affaires a.i, James Carouso and Elizabeth Visbeek and the entire US Mission in Australia.",White House Christmas ornament 2017,The White House Christmas ornament 2017
4504561c-e14a-4e37-ba8e-810d50281128,Joel Fitzgibbon,Australian Labor Party,Hunter,2018-03-09,Unknown,Other,Mr Elliott Charng from the Taipei Economic and Cultural Office,Mr Elliott Charng from the Taipei Economic and Cultural Office,Traditional Porcelain Vase,Traditional porcelain vase.
66def569-367b-44a4-bed3-d8858987d50d,Joel Fitzgibbon,Australian Labor Party,Hunter,2018-08-31,Gift,Other Gift,Beyond Bank Australia and Strive for Autism,Beyond Bank Australia and Strive for Autism,Charity Golf Day Invitation,Accepted an invitation to play golf in a local Charity Golf Day partnered by Beyond Bank Australia and Strive for Autism. Sponsored by NIB Health Fund
c96a8d86-2d43-45b0-8d13-ef8c88609cb4,Joel Fitzgibbon,Australian Labor Party,Hunter,2018-12-10,Asset,Real Estate,"The Charge d'Affaires a.i, James Carouso and Elizabeth Visbeek and the entire US Mission in Australia","The Charge d'Affaires a.i, James Carouso and Elizabeth Visbeek and the entire US Mission in Australia.",White House Christmas ornament 2018,The White House Christmas ornament 2018.
01496f61-d38b-4f18-940c-45c95633e133,Paul Fletcher,Liberal Party of Australia,Bradfield,2016-09-14,Membership,Other Membership,"Liberal Party of Australia, NSW Division","Liberal Party of Australia, NSW Division",Liberal Party Membership,Membership
3d49ba66-001c-40f3-a51f-fde4736c24af,Paul Fletcher,Liberal Party of Australia,Bradfield,2016-09-14,Gift,Hospitality,Australian Food and Grocery Council,Australian Food and Grocery Council,Christmas Hamper,Christmas hamper
5d8e7df8-cb36-4808-bc15-7214e113c17a,Paul Fletcher,Liberal Party of Australia,Bradfield,2016-09-14,Membership,Other Membership,"Liberal Party of Australia, NSW Division","Liberal Party of Australia, NSW Division",Liberal Party Membership,Membership held by Spouse: Manuela Zappacosta
29871814-8433-4ae7-bde0-28d8acd29097,Paul Fletcher,Liberal Party of Australia,Bradfield,2016-10-11,Travel,Other Travel,"Royal Goedewaagen, Schipol","Royal Goedewaagen, Schipol",Ceramic figurine,Ceramic figurine from Royal Goedewaagen received from Schipol during Ministerial visit. The item is within the allowable limit
e40e2159-d380-4b32-9379-4c2847c13873,Paul Fletcher,Liberal Party of Australia,Bradfield,2016-11-10,Travel,Other Travel,"Incheon Free Economic Zone, Korea","Incheon Free Economic Zone, Korea",Etched porcelain vase,"23 cm flower etched porcelain vase ""Nokcheongja"" from Incheon Free Economic Zone, Korea. Gift received during a Ministerial Visit in September."
ed4e7a6c-67eb-43e8-bfdb-e6a7c4a3a914,Paul Fletcher,Liberal Party of Australia,Bradfield,2016-11-10,Gift,Other Gift,"Incheon International Airport, Korea","Incheon International Airport, Korea",Red Tie,"'Lee Geon Maan' red tie with aeroplane motif from Incheon International Airport, Korea. (Ministerial Visit in September)"
32d83e1b-1011-4087-a2ce-ceee90158a5a,Paul Fletcher,Liberal Party of Australia,Bradfield,2016-12-17,Gift,Hospitality,Rudy and Julie Limantono of Zion Graphics,Rudy and Julie Limantono of Zion Graphics,Christmas Hamper,Christmas hamper from Rudy and Julie Limantono of Zion Graphics. The item is within the allowable limits.
cbb1b540-e025-4d8f-918e-a7faa63615c2,Paul Fletcher,Liberal Party of Australia,Bradfield,2017-02-02,Travel,Other Travel,VA 812 SYD/MELB,VA 812 SYD/MELB,Economy to Business class upgrade,"Wednesday 3 August 2016, Economy to Business class"
7d850b7c-4ba0-4d2a-8e30-8b05771dac15,Paul Fletcher,Liberal Party of Australia,Bradfield,2017-02-02,Travel,Other Travel,VA 925 SYD/BRISBANE,VA 925 SYD/BRISBANE,Economy to Business class upgrade,"Friday 21 October 2016, Economy to Business class"
1ce767ec-649f-447c-a98c-4a22f4f1023b,Paul Fletcher,Liberal Party of Australia,Bradfield,2017-06-08,Travel,Other Travel,QF 1320 CBR/SYD,QF 1320 CBR/SYD,Economy to Business Class upgrade,"23 Mar 2017, Economy to Business Class"
93ed0852-da59-4ac0-86b6-7ca2ab9bd9d9,Paul Fletcher,Liberal Party of Australia,Bradfield,2017-06-08,Travel,Other Travel,QF 409 SYD/MEL,QF 409 SYD/MEL,Economy to Business Class upgrade,"12 Apr 2017, Economy to Business Class"
c9d2cb6a-7014-445c-8d7e-ee24deb0dee2,Paul Fletcher,Liberal Party of Australia,Bradfield,2017-09-23,Unknown,Other,Sydney Taiwan Festival Inc and Mr Rui Lin Shu (Tea Banjie Farm),Sydney Taiwan Festival Inc and Mr Rui Lin Shu (Tea Banjie Farm),2 Taiwan tea gift sets,2 Taiwan tea gift sets from the Sydney Taiwan Festival Inc and Mr Rui Lin Shu (Tea Banjie Farm) - a participant at the Sydney Taiwan Festival. Both items are within the allowable Limit.
d79cf8f2-99ba-42ba-8826-500dc28d0b8a,Paul Fletcher,Liberal Party of Australia,Bradfield,2018-03-15,Membership,Other Membership,PFMZ Pearl Super Pty Ltd and PFMZ Pty Ltd,PFMZ Pearl Super Pty Ltd and PFMZ Pty Ltd,Directorship of PFMZ Pearl Super Pty Ltd and PFMZ Pty Ltd,I am a director of PFMZ Pearl Super Pty Ltd and PFMZ Pty Ltd. My wife Manuela Zappacosta is a director of PFMZ Pearl Super Pty Ltd and PFMZ Pty Ltd.
d01736b8-1080-4e04-99c9-99553a8d23ae,Michael Randolph Freelander,Australian Labor Party,MacArthur,2016-09-27,Unknown,Other,Pebema P/L,Pebema P/L,Medical practice company,"Jointly held with spouse, medical practice company. See attached."
812d6319-fe82-44ea-9e17-a8d687e088a8,Michael Randolph Freelander,Australian Labor Party,MacArthur,2016-09-27,Asset,Shares,Pebema P/L Superannuation Fund,Pebema P/L Superannuation Fund,Bank Shares,"Superannuation company fund, held with spouse. Shares in ANZ BANK, WESTPAC, Comberle, AMP, BOR, BHP, Transumber Mac Bank, WPL, Teletren, QBE, Origuna, Qantas, Invocare etc., EVT, Stockleerd, APN outdoor, MTR, Westfield + 2 properties used as medical rooms in Browne ST Campbelltown"
67345e74-ac31-4afc-8ff7-fbf9db1bc01e,Michael Randolph Freelander,Australian Labor Party,MacArthur,2016-09-27,Membership,Other Membership,Pebema P/L,Pebema P/L,Pebema P/L Directorship,N/A
0e73b7d1-b736-4b40-a9e4-47e581a94c97,Michael Randolph Freelander,Australian Labor Party,MacArthur,2016-09-27,Unknown,Other,Pebema P/L,Pebema P/L,Medical practice company,Pebema P/L medical practice company.
af33f090-0d1d-4625-b28a-e11672224125,Michael Randolph Freelander,Australian Labor Party,MacArthur,2017-08-30,Travel,Other Travel,"APLMA, Global Fund",Global Fund and APLMA,Delegation to Thailand and Myanmar,"Delegation to Thailand and Myanmar with APLMA and the Global Fund. Cost: $6,640.92"
30aaa4b3-046d-4bfc-8f6f-0cf4dc82af32,Joshua Frydenberg,Liberal Party of Australia,Kooyong,2016-09-27,Unknown,Other,Australian Subscription Television Assoc. / Foxtel,Australian Subscription Television Assoc. / Foxtel,Electorate Office Subscription,Australian Subscription Television Assoc. / Foxtel - Electorate Office Subscirption
92e6146d-c4a6-4fbe-8fd1-3c6055ccdc7d,Joshua Frydenberg,Liberal Party of Australia,Kooyong,2017-12-21,Unknown,Other,"Arnold Bloch Leibler, Mr David Bennett AC QC","Arnold Bloch Leibler, Mr David Bennett AC QC",Pro Bono Legal Advice,Pro Bono legal advice provided by Arnold Bloch Leibler (Lawyers) and Mr David Bennett AC QC.
c70fef7f-6d6c-4aa3-991c-34c4dd9394ec,Andrew Gee,National Party of Australia,Calare,2018-07-31,Membership,Other Membership,Orange Golf Club t/as Duntryleague,Orange Golf Club t/as Duntryleague,Orange Golf Club Honorary Member,Honorary Member
bcdb60f5-d875-4a72-86bb-b2467dd9ec20,David Gillespie,National Party of Australia,Lyne,2016-09-30,Asset,Shares,David + Charlotte Gillespie Family Trust,David + Charlotte Gillespie Family Trust,Investment Trust Beneficial Interest,"Self, TRUST-INVESTMENT, Beneficiary"
ccf180ab-b4ab-4dfe-af95-f189b59e6bf4,David Gillespie,National Party of Australia,Lyne,2016-09-30,Asset,Shares,David + Charlotte Gillespie Family Trust,David + Charlotte Gillespie Family Trust,Investment Trust Beneficial Interest,"Spouse, TRUST-INVESTMENT, Beneficiary"
6af5f6ac-e152-4a58-83b4-bffd4ec4b800,David Gillespie,National Party of Australia,Lyne,2016-09-30,Asset,Shares,David + Charlotte Gillespie Family Trust,David + Charlotte Gillespie Family Trust,Investment Trust Beneficial Interest,"Dependent Children, TRUST-INVESTMENT, Beneficiary"
8cfdeb23-1d51-4be0-88f4-137f7b2e7f25,David Gillespie,National Party of Australia,Lyne,2016-09-30,Asset,Shares,David + Charlotte Gillespie Family Trust,David + Charlotte Gillespie Family Trust,Trustee Company Directorship,"Self, TRUST-INVESTMENT, Director of Trustee Company"
5b360674-0f91-4d6a-b70e-9745e072d108,David Gillespie,National Party of Australia,Lyne,2016-09-30,Asset,Shares,David + Charlotte Gillespie Family Trust,David + Charlotte Gillespie Family Trust,Family Related,"Spouse, TRUST-INVESTMENT, Director of Trustee Company"
95cb7d06-d012-428f-9773-cd81a720c404,David Gillespie,National Party of Australia,Lyne,2016-09-30,Asset,Real Estate,"Randwick NSW, Port Macquarie, Port Macquarie, Port Macquarie, Wauchope","Randwick NSW, Port Macquarie, Port Macquarie, Port Macquarie, Wauchope",Randwick,"Self, Investment, Units x5 Investment Residential, Units x10 Investment Commercial, Residence & Farm"
2e9f62b7-f51d-4b68-87ef-c19d12d32c4d,David Gillespie,National Party of Australia,Lyne,2016-09-30,Asset,Real Estate,"Port Macquarie, Port Macquarie, Wauchope","Port Macquarie, Port Macquarie, Wauchope",Family Related,"Spouse, Units x5 Investment Residential, Units x10 Commercial Investment, Residence & Farm"
f577e384-d20f-40bd-aec5-b104a6edf7ed,David Gillespie,National Party of Australia,Lyne,2016-09-30,Asset,Real Estate,"Port Macquarie, Port Macquarie","Port Macquarie, Port Macquarie, Wauchope",Family Related,"Dependent Children, Units x5 Residential Investment, Units x10 Commercial Investment"
08915435-8dcc-42ba-91db-d120404e9c70,David Gillespie,National Party of Australia,Lyne,2016-09-30,Membership,Other Membership,"Templemore Investment Pty Ltd, Goldenboot Pty Ltd","Templemore Investment Pty Ltd, Goldenboots Pty Ltd",Trustee Company Membership,"Self, Trustee Company"
cbfe821f-9027-40f2-96b8-68b0c731e7e0,David Gillespie,National Party of Australia,Lyne,2016-09-30,Membership,Other Membership,"Templemore Investment Pty Ltd, Goldenboots Pty Ltd","Templemore Investment Pty Ltd, Goldenboots Pty Ltd",Spouse's Trustee Company Membership,"Spouse, Trustee Company"
a29781ca-e543-4116-b5d3-5d2803ba6e1e,David Gillespie,National Party of Australia,Lyne,2016-09-30,Unknown,Other,"Royal Australasian College of Physicians, AMA(NSW), Gastroenterology Society of Australia","Royal Australasian College of Physicians, AMA(NSW), Gastroenterology Society of Australia",Medical Associations Membership,"Self, RACP, GESA"
bb476383-1da6-418e-b75c-d1696608829c,David Gillespie,National Party of Australia,Lyne,2018-02-15,Asset,Trust,Real Estate Holdings of DIC Gillespie Superfund by Corporate Trustee and by Golden Boot Pty Ltd,Real Estate Holdings of DIC Gillespie Superfund by Corporate Trustee and by Golden Boot Pty Ltd,Apartment,Deletion: Sale of unit/commercial in PortMacquarie.
c98ed3da-091a-4bea-a3e8-55eb72659339,Ian Goodenough,Liberal Party of Australia,Moore,2016-09-01,Asset,Real Estate,"House, Mindarie, Western Australia","House, Leederville, Western Australia",Residential House,Family Residence
1ffd45a7-4b43-40ae-b236-d96c8de5be57,Ian Goodenough,Liberal Party of Australia,Moore,2016-09-01,Asset,Real Estate,"House, Leederville, Western Australia","House, Leederville, Western Australia",Residential House,Second Family Residence
24c3b509-f06d-4641-89f3-fbaa35ac155f,Ian Goodenough,Liberal Party of Australia,Moore,2016-09-01,Asset,Real Estate,"House, Yarralumla, Australian Capital Territory","House, Yarralumla, Australian Capital Territory",Residential House,Canberra Residence
639035bb-061e-4b37-b1bd-5c7935314aa6,Ian Goodenough,Liberal Party of Australia,Moore,2016-09-01,Asset,Real Estate,"House, Leederville, Western Australia","House, Leederville, Western Australia",Residential House,Investment Property
53b33035-76cf-445d-a96f-92e966f81a96,Ian Goodenough,Liberal Party of Australia,Moore,2016-09-01,Asset,Shares,"Commercial Complex, Belmont, Western Australia","Commercial Complex, Belmont, Western Australia",Commercial,Business and Investment Purposes
4543bae8-5ef7-4dfe-aaaf-81794967f371,Ian Goodenough,Liberal Party of Australia,Moore,2016-09-01,Asset,Real Estate,"Factory/Warehouse, Belmont, Western Australia","Factory/Warehouse, Belmont, Western Australia",Residential House,Business and Investment Purposes
28c828bb-78c2-4bd5-a3d5-9959029f6bee,Ian Goodenough,Liberal Party of Australia,Moore,2016-09-01,Asset,Shares,"Commercial Complex, Currambine, Western Australia","Commercial Complex, Currambine, Western Australia",Commercial,Business and Investment Purposes
5c0e68f3-aadc-4dbc-b825-742bd974dd7e,Ian Goodenough,Liberal Party of Australia,Moore,2016-09-01,Asset,Shares,"Vacant Land, Currambine, Western Australia","Vacant Land, Currambine, Western Australia",Land,Business and Investment Purposes
3f93aaa2-add0-4885-9880-3beb075db99e,Ian Goodenough,Liberal Party of Australia,Moore,2016-09-01,Asset,Shares,"Rural Property, Red Gully, Western Australia","Rural Property, Red Gully, Western Australia",Real Estate,Business and Investment Purposes
329d6057-eef2-4a6b-b961-acc7e1ac6635,Ian Goodenough,Liberal Party of Australia,Moore,2016-09-01,Asset,Shares,"Rural property, Granville, Western Australia","Rural property, Granville, Western Australia","Rural Land in Granville, WA",Business and Investment Purposes
a6e1d458-5530-4c9a-95dc-3e3b04176841,Ian Goodenough,Liberal Party of Australia,Moore,2016-10-17,Income,Other Income,"Vacant Commercial Land, Currambine","Vacant Commercial Land, Currambine",Income,Disposition on market sale to Aldi Foods Limited.
df24a1d4-d08b-4b05-a74b-12061e2582bc,Ian Goodenough,Liberal Party of Australia,Moore,2017-02-06,Asset,Real Estate,"Two Houses, Leederville","Two Houses, Leederville",Residential Houses in Leederville,"Disposition of Two Houses, Leederville (Second Family Residence and Investment Property). Independent on-market sale following planning approval for 10 unit development."
ef34b83f-fa0d-4311-b577-e1caf30a3576,Ian Goodenough,Liberal Party of Australia,Moore,2017-10-17,Asset,Real Estate,"Factory/Warehouse in Belmont, WA","Factory/Warehouse in Belmont, WA","Commercial Property in Belmont, WA","Sale of Factory/Warehouse in Belmont, WA"
8c1686c7-428e-4324-9966-5c60e69493fc,Ian Goodenough,Liberal Party of Australia,Moore,2018-03-26,Travel,Other Travel,"Thai Airways, business class; AIMS Immigration Specialist Pte Ltd; Naki Group","Thai Airways, business class; AIMS Immigration Specialist Pte Ltd; Naki Group",Return Airfare and Accommodation in Cambodia,"Return airfare between Perth and Phnom Penh, Cambodia, via Thai Airways, business class. Accommodation in serviced apartment, Silvertown, Phnom Penh, and road transportation, between 13 – 16 March 2018. Guest speaker on economic development, trade and investment in Australia. Visit to Tuol Sleng Genocide Museum."
590ab8f4-2491-43fb-b666-69ef6630eb41,Ian Goodenough,Liberal Party of Australia,Moore,2018-05-07,Travel,Other Travel,"Malindo Air; Melia Hotel, Hanoi; Vietnam Airlines; Singapore Airlines; AIMS Immigration Specialist Pte Ltd","Malindo Air; Melia Hotel, Hanoi; Vietnam Airlines; Singapore Airlines; AIMS Immigration Specialist Pte Ltd",Airfare and Accommodation in Vietnam,"Airfare between Perth and Hanoi, via Malindo Air, business class. 1 night accommodation at Melia Hotel, Hanoi. Airfare between Hanoi to Ho Chi Minh City, via Vietnam Airlines, economy class. 3 nights accommodation at Bay Hotel, Ho Chi Minh City Airfare between Ho Chi Minh City and Perth, via Singapore Airlines, business class. Road transportation and sightseeing tours. Guest speaker on economic development, free trade agreements, and investment in Australia."
e3c2fbcb-85fe-43a8-8084-3de7f3dedf01,Patrick Gorman,Australian Labor Party,Perth,2018-08-20,Asset,Other Asset,"Australian Super, Comminsure Corporate Insurance Superannuation, OnePath Masterfund","Australian Super, Comminsure Corporate Insurance Superannuation, OnePath Masterfund",Superannuation,Superannuation with Australian Super. Self and Spouse.
21f48783-e102-4a16-b5c0-293fa23e051f,Patrick Gorman,Australian Labor Party,Perth,2018-12-20,Asset,Other Asset,"Tourism Council CEO, Evan Hall","Tourism Council CEO, Evan Hall",Wine and Beer,"Received a gift of 2 cases of wine and a carton of beer from local constituent and Tourism Council CEO, Evan Hall – value approx. $300"
6fc44ace-ff31-44a7-809f-7803ff305558,Luke Gosling,Australian Labor Party,Solomon,2016-09-28,Liability,Mortgage,AFG/NAB,AFG/NAB,House Mortgage,House mortgage
5b8cb965-5c35-4124-9f94-32708730bbab,Luke Gosling,Australian Labor Party,Solomon,2017-02-27,Travel,Other Travel,Save the Children Australia / Gates Foundation,"Save the Children Australia, Gates Foundation",Visit to Aid Projects in Myanmar/Burma,"Visit organised by Save the Children Australia, funded by a grant from the Gates Foundation Economy Class flights, Accommodation, Meals and Transfers to visit aid projects in Myanmar/Burma"
7c4819ed-b4a8-4b2f-a20f-ffc7e4a8adc0,Timothy Jerome Hammond,Australian Labor Party,Perth,2016-08-30,Travel,Other Travel,Cameco and Chamber of Minerals And Energy,Cameco and Chamber of Minerals And Energy,Charter Flight from Kalgoorlie to Mount Keith Airport,Charter flight courtesy of Cameco and Chamber of Minerals And Energy from Kalgoorlie to Mount Keith airport and Return.
cd624a79-746e-4575-8fa0-a5b9a917599b,Timothy Jerome Hammond,Australian Labor Party,Perth,2016-11-24,Unknown,Other,"Claire Fitzpatrick, Managing Director Exploration & Production Aust, BP Australia","Claire Fitzpatrick, Managing Director Exploration & Production Aust, BP Australia",Breakfast at CEDA Event,"ATTEND BREAKFAST AT THE CEDA EVENT 'OPPOSITION'S ELECTION PLATFORM' WITH GUEST SPEAKER, THE HON MARK MCGOWAN MLA COURTESY OF CLAIRE FITZPATRICK, MANAGING DIRECTOR EXPLORATION & PRODUCTION AUST, BP AUSTRALIA."
bb3c4e61-9822-4987-ad42-6fbc8115451f,Timothy Jerome Hammond,Australian Labor Party,Perth,2016-12-06,Gift,Hospitality,"Sam Buckeridge, BGC Group","Sam Buckeridge, BGC Group",Adelaide Hills 'La Prova' Shiraz Sangiovese 2015,"1 BOTTLE OF ADELAIDE HILLS 'LA PROVA' SHIRAZ SANGIOVESE 2015 GIFTED BY SAM BUCKERIDGE, BGC GROUP"
f4132716-7765-40fd-9e33-78e588143b8f,Timothy Jerome Hammond,Australian Labor Party,Perth,2017-05-08,Income,Other Income,"Michael Crouch, Founder, ZIP Industries (AUST) PTY LTD","Michael Crouch, Founder, ZIP Industries (AUST) PTY LTD",Employment Income,"1 BOOK AUTHORED BY COLLEEN McCOULLOUGH 'Water is Life' GIFTED BY MICHAEL CROUCH, FOUNDER, ZIP INDUSTRIES (AUST) PTY LTD"
93e50251-fd81-4a55-a39e-2aef800b0cba,Timothy Jerome Hammond,Australian Labor Party,Perth,2017-05-26,Income,Other Income,"Paul Perreault, CEO, CSL Limited","Paul Perreault, CEO, CSL Limited",Employment Income,"1 X COFFEE TABLE BOOK DEPICTING 100 YEARS OF OPERATION OF CSL LIMITED GIFTED BY PAUL PERREAULT, CEO, CSL LIMITED VALUE UNKNOWN."
2d7d5e1e-222b-45b6-8355-2fd85e4f68e3,Timothy Jerome Hammond,Australian Labor Party,Perth,2017-06-13,Gift,Hospitality,"Nigel Satterley AO, CEO THE SATTERLEY GROUP, JOHN POYNTON AO, RICK NEWNHAM, CHIEF ECONOMIST, CCI WA","Nigel Satterley AO, CEO THE SATTERLEY GROUP, JOHN POYNTON AO, RICK NEWNHAM, CHIEF ECONOMIST, CCI WA",Dinner at The Flower Drum,"DINNER WITH NIGEL SATTERLEY AO, CEO THE SATTERLEY GROUP JOHN POYNTON AO RICK NEWNHAM, CHIEF ECONOMIST, CCI WA VENUE: THE FLOWER DRUM DATE: 08 JUNE 2017 VALUE UNKNOWN"
37c4316d-2978-4a74-824c-b45d5077ae2d,Timothy Jerome Hammond,Australian Labor Party,Perth,2017-07-30,Asset,Real Estate,"Luke Mckenzie, CEO, Metcash","Luke Mckenzie, CEO, Metcash",Dinner,"DINNER HOSTED BY LUKE MCKENZIE CEO, METCASH VENUE: SOCIAL EATING HOUSE, BROADBEACH COST UNKNOWN"
3ede94db-4abb-4c48-a3a4-a1014c550967,Timothy Jerome Hammond,Australian Labor Party,Perth,2017-11-06,Unknown,Other,"Screen Australia and Hon Christian Porter MP, Minister for Social Services","Screen Australia and Hon Christian Porter MP, Minister for Social Services",DVDs and Ceramic Bowl,"DVD's gifted by Screen Australia and a ceramic bowl made by Australian Disability Enterprises, gifted by Hon Christian Porter MP, Minister for Social Services"
375fca0b-f7d2-40fc-8dab-de0409ea153f,Timothy Jerome Hammond,Australian Labor Party,Perth,2018-01-29,Gift,Other,"Nazarudin Jaafar, Consul General of Malaysia","Nazarudin Jaafar, Consul General of Malaysia",Framed art piece displaying Malaysian rainforest,"Framed art piece displaying Malaysian rainforest, made from Predominately wood veneer. Presented by Mr Nazarudin Jaafar, Consul General of Malaysia, Value: Unknown"
a48c0501-5d62-413a-ae5d-37dac2ddde46,Timothy Jerome Hammond,Australian Labor Party,Perth,2018-01-30,Income,Other Income,Greg Hunt and Laurie Lawrence's Kids Alive Program,Greg Hunt and Laurie Lawrence's Kids Alive Program,Income,"ASSORTED BOOKS AND DVD'S RELATING TO INFORMATION ON PREVENTION OF DROWNING AND TEACHING WATER SAFETY COURTESY OF THE MINISTER FOR SPORT, GREG HUNT, AND LAURIE LAWRENCE'S KIDS ALIVE PROGRAM"
57eaadff-0099-4d5b-8afb-71d5745ecbcc,Timothy Jerome Hammond,Australian Labor Party,Perth,2018-02-26,Asset,Other Asset,"Elliott Charng, Representative of Taiwan","Elliott Charng, Representative of Taiwan",Porcelain Vase,"A TAI-HWA POTTTERY GOLDEN CARVING PORCELAIN BLUE-AND-WHITE SERIES VASE ON STAND PRESENTED BY MR ELLIOTT CHARNG, REPRESENTATIVE OF TAIWAN"
c8166142-b04a-44d7-ac5b-3e5e38008bd2,Timothy Jerome Hammond,Australian Labor Party,Perth,2018-03-01,Income,Other Income,"Her Excellency Mrs Martha Mavrommati, High Commissioner of the Republic of Cyprus","Her Excellency Mrs Martha Mavrommati, High Commissioner of the Republic of Cyprus",Income,"Coffee Table hard copy book “Window on Cyprus"" Presented by Her Excellency Mrs Martha Mavrommati, High Commissioner of the Republic of Cyprus"
991d9b93-94b2-422c-b689-2036a8b4edd0,Timothy Jerome Hammond,Australian Labor Party,Perth,2018-03-13,Gift,Hospitality,"Luke Mackenzie, Manager, Government Relations Metcash","Luke Mackenzie, Manager, Government Relations Metcash",Lunch with Luke Mackenzie,"LUNCH WITH LUKE MACKENZIE MANAGER, GOVERNMENT RELATIONS METCASH DATE: 10 MARCH 2018 VENUE: MUST BAR, 519 BEAUFORT ST, HIGHGATE COST: UNKNOWN"
420e492b-e7f7-4948-9726-c69c4e2c5779,Ross Anthony Hart,Australian Labor Party,Bass,2016-09-22,Liability,Other Liability,"ANZ, CBA","CBA, ANZ",Overdraft,Overdraft
89c8ea9a-fbff-46f5-ad10-94f32f4f9cf1,Ross Anthony Hart,Australian Labor Party,Bass,2018-05-24,Unknown,Other,TAIPEI ECONOMIC AND CULTURAL OFFICE,TAIPEI ECONOMIC AND CULTURAL OFFICE,Small Ceramic Vase,Gift of small ceramic Vase (approx. 15 cm tall) from Taipei Economic and Cultural Office in Australia- value unknown
6cd7e328-6102-4640-b02f-96db13c8ad41,Ross Anthony Hart,Australian Labor Party,Bass,2018-07-30,Travel,Other Travel,"QANTAS, VIRGIN AUSTRALIA",VIRGIN AUSTRALIA,Business to First Class Flight Upgrade,Travel upgrades: QF 36 SIN-MEL Business to First Class 24 July VA 1362 MEL-LST Economy to Business 25 July
346fd30a-e368-45ab-b3c2-14a8566c3008,Luke Hartsuyker,National Party of Australia,Cowper,2018-04-24,Gift,Other,"Foxtel, Coffs Harbour EO","Foxtel, Coffs Harbour EO",Platinum HD Foxtel Account,"Complimentary MP account, Platinum HD, $137 per month, Equates to $1,644 per year, commenced from 3 April 2018."
ebfc6ecb-0f0c-463e-bcb0-b76a41107c10,Andrew Hastie,Liberal Party of Australia,Canning,2016-09-27,Unknown,Other,Mandurah Offshore Fishing and Sailing Club,Mandurah Offshore Fishing and Sailing Club,Patronage,Patron of the Mandurah Offshore Fishing and Sailing Club (19.08.2016)
abd29c30-cd36-432e-b3db-b02161cc4386,Andrew Hastie,Liberal Party of Australia,Canning,2017-03-21,Travel,Other Travel,Australia/Israel & Jewish Affairs Council (AIJAC),Australia/Israel & Jewish Affairs Council (AIJAC),"Flights, Accommodation & Transport to Israel","Hospitality in the form of flights, accommodation, most consumables and transport from the Australia/Israel & Jewish Affairs Council (AIJAC) through the Rambam Israel Fellowship program to attend the Coalition MP Study Group Visit to Israel."
83e7a327-c010-48e4-a566-9130d2169933,Andrew Hastie,Liberal Party of Australia,Canning,2017-09-13,Membership,Other Membership,Mandurah Offshore Fishing and Sailing Club,Mandurah Offshore Fishing and Sailing Club,Patron of Mandurah Offshore Fishing and Sailing Club,Patron of the Mandurah Offshore Fishing and Sailing Club for the 2017-2018 membership year.
3bed1b68-ca09-437a-9430-66625e87d066,Andrew Hastie,Liberal Party of Australia,Canning,2017-12-04,Travel,Other Travel,New South Wales Jewish Board of Deputies and the Executive Council of Australian Jewry Inc.,New South Wales Jewish Board of Deputies and the Executive Council of Australian Jewry Inc.,"Flights, Accommodation, Transport & Meals","A member of my staff was provided the opportunity to take part in the 2017 Joshua Berger Family Fellowship program. Flights, accommodation, transport and meals were covered by the program which was conducted jointly by the New South Wales Jewish Board of Deputies and the Executive Council of Australian Jewry Inc."
7184f0fb-3ff0-4076-98eb-f291c83ca9b7,Alexander George Hawke,Liberal Party of Australia,Mitchell,2017-11-14,Unknown,Other,Royal NSW Lancers 1st/15th,Royal NSW Lancers 1st/15th,Commander's Coin,Gift from Royal NSW Lancers 1st/15th. Commander's Coin
8379c605-f244-461e-aa70-9185e26ad363,Christopher Hayes,Australian Labor Party,Fowler,2018-10-24,Travel,Other Travel,"Br Armin, De La Salle University","Br Armin, De La Salle University","Return Airfares, Meals & Accommodation","Travel to Manila, Philippines to address law students. Cost of return airfares met, meals and accommodation provided at no cost by De La Salle University."
e71ec75d-9162-4f01-bce7-a931bab44c3d,Christopher Hayes,Australian Labor Party,Fowler,2019-02-19,Travel,Other Travel,"Kuwait Parliament, Palestinian Authority","Kuwait Parliament, Palestinian Authority","Airfares, Accommodation & Meals","From 7 January 2019 – 16 January 2019 I was part of a delegation to Kuwait and Palestine. The delegation to Kuwait and Palestine was hosted by the Kuwait Parliament and Palestinian Authority. All airfares were provided by the Kuwait Parliament, as was accommodation and meals during our stay in Kuwait. All other accommodation and meals, during our stay in Jordan and Palestine, including ground travel, was provided by the Palestinian Authority."
c2fe9260-a1e4-4cb6-87e3-96f2f37c8b8d,Sarah Henderson,Liberal Party of Australia,Corangamite,2016-09-27,Asset,Other Asset,Bendigo and Adelaide Bank,Bendigo and Adelaide Bank,Personal Savings,"Spouse: Personal saving, Bendigo and Adelaide Bank"
ea947fac-7749-4a6e-bebd-b450d0926c56,Sarah Henderson,Liberal Party of Australia,Corangamite,2016-09-27,Unknown,Other,Australian Subscription Television and Radio Association,Australian Subscription Television and Radio Association,Foxtel Subscription,Self: Annual Foxtel subscription provided by Australian Subscription Television and Radio Association to electorate office
acf2eda4-a82e-428b-aceb-521717197f64,Sarah Henderson,Liberal Party of Australia,Corangamite,2016-11-28,Gift,Entertainment,Barwon Heads Football and Netball Club,South Barwon Football and Netball Club,Barwon Heads Football and Netball Club Membership,Barwon Heads Football and Netball Club
1822d6d8-8d67-4cad-980a-8e16d1e0a861,Sarah Henderson,Liberal Party of Australia,Corangamite,2016-11-28,Gift,Entertainment,Colac Football and Netball Club,Colac Tigers Football Netball Club,Colac Football and Netball Club Membership,Colac Football and Netball Club
898d07d8-0b81-450e-b5b2-03df95ee478e,Sarah Henderson,Liberal Party of Australia,Corangamite,2016-11-28,Gift,Entertainment,Geelong Amateurs Football and Netball Club,Geelong Amateurs Football and Netball Club,Geelong Amateurs Football and Netball Club Membership,Geelong Amateurs Football and Netball Club
d1ee2fcd-2a46-4c69-a46d-45cd28228e7a,Sarah Henderson,Liberal Party of Australia,Corangamite,2016-11-28,Gift,Entertainment,Grovedale Tigers Football and Netball Club,Ocean Grove Football and Netball Club,Grovedale Tigers Football and Netball Club Membership,Grovedale Tigers Football and Netball Club
ae8b568d-56e2-451a-bce8-fc136ed10a36,Sarah Henderson,Liberal Party of Australia,Corangamite,2016-11-28,Gift,Entertainment,Inverleigh Football and Netball Club,Inverleigh Football and Netball Club,Gift,Inverleigh Football and Netball Club
d1f074b4-72bd-407b-93d0-71dccff8ad36,Sarah Henderson,Liberal Party of Australia,Corangamite,2016-11-28,Gift,Entertainment,Lorne Football and Netball Club,St Mary's Football and Netball Club,Gift,Lorne Football and Netball Club
270bd787-cd7d-403f-97c6-3d707cbaca6e,Sarah Henderson,Liberal Party of Australia,Corangamite,2016-11-28,Gift,Entertainment,Ocean Grove Football and Netball Club,Ocean Grove Football and Netball Club,Gift,Ocean Grove Football and Netball Club
05dd13c2-f75c-4665-939d-16722067b221,Sarah Henderson,Liberal Party of Australia,Corangamite,2016-11-28,Gift,Entertainment,Queenscliff Football and Netball Club,Queenscliff Football and Netball Club,Gift,Queenscliff Football and Netball Club
1e5bbcc5-da21-439b-bb12-8c5b5e77fea1,Sarah Henderson,Liberal Party of Australia,Corangamite,2016-11-28,Gift,Entertainment,South Barwon Football and Netball Club,South Barwon Football and Netball Club,Gift,South Barwon Football and Netball Club
a1baf618-8094-4fde-838e-bae657629e4b,Sarah Henderson,Liberal Party of Australia,Corangamite,2016-11-28,Gift,Entertainment,Torquay Football and Netball Club,Torquay Football and Netball Club,Gift,Torquay Football and Netball Club
2f9040b0-1c97-462e-9b47-05a23f0a07b6,Sarah Henderson,Liberal Party of Australia,Corangamite,2016-11-28,Gift,Entertainment,Winchelsea Football and Netball Club,Winchelsea Football and Netball Club,Gift,Winchelsea Football and Netball Club
ff038df9-7842-4ca9-9e7f-ce2928c6d1b8,Sarah Henderson,Liberal Party of Australia,Corangamite,2018-10-03,Gift,Entertainment,Anglesea Football and Netball Club,Birregurra Football and Netball Club,Membership to Anglesea and Apollo Bay Hawks Football and Netball Club,By reason of my sponsorship of such clubs; I am a member of the Anglesea Football and Netball Club and the Apollo Bay Hawks Football and Netball Club and I am not a member of Queenscliff Football Netball Club; and
28761f42-cdf8-44d8-9636-5e38380595fb,Sarah Henderson,Liberal Party of Australia,Corangamite,2019-01-24,Membership,Other Membership,Lorne Aquatic and Angling Club,Lorne Aquatic and Angling Club,Lorne Aquatic and Angling Club Membership and Number 1 Ticket Holder,I have become a member of the Lorne Aquatic and Angling Club and the club's No 1 ticket holder for 2019.
7418dbc5-29f6-4d0a-babc-ebdf7bd4a547,Julian Hill,Australian Labor Party,Bruce,2016-09-21,Asset,Other Asset,Bank of Melbourne / St George Bank,Bank of Melbourne / St George Bank,Transaction Account,Transaction account
18e64705-22d3-49b4-9930-c0113ffb767d,Julian Hill,Australian Labor Party,Bruce,2017-03-22,Membership,Other Membership,Community and Public Sector Union,Community and Public Sector Union,Community and Public Sector Union Membership,Member
2b453785-a97b-4bb9-8b35-775d8df84486,Julian Hill,Australian Labor Party,Bruce,2017-07-27,Travel,Other Travel,Asia Pacific Leaders Malaria Alliance and the Global Fund,Asia Pacific Leaders Malaria Alliance and the Global Fund,Delegation to Thailand and Myanmar,"Delegation to Thailand and Myanmar with Asia Pacific Leaders Malaria Alliance and the Global Fund (to fight AIDS Tuberculosis and Malaria) June 24 - July 1 2017. Total costs incurred: AUD 6,986.24. Airfares: 5,187.94, Hotels: 1,120.69, Incidental: 677.61"
dfa89ca7-c90e-42c1-84ca-c6f9b995980b,Julian Hill,Australian Labor Party,Bruce,2018-02-06,Travel,Other Travel,The Bill and Melinda Gates Foundation,The Bill and Melinda Gates Foundation,"Flight Costs, Hotel Accommodation & Ground Transport","Certain costs in relation to a study tour to the Solomon Islands, January 2018. The Bill and Melinda Gates Foundation paid for flight costs (Melbourne - Brisbane – Honiara return + internal return flight from Honiara to Malaita Province), hotel accommodation 15 – 19 January, ground transport costs and some meals. All other costs were paid by me personally."
1e7dd8ad-94f2-4ab5-a9de-fb4349dbf2b8,Julian Hill,Australian Labor Party,Bruce,2018-03-16,Travel,Other Travel,Department of Finance and the Japanese Ministry of Foreign Affairs,Department of Finance and the Japanese Ministry of Foreign Affairs,"Flights, Accommodation, Meals & Ground Transport","Flights, accommodation, meals and ground transport as part of an Australian Political Exchange Council delegation to Japan (2-10 March 2018) organised by the Department of Finance and the Japanese Ministry of Foreign Affairs"
5cd27582-3319-445b-b9f3-8084a78de6cf,Julian Hill,Australian Labor Party,Bruce,2018-07-26,Travel,Other Travel,The Taipei Economic and Cultural Office in Australia,Taipei Economic and Cultural Office,"Flight Costs, Hotel Accommodation & Ground Transport","Certain costs in relation to a study tour to Taiwan, July 2018. The Taipei Economic and Cultural Office in Australia paid for flight costs (Melbourne - Brisbane - Taipei return), hotel accommodation 2-6 July, ground transport costs and some meals. All other costs were paid by me personally."
8789cfb8-c653-4ece-8f5e-df6e49c083a4,Julian Hill,Australian Labor Party,Bruce,2018-10-15,Asset,Real Estate,"Kingston, Canberra","Kingston, Canberra",Apartment in Kingston,2 bedroom apartment (52% share)
51987388-6b91-47ad-a472-94a468114222,Kevin Hogan,National Party of Australia,Page,2018-05-07,Travel,Other Travel,AIJAC - Australia/Israel and Jewish Affairs council,AIJAC - Australia/Israel and Jewish Affairs council,Airfares Accommodation Transportation & Hospitality - Israel Trip,Airfares accomodation transportation and hospitality- Israel trip 5 days. Sponsored by AIJAC - Australia/Israel and Jewish Affairs council cost unknown. May 2018 12. self
77e96b8b-7d7a-4cb8-bb97-00b851b3ca1d,Emma Husar,Australian Labor Party,Lindsay,2018-01-24,Gift,Hospitality,Australian Food and Grocery Council,Australian Food and Grocery Council,Gift box of small items,Gift box of small items $50.00
37940881-202c-4e21-ae42-3c67ffde9045,Stephen James Irons,Liberal Party of Australia,Swan,2016-09-27,Membership,Other Membership,"500 Club, Liberal Party","500 Club, Liberal Party, RPGC, MFC","500 Club, Liberal Party Membership",N/A
ddaebbe7-8f06-402a-b19a-fe451d8e9be0,Stephen James Irons,Liberal Party of Australia,Swan,2018-08-22,Gift,Hospitality,Taipei Economic and Cultural Office,Taipei Economic and Cultural Office,Bottle of Scotch,Scotch - Bottle of Scotch from Taipei Economic and Cultural Office in Australia.
9359578d-444c-4980-b21e-550d9a52b915,Barnaby Joyce,National Party of Australia,New England,2018-01-15,Liability,Loan,"NAB, Westpac","NAB, Westpac",Home Loan,"Home Loan, Property Loan, Credit Card, Overdraft"
d6ba7395-8936-4101-9cc3-40c08a5aa348,Barnaby Joyce,National Party of Australia,New England,2018-01-15,Asset,Other Asset,"NAB, Westpac","NAB, Westpac",Savings Account,Savings
1262939e-83da-4cb3-b6f3-da2091a888c8,Barnaby Joyce,National Party of Australia,New England,2018-01-15,Unknown,Other,"CPA Australia, Nationals NSW","CPA Australia, Nationals NSW",Memberships,N/A
71b49bd6-4e84-4ef6-a8cd-08dd38adbf08,Barnaby Joyce,National Party of Australia,New England,2018-02-12,Membership,Professional,"Qantas, Virgin Australia, Mr John Short","Qantas, Virgin Australia, Mr John Short","Model Plane from Qantas, Model Plane from Virgin Australia, Framed David Rowe Cartoon","Model Plane from Qantas, approx 30cm long, Model Plane from Virgin Australia, approx 30cm long, Framed original David Rowe Cartoon from Mr John Short, Brisbane QLD 4068. Worth approx $621.25"
461b37f6-3b74-49e5-b3e4-1befd46ec6e3,Barnaby Joyce,National Party of Australia,New England,2018-12-17,Unknown,Other,"Bindaree Beef, Inverell","Bindaree Beef, Inverell","Beef Tomahawk, Beef Scotch Fillet, Beef Tenderloin, Half Leg Ham, Pork Loin, Lamb Butterflied Leg","1 x Beef Tomahawk, 1 x Beef Scotch Fillet, 1 x Beef Tenderloin, 1 x Half Leg Ham, 1 x Pork Loin, 1 x Lamb Butterflied Leg Approx. Value $326.56; Gifted by Bindaree Beef, Inverell"
a3d8446e-3f30-432f-b0fc-d91ad1833995,Robert Carl Katter,Katter's Australian Party,Kennedy,2016-10-12,Liability,Loan,"ANZ, Commonwealth, NAB, Metway and others","ANZ, Commonwealth, NAB, Metway and others",Loans,Loans
cba231da-bfed-44bc-bee4-7af51fc6c483,Robert Carl Katter,Katter's Australian Party,Kennedy,2016-10-12,Asset,Other Asset,"ANZ, Commonwealth, Westpac etc.","ANZ, Commonwealth, Westpac etc.",Savings and Cheque Accounts,The usual saving and cheque accounts
66f0ca41-22f5-4ee0-82a5-7f32372aba97,Justine Terri Keay,Australian Labor Party,Braddon,2016-09-22,Liability,Loan,B&E Bank,B&E Bank,Personal Loan,Personal Loan
ecfc1fd1-c1d8-4387-9b33-12ca2234b802,Michael Keenan,Liberal Party of Australia,Stirling,2015-09-27,Asset,Real Estate,"Perth, WA","Perth, WA",Residential House in Perth,Personal Residence
fc037c18-9dd6-4519-9d8d-a38648f234f8,Michael Keenan,Liberal Party of Australia,Stirling,2015-09-27,Asset,Real Estate,"Perth, WA","Perth, WA",Residential House in Perth,Personal Residence (Spouse)
b5a09bd4-1702-4f13-98bb-e71efd21f8d9,Michael Keenan,Liberal Party of Australia,Stirling,2015-09-27,Liability,Mortgage,"Westpac, Esanda","Westpac, Esanda",Primary Residence Mortgage,"Mortgage Primary Residence, Loan Personal"
bd2a0ec9-2e0d-4fe8-a783-39afb79745d5,Matthew Keogh,Australian Labor Party,Burt,2016-09-27,Unknown,Other,Australian Subscription Television and Radio Association (ASTRA),Australian Subscription Television and Radio Association,Foxtel Subscription,standard Foxtel subscription for Electorate Office
05e68c37-0ee9-4f42-87bd-77ecd036a015,Peter Khalil,Australian Labor Party,Wills,2016-09-28,Liability,Mortgage,"Bank of QLD, American Express","Bank of QLD, American Express",Mortgage,Mortgage/Line of Credit/Credit Card
6e6ec165-46cf-4bc8-b436-03a26a586157,Peter Khalil,Australian Labor Party,Wills,2016-09-28,Travel,Other Travel,"Qantas, Virgin","Qantas, Virgin",Chairmans Lounge Membership,Chairmans Lounge
5c81a756-5ffe-4cf8-ab6e-8850cea2927d,Peter Khalil,Australian Labor Party,Wills,2016-09-28,Membership,Other Membership,"ALP, Australian Workers Union",Australian Workers Union,ALP and AWU Membership,Member
6ea382da-aea5-43a6-b452-ea47397d4f9f,Peter Khalil,Australian Labor Party,Wills,2017-01-23,Travel,Other Travel,Save The Children Australia/Gates Foundation,"Save the Children Australia, Gates Foundation","Flights, accomodation, meals and transfers to Myanmar","Economy Class flights, accomodation, meals and transfers to visit aid projects in Myanmar. Visit organised by Save The Children Australia, funded by a grant from the Gates Foundation."
9f932fd9-17d7-4b71-a979-22413c5de4f6,Peter Khalil,Australian Labor Party,Wills,2017-09-27,Gift,Other,Australian Subscription Television and Radio Association (ASTRA),Australian Subscription Television and Radio Association,Complimentary Foxtel Subscription,"Complimentary Foxtel subscription valued at $1,644.00 per annum."
f305a969-ed80-4b02-a13e-be26d991daf7,Peter Khalil,Australian Labor Party,Wills,2017-12-22,Liability,Mortgage,Australia and New Zealand Banking Group (ANZ),Australian and New Zealand Banking Group Limited (ANZ),Mortgage,Addition of Mortgage for Self and Spouse.
1f9c43c7-8693-4ac8-90e8-ee3a5ee3d868,Catherine King,Australian Labor Party,Ballarat,2017-09-28,Gift,Entertainment,Victorian Employee Chamber of Commerce and Industry,Victorian Employee Chamber of Commerce and Industry,AFL Grand Final Ticket with Hospitality,Tickets and hospitality were provided to me by Victorian Employee Chamber of Commerce and Industry to the AFL Grand Final.
6c3c2f96-55f9-44b2-bf03-898b2a7d0f0a,Madeleine King,Australian Labor Party,Brand,2016-09-27,Liability,Mortgage,Westpac and Commonwealth Banks,"Westpac, Commonwealth bank.",Real Estate Mortgage,Mortgages on all real estate (Joint)
375350ac-6ec7-4ad7-913c-7603f3909878,Madeleine King,Australian Labor Party,Brand,2016-11-23,Travel,Other Travel,"Save The Children Fund, Bill & Melinda Gates Foundation, Oil Search Foundation","Save The Children Fund, Bill & Melinda Gates Foundation, Oil Search Foundation","Travel, transport, accommodation and hospitality to Papua New Guinea","Delegation to Papua New Guinea, coordinated by Save The Children Fund: Return economy class travel Brisbane-Port Moresby-Brisbane-Perth, land transport, accommodation and hospitality was provided by the Bill & Melinda Gates Foundation 24-27 October 2016 (inclusive). Land transport; hospitality; internal flight Port Moresby-Tari-Port Moresby was provided by the Oil Search Foundation on 25 October 2016. Virgin Airlines upgrade Brisbane - Perth 28 October 2016"
a33f21e2-91a8-4f19-ad35-e24d07b68b20,Madeleine King,Australian Labor Party,Brand,2017-08-01,Travel,Other Travel,"The Bill & Melinda Gates Foundation, Pacific Friends of the Global Fund, Asia Pacific Leaders Malaria Alliance, Chevron","The Bill & Melinda Gates Foundation, Pacific Friends of the Global Fund, Asia Pacific Leaders Malaria Alliance, Chevron",Sponsored travel and flight to Barrow Island,"1. Sponsored travel funded by The Bill & Melinda Gates Foundation; organised by the Pacific Friends of the Global Fund and the Asia Pacific Leaders Malaria Alliance Travel costs, accommodation & hospitality provided from 24-30 June 2017. 2. Return flight from Perth to Barrow Island, bus transfers and refreshments for parliamentary visit to Gorgon LNG project on 20 July 2017 (from Chevron)"
789bdb44-9d6d-4592-bd41-e6406b7a3885,Madeleine King,Australian Labor Party,Brand,2018-03-23,Travel,Other Travel,Department of Finance and the Japanese Ministry of Foreign Affairs,Department of Finance and the Japanese Ministry of Foreign Affairs,"Flights, accommodation, meals and ground transport to Japan","Flights, accommodation, meals and ground transport as part of an Australian Political Exchange Council delegation to Japan (2-10 March 2018) organised by the Department of Finance and the Japanese Ministry of Foreign Affairs."
0715d100-f4bc-4926-b546-83125230abf0,Madeleine King,Australian Labor Party,Brand,2018-10-01,Gift,Entertainment,"Woodside Energy Ltd, National Australia Bank","Woodside Energy Ltd, National Australia Bank",Optus Stadium AFL Tickets,2x Optus Stadium AFL Tickets (Private Suite) from Woodside Energy Ltd (WCE vs MELB 22/9/18). Value unknown; 2x Optus Stadium AFL Tickets from National Australia Bank (WCE vs MELB 22/09/2018). Value unknown; 2x Grand Final Tickets (September Club) from National Australia Bank (WCE vs Collingwood 29/09/2018) Value unknown
ce1a8426-eef9-497a-ac67-1870219d0896,Madeleine King,Australian Labor Party,Brand,2018-10-17,Travel,Other Travel,"Chamber of Minerals and Energy (WA), Minerals Council of Australia","Chamber of Minerals and Energy (WA), Minerals Council of Australia",Pilbara Resources Tour,Pilbara Resources Tour sponsored by the Chamber of Minerals and Energy (WA) and the Minerals Council of Australia. (9/10/18 – 11/10/18) * Itinerary supplied Cost Unknown
17032e99-8c51-4bd0-9114-253ce77cbdfd,Susan Lamb,Australian Labor Party,Longman,2016-09-27,Membership,Other Membership,BLUEYS CAFÉ AND CARVERY,BLUEYS CAFÉ AND CARVERY,Spouse Catering Service,"Spouse, Catering"
2446eab3-40a4-4af3-aa5c-15c7b453d1c3,Susan Lamb,Australian Labor Party,Longman,2016-10-20,Membership,Other Membership,Blueys Cafe and Carvery Catering (BCCC),Blueys Cafe and Carvery Catering (BCCC),Blueys Cafe and Carvery Catering Directorship (Spouse),"SPOUSE - Delete directorship of ""Blueys Cafe and Carvery Catering (BCCC)"""
6dae2e70-6269-46db-961e-3eedbee2750d,Susan Lamb,Australian Labor Party,Longman,2017-11-29,Travel,Other Travel,Israel / Palestinian Territories,Israel / Palestinian Territories,"Hotel accommodation, ground transport, meals to Israel/Palestinian Territories","Any sponsored travel or hospitality received where the value of the sponsored travel or hospitality exceeds $300 Certain costs in relation to a trip to Israel / Palestinian Territories 4 - 9 November All flight costs were paid by me personally. The Australian Palestinian Advocacy Network paid for hotel accommodation for this period, ground transport costs and some meals."
20deee9d-9772-46ba-9490-d11ca837d865,Andrew Laming,Liberal National Party,Bowman,2016-10-10,Membership,Other Membership,"Olesja, Andrew Laming","Olesja, Andrew Laming",Superannuation,Superannuation
f023fa15-72b9-497d-91cc-b1b5abe736e8,Michelle Landry,Liberal National Party,Capricornia,2016-09-23,Asset,Real Estate,"Cammermoor, Yeppoon","Lammermoor, Yeppoon QLD",Residential House in Yeppoon,Home
9a53c2f8-ac1b-440b-906a-ddb8ff8db197,Michelle Landry,Liberal National Party,Capricornia,2016-09-23,Asset,Other Asset,"National Aust Bank, Medibank","National Aust Bank, Medibank",Shares,"NAB Shares, Shares"
993f50b1-1b02-4982-94dc-e7a0e63a8905,Michelle Landry,Liberal National Party,Capricornia,2017-03-21,Asset,Real Estate,"Griffith, ACT",Griffith ACT,Residential House in Griffith,Residence
9ef2d476-9652-4893-93c8-534e59354add,Julian Leeser,Liberal Party of Australia,Berowra,2016-09-27,Unknown,Other,PARRAMATTA AND DISTRICT SYNAGOGUE,PARRAMATTA AND DISTRICT SYNAGOGUE,Membership,N/A
1b43fab6-f220-4027-b7db-75168241b4be,Julian Leeser,Liberal Party of Australia,Berowra,2016-09-27,Membership,Other Membership,"UNION, UNIVERSITY AND SCHOOLS CLUB","UNION, UNIVERSITY AND SCHOOLS CLUB","Union, University and Schools Club Membership",N/A
f8aa5567-76ce-4e85-8e9d-0a7f2dca9f5c,Julian Leeser,Liberal Party of Australia,Berowra,2018-01-30,Asset,Trust,SCG and Sports Ground Trust,SCG and Sports Ground Trust,Hospitality and Seat at SCG,Guest of the SCG and Sports Ground Trust at the SCG on 7 January 2018 – hospitality and seat included
c8cff7fd-1d4d-46ee-b2f5-cdcadbf54e70,Andrew Leigh,Australian Labor Party,Fenner,2017-01-23,Travel,Other Travel,"Save the Children Australia, Gates Foundation","Save the Children Australia, Gates Foundation","Flights, Accommodation, Meals and Transfers (Myanmar/Burma Aid Projects)","Economy class flights, accommodation, meals and transfers to visit aid projects in Myanmar/Burma (organised by Save the Children Australia, funded by a grant from the Gates Foundation)."
43fa9c41-7846-4523-b55b-3cf920359733,Andrew Leigh,Australian Labor Party,Fenner,2017-06-14,Unknown,Other,Prudential and New York Life,Prudential and New York Life,Life Insurance Policy,Life insurance policies (Spouse)
3c00d974-bb6d-46a7-98ea-b3fec073c121,Sussan Ley,Liberal Party of Australia,Farrer,2016-10-12,Asset,Other Asset,"HUME BUILDING SOCIETY, NAB","HUME BUILDING SOCIETY, NAB",Savings Account,"Self: SAVINGS, Spouse: SAVINGS SAVINGS, Dependent Children:"
7e55311d-e801-44d9-a12f-19894d1ceb22,David Littleproud,Liberal National Party,Maranoa,2016-09-16,Asset,Other Asset,"NAB, Suncorp, Warwick Credit Union","NAB, Suncorp, Warwick Credit Union",Savings,Savings
b6b3511a-949d-4f37-90ea-958b868de4d4,David Littleproud,Liberal National Party,Maranoa,2017-11-13,Asset,Real Estate,"Barton, ACT",Barton ACT,Residential House in Canberra,Private residence in Canberra
146922a0-d2bc-4132-ac48-ee5b0daa64a7,Nola Marino,Liberal Party of Australia,Forrest,2017-07-14,Travel,Other Travel,The Bill and Melinda Gates Foundation,The Bill and Melinda Gates Foundation,Travel Costs & Accommodation (Thailand & Myanmar),Sponsored travel funded by The Bill and Melinda Gates Foundation. Organised by the Pacific Friends of the Global fund and the Asia Pacific Leaders Malaria Alliance. Travel costs & accommodation to Thailand and Myanmar from 24 - 30 June 2017.
5bb9f162-6ddd-4048-a763-cfc31f1aa3b2,Emma McBride,Australian Labor Party,Dobell,2017-07-01,Gift,Other,Foxtel/ASTRA,Foxtel/ASTRA,Complimentary Subscription Television Service,"2017 complimentary subscription television Service (Foxtel) provided by the Australian Subscription Television and Radio Association (ASTRA) valued at $1,644."
3f4871a1-1dc6-4c7c-a5f6-882f23f2fac9,Michael McCormack,National Party of Australia,Riverina,2018-02-22,Asset,Real Estate,"H.E. Orhan Tavli, Governor of Canakkale","H.E. Orhan Tavli, Governor of Canakkale",Framed Attaturk Picture,"ON THURSDAY 15 FEBRUARY 2018 I RECEIVED A GIFT OF A FRAMED ATTATURK PICTURE (VALUE $150) FROM H.E. ORHAN TAVLI, GOVERNORI OF CANAKKALE DURING A MEETING WITH THE GOVERNOR & PRESIDENT OF THE GALLIPOLI HISTORICAL PARK DIRECTORATE"
806a18fb-10e8-4e13-8a23-4421da806f9e,Michael McCormack,National Party of Australia,Riverina,2018-11-29,Unknown,Other,Australian Subscription Television and Radio Association,Australian Subscription Television and Radio Association,Foxtel Subscription,Automatic annual renewal for Foxtel subscription from the Australian Subscription Television and Radio Association for the Electorate Office.
83817b94-264a-49f7-bbe4-d3b79b1d0a63,John Joseph McVeigh,Liberal National Party,Groom,2016-09-29,Unknown,Other,"Prince Henry Heights, Toowoomba, QLD","Prince Henry Heights, Toowoomba, QLD",Real Estate in Toowoomba,"Returning Member declaration: Real estate owned in Prince Henry Heights, Toowoomba, QLD"
6c209976-b85f-4b19-86c1-4227b473cad1,John Joseph McVeigh,Liberal National Party,Groom,2016-09-29,Asset,Shares,"Prince Henry Heights, Toowoomba, QLD","Prince Henry Heights, Toowoomba, QLD",Investment Property in Toowoomba,"Returning Member declaration: Real estate investment in Prince Henry Heights, Toowoomba, QLD"
23b95205-3afc-476c-84d7-b8e77a684b59,John Joseph McVeigh,Liberal National Party,Groom,2016-12-21,Unknown,Other,"Pure Land Learning College Assoc, Toowoomba","Pure Land Learning College Assoc, Toowoomba",Gift,"Gift from Pure Land Learning College Assoc, Toowoomba. Value Unknown"
c8e9842f-a8a2-4372-b7fd-0121c7113e70,Brian Mitchell,Australian Labor Party,Lyons,2016-09-27,Asset,Other Asset,COMMSEC/COMMONWEALTH BANK,COMMONWEALTH BANK,Shares Trading Account,SHARES TRADING ACCOUNT
ce233ab3-134e-4e7b-b4b0-38a3db1c778f,Robert Mitchell,Australian Labor Party,McEwen,2016-09-21,Asset,Other Asset,"Westpac, CBA","Westpac, CBA, QPCU",Savings Accounts,Savings accounts
6153ea06-c14f-4758-a51b-17cfa5a25a89,Robert Mitchell,Australian Labor Party,McEwen,2016-09-21,Membership,Professional,"Qantas, Virgin","Qantas, Virgin",Airline Frequent Flyer Membership,FF
22a166c2-d72d-4b0c-80b9-497d66869321,Scott Morrison,Liberal Party of Australia,Cook,2016-10-10,Gift,Entertainment,"Southern Districts Rugby Union Club, Sylvania Waters.","Southern Districts Rugby Union Club, Sylvania Waters",Season ticket to rugby home games,"Season ticket to home games of the Southern Districts Rugby Union Club, Sylvania Waters."
d25470d4-a98c-4ca7-9e13-1e306eaa6263,Scott Morrison,Liberal Party of Australia,Cook,2017-08-14,Unknown,Other,Australian Subscription Television and Radio Association,Australian Subscription Television and Radio Association,Foxtel Subscription,Automatic annual renewal for Foxtel subscription from the Australian Subscription Television and Radio Association for the Electorate Office.
cf592098-dea5-4941-963b-f78e8717a502,Scott Morrison,Liberal Party of Australia,Cook,2018-09-25,Asset,Real Estate,"Joko Widodo, President of Indonesia","Joko Widodo, President of Indonesia",Traditional Acehnese hat,"Gift of a Traditional Acehnese hat from the Indonesian President, Joko Widodo, valued at $750"
1fe1eab9-582f-41c2-ac5f-71981ba904dd,Scott Morrison,Liberal Party of Australia,Cook,2018-10-25,Gift,Other Gift,Civmec Construction and Engineering Pty Ltd,Civmec Construction and Engineering Pty Ltd,Framed Picture of a Medal Ship,"Gift of a Framed Picture of a Medal Ship, from Jim Fitzgerald, Executive Chairman, Civmec Construction and Engineering Pty Ltd, valued at $380"
f111935f-3478-402a-8b98-01a0a96d1629,Scott Morrison,Liberal Party of Australia,Cook,2018-12-14,Asset,Real Estate,"Joko Widodo, President of Indonesia","Joko Widodo, President of Indonesia",Wooden sculpture and carving sphere,"Gift of a large wooden sculpture and carving sphere with metal patterned detail on wooden stand from His Excellency Joko Widodo, President of Indonesia valued at $1596. Gift to be surrendered to the Department of Prime Minister and Cabinet."
7b2b8ecc-321f-4593-b9a3-269edabab827,Scott Morrison,Liberal Party of Australia,Cook,2018-12-14,Gift,Other,"Peter O'Neill, Prime Minister of Papua New Guinea",Prime Minister of Papua New Guinea,APEC Leaders Pin,"Gift of the APEC Leaders Pin received from the Hon. Peter O'Neill, Prime Minister of Papua New Guinea valued at $3804 to be surrendered to the Department of Prime Minister and Cabinet."
28eb93ef-69f3-4a89-9e9b-45842cbe49cc,Scott Morrison,Liberal Party of Australia,Cook,2018-12-14,Gift,Hospitality,Australian Chamber of Commerce and Industry,Italian Chamber of Commerce and Industry in Australia Inc.,Tasmanian Single Malt Whisky,Gift of 700ml bottle of Sullivans Cove American Oak Single Cask Tasmanian Single Malt Whisky from the Australian Chamber of Commerce and Industry valued at $330. To be retained.
4a3fd0a9-ef0d-4188-b811-94580fb00b62,Scott Morrison,Liberal Party of Australia,Cook,2019-01-25,Unknown,Other,Australian and Indian Cricket teams,Australian and Indian Cricket teams,Framed and Signed Cricket Bats,Gift from the Australian and Indian Cricket teams of framed and signed dual nation cricket bats valued at $5000. To be donated to the McGrath Foundation.
3e773b99-d081-454c-9325-7fba1aa27d41,Scott Morrison,Liberal Party of Australia,Cook,2019-02-18,Asset,Other Asset,"Mrs Estelle Tallis, First Lady of the Republic of Vanuatu","Mrs Estelle Tallis, First Lady of the Republic of Vanuatu",Carved ivory pig tusk bracelet,"Gift from Mrs Estelle Tallis, First Lady of the Republic of Vanuatu, of carved ivory pig tusk bracelet valued at $990. To be retained."
cba6fa27-0ff1-4822-878e-0d719f31f2da,Scott Morrison,Liberal Party of Australia,Cook,2019-02-18,Unknown,Other,"Dr Shrish Acharya, Acting Medical Superintendent, Colonial War Memorial Hospital","Dr Shrish Acharya, Acting Medical Superintendent, Colonial War Memorial Hospital",Traditional Fijian kava bowl,"Gift from Dr Shrish Acharya, Acting Medical Superintendent, Colonial War Memorial Hospital, of traditional Fijian kava bowl valued at $480. To be retained."
0bedf7e8-36fb-454d-aedd-cc20678877e5,Ben Morton,Liberal Party of Australia,Tangney,2016-09-20,Liability,Credit,WESTPAC/AMEX,WESTPAC/AMEX,Credit Cards,CREDIT CARDS
6165849e-de0b-4f27-92d3-528192b060b5,Ben Morton,Liberal Party of Australia,Tangney,2016-09-20,Liability,Mortgage,WESTPAC/COMMONWEALTH BANK,COMMONWEALTH BANK,Mortgages,MORTGAGES
55752725-3ad3-4257-a36e-52a4384631e0,Ben Morton,Liberal Party of Australia,Tangney,2016-09-20,Membership,Professional,QANTAS AND VIRGIN,"QANTAS, VIRGIN",Airline Lounge Memberships,AIRLINE LOUNGE MEMBERSHIPS
18e2ab99-a0a4-4a82-b896-492cb5012a32,Shayne Neumann,Australian Labor Party,Blair,2016-09-27,Travel,Other Travel,Australia/Israel Jewish Affairs Council,Australia/Israel & Jewish Affairs Council (AIJAC),Travel to Israel,"Between 13 & 20 December 2008 at invitation of the Australia/Israel Jewish Affairs Council - Travel to Israel- Airfare, Transfers, Accommodation, & incidentals"
5d7e82c9-637c-4984-b0d4-0ec650684d76,Llewellyn Stephen O'Brien,Liberal National Party,Wide Bay,2016-09-15,Liability,Loan,NAB/St George,St George,Personal Loan,Personal Loans
7dbbea62-3ea9-45bc-bd22-08338b063b34,Llewellyn Stephen O'Brien,Liberal National Party,Wide Bay,2016-09-15,Liability,Loan,NAB/St George,St George,Personal Loan,Personal Loans
c362681a-3a81-4a7b-af9f-498e53c9e896,Edward Lynam O'Brien,Liberal National Party,Fairfax,2016-10-05,Asset,Real Estate,"Buderim, QLD","Buderim, QLD",Residential House in Buderim,Private Residence
26123953-0618-4dc6-8c50-ccec106bd3ad,Edward Lynam O'Brien,Liberal National Party,Fairfax,2016-10-05,Asset,Shares,"Newstead, QLD","Newstead, QLD",Investment Property in Newstead,Investment
2498f4c9-5911-4c05-b660-b024741947d8,Edward Lynam O'Brien,Liberal National Party,Fairfax,2017-06-15,Asset,Real Estate,"Maroochydore, QLD","Maroochydore, QLD",Residential Property Development Part-Interest in Maroochydore,"Real Estate Investment - Acquired a minority part-interest in a residential property development in Maroochydore, QLD."
dea379aa-2d0f-4c62-82c1-c347708e9b79,Brendan O'Connor,Australian Labor Party,Gorton,2017-06-30,Gift,Other,Australian Subscription Television and Radio Association (ASTRA),Australian Subscription Television and Radio Association,Complimentary Foxtel subscription,Complimentary ongoing Foxtel Pay TV subscription to Electorate Office
80ab4921-24b4-4577-9ba7-833c8c61481c,Kenneth Desmond O'Dowd,Liberal National Party,Flynn,2016-09-27,Asset,Other Asset,SEE ATTACHMENT 'A' LISTED SHARES AND MANAGED FUNDS,SEE ATTACHMENT 'A' LISTED SHARES AND MANAGED FUNDS,Shares and Managed Funds,HELD WITHIN SELF MANAGED SUPERANNUATION FUND
cebbad23-e8f9-4e79-b5cc-204500db17ad,Kenneth Desmond O'Dowd,Liberal National Party,Flynn,2017-04-07,Asset,Other Asset,Australia And New Zealand Banking Group,Australia And New Zealand Banking Group,Bank Shares,In
853e0033-9102-41f6-ac30-fa6fe9bd8d35,Kelly Megan O'Dwyer,Liberal Party of Australia,Higgins,2016-09-19,Asset,Other Asset,Westpac/Bankers' Trust,Westpac/Bankers' Trust,Managed Investment Fund,"Managed Investment Fund, Spouse"
ebd64eb4-de29-43ee-832f-8e578f33005e,Kelly Megan O'Dwyer,Liberal Party of Australia,Higgins,2016-09-19,Unknown,Other,Duldig Gallery (Museum and Art Gallery),Duldig Gallery (Museum and Art Gallery),Interest,Unknown
e04af806-6e65-4bce-9667-825dbc2f2bf3,Kelly Megan O'Dwyer,Liberal Party of Australia,Higgins,2016-09-19,Unknown,Other,East Malvern/Tooronga Cricket Club,East Malvern/Tooronga Cricket Club,East Malvern/Tooronga Cricket Club Membership,Unknown
bfc048c2-2d05-4978-9dd9-65821c04e78a,Kelly Megan O'Dwyer,Liberal Party of Australia,Higgins,2016-11-03,Asset,Shares,Suncorp and IAG,Suncorp and IAG,Melbourne Cup Carnival Tickets and Hospitality,"Tickets and hospitality to Melbourne Cup Carnival on Derby Day, 29 October 2016 as guests of Suncorp and IAG (separate invitations)."
76593dd2-5fef-453b-81cc-95fd2af8d0cf,Clare O'Neil,Australian Labor Party,Hotham,2016-12-16,Asset,Other Asset,"ANZ & ING, VicSuper, Westpac & ANZ, Health Super",ANZ & ING; VicSuper; Westpac & ANZ; Health Super,"Savings Account, Superannuation","Savings Account, Superannuation"
f6c12cce-7e38-428e-bd0a-74d62a7fbb26,Clare O'Neil,Australian Labor Party,Hotham,2016-12-16,Membership,Professional,"Qantas, Virgin","Qantas, Virgin","Qantas Club Chairman's Lounge Membership, Membership of The Club lounge","Qantas Club Chairman's Lounge Membership, Membership of The Club lounge, Virgin Australia"
0792701c-2b97-4937-a32c-b67d2e07130f,Clare O'Neil,Australian Labor Party,Hotham,2016-12-16,Membership,Other Membership,"National Union of Workers, Emily's List","National Union of Workers, Emily's List","National Union of Workers, Emily's List Membership","National Union of Workers, Emily's List"
09bfc125-9f82-44e5-ab03-8e9078ea587f,Catherine Elizabeth O'Toole,Australian Labor Party,Herbert,2016-10-20,Membership,Professional,Dennis and Cathy O'Toole,Dennis and Cathy O'Toole,Qantas Club Chairman's Lounge Membership,Qantas Club Chairman's
84f67504-b4c7-4e52-877e-6a8c9454934a,Catherine Elizabeth O'Toole,Australian Labor Party,Herbert,2016-10-20,Gift,Entertainment,Dennis and Cathy O'Toole,Dennis and Cathy O'Toole,Tickets to Cowboys Box,Tickets to Cowboys Box 20/8/16
5e329dc0-5082-416b-b8dc-69bf1c19f795,Catherine Elizabeth O'Toole,Australian Labor Party,Herbert,2016-10-20,Gift,Entertainment,Dennis and Cathy O'Toole,Dennis and Cathy O'Toole,Tickets to Cowboys NRL Box,Tickets to Cowboys NRL Box 16/9/16
0a0e11bf-a5a5-49e9-98eb-86d5965870b1,Catherine Elizabeth O'Toole,Australian Labor Party,Herbert,2016-10-20,Gift,Hospitality,Dennis and Cathy O'Toole,Dennis and Cathy O'Toole,TEL 25 year Anniversary Dinner tickets,TEL 25 year Anniversary Dinner x 2
da9152b6-83ac-4c4e-af14-0894b85d54bd,Antony (Tony) Pasin,Liberal Party of Australia,Barker,2016-10-10,Asset,Shares,L&G Pasin Family Trust / Pasin Nominees Pty Ltd,Pepe Family Trust / Pasin Nominees Pty Ltd,Primary Production and Investment Trust,Primary Production and Investment. Potential beneficiary of discretionary trust
48345244-7933-4fc8-b9f6-b4c51a288232,Antony (Tony) Pasin,Liberal Party of Australia,Barker,2016-10-10,Asset,Trust,Pepe Family Trust / Pasin Nominees Pty Ltd,Pepe Family Trust / Pasin Nominees Pty Ltd,Dormant Discretionary Trust,Currently dormant. Potential beneficiary of discretionary trust
04a1f71d-5183-4dea-a518-f121601fcb1b,Antony (Tony) Pasin,Liberal Party of Australia,Barker,2016-10-10,Asset,Shares,L&G Pasin Family Trust / Pasin Nominees Pty Ltd,Pepe Family Trust / Pasin Nominees Pty Ltd,Primary Production and Investment Trust,Primary Production and Investment. Potential beneficiary of discretionary trust (Spouse)
a59d1782-cfaf-4738-b60c-f9e1055d8fdd,Antony (Tony) Pasin,Liberal Party of Australia,Barker,2016-10-10,Asset,Trust,Pepe Family Trust / Pasin Nominees Pty Ltd,Pepe Family Trust / Pasin Nominees Pty Ltd,Dormant Discretionary Trust,Currently dormant. Potential beneficiary of discretionary trust (Spouse)
301310d9-75fa-4f59-88b6-902b46e7683f,Antony (Tony) Pasin,Liberal Party of Australia,Barker,2019-03-02,Travel,Other Travel,Responsible Wood and Australian Forest Products Association,Responsible Wood and Australian Forest Products Association,All expenses paid forestry delegation,"All expenses paid (flights, accommodation, on ground transports and meals) as part of forestry delegation in role as co-chair of the Parliamentary Friends of Forestry and Forest Products Group. Attendance facilitated by Responsible Wood and Australian Forest Products Association. between 8th to 12 December 2018"
15b1feab-6fa6-43a6-a79c-e38e096b0e52,Keith Pitt,Liberal National Party,Hinkler,2016-09-27,Asset,Shares,"KLARE (QLD) Pty Ltd ATF, KJT & ASPitt Family Trust","KLARE (QLD) Pty Ltd ATF, KJT & ASPitt Family Trust",Investment,"Investment, Discretionary beneficial interest"
ffb173cb-ca4e-4138-b55d-4356cae91201,Tanya Plibersek,Australian Labor Party,Sydney,2016-09-23,Asset,Real Estate,"Kingston, ACT","Kingston, ACT",Residential House in Kingston,Residential
f78a5421-6ecb-47dc-9d69-f3b2c6ab7856,Tanya Plibersek,Australian Labor Party,Sydney,2016-09-23,Asset,Real Estate,"Rosebery, NSW","Rosebery, NSW",Residential House in Rosebery,Residential
ef38e249-8095-457c-8469-0d6a6468b708,Tanya Plibersek,Australian Labor Party,Sydney,2016-09-23,Asset,Other Asset,NAB and Westpac,"NAB, Westpac",Savings Accounts,Savings accounts
675edc9a-8450-4ae6-91f3-0ec2423023c5,Tanya Plibersek,Australian Labor Party,Sydney,2016-09-23,Membership,Other Membership,Community and Public Sector Union,Community and Public Sector Union,Community and Public Sector Union Member,Member
4b2dc41b-e3f0-4827-8522-4aef8aab2d8a,Tanya Plibersek,Australian Labor Party,Sydney,2017-08-23,Asset,Real Estate,"Ljubljana, Slovenia","Ljubljana, Slovenia",Investment Apartment in Ljubljana,"Residential Investment Property, Joint owner (with spouse)"
c78e57f0-4b26-46d9-af32-512022e116f8,Charles Christian Porter,Liberal Party of Australia,Pearce,2018-11-26,Gift,Entertainment,Australian Mining and Metals Association,Australian Mining and Metals Association,Australian Mining and Metals Association Gala Dinner ticket,"1 x ticket to Australian Mining and Metals Association Gala Dinner, courtesy of the Australian Mining and Metals Association, estimated value $150."
0ab5fb3e-6263-46bf-b841-65fc1aba5c2d,Jane Prentice,Liberal National Party,Ryan,2016-10-10,Unknown,Other,Brisbane Friends of Bushkids (NFP/NGO Allied Health provider for children),Brisbane Friends of Bushkids (NFP/NGO Allied Health provider for children),Patron,(Patron)
3e3595cc-f949-4922-a1c7-feab8dc924b0,Jane Prentice,Liberal National Party,Ryan,2018-03-14,Gift,Other,"Minister for Health and Welfare, South Korea","Minister for Health and Welfare, South Korea",Set of H.jin presentation spoon and chop sticks,"Official gifts from Minister for Health and Welfare, South Korea Set of H.jin presentation spoon and chop sticks"
0309b965-81f6-40b0-b095-63bbd565830c,Jane Prentice,Liberal National Party,Ryan,2018-03-14,Unknown,Other,"Minister for Health and Welfare, South Korea","Minister for Health and Welfare, South Korea",Pottery Tea Set,"Official gifts from Minister for Health and Welfare, South Korea 'Chunmarc' Pottery Tea Set ?"
bf3d622e-05ab-48f7-b4ba-060eddb12c94,Melissa Price,Liberal Party of Australia,Durack,2016-09-14,Membership,Other Membership,H&W Quantity Surveyors Pty Ltd,H&W Quantity Surveyors Pty Ltd,Quantity Survey,Quantity Survey
ecf3a08b-dc35-4e07-865b-dd89018b0869,Melissa Price,Liberal Party of Australia,Durack,2016-09-14,Unknown,Other,"AICD, Women on Boards","AICD, Women on Boards",N/A,N/A
258b8e87-7884-4878-9991-8d68a6a17651,Christopher Maurice Pyne,Liberal Party of Australia,Sturt,2018-08-16,Liability,Credit,Westpac and ANZ,"Westpac, ANZ",Credit Card,Credit Card - Westpac and ANZ.
6a8bd4e6-8f4b-461b-91d6-759157c44003,Christopher Maurice Pyne,Liberal Party of Australia,Sturt,2018-08-16,Asset,Other Asset,Westpac/ING/ME Bank,Westpac/ING/ME Bank,Savings Account,Savings self & spouse
4c7ad275-98b5-47ae-b0e5-6b96d06dd4f8,Rowan Ramsey,Liberal Party of Australia,Grey,2016-09-15,Asset,Trust,BARRANCO P/L,BARRANCO P/L,Beneficiary of Family Trust,"NO INTEREST, BENEFICIARY OF RAMSEY FAMILY TRUST"
582dee24-d84a-4bd7-8d7d-10984c2ef02f,Rowan Ramsey,Liberal Party of Australia,Grey,2016-09-15,Asset,Other Asset,"ANZ, BANK SA",ANZ BANK,Bank Account,BANK ACCOUNTS
b33cf910-00da-4a3a-8d0a-47efe73bc878,Amanda Rishworth,Australian Labor Party,Kingston,2017-03-14,Gift,Entertainment,"State Minister for Tourism, the Hon Leon Bignell MP","former State Minister for Tourism, the Hon Leon Bignell MP",General admission tickets to WOMADelaide,"Received two complimentary general admission tickets to attend WOMADelaide. Attended with husband, Tim Walker."
caa2617e-6cf4-4dbc-996e-a8889161fa8d,Amanda Rishworth,Australian Labor Party,Kingston,2018-04-03,Gift,Entertainment,"former State Minister for Tourism, the Hon Leon Bignell MP","former State Minister for Tourism, the Hon Leon Bignell MP",General admission tickets to WOMADelaide,"Received two complimentary general admission tickets to attend WOMADelaide from Friday 09 March until Monday 12 March 2017. Attended a number of performances with husband, Tim Walker, over the course of the weekend."
a13a530e-675e-4b73-8e40-e64991d9f889,Stuart Robert,Liberal National Party,Fadden,2018-11-26,Membership,Other Membership,Robert International Pty Ltd and Robert Property Portfolio Pty Ltd,Robert International Pty Ltd and Robert Property Portfolio Pty Ltd,Company Directorships,I remain a Director of the following two companies that were previously only Trustee companies that hold No assets: Robert International Pty Ltd and Robert Property Portfolio Pty Ltd
878c4aa6-4df3-4367-92d6-e3e9bcb7c14a,Michelle Rowland,Australian Labor Party,Greenway,2016-09-27,Asset,Shares,Pericles Unit Trust/Elysium Pty Ltd,Pericles Unit Trust/Elysium Pty Ltd,"Real Property Investments in Glenwood, Randwick & Woolloomooloo","Real property investments in Glenwood, Randwick & Woolloomooloo"
39add4f6-f46f-400c-b0d2-d5de2ef3ec1b,Michelle Rowland,Australian Labor Party,Greenway,2016-09-27,Asset,Shares,Pericles Unit Trust/Elysium Pty Ltd,Pericles Unit Trust/Elysium Pty Ltd,Real Property Investments,Real property investments as above
4a4bae22-a6e6-4de7-9e5f-fec502edb5fa,Michelle Rowland,Australian Labor Party,Greenway,2017-02-16,Gift,Entertainment,Tennis Australia and Optus,Tennis Australia and Optus,Tickets and hospitality for Australian Open tennis,Tickets and hospitality for self and spouse provided by Tennis Australia and Optus to the Australian Open tennis on 22 and 28 January respectively
1e3ff6ff-d8a8-48dc-b308-98c2666d06a8,Michelle Rowland,Australian Labor Party,Greenway,2018-05-10,Travel,Other Travel,"Grand Hyatt, Taiwan","Grand Hyatt, Taiwan",Accommodation in Taiwan,"Accommodation at the Grand Hyatt, Taiwan from 30 April – 4 May 2018"
642888a7-a4c0-4b36-86e2-1e0938791ba4,Joanne Ryan,Australian Labor Party,Lalor,2016-09-28,Liability,Mortgage,"CUA, NAB","CUA, NAB","Mortgage, Personal Loan, Credit Card","Mortgage - Joint with Spouse, Personal Loan (CUA), Mortgage - As Above, Credit Card (NAB), Dependent Children: N/A"
c5fcd774-d16f-48f0-a8a1-0c03c7fe9a69,Joanne Ryan,Australian Labor Party,Lalor,2016-09-28,Asset,Other Asset,"CUA, NAB","CUA, NAB",Savings & Cheque Accounts,"Savings (CUA), Cheque (NAB), Dependent Children: N/A"
8c6265a1-3cce-4ee3-96af-45716f53d4f8,Joanne Ryan,Australian Labor Party,Lalor,2016-09-28,Membership,Other Membership,"Werribee Netball Association, Western Environment Centre, AEU, ALP, AWY","Werribee Netball Association, Western Environment Centre, AEU, ALP, AWY",Association Memberships,"Life Member Werribee Netball Association, Member Western Environment Centre, Member AEU, Member ALP, Member AWY"
f3c4eeca-c18f-49d8-a569-5a01d9435be3,Rebekha Sharkie,Centre Alliance,Mayo,2016-09-22,Travel,Other Travel,QANTAS/VIRGIN,"QANTAS, VIRGIN",Frequent Flyer Upgrade,"QANTAS FREQUENT FLYER UPGRADE TO 'CHAIRMAN'S LOUNGE', VIRGIN/VELOCITY FREQUENT FLYER PLATINUM UPGRADE"
cc326d85-7c88-4bad-87ba-8e6858869de7,Rebekha Sharkie,Centre Alliance,Mayo,2016-09-22,Membership,Other Membership,"ZONTA CLUB OF MOUNT BARKER, SCOUTS SA TORRENS VALLEY","ZONTA CLUB OF MOUNT BARKER, SCOUTS SA TORRENS VALLEY",Organisation Membership,"MEMBER OF ZONTA INTERNATIONAL, COMMITTEE MEMBER, MEMBER OF SCOUTS SA TORRENS VALLEY"
d14ddc1b-377a-4973-adac-aa9c117d9669,Rebekha Sharkie,Centre Alliance,Mayo,2016-09-21,Unknown,Other,"Financial Contributor, Nick Xenophon Team","Financial Contributor, Nick Xenophon Team",Financial Contributor,"Financial Contributor, Nick Xenophon Team"
ccc97c4a-9d38-4688-a47f-d6ea7203b7f6,Anthony David Hawthorn Smith,Liberal Party of Australia,Casey,2016-09-27,Membership,Professional,"Qantas, Virgin Australia, Foxtel, ASTRA","Qantas, Virgin Australia, Foxtel, ASTRA",Complimentary Memberships,"Complimentary Qantas Chairman's Lounge Membership, Complimentary Platinum Membership - Virgin Australia, Complimentary Foxtel Services to Electorate Office at Suite One, 1 East Ridge Drive, Chirnside Park, Victoria by Australian Subscription Television and Radio Association (ASTRA)"
2cc252e1-22ef-4360-b964-293c73156840,Anthony David Hawthorn Smith,Liberal Party of Australia,Casey,2016-09-27,Gift,Entertainment,"Carlton Football Club, MCC, RACV, Liberal Party of Australia (Victorian Division), Pontiac Car Club of Australia, Union-University and Schools Club, Sydney, Melbourne University, Liberal Club",Carlton Football Club; MCC; RACV; Pontiac Car Club of Australia; Union-University and Schools Club - Sydney; Melbourne University Liberal Club,Club Memberships,"Carlton Football Club, MCC Member, RACV, Liberal Party of Australia (Victorian Division), Pontiac Car Club of Australia, Union-University and Schools Club, Sydney, Melbourne University, Liberal Club (life member), Member of various local community groups and organisations within the electorate of Casey such as; Croydon Sub-Branch RSL, Honorary member of the Eastwood Golf Club"
23b79f25-5ea8-41c0-93b7-a33823910a0c,Anthony David Hawthorn Smith,Liberal Party of Australia,Casey,2018-03-15,Unknown,Other,"YourLawyer Pty Ltd, Ringwood","YourLawyer Pty Ltd, Ringwood",Pro bono Legal Advice,"Pro bono legal advice for me in relation to a dispute between a constituent and another party. Legal advice provided by YourLawyer Pty Ltd, Ringwood."
95f197b3-639b-4400-9c97-eed12fce3b2c,Warren Snowdon,Australian Labor Party,Lingiari,2016-10-03,Gift,Entertainment,"Eastern Suburbs Rugby Club, Canberra","Eastern Suburbs Rugby Club, Canberra",Patronage,Patron
fd4a181e-6386-44e7-ab60-94b46a24ddc2,Ann Sudmalis,Liberal Party of Australia,Gilmore,2016-09-12,Liability,Mortgage,"CBA, ANZ","CBA, ANZ","Residential Mortgage, Canberra Property Mortgage, Credit Cards","MORTGAGE (Main Residence) CBA; MORTGAGE (Canberra Property) CBA; CREDIT CARDS CBA, ANZ; Spouse: N/A; Dependent Children: N/A"
c367eaa8-694b-493f-aae4-58812f14691a,Ann Sudmalis,Liberal Party of Australia,Gilmore,2016-09-12,Asset,Other Asset,"ANZ, CBA","CBA, ANZ",Savings and Cheque Accounts,"Savings Acct-online, ANZ; Cheques Acct, ANZ; Cheque (x3) Accts, CBA; Spouse: N/A; Dependent Children: N/A"
2361340d-33ba-45d4-aae2-8bd6991f9996,Ann Sudmalis,Liberal Party of Australia,Gilmore,2017-10-18,Travel,Other Travel,Global Fund and APLMA,Global Fund and APLMA,Parliamentary Delegation to Thailand and Myanmar,Parliamentary Delegation to Thailand and Myanmar with Global Fund and APLMA. Costs covered by Global Fund and APLMA 23rd June - 30th June 2017
2f341e3d-21e2-4184-a946-78c0796b27ef,Ann Sudmalis,Liberal Party of Australia,Gilmore,2017-10-19,Travel,Other Travel,Asian Forum Parliamentarians on Population and Development Secretariat,Asian Forum on Parliamentarians for Population Development (AFPPD),Accommodation for Population & Development Forum,Asian Forum Parliamentarians on Population & Development (5 - 11 October 2017): Chair of Australian Parliamentarian Group on Population and Development - Flights paid for personally by Ann and accommodation paid for by Asian Forum Parliamentarians on Population and Development Secretariat
18016678-5f5e-47ad-a9e3-43c2050d66c0,Meryl Swanson,Australian Labor Party,Paterson,2017-03-23,Travel,Other Travel,Australia/Israel & Jewish Affairs Council (AIJAC),Australia/Israel & Jewish Affairs Council (AIJAC),Trip to Israel Sponsored by AIJAC,"Trip to Israel Sponsored by Australia/Israel & Jewish Affairs Council (AIJAC). Departed Australia 12 March 2017. Returned to Australia 19 March 2017. Cost of trip approximately $10,000. No public money was claimed leading up to or during the trip"
a88c378d-b3d0-47a6-aac2-76ab6cddc89c,Meryl Swanson,Australian Labor Party,Paterson,2018-08-20,Gift,Entertainment,Hunternet/HunterNetCo-Operative Ltd,Hunternet/HunterNetCo-Operative Ltd,Hunter Defence Conference Dinner Ticket,Hunter Defence Conference Dinner-30/8/18 sponsored by Hunternet HunterNetCo-Operative Ltd. Complimentary Ticket
320a95ca-9d37-4dd7-9997-57a3cf6bc2ad,Wayne Maxwell Swan,Australian Labor Party,Lilley,2016-09-27,Liability,Loan,"NAB Equity Lending, Homeside Lending","NAB Equity Lending, Homeside Lending","Margin Loan, Equity Loans","Margin Loan, Homeside Equity Loans (Joint), Homeside Equity Personal Loan (Joint)"
06561571-e750-4b1f-9590-0f95b3000640,Wayne Maxwell Swan,Australian Labor Party,Lilley,2016-09-27,Asset,Other Asset,"Macquarie, MLC, NAB","Macquarie, NAB","Cash Management Trust, Unit Trust, Savings Account","Cash Management Trust (Joint), Unit Trust, Savings Account"
dead743a-5d2c-4044-89d9-9e89c9a20d0b,Wayne Maxwell Swan,Australian Labor Party,Lilley,2016-09-27,Asset,Other Asset,"Macquarie, NAB","Macquarie, NAB","Cash Management Trust, Savings Account","Cash Management Trust (Joint), Savings Account (Spouse)"
ee5eadbe-b12e-4233-aad4-0d7cc2e60759,Wayne Maxwell Swan,Australian Labor Party,Lilley,2016-09-27,Membership,Other Membership,"Australian Labor Party (QLD), Community and Public Sector Union (CPSU)","Australian Labor Party (QLD), Community and Public Sector Union (CPSU)",Spouse's ALP and CPSU Membership,Spouse
5d2db4ea-0b15-4f84-b93d-7b5552818631,Wayne Maxwell Swan,Australian Labor Party,Lilley,2016-09-26,Unknown,Other,Department of Communications and the Arts,Department of Communications and the Arts,Public Lending Right Fee,"Received public lending right fee from the Department of communications and the Arts, on 7 June 2016, for 'The Good Fight'."
f7a52ee4-5665-4509-8b2d-4ff7b3f759aa,Wayne Maxwell Swan,Australian Labor Party,Lilley,2016-09-26,Travel,Other Travel,United Nations Economic and Social Commission for Asia and the Pacific (UNESCAP),United Nations Economic and Social Commission for Asia and the Pacific (UNESCAP),Business Travel Train Ticket for UNESCAP events,"Accepted business travel train ticket from Washington to New York, from United Nations Economic and Social Commission for Asia and the Pacific (UNESCAP), to speak at events at both the High-Level Political Forum on Sustainable Development and the Development Cooperation Forum"
a615612b-ff4c-4359-a1cf-c58bd126bbb2,Wayne Maxwell Swan,Australian Labor Party,Lilley,2016-09-26,Asset,Real Estate,"The Roosevelt Hotel, New York","The Roosevelt Hotel, New York","Accommodation at The Roosevelt Hotel, New York","Accepted five nights' accommodation at The Roosevelt Hotel, New York."
f7b54ec7-a2e5-4de1-8c72-f072dcea93a0,Wayne Maxwell Swan,Australian Labor Party,Lilley,2017-01-11,Asset,Real Estate,"Royal Princess Hotel Larn Luang, Bangkok","Royal Princess Larn Luang Hotel, Bangkok","Accommodation at Royal Princess Hotel Larn Luang, Bangkok","Accepted two nights accommodation (5-6 December 2016) at the Royal Princess Hotel Larn Luang, Bangkok from UNESCAP."
f5875d99-59e2-4487-8246-198d628e95ab,Wayne Maxwell Swan,Australian Labor Party,Lilley,2017-05-05,Asset,Real Estate,"Royal Princess Larn Luang Hotel, Bangkok","Royal Princess Larn Luang Hotel, Bangkok","Accommodation at the Royal Princess Larn Luang Hotel, Bangkok","Accepted two nights' accommodation (27-28 April 2017) at the Royal Princess Larn Luang Hotel, Bangkok from UNESCAP."
c771a791-858b-4e19-bb28-74506c5b47c9,Wayne Maxwell Swan,Australian Labor Party,Lilley,2017-06-06,Asset,Real Estate,"Huating Hotel, Shanghai","Huating Hotel, Shanghai","Accommodation at the Huating Hotel, Shanghai","Accepted two nights accommodation at the Huating Hotel, Shanghai, China."
d01fd563-5cd4-458a-8f85-8fc03041ad87,Wayne Maxwell Swan,Australian Labor Party,Lilley,2017-06-06,Asset,Real Estate,"Atura Hotel, Blacktown","Atura Hotel, Blacktown","Accommodation at the Atura Hotel, Blacktown","Accepted one night's accommodation on 15 May 2017 at the Atura Hotel, Blacktown."
5927ab73-633e-48d5-84b6-172db9f3fb71,Wayne Maxwell Swan,Australian Labor Party,Lilley,2017-07-19,Asset,Real Estate,"Hotel Mulia Senayan, Jakarta","Hotel Mulia Senayan, Jakarta","Accommodation at the Hotel Mulia Senayan, Jakarta","Accepted one nights' accommodation on the 12 July 2017 at the Hotel Mulia Senayan, Jakarta, Indonesia."
fbfe93f6-05f2-4280-9c77-4c0ef29daab2,Wayne Maxwell Swan,Australian Labor Party,Lilley,2017-10-04,Asset,Real Estate,"SMART Infrastructure Facility, University of Wollongong","SMART Infrastructure Facility, University of Wollongong","Accommodation at the Grange Blooms Hotel, London","Accepted three nights' accommodation (10,11 &12 September 2017) at the Grange Blooms Hotel, London from the SMART Infrastructure Facility, University of Wollongong for participation in a panel session ""Governance of Infrastructure Systems and Services"" at the International Symposia for Next Generation Infrastructure on 12 September 2017."
3b0c9d45-5841-47c6-a629-4ab8d4192ad9,Wayne Maxwell Swan,Australian Labor Party,Lilley,2017-11-09,Asset,Real Estate,"InterContinental Hotel, Adelaide","InterContinental Hotel, Adelaide","Accommodation at the InterContinental Hotel, Adelaide","Accepted one night's accommodation at the InterContinental Hotel, Adelaide."
82bac37a-f884-4150-b707-09e33d9edc16,Wayne Maxwell Swan,Australian Labor Party,Lilley,2017-12-08,Asset,Real Estate,"Hilton Hotel, Sydney",Sydney Hilton Hotel,"Accommodation at the Hilton Hotel, Sydney","Accepted one night's accommodation at the Hilton Hotel, Sydney."
a5e00b08-44d7-4dc7-808d-ba7e5fa96db1,Wayne Maxwell Swan,Australian Labor Party,Lilley,2017-12-08,Asset,Real Estate,"Royal Princess Larn Luang Hotel, Bangkok","Royal Princess Larn Luang Hotel, Bangkok","Accommodation at the Royal Princess Larn Luang Hotel, Bangkok","Accepted two nights' accommodation (5&6 December 2017) at the Royal Princess Larn Luang Hotel, Bangkok from UNESCAP."
23718ba4-d8ee-4885-b4b9-5643905a4cdb,Wayne Maxwell Swan,Australian Labor Party,Lilley,2018-11-26,Asset,Real Estate,"Padma Legian Hotel, Bali","Padma Legian Hotel, Bali","Accommodation at the Padma Legian Hotel, Bali","Accepted three nights' accommodation at the Padma Legian Hotel, Bali."
35e71ef1-8d6e-4ed8-a2f7-2d5347eb7a16,Wayne Maxwell Swan,Australian Labor Party,Lilley,2018-11-26,Asset,Real Estate,"Roger Smith, Hotel, New York","Roger Smith, Hotel, New York","Accommodation at the Roger Smith, Hotel, New York","Accepted two nights' accommodation at the Roger Smith, Hotel, New York."
1e9879dd-7998-4280-9caf-662ea842bc35,Wayne Maxwell Swan,Australian Labor Party,Lilley,2019-02-01,Asset,Real Estate,"Hotel Orsay, Paris","Hotel Orsay, Paris","Accommodation at the Hotel Orsay, Paris","Accepted three nights' accommodation at the Hotel Orsay, Paris."
58af18cf-7c07-4a12-a690-2648f34f67b2,Wayne Maxwell Swan,Australian Labor Party,Lilley,2019-03-26,Asset,Real Estate,"Radisson Blu Hotel, Berlin","Radisson Blu Hotel, Berlin","Accommodation at the Radisson Blu Hotel, Berlin","Accepted three nights' accommodation at the Radisson Blu Hotel, Berlin."
f999aac4-0926-4bfe-8d3e-b858daee29ed,Angus Taylor,Liberal Party of Australia,Hume,2018-08-27,Travel,Other Travel,"RDP Group, FTI Group and Dalcross","RDP Group, FTI Group and Dalcross",Flight to Condobolin for Hay Donation Event,"Flight to Condobolin 17/8/18 for hay donation event as guest of RDP Group, FTI Group and Dalcross"
42fe139d-b791-4979-9a4f-1bb0b3dceb55,Daniel Tehan,Liberal Party of Australia,Wannon,2016-09-08,Asset,Other Asset,NAB/ANZ/Macquarie Bank,NAB/ANZ/Macquarie Bank,Savings Accounts,Savings Accounts. Self
40ca8d86-aee3-4b88-ad23-273d483a203b,Daniel Tehan,Liberal Party of Australia,Wannon,2017-11-14,Unknown,Other,Victoria Racing Club and Emirates,"Victoria Racing Club, Emirates and Crown Resorts",Melbourne Cup Attendance,Attendance for self and guest at Melbourne Cup on 7 November 2017.
5bdc87ff-a4be-465e-b1d0-a86a4b6ea24e,Matthew Thistlethwaite,Australian Labor Party,Kingsford Smith,2016-09-27,Liability,Mortgage,"MEMBERS EQUITI BANK, AMERICAN EXPRESS","MEMBERS EQUITY BANK, AMERICAN EXPRESS","Home Mortgage, Credit Card","MORTGAGE ON FAMILY HOME, CREDIT CARD"
0cdde981-6080-44d9-9dce-85f13b51abab,Matthew Thistlethwaite,Australian Labor Party,Kingsford Smith,2016-09-27,Liability,Mortgage,"MEMBERS EQUITY BANK, AMERICAN EXPRESS","MEMBERS EQUITY BANK, AMERICAN EXPRESS","Home Mortgage, Credit Card","MORTGAGE ON FAMILY HOME, CREDIT CARD (spouse)"
67e436c5-1f46-4d03-9004-3358146d9ae3,Matthew Thistlethwaite,Australian Labor Party,Kingsford Smith,2016-09-27,Asset,Other Asset,"ST GEORGE BANK, KUDOS BANK","ST GEORGE BANK, KUDOS BANK",Savings Account,SAVINGS ACCOUNT
4cda2dae-8477-4749-b008-8afa526cb457,Matthew Thistlethwaite,Australian Labor Party,Kingsford Smith,2016-09-27,Asset,Other Asset,"ST GEORGE BANK, ING.",ST GEORGE BANK,Savings Account,SAVINGS ACCOUNT (spouse)
78f12b76-40db-428f-9014-19d0b213e4fb,Matthew Thistlethwaite,Australian Labor Party,Kingsford Smith,2016-09-27,Membership,Professional,"QANTAS, VIRGIN","QANTAS, VIRGIN",Qantas Chairman's Lounge & Virgin The Club Membership,MEMBERSHIP OF QANTAS CHAIRMANS LOUNGE MEMBERSHIP OF VIRGIN THE CLUB
1f9045e5-6794-4631-8421-9fd97f6e5779,Matthew Thistlethwaite,Australian Labor Party,Kingsford Smith,2016-09-27,Membership,Professional,"QANTAS, VIRGIN","QANTAS, VIRGIN",Qantas Chairman's Lounge & Virgin The Club Membership,MEMBERSHIP OF QANTAS CHAIRMANS LOUNGE MEMBERSHIP OF VIRGIN TITE CLUB. (spouse)
12753ef2-3aae-422e-9ff7-7c872ffc6708,Matthew Thistlethwaite,Australian Labor Party,Kingsford Smith,2017-08-03,Asset,Trust,Sydney Cricket and Sports Ground Trust,Sydney Cricket and Sports Ground Trust,Corporate Suite Ticket,1 ticket to a corporate suite for the Rabbitohs v Roosters game on 7 July 2017 provided by Sydney Cricket and Sports Ground Trust.
39f8b779-6e17-4d21-af32-488934da0c85,Matthew Thistlethwaite,Australian Labor Party,Kingsford Smith,2018-04-20,Gift,Decorative,"Richard and Phillip Walsh, Walsh's village pharmacy","Richard and Phillip Walsh, Walsh's village pharmacy",Painting by Kurt Koeppl,"A painting by Kurt Koeppl valued at $250, gifted by Richard and Phillip Walsh, of Walsh's village pharmacy, to Matt Thistlethwaite for hosting the opening of the 2017 Maroubra Art and Photography show."
ac1b383e-4cba-4c4e-a28a-d0edfcd7ad04,Malcolm Turnbull,Liberal Party of Australia,Wentworth,2016-10-04,Asset,Real Estate,"Xi Jinping, President, Peoples Republic of China","Xi Jinping, President, Peoples Republic of China",Ceramic Vase and Stone Chop,Large ceramic vase valued at $A790.00. Stone chop (stamp) with stone inkwell valued at $A790.00. Declared and surrendered the gifts.
e297f891-aef0-4ef6-a78a-b7a39286f2d6,Malcolm Turnbull,Liberal Party of Australia,Wentworth,2016-12-13,Asset,Other Asset,IWM and ACWV,IWM and ACWV,Shares,IWM and ACWV (self)
bdaea4df-2843-44f1-8d1b-abbc79de1e0c,Malcolm Turnbull,Liberal Party of Australia,Wentworth,2017-03-08,Gift,Other Gift,King Willem-Alexander and Queens Maxima,King Willem-Alexander and Queens Maxima,Royal Leerdam Crystal Bowl,Royal Leerdam Crystal Bowl from Their Majesties King Willem-Alexander and Queens Maxima. Surrendered Gift
c796fa82-1628-4674-bb5e-511695905fe6,Malcolm Turnbull,Liberal Party of Australia,Wentworth,2017-08-29,Income,Other Income,"Mayor of Hamburg, Federal Republic of Germany","Mayor of Hamburg, Federal Republic of Germany",Mont Blanc Roller Pen & Leather Notebook,Mont Blanc Roller Pen and Leather Cover Notebook paid monies 777.70
c1cac027-9c59-4ac5-a4da-43f06d10f973,Malcolm Turnbull,Liberal Party of Australia,Wentworth,2017-08-29,Asset,Real Estate,Deputy Prime Minister and Minister for Home Affairs,Deputy Prime Minister and Minister for Home Affairs,Pewter Coffee Set,Pewter Coffee Set I have requested that the above gift be donated to a National Collection 
d6771943-412d-4e08-8467-761ab3d6a1bd,Malcolm Turnbull,Liberal Party of Australia,Wentworth,2018-01-12,Gift,Entertainment,Sydney Theatre Company/ St George Bank,Sydney Theatre Company/ St George Bank,"Tickets to see 'Muriel's Wedding the Musical', 'The Post', 'Tree of Codes', 'Barbershop Chronicles'","Tickets to see 'Muriel's Wedding the Musical', 'The Post', 'Tree of Codes', 'Barbershop Chronicles' as guests of Sydney Theatre Company/St George Bank/Sydney Festival"
9e9a7ab9-a61a-4738-a8b2-4a9b9e27f413,Maria Vamvakinou,Australian Labor Party,Calwell,2017-05-11,Travel,Other Travel,"Baby Essawy, Palestinian Authority","Baby Essawy, Palestinian Authority","Airfares, Meals, Transfers and Accommodation in Qatar and Palestine","April 2017 Parliamentary delegation study tour to Qatar and Palestine.  Airfares and study tour meals, transfers provided by Baby Essawy.  Palestine accommodation and some transfers provided by Palestinian Authority."
00d9bd5b-57de-4cff-a68f-2116e7c2138e,Albertus Van Manen,Liberal National Party,Forde,2016-09-30,Asset,Trust,"Van Manen Family Trust, Van Manen Unit Trust","Van Manen Family Trust, Van Manen Unit Trust",Beneficial Interest in Family and Unit Trusts,Self and Spouse have discretionary beneficial interest in family and unit trusts
0f4a3881-781e-4a20-8978-c710ca3252ab,Albertus Van Manen,Liberal National Party,Forde,2016-09-30,Asset,Trust,"Riviera Super Pty Ltd (Trustee), Van Manen Family Superannuation Fund","Riviera Super Pty Ltd (Trustee), Van Manen Family Superannuation Fund",Superannuation Account,Self and Spouse are trustees with Member Accounts
a6d4f12a-563b-4930-b022-c7cc6d3246b6,Albertus Van Manen,Liberal National Party,Forde,2016-09-30,Membership,Other Membership,"Riviera Super Pty Ltd, Van Manen Investments Pty Ltd, Daughters of Promise","Riviera Super Pty Ltd, Van Manen Investments Pty Ltd, Daughters of Promise",Directorships,Directorships held
bd6a2281-53ac-465b-90b4-fa3c1d962b15,Albertus Van Manen,Liberal National Party,Forde,2016-09-30,Liability,Loan,"CBA, GE","CBA, GE","Home Loan, Line of Credit, Credit Card, Personal Loan","Home Loan, Line of Credit, Credit Card, Personal Loan with CBA and GE"
7fa3df1e-c9f5-4827-a7e0-6612653dbc3d,Albertus Van Manen,Liberal National Party,Forde,2016-09-30,Asset,Other Asset,"CBA, Qantas, Paypal","CBA, Qantas, Paypal",Savings Accounts,"Savings Accounts, Debit Cards, Online Account with CBA, Qantas and Paypal"
e9768900-56b3-4f8a-93a0-76e863f13fbd,Albertus Van Manen,Liberal National Party,Forde,2016-09-30,Travel,Other Travel,"QANTAS, Virgin","QANTAS, Virgin","Chairman's Lounge, The Club","Chairman's Lounge, The Club"
c096ff2d-b00f-4281-be3e-57e8b7d84644,Andrew Wallace,Liberal National Party,Fisher,2016-09-22,Asset,Real Estate,"Kelowna, British Columbia, Canada","Kelowna, British Columbia, Canada.",Vacation Home in Kelowna,Investment / Holiday House (spouse)
b33d03bd-8384-48fc-bbb0-8e9e6c033cc8,Timothy Watts,Australian Labor Party,Gellibrand,2017-07-17,Travel,Other Travel,Taipei Economic and Cultural Office in Australia,Taipei Economic and Cultural Office,"Flights, accommodation, hospitality and transport to Taiwan","Flights, accommodation, hospitality and transport to Taiwan from Melbourne provided by the Taipei Economic and Cultural office in Australia."
797049c8-ac54-4152-8a23-2417c5fbc4fd,Lucy Wicks,Liberal Party of Australia,Robertson,2016-09-27,Unknown,Other,"Central Coast Leagues Club, Gosford","Central Coast Leagues Club, Gosford",Central Coast Leagues Club Membership,N/A
bb87eda2-deb9-4c06-8a2f-e657ba7c7857,Lucy Wicks,Liberal Party of Australia,Robertson,2016-09-27,Unknown,Other,"Everglades Country Club, Woy Woy","Everglades Country Club, Woy Woy",Everglades Country Club Membership,N/A
11d0f747-c98b-452b-b2c1-ffda04bb8dd9,Lucy Wicks,Liberal Party of Australia,Robertson,2016-09-27,Unknown,Other,"Easts (Eastern Suburbs Leagues Club Ltd), Woy Woy","Easts (Eastern Suburbs Leagues Club Ltd), Woy Woy",Easts Leagues Club Membership,N/A
23745171-b49d-47fc-ae71-0b91be36579a,Lucy Wicks,Liberal Party of Australia,Robertson,2016-09-27,Unknown,Other,Gosford/Erina & Coastal Chamber of Commerce,Gosford/Erina & Coastal Chamber of Commerce,Chamber of Commerce Membership,N/A
e1fc6191-a84f-4bbe-96c0-4edc84318a3b,Lucy Wicks,Liberal Party of Australia,Robertson,2016-09-27,Unknown,Other,NSW National Servicemen's Assn. and affiliates Inc - Gosford City Sub Branch.,NSW National Servicemen's Assn. and affiliates Inc - Gosford City Sub Branch.,NSW National Servicemen's Assn. Patronage,Patron
13842e0c-0872-4e03-885b-640c106107ae,Andrew Wilkie,Independent,Clark,2016-08-31,Travel,Other Travel,Qantas and Virgin Australia,Qantas and Virgin Australia,"Frequent flyer schemes, lounge memberships, and occasional upgrades","Frequent flyer schemes and lounge memberships, and occasional upgrades from economy to business, from Qantas and Virgin Australia."
4cf488d5-2d81-4c7d-a84a-b9fb26fd87bb,Joshna Hamilton Wilson,Australian Labor Party,Fremantle,2017-03-14,Unknown,Other,Taipei Economic and Cultural Office in Australia,Taipei Economic and Cultural Office,Small Vase,"Gift - Small Vase, received from Taipei Economic and Cultural Office in Australia (value unknown)"
3124fe15-95d5-45cf-a2ab-d9f6eeefb8e5,Richard James Wilson,Liberal Party of Australia,O'Connor,2016-09-23,Asset,Other Asset,"CBA, Macquarie Bank",Macquarie Bank,Savings Accounts,Savings accounts
9b9ade6e-937e-4eb1-aa46-ee50df68545a,Richard James Wilson,Liberal Party of Australia,O'Connor,2016-09-23,Unknown,Other,Pastoralists and Graziers Association,Pastoralists and Graziers Association,Pastoralists and Graziers Association Membership,N/A
5bde7889-dc2b-4b57-8b76-ac661009f74c,Richard James Wilson,Liberal Party of Australia,O'Connor,2018-06-19,Travel,Other Travel,Australian/Israel and Jewish Affairs Council,Australia/Israel & Jewish Affairs Council (AIJAC),"Flights, accomodation and ground transport to Israel","TRIP TO ISRAEL: FLIGHTS, ACCOMODATION AND GROUND TRANSPORT - FUNDED BY THE AUSTRALIAN/ISRAEL AND JEWISH AFFAIRS COUNCIL. Cost UNKNOWN."
af29e5c5-af1a-493d-a7a6-c10f97bdbfac,Richard James Wilson,Liberal Party of Australia,O'Connor,2018-06-22,Asset,Shares,"The Indinup Trust, Avondale Investment Trust","The Indinup Trust, Avondale Investment Trust",Trusteeship of Trusts,Appointed Trustee of the Indinup TRUST; Appointed Trustee of the Avondale investment trust
f5da6760-01e1-4a42-8bb7-7ceba21d3734,Jason Wood,Liberal Party of Australia,La Trobe,2016-10-19,Unknown,Other,LLTK P/L,LLTK P/L,Director Position at LLTK P/L,Jason Wood MP Is a Director of LLTK P/L.
114fef6e-4643-44c8-ae58-46fea585b478,Kenneth Wyatt,Liberal Party of Australia,Hasluck,2016-09-30,Asset,Real Estate,"South Perth, Townhouse; Kingston Apartment","South Perth, Townhouse; Kingston Apartment",South Perth Townhouse and Kingston Apartment,Residential; Joint residential
a4c196b4-baf6-4c05-b1e3-f8b21737494a,Kenneth Wyatt,Liberal Party of Australia,Hasluck,2016-09-30,Asset,Real Estate,"South Perth, Townhouse; South Perth Townhouse; Victoria Park Townhouse","South Perth, Townhouse; South Perth Townhouse; Victoria Park Townhouse",South Perth/Victoria Park Townhouses,"Spouse, Residential; Investment; Investment Rental"
0963e7b0-f2e3-49cc-9a14-0ac9a43b282e,Kenneth Wyatt,Liberal Party of Australia,Hasluck,2016-09-30,Asset,Other Asset,"GESB, First National Parliamentary Contributory Superannuation Scheme","GESB, First National Parliamentary Contributory Superannuation Scheme",Superannuation Fund,Self
b946d116-1431-411c-a19d-fa73ab5d30b4,Kenneth Wyatt,Liberal Party of Australia,Hasluck,2016-09-30,Membership,Professional,"Qantas Chairman's Lounge, Velocity Club Virgin","Qantas Chairman's Lounge, Velocity Club Virgin",Qantas & Virgin Lounge Memberships,Membership to Qantas Chairman's Lounge x 2; Membership to Velocity Club Virgin x 2
ad406191-97a2-496e-86e9-7c4cbe9d4df2,Kenneth Wyatt,Liberal Party of Australia,Hasluck,2016-09-30,Gift,Entertainment,"IF Foundation, Swan Chamber of Commerce, Kalamunda Chamber of Commerce, Lesmurdie Club, Lesmurdie Ratepayers Association, 500 Club, Knights of the Order of St John, Southern Districts Rotary Club, Swan Districts Football Club","IF Foundation, Swan Chamber of Commerce, Kalamunda Chamber of Commerce, Lesmurdie Club, Lesmurdie Ratepayers Association, 500 Club, Knights of the Order of St John, Southern Districts Rotary Club, Swan Districts Football Club",Self,Self
d32ab870-8fd8-425c-9b83-de38c423275e,Trent Zimmerman,Liberal Party of Australia,North Sydney,2016-11-18,Unknown,Other,Tabcorp and Emirates,Tabcorp and Emirates,Access to Tabcorp and Emirates marquees,Access to Tabcorp and Emirates marquees at Melbourne Cup 1/11/16
685fa60f-6dfe-4320-b094-a34fe8859187,Trent Zimmerman,Liberal Party of Australia,North Sydney,2017-07-26,Gift,Hospitality,"Bank of Queensland, Lowy Institute","Bank of Queensland, Lowy Institute",Guest at Lowy Institute Annual Dinner,"Guest of Bank of Queensland, Lowy Institute Annual Dinner, 29 July 2017."
651b1402-8ff8-48cf-a1b7-d38e44ccf47d,Anthony Albanese,Australian Labor Party,Grayndler,2019-07-30,Membership,Professional,"South Sydney RLFC, Qantas Chairman Lounge, Virgin Club Lounge","South Sydney RLFC, Qantas Chairman Lounge, Virgin Club Lounge",Club and Lounge Memberships,South Sydney RLFC(Life Member); Qantas Chairman Lounge; Virgin Club Lounge
9243cb15-1e0e-418c-8c6e-16f3326817e3,Anthony Albanese,Australian Labor Party,Grayndler,2020-02-25,Asset,Other Asset,Tamil Arts and Culture Association,Tamil Arts and Culture Association,Scarf,11 Feb - Scarf from Tamil Arts and Culture Association
93b65fa4-2471-4403-8bf2-3a31ca6a638e,Anthony Albanese,Australian Labor Party,Grayndler,2020-12-10,Gift,Decorative,"Archbishop Makarios, Greek Orthodox Church of Australia","Archbishop Makarios, Greek Orthodox Church of Australia",Indigenous artwork,"Indigenous artwork from Archbishop Makarios, Greek Orthodox Church of Australia"
8b3a7dd6-e4e6-4d63-bac5-a90adc1bbf5d,Anthony Albanese,Australian Labor Party,Grayndler,2021-02-12,Membership,Other Membership,Italian Chamber of Commerce and Industry in Australia Inc.,Italian Chamber of Commerce and Industry in Australia Inc.,Honorary Membership,Honorary Membership of the Italian Chamber of Commerce and Industry in Australia Inc.
8114af44-69d2-4fa3-a4b8-d969827aed99,John Alexander,Liberal Party of Australia,Bennelong,2019-07-31,Asset,Shares,Gilbert Frank Investments P/L,Gilbert Frank Investments P/L,Investment Company,Beneficial interest in Gilbert Frank Investments P/L. Nature of operation: Investment. Beneficial Interest: Sole Proprietor
5c192df0-ed5a-45b2-9395-139dd0a8953e,John Alexander,Liberal Party of Australia,Bennelong,2019-07-31,Membership,Other Membership,Gilbert Frank Investments P/L,Gilbert Frank Investments P/L,Director Position,Director of Gilbert Frank Investments P/L. Activity: Investment
b5d8e2e3-439d-411e-88a8-5d69e5ff4258,John Alexander,Liberal Party of Australia,Bennelong,2019-07-31,Asset,Other Asset,"Self, Gilbert Frank Investments P/L, Superanuation account","Self, Gilbert Frank Investments P/L, Superanuation account",Stocks,"Stocks held in self, Gilbert Frank Investments P/L, Superannuation account."
5b959208-fd6e-464e-a46e-5cac060c7ea3,John Alexander,Liberal Party of Australia,Bennelong,2019-07-31,Asset,Other Asset,Westpac and NAB,"NAB, Westpac",Bank Accounts,Bank accounts with Westpac and NAB
f66a6c2a-669e-4a3e-96bc-4f991408179c,Katie Allen,Liberal Party of Australia,Higgins,2019-07-29,Asset,Shares,M&K Allen Family Trust,M&K Allen Family Trust,Beneficiary of Family Trust,"Investments, Discretionary beneficiary"
88e39601-394f-494d-90cd-24595158fedb,Katie Allen,Liberal Party of Australia,Higgins,2019-07-29,Asset,Shares,M&K Allen Family Trust,M&K Allen Family Trust,Investments,"Investments, Discretionary beneficiary - Spouse/Partner"
7c271abf-78fa-475f-9799-ab0c2c867fa2,Katie Allen,Liberal Party of Australia,Higgins,2019-07-29,Asset,Shares,M&K Allen Family Trust,M&K Allen Family Trust,Investments,"Investments, Discretionary beneficiary - Dependent children"
1f5cc7e7-13f6-41bb-94d1-88452a9ee800,Katie Allen,Liberal Party of Australia,Higgins,2019-07-29,Unknown,Other,Australia Academy of Heath and Medical Sciences,"Fellow, Australian Academy of Health and Medical Sciences",Membership,Resigned June 2019
d736abaa-f612-4db2-83bd-2b5ed618c097,Katie Allen,Liberal Party of Australia,Higgins,2019-07-29,Unknown,Other,"Fellow, Australian Academy of Health and Medical Sciences","Fellow, Australian Academy of Health and Medical Sciences",Fellowship,Deletion
32180053-33c4-4318-bb3f-82ee9976fb1e,Katie Allen,Liberal Party of Australia,Higgins,2019-09-16,Travel,Other Travel,Save the Children & Bill and Melinda Gates Foundation,Save the Children and the Bill & Melinda Gates Foundation,Parliamentary tour to PNG,"Save the Children Parliamentary tour to PNG August 12-17 2019 -- funded by a grant from the Bill and Melinda Gates Foundation to STC - travel, transfer, meals and accommodation"
c70a3a65-1b42-4643-88ae-f80d38c12593,Katie Allen,Liberal Party of Australia,Higgins,2019-12-02,Membership,Professional,Self and Spouse,Self and Spouse,Virgin Club Membership,Virgin Club Membership
e7c1e0ff-1d8c-4e97-8589-dcff6586bc59,Katie Allen,Liberal Party of Australia,Higgins,2022-03-25,Travel,Other Travel,Federal Minister for Communications and the Arts,Federal Minister for Communications and the Arts,Tickets to the Opening of Hamilton the Musical in Melbourne,"2 tickets to the Opening of Hamilton the Musical in Melbourne, representing the Federal Minister for Communications and the Arts, the Hon Paul Fletcher MP."
75d0d886-a233-412a-a8f2-288e6437d8e3,Anne Aly,Australian Labor Party,Cowan,2019-09-20,Travel,Other Travel,Australian and New Zealand Bar Associations,Australian and New Zealand Bar Associations,Travel to New Zealand for Bar Associations Conference,Between 16 and 23 September 2019 I travelled from Perth to New Zealand via Sydney to speak at the 2019 Australian and New Zealand Bar Associations Joint Conference in Queenstown. Cost of return business class airfares – NZD 4143.95 and three nights' accommodation: NZD 1185.00 and transfers as required were funded by the Australian and New Zealand Bar Associations.
c24c8c6f-9779-48f2-b144-c29749c3327b,Karen Andrews,Liberal National Party,McPherson,2019-07-29,Membership,Other Membership,Andrews and Andrews Consulting Pty Ltd,Andrews and Andrews Consulting Pty Ltd,Andrews and Andrews Consulting Membership,Human Resources and Industrial Relations Consulting
01a51a98-9210-4926-ac98-534eb7ddd52a,Karen Andrews,Liberal National Party,McPherson,2019-07-29,Membership,Other Membership,Andrews and Andrews Consulting Pty Ltd,Andrews and Andrews Consulting Pty Ltd,Andrews and Andrews Consulting Membership,Human Resources and Industrial Relations Consulting (Spouse/Partner)
3d953258-083c-4660-aa7a-94d295601c1e,Karen Andrews,Liberal National Party,McPherson,2019-07-29,Asset,Other Asset,"ANZ, Suncorp","ANZ, Suncorp",Shares Trading,Share Trading
ce9eba45-cd76-481c-9ef0-6cacc6568ce7,Kevin Andrews,Liberal Party of Australia,Menzies,2019-07-30,Membership,Other Membership,Newman College Council and Newman College Scholarship Fund,Newman College Council and Newman College Scholarship Fund,Newman College Council Membership,Education
3ed12122-4696-4adf-8357-eeedd5bf5a1b,Kevin Andrews,Liberal Party of Australia,Menzies,2019-07-30,Membership,Professional,Qantas Chairman's Lounge and Virgin Club,Qantas Lounge and Virgin Club,Qantas Chairman's Lounge and Virgin Club membership,Continuing membership of the Qantas Chairman's Lounge and Virgin Club
14dff850-644f-4af3-b003-4ad109c179d9,Bridget Archer,Liberal Party of Australia,Bass,2019-07-26,Asset,Real Estate,"St Helens, Tasmania","St Helens, Tasmania",Vacation Home in St Helens,holiday property (co owned with spouse)
44bc295a-2675-4357-8d06-1e5fbbe8a94b,Bridget Archer,Liberal Party of Australia,Bass,2019-07-26,Unknown,Other,"George Town, Tamania","George Town, Tamania","Agricultural Land in George Town, Tasmania",agricultural
7d85bc7d-8a43-4b92-902c-9915d0717061,Bridget Archer,Liberal Party of Australia,Bass,2019-07-26,Asset,Real Estate,"St Helens, Tasmania","St Helens, Tasmania",Vacation Home in St Helens,holiday property (co owned with spouse)
1c05b858-9519-4984-873f-5133437754f2,Adam Bandt,Australian Greens,Melbourne,2019-07-29,Membership,Professional,Qantas/Virgin,"Qantas, Virgin",Qantas/Virgin Flight Upgrades,Ocassional upgrades from economy to business class on Virgin and Qantas
78a4deb7-9fbe-417f-a07f-86c9c97c09c8,Adam Bandt,Australian Greens,Melbourne,2019-07-29,Membership,Professional,Qantas/Virgin,"Qantas, Virgin",Qantas/Virgin Flight Upgrades,Ocassional upgrades from economy to business class on Virgin and Qantas
6b7c99c7-04c8-4b6a-b107-f92845599a85,Angie Bell,Liberal National Party,Moncrieff,2020-01-24,Asset,Real Estate,Chevron Island Business and Residents Association,Chevron Island Business and Residents Association,Membership,N/A
ffc20a75-3912-4171-9fec-148c6c128601,Sharon Bird,Australian Labor Party,Cunningham,2019-07-26,Asset,Other Asset,PSS/AGEST,PSS/AGEST,Superannuation,Superannuation
344380d2-93d1-41a1-b79f-4b12f8bd0835,Sharon Bird,Australian Labor Party,Cunningham,2020-10-23,Asset,Real Estate,Spouse/Partner Apartment - Wollongong,Spouse/Partner Apartment - Wollongong,Residential Apartment in Wollongong,Residential Family Home
4a857fb0-b331-4512-8d81-b3bbe184f9e7,Chris Bowen,Australian Labor Party,McMahon,2019-07-23,Membership,Professional,"Qantas, Virgin","Qantas, Virgin",Airport Lounge Memberships,"Member, Qantas Chairmans Lounge; Member, Virgin Club; Directorship of the Board of the Whitlam Institute"
fe7abb44-e5b2-454a-abd3-421279949d75,Chris Bowen,Australian Labor Party,McMahon,2020-06-18,Asset,Other Asset,"Arnotts, Hachette Australia","Arnotts, Hachette Australia",Tim Tams and Book Contract,"* I received 1609 bags of Tim Tams from Arnotts, which i distributed to essential workers in health care in my electorate, with other items.; Book contract, Hachette Australia"
530839a1-a639-4a95-9d5f-2a7a0372e0ea,Chris Bowen,Australian Labor Party,McMahon,2020-10-29,Income,Other Income,University of New England and the Earle Page College,University of New England and the Earle Page College,"Tie, Whisky Glasses, Commemorative Book","I have received a tie, a pair of whisky glasses and a commemorative book from the University of New England and the Earle Page College."
ba1dddd0-404f-446d-9b59-6bf7e5be72af,Chris Bowen,Australian Labor Party,McMahon,2020-11-16,Gift,Hospitality,"Mr Adwar Rassam, Diageo Australia","Mr Adwar Rassam, Diageo Australia",Portrait and Whisky,"1) A constituent, Mr Adwar Rassam, painted my portrait and presented it to me. 2) Bottle of Johnnie Walker Blue Label Whisky from Diageo Australia marking the 200th anniversary of Johnnie Walker."
dd87f375-3afd-4fb6-8f10-12e149660fa9,Chris Bowen,Australian Labor Party,McMahon,2022-02-04,Gift,Hospitality,"McKell Institute, Lion Brewing","McKell Institute, Lion Brewing",Champagne and Pale Ale,Bottle of champagne from McKell Institute; Six pack of Little Creatures Pale Ale from Lion Brewing
60345ead-bf7a-4a84-b3c4-f8c38a2cf41e,Russell Broadbent,Liberal Party of Australia,Monash,2019-07-26,Membership,Other Membership,BL & BM Broadbent Drapers Pty/Ltd,BL & BM Broadbent Drapers Pty Ltd,Super Fund Trustee,Trustee of BL & BM Broadbent Drapers Pty/Ltd Super Fund
7784f94d-8e88-4c1e-b690-a942575d7c8f,Russell Broadbent,Liberal Party of Australia,Monash,2019-07-26,Membership,Other Membership,BL & BM Broadbent Drapers Pty/Ltd,BL & BM Broadbent Drapers Pty Ltd,Joint Directorship,Joint Directors
b97109f3-01f6-44d4-9808-fd1a7d703f92,Russell Broadbent,Liberal Party of Australia,Monash,2019-07-26,Asset,Other Asset,"CBA, ANZ & Bendigo","CBA, ANZ & Bendigo",Savings Account,Cheque Savings
f882ab54-f3d3-4e58-9d24-1d48fb17319f,Russell Broadbent,Liberal Party of Australia,Monash,2019-07-26,Asset,Other Asset,"CBA, ANZ & Bendigo","CBA, ANZ & Bendigo",Savings Account,Cheque Savings
98a86e0f-3c44-477a-a3f6-85554671e5a2,Scott Buchholz,Liberal National Party,Wright,2019-07-30,Membership,Other Membership,L.C Buchholz and S.A Buchholz,SA Buchholz & LC Buchholz,Cattle Production Partnership,Self; Financial; Cattle Production
0b9c7c23-74b7-4902-b911-db8a2e62ce6b,Scott Buchholz,Liberal National Party,Wright,2020-10-14,Membership,Other Membership,L.C. and S.A. Buchholz,L.C. and S.A. Buchholz,L.C. and S.A. Buchholz Membership,Self - L.C. and S.A. Buchholz.
ef04391d-a162-4796-ad4e-a7865045cf97,Linda Burney,Australian Labor Party,Barton,2019-07-31,Membership,Professional,"Virgin Australia, National Press Club, Astra-Foxtel, Qantas","Virgin Australia, National Press Club, Astra-Foxtel, Qantas",Airport Lounge Memberships,"Virgin Australia Velocity Frequent Flyer, National Press Club, Astra - Foxtel (as supplied to all MP's offices), Qantas Chairmans Lounge Membership"
8b4def7f-ea3f-4d98-a210-93f336276786,Terri Butler,Australian Labor Party,Griffith,2019-07-31,Unknown,Other,Women's International League for Peace and Freedom,Women's International League for Peace and Freedom,Women's International League for Peace and Freedom Membership,Member
ce322712-2b06-4fb0-9918-00c5dff377b0,Terri Butler,Australian Labor Party,Griffith,2019-07-31,Gift,Entertainment,"Cazaly's Football Club, Cairns","Cazaly's Football Club, Cairns",Membership,Member
15bf1b6c-0f43-433e-8206-490918e992b8,Terri Butler,Australian Labor Party,Griffith,2019-07-31,Unknown,Other,"Vice Patron, QLD Target Sports Inc.","Vice Patron, QLD Target Sports Inc.",Vice Patron of QLD Target Sports Inc.,N/A
521d85d3-1113-49cb-bc94-eec8b3c946dd,Terri Butler,Australian Labor Party,Griffith,2019-07-31,Unknown,Other,"Vice Patron, QLD Rifle Association Inc.","Vice Patron, QLD Rifle Association Inc.",Vice Patron of QLD Rifle Association Inc.,N/A
f4291d37-5d9b-412a-b943-74e92adf669d,Terri Butler,Australian Labor Party,Griffith,2019-07-31,Unknown,Other,"Patron, QLD Labor Enabled","Patron, QLD Labor Enabled",Patronage of QLD Labor Enabled,N/A
ec3a6874-bb1d-4970-8841-3cc52123deea,Terri Butler,Australian Labor Party,Griffith,2019-07-31,Unknown,Other,"Patron, Returned & Services League of Australia QLD Branch, National Servicemen's Sub Branch Inc.","Patron, Returned & Services League of Australia QLD Branch, National Servicemen's Sub Branch Inc.","Patronage of Returned & Services League of Australia QLD Branch, National Servicemen's Sub Branch Inc.",N/A
606cb0cd-22d7-4c1c-ab97-76fad8b04262,Terri Butler,Australian Labor Party,Griffith,2019-07-31,Unknown,Other,"Student, University of New England","Student, University of New England",Student Position,N/A
066dd4b0-8cbf-4fd8-856c-68a7cb5957a3,Terri Butler,Australian Labor Party,Griffith,2019-07-31,Unknown,Other,"Patron, Qld Labor for Refugees","Patron, Qld Labor for Refugees",Patronage of Qld Labor for Refugees,N/A
34673cb0-3886-466f-a18e-d0377b304891,Terri Butler,Australian Labor Party,Griffith,2019-07-31,Income,Other Income,"Author, chapter for forthcoming book on human rights, Australian Catholic University","Author, chapter for forthcoming book on human rights, Australian Catholic University","Author, chapter for book",no remuneration
a31138bd-3433-47bc-9442-96b1629b4806,Terri Butler,Australian Labor Party,Griffith,2019-07-31,Membership,Other Membership,"Member of the Queensland Advisory Board of the McKell Institute, a research institute","Member of the Queensland Advisory Board of the McKell Institute, a research institute",Research Institute Advisory Board,Spouse/Partner
908eeb6b-c9e7-4b92-adc3-b97c682050bd,Terri Butler,Australian Labor Party,Griffith,2019-07-31,Asset,Real Estate,"Morningside, QLD","Morningside, QLD",Residential House in Morningside,Family home
08a8e1b4-9350-4d70-b79b-2a5a618cff1d,Terri Butler,Australian Labor Party,Griffith,2019-07-31,Asset,Real Estate,"Morningside, QLD","Morningside, QLD",Residential House in Morningside,Spouse/partner Family home
88987ff9-f7af-45f1-b1cf-1acc8a2e1d78,Terri Butler,Australian Labor Party,Griffith,2019-10-18,Membership,Other Membership,Pine Rivers Caboolture and Redcliffe Group Training Scheme Inc (Pricar),Pine Rivers Caboolture and Redcliffe Group Training Scheme Inc (Pricar),Membership,Spouse: Trading as East Coast Training and Employment
27a035d8-590b-4452-b26c-1229f6ca64ef,Terri Butler,Australian Labor Party,Griffith,2021-05-25,Membership,Other Membership,Rail Tram and Bus Union (RTBU),Rail Tram and Bus Union (RTBU),Rail Tram and Bus Union Membership,Member
bb959621-9f25-454a-b625-bf848eb5e935,Terri Butler,Australian Labor Party,Griffith,2021-05-25,Unknown,Other,"United Nations Association of Australia, Qld Division","United Nations Association of Australia, Qld Division",Membership of United Nations Association,Member
396a5ccf-e3b9-4433-a450-d1d593c67e88,Mark Butler,Australian Labor Party,Hindmarsh,2019-07-29,Asset,Other Asset,"NAB, ING and HSBC(UK)","NAB, ING and HSBC(UK)",Savings Account,Savings accounts
c31988d2-4c19-43af-b203-1b572c128ac1,Mark Butler,Australian Labor Party,Hindmarsh,2019-07-29,Membership,Professional,Qantas and Virgin,"Qantas, Virgin",Airport Lounge Memberships,Airport loung memberships from Qantas and Virgin
a7c825ea-d7ce-44b1-be99-0b2be8046a0d,Nick Champion,Australian Labor Party,Spence,2019-07-29,Unknown,Other,South Australian Department of Health and Ageing,South Australian Department of Health and Ageing,Spouse Employment,"Employment, Spouse/partner"
7e651f13-5dc3-45d5-b4f2-9f54fc202452,Nick Champion,Australian Labor Party,Spence,2020-09-03,Unknown,Other,"South Australian Department of Health and Ageing, TAFE",South Australian Department of Health and Ageing,Spouse Employment at TAFE,"Spouse-Employment - Left South Australian Department of Health and Ageing. Now employed at TAFE, DELETION"
6512e04d-5199-4e41-a96a-4bc73186ffe6,Lisa Chesters,Australian Labor Party,Bendigo,2019-07-26,Asset,Real Estate,"Reid, ACT","Reid, ACT",Residential House in Reid,Residential
4d43c63a-6d3d-47a1-b075-8d4dcb494833,Lisa Chesters,Australian Labor Party,Bendigo,2019-07-26,Income,Other Income,"Meldon, VIC","Seddon, VIC",Property for sale in Meldon,Currently for sale
36151dbb-12f1-4308-afc6-cdd0dc4293bb,Jason Clare,Australian Labor Party,Blaxland,2019-07-26,Membership,Professional,"QANTAS, VIRGIN, FOXTEL","QANTAS, VIRGIN, FOXTEL","QANTAS Chairman's Lounge Membership, VIRGIN VELOCITY VIP Lounge Membership, FOXTEL for Electorate Office",Self - QANTAS Chairman's Lounge Membership; VIRGIN VELOCITY VIP Lounge Membership; FOXTEL for Electorate Office
444db6b4-6ddd-473b-9732-a6432c1df914,Jason Clare,Australian Labor Party,Blaxland,2019-07-26,Asset,Other Asset,"Care Leavers Australasia Network (CLAN), Bankstown District Sports Club, Bankstown RSL, White Ribbon Ambassador, Bankstown Youth Development Service (BYDS)","Care Leavers Australasia Network (CLAN), Bankstown District Sports Club, Bankstown RSL, White Ribbon Ambassador, Bankstown Youth Development Service (BYDS)",Patronage of CLAN,Self - Patron of Care Leavers Australasia Network (CLAN); Patron of Bankstown District Sports Club; Patron of Bankstown RSL; White Ribbon Ambassador; Patron of Bankstown Youth Development Service (BYDS)
b1246e4a-e139-4df6-a2e8-1812bcc6905e,Jason Clare,Australian Labor Party,Blaxland,2019-07-26,Asset,Other Asset,"ING, COMMONWEALTH BANK",COMMONWEALTH BANK,Savings Account,Spouse/partner - SAVINGS ACCOUNT
629433ae-010d-44b8-91b1-0b88e833ee86,Jason Clare,Australian Labor Party,Blaxland,2019-12-20,Gift,Hospitality,Food and Grocery Council,Australian Food and Grocery Council,Small Food hamper,1 x small Food hamper from Food and Grocery Council - valued at approx $30 received on 4th December 2019
f4c26a62-597d-4da6-92b0-f5641dcafb62,Libby Coker,Australian Labor Party,Corangamite,2019-07-29,Asset,Shares,Akas Pty Ltd (trustee company for Corrie-Smith Family Trust and Hannan Trust No 3),Akas Pty Ltd (trustee company for Corrie-Smith Family Trust and Hannan Trust No 3),Investment Trust,"Investment Trust, Joint beneficiary (spouse/partner)"
0d419124-600a-4a88-8db2-1bf256028301,Libby Coker,Australian Labor Party,Corangamite,2019-07-29,Asset,Shares,Akas Pty Ltd (trustee company for Corrie-Smith Family Trust and Hannan Trust No 3),Akas Pty Ltd (trustee company for Corrie-Smith Family Trust and Hannan Trust No 3),Share Investment,"Share investment, Hugh Corrie Smith (spouse/partner)"
bd824b69-2ff3-47c3-9450-d65eba1a9852,Libby Coker,Australian Labor Party,Corangamite,2019-08-01,Unknown,Other,"Patscherkofel Lodge, Mount Buller","Patscherkofel Lodge, Mount Buller",Accommodation,Self and spouse
c03a4670-fb43-4971-94b5-353b65e5efa1,Libby Coker,Australian Labor Party,Corangamite,2019-09-13,Gift,Other,Australian Subscription Television and Radio Association,Australian Subscription Television and Radio Association,Foxtel Subscription for Electorate Office,"Complimentary subscription to Foxtel from the Australian Subscription Television and Radio Association for the electorate office, valued at $1,600 per annum."
a068dd20-0cc3-408d-8c44-ae9643563acb,Libby Coker,Australian Labor Party,Corangamite,2020-03-17,Gift,Other Gift,Bannockburn and District Bowls Club,Bannockburn and District Bowls Club,Sponsorship of Sporting Clubs,Sponsorship of the following local sporting clubs:
50aa22f3-d094-4a3c-bee4-16cca9524078,Libby Coker,Australian Labor Party,Corangamite,2020-03-17,Gift,Entertainment,Birregurra Football and Netball Club,Birregurra Football and Netball Club,Sponsorship of Sporting Clubs,Sponsorship of the following local sporting clubs:
146c733d-ad3e-4a8a-ba75-e973abdc49a7,Libby Coker,Australian Labor Party,Corangamite,2020-03-17,Gift,Entertainment,Inverleigh Football and Netball Club,Inverleigh Football and Netball Club,Sponsorship of Sporting Clubs,Sponsorship of the following local sporting clubs:
e283c51e-d595-4873-83b0-b1e2e89e65ef,Libby Coker,Australian Labor Party,Corangamite,2020-03-17,Gift,Entertainment,Portarlington Football and Netball Club,Torquay Football and Netball Club,Sponsorship of Sporting Clubs,Sponsorship of the following local sporting clubs:
8f011b20-4796-46e1-94d9-79edf1922bbf,Libby Coker,Australian Labor Party,Corangamite,2020-03-17,Gift,Entertainment,Winchelsea Football and Netball Club,Winchelsea Football and Netball Club,Sponsorship of Sporting Clubs,Sponsorship of the following local sporting clubs:
02c5a43c-ac91-49a6-a19e-3c5e8aa8dc75,David Coleman,Liberal Party of Australia,Banks,2019-11-08,Unknown,Other,"University of New South Wales, Faculty of Business","University of New South Wales, Faculty of Business",Spouse Tutoring,Spouse: Tutor
c458dd28-3877-40ff-ba00-107c50237517,David Coleman,Liberal Party of Australia,Banks,2019-11-08,Asset,Shares,"University of New South Wales, Faculty of Business","University of New South Wales, Faculty of Business","Investment Income, Tutor Income","Dependent Children: Income from investments set out above, Tutor"
96c7c02e-a27c-48d2-b389-27bc7381b620,David Coleman,Liberal Party of Australia,Banks,Unknown,Unknown,Other,"University of New South Wales, Faculty of Business","University of New South Wales, Faculty of Business",Tutoring,Tutor
ef208f78-e509-4339-8668-28a629c03759,Julie Collins,Australian Labor Party,Franklin,2019-07-29,Asset,Real Estate,"Rose Bay, Tasmania","Rose Bay, Tasmania",Residential House in Rose Bay,Residence (50% ownership)
417284c9-3771-45ce-a4aa-8b04c4772a54,Julie Collins,Australian Labor Party,Franklin,2019-07-29,Asset,Real Estate,"Griffith, ACT",Griffith ACT,Residential House in Griffith,Second home for work (100% ownership)
c9d7480e-0e42-4d0a-8ad3-126bb16f0317,Julie Collins,Australian Labor Party,Franklin,2019-07-29,Asset,Real Estate,"Rose Bay, Tasmania","Rose Bay, Tasmania",Residential House in Rose Bay,"Residence (50% ownership, Spouse/partner)"
bcc64cfb-06a0-4898-bbd1-bd7949345af9,Julie Collins,Australian Labor Party,Franklin,2019-07-29,Asset,Shares,"Toowoomba, Queensland","Toowoomba, Queensland",Investment Property in Toowoomba,Investment (Spouse/partner)
1af4e08b-a79a-41b5-8e21-dea80baa96f7,Julie Collins,Australian Labor Party,Franklin,2019-07-29,Asset,Real Estate,Warrane/Mornington Neighbourhood House,Warrane/Mornington Neighbourhood House,Neighbourhood House Membership,Member
074c8c23-adad-4d09-80fd-2c4eeebc71ec,Vince Connelly,Liberal Party of Australia,Stirling,2019-07-29,Asset,Real Estate,"Scarborough, WA",Scarborough WA,Residential House in Scarborough,Self: Residential home
9683eeba-49bf-4caf-a0df-787f4a1ae9de,Vince Connelly,Liberal Party of Australia,Stirling,2019-07-29,Asset,Other Asset,"Mercer, MilSuper and Australian Super","Mercer, MilSuper and Australian Super",Superannuation,Self: Superannuation
fcaa1e6e-953f-46c3-9447-fb9b5f3c4a17,Vince Connelly,Liberal Party of Australia,Stirling,2019-07-29,Asset,Other Asset,"MilSuper, GESB","MilSuper, GESB",Superannuation,Spouse/partner: Superannuation
a30ac28d-837b-42ca-8e6c-c7d528fa5940,Vince Connelly,Liberal Party of Australia,Stirling,2019-07-29,Unknown,Other,Veterans Recovery and Restoration Centre Inc.,Veterans Recovery and Restoration Centre Inc.,Board Membership,Self: Board Member (voluntary unpaid)
d32f29ed-14e2-4faf-afa2-757a03af8ece,Vince Connelly,Liberal Party of Australia,Stirling,2019-07-29,Membership,Other Membership,"Liberal Party of WA, Stirling Division","Liberal Party of WA, Stirling Division",Liberal Party Membership,Self: Vice President
873b7c83-b82a-47ce-a1a1-8844806031b6,Vince Connelly,Liberal Party of Australia,Stirling,2020-02-17,Unknown,Other,Activ Life Physiotherapy and Rehabilitation,Activ Life Physiotherapy and Rehabilitation,Physiotherapy and Rehabilitation,Activ Life Physiotherapy and Rehabilitation (spouse only) (ADDITION)
054f8522-6ec9-4066-9a4a-56c6ada598d3,Vince Connelly,Liberal Party of Australia,Stirling,2020-02-17,Asset,Other Asset,"Jetts Fitness, Scarborough","Jetts Fitness, Scarborough",Gym Membership,"Jetts Fitness, Scarborough (ADDITION)"
c421cbe1-7d60-4b94-a0f1-098c3cb69b95,Vince Connelly,Liberal Party of Australia,Stirling,2020-06-04,Asset,Real Estate,"Trigg, WA","Trigg, WA",Residential House in Trigg,"New family home in Trigg, WA, with settlement having occurred on Monday 25 May 2020 (ADDITION)"
a0ff6ead-c2f3-48af-b748-745887808908,Pat Conroy,Australian Labor Party,Shortland,2020-02-10,Unknown,Other,Westlakes Access and Support,Westlakes Access and Support,Patronage of Westlakes Access and Support,Westlakes Access and Support - Patron
31800692-0638-4bff-8c45-8766e3b7c63a,Pat Conroy,Australian Labor Party,Shortland,2020-10-12,Liability,Other Liability,"LJ Hooker, Warners Bay","LJ Hooker, Warners Bay",Townhouse Rental,"Rental of Warners Bay Townhouse managed by LJ Hooker, Warners Bay"
3183140c-731a-413c-92d1-51da74b0daad,Mark Coulton,National Party of Australia,Parkes,2019-07-29,Membership,Other Membership,MM and RA Coulton,MM and RA Coulton,Farming,Farming
f3ae7af7-86fb-4b30-90b7-2e7c71ee7d0d,Milton Dick,Australian Labor Party,Oxley,2019-07-29,Membership,Other Membership,"Australian Workers' Union of Employees, Qld","Australian Workers' Union of Employees, Qld",Union Membership,N/A
c610bb83-4bc0-479b-b48b-76f10f0c2ecc,Milton Dick,Australian Labor Party,Oxley,2019-07-29,Membership,Other Membership,"Australian Labor Party, Qld",Australian Labor Party,Labor Party Membership,N/A
8e11430c-d171-49ca-a14a-2c85c8d1a002,Mark Dreyfus,Australian Labor Party,Isaacs,2019-07-31,Asset,Trust,Dreyfus Superannuation Fund/Kenley Dale Pty Ltd,Dreyfus Superannuation Fund/Kenley Dale Pty Ltd,Self-managed superannuation fund,"Self-managed superannuation fund, Joint beneficiary"
38ad92f8-f157-44e4-85a2-c335cb6f7edb,Mark Dreyfus,Australian Labor Party,Isaacs,2019-07-31,Asset,Trust,Dreyfus Superannuation Fund/Kenley Dale Pty Ltd,Dreyfus Superannuation Fund/Kenley Dale Pty Ltd,Self-managed superannuation fund,"Self-managed superannuation fund, Joint beneficiary"
4445ee16-28d6-4304-a825-6c1653d1b86b,Mark Dreyfus,Australian Labor Party,Isaacs,2019-11-19,Gift,Entertainment,News Corp Australia and Foxtel,News Corp Australia and Foxtel,Tickets to Mid Winter Ball,"Invited to attend the 2019 Mid Winter Ball by News Corp Australia and Foxtel. Two tickets were provided, $175 per ticket. Total cost $375."
68b252f7-2c14-4ba8-99fd-e59d837cbdb6,Damian Drum,National Party of Australia,Nicholls,2019-07-30,Liability,Loan,Bendigo and Adelaide Bank,Bendigo and Adelaide Bank,Real Estate Loans,"Loans against real estate listed in point 3, Self, Spouse/partner"
60aba9c6-3bed-4771-b99a-41285c5a1556,Damian Drum,National Party of Australia,Nicholls,2019-07-30,Asset,Other Asset,Bendigo and Adelaide Bank and Westpac,Bendigo and Adelaide Bank,Operating Accounts,"Various Operating Accounts, Self"
fc2ef329-15e8-4888-afb0-bf2c4dc1e7cc,Damian Drum,National Party of Australia,Nicholls,2019-07-30,Asset,Other Asset,"Commonwealth Bank of Australia, Bendigo and Adelaide Bank and Westpac","Commonwealth Bank of Australia, Bendigo and Adelaide Bank and Westpac",Operating Accounts,"Various Operating Accounts, Spouse/partner"
7c543dca-7b89-4abc-ad23-d04739cc22f1,Peter Dutton,Liberal National Party,Dickson,2019-07-31,Unknown,Other,Dutton Holdings (Qld) P/L,Dutton Holdings (Qld) P/L,Shares,N/A
b3d49abf-0972-4281-8612-81c07325126c,Peter Dutton,Liberal National Party,Dickson,2019-07-31,Unknown,Other,PK Super (Qld) P/L,PK Super (Qld) P/L,Shares,N/A
21a59553-76fa-4fca-a717-c073b9a7f1b5,Peter Dutton,Liberal National Party,Dickson,2019-07-31,Asset,Shares,RHT Investments (Qld) P/L,RHT Investments (Qld) P/L,Shares,N/A
535a6597-0eca-4c12-8215-71f992390020,Peter Dutton,Liberal National Party,Dickson,2019-07-31,Unknown,Other,PK Super (Qld) P/L,PK Super (Qld) P/L,Shares,N/A
19d986ea-4acf-4ce0-ab97-9e493ddb277b,Peter Dutton,Liberal National Party,Dickson,2019-07-31,Asset,Real Estate,"Moreton Island, Qld","Moreton Island, Qld",Residential Investment Property in Moreton Island,Residential investment
6d95ce24-36ff-4cdb-b083-031c1d741bed,Peter Dutton,Liberal National Party,Dickson,2019-07-31,Asset,Real Estate,"Palm Beach, Qld","Palm Beach, Qld",Residential Investment Property in Palm Beach,Residential investment
948129e1-2b5d-4fcb-8d77-94b5b16a5b79,Peter Dutton,Liberal National Party,Dickson,2019-07-31,Asset,Real Estate,"Spring Hill, Qld","Spring Hill, Qld",Residential Investment Property in Spring Hill,Residential investment
0397ba71-ce32-4273-a9f8-04221ebc1d2c,Peter Dutton,Liberal National Party,Dickson,2019-07-31,Membership,Other Membership,RHT Investments (Qld) P/L,RHT Investments (Qld) P/L,Child Care/Investment Membership,Child Care/Investment
b58b5ca6-2d11-4af8-bb20-fd838968c126,Peter Dutton,Liberal National Party,Dickson,2019-07-31,Membership,Other Membership,Bald Hills Child Care P/L,Bald Hills Child Care P/L,Child Care Membership,Child Care
1b68a7a3-417f-4330-a8ea-d89582604565,Peter Dutton,Liberal National Party,Dickson,2019-07-31,Membership,Other Membership,PK Super P/L,PK Super (Qld) P/L,SMSF Membership,SMSF
bda58889-9958-430f-a4ed-ce36c142fe0b,Peter Dutton,Liberal National Party,Dickson,2019-07-31,Liability,Credit,"ANZ, NAB","ANZ, NAB",Credit Facilities,Credit facilities
03c59c7d-8ff2-480e-aba6-e92b260fe292,Peter Dutton,Liberal National Party,Dickson,2019-07-31,Liability,Credit,ANZ and NAB,ANZ and NAB,Commercial Credit Facilities,Commerial credit facilities/arrangements/guaranteees including with ANZ and NAB (personal and business)
15e3b884-d2ab-4a15-80ff-41758005ec06,Peter Dutton,Liberal National Party,Dickson,2019-07-31,Asset,Other Asset,"ANZ, QBank, NAB, CBA","ANZ, QPCU, NAB, CBA",Savings Accounts,Savings Accounts
06cafef1-07ae-43b4-bb6a-a321b77d9b8a,Peter Dutton,Liberal National Party,Dickson,2019-07-31,Asset,Other Asset,"ANZ, Qbank","ANZ, Qbank",Savings Accounts,Savings Accounts
db559f7d-6e3b-4bae-9d87-81ccfd183082,Peter Dutton,Liberal National Party,Dickson,2019-07-31,Asset,Other Asset,"NAB, CBA","NAB, CBA",Savings Accounts,Savings Accounts
4e6a2dd8-caa3-4d3b-a556-dbc13a4567c1,Peter Dutton,Liberal National Party,Dickson,2020-05-04,Asset,Real Estate,RHT Investment (QLD)P/L,RHT Investment (QLD)P/L,Investment Property in Townsville,Extension of 45th Parliament interest RHT Investment (QLD)P/L as Trustee for RHT Family Trust investment property in Townsville
5272cb5b-95a3-4bd4-b08e-99cad4b33a9e,Peter Dutton,Liberal National Party,Dickson,2021-02-11,Gift,Entertainment,Cricket Australia and Cricket Queensland,Cricket Australia and New Zealand Cricket,Tickets and hospitality to Vodafone Test Series,Tickets and hospitality Day 1 of the Vodafone Test Series Australia v India courtesy of Cricket Australia and Cricket Queensland
bbdf9d18-0fa5-479b-81db-fb6fc8d7a6e1,Peter Dutton,Liberal National Party,Dickson,2021-09-06,Asset,Real Estate,Self and Spouse,Self and Spouse,Residential Investment Property in Brisbane CBD,Residential investment Brisbane CBD
02f7780f-5f58-4a10-b414-d2f9fdb28de7,Warren Entsch,Liberal National Party,Leichhardt,2019-07-29,Liability,Mortgage,ING Direct and Westpac,ING Direct and Westpac,Mortgages,Mortgages
1c562eb3-5d3c-416b-a91f-d7ef3a690c28,Warren Entsch,Liberal National Party,Leichhardt,2022-03-31,Liability,Other Liability,"Equity Access Loan, Westpac Bank","Equity Access Loan, Westpac Bank",Investment Loan,Spouse/Partner: Investment
72deb4d7-4526-4684-8c47-cb10e1631fce,Warren Entsch,Liberal National Party,Leichhardt,2022-03-31,Asset,Trust,"Entsch Family Trust, Tuff Muff Exhaust","Entsch Family Trust, Tuff Muff Exhaust",Asset,"Self: DELETION, Director"
8b406a38-800e-4437-be85-879006769d9a,Trevor Evans,Liberal National Party,Brisbane,2021-07-05,Asset,Other Asset,Sustaining Australia TV and the Australian Food & Grocery Council,Sustaining Australia TV and the Australian Food & Grocery Council,Smarties Confectionery,"Carton of Smarties confectionery, demonstrating recyclable new plastic-free packaging, from Sustaining Australia TV and the Australian Food & Grocery Council."
3127037f-1563-4245-95a3-cb08c4e33915,Trevor Evans,Liberal National Party,Brisbane,2021-12-21,Unknown,Other,"Simon George & Sons, Brisbane fruiterers","Simon George & Sons, Brisbane fruiterers",Mangoes and Cherries,"50 mangoes and 2 crates of cherries from Simon George & Sons, Brisbane fruiterers"
b723f3f1-ff3f-4cdf-8d80-ced076bd00b9,Trevor Evans,Liberal National Party,Brisbane,2021-12-21,Unknown,Other,Royal Australian and New Zealand of Obstetricians and Gynaecologists,Royal Australian and New Zealand of Obstetricians and Gynaecologists,Obstetrician/Gynaecologist Training,Partner is commencing training in 2022 with the Royal Australian and New Zealand of Obstetricians and Gynaecologists
90ce6f84-6753-4fe3-8fe7-5b5ec746264a,Joel Fitzgibbon,Australian Labor Party,Hunter,2019-07-24,Liability,Mortgage,"NAB, Westpac","NAB, Westpac","Various Mortgages, Business Loan","Various mortgages (Cessnock - commercial, Nulkaba, Red Hill, Yarralumla, Cessnock - Residence); Business loan (Cessnock - Residence)"
70834421-78fa-4519-9462-692dd7b75641,Joel Fitzgibbon,Australian Labor Party,Hunter,2019-07-24,Asset,Other Asset,"NAB, Westpac","NAB, Westpac",Savings and Cheque Accounts,Various savings and cheque accounts
178ef45c-fce3-4914-99e8-ea983c8de0a2,Joel Fitzgibbon,Australian Labor Party,Hunter,2019-07-24,Membership,Professional,"ALP, NPC, Vintage Golf Club, Qutries Chairman's Lounge, Virgin Lounge, Kriss Flyer Membership, USU, Various Registered Clubs, NSW","ALP, NPC, Vintage Golf Club, Qutries Chairman's Lounge, Virgin Lounge, Kriss Flyer Membership, USU, Various Registered Clubs, NSW",Community Organisation Patron,Patron various community based organisations; Councillor - Cessnock City Council
72b01a25-250f-4dfe-8c87-7d970d8eb607,Paul Fletcher,Liberal Party of Australia,Bradfield,2019-07-30,Asset,Other Asset,"Macquarie Cash Management Account, ING Direct, RaboDirect, St George Bank","Macquarie Cash Management Account, ING Direct, RaboDirect, St George Bank",Savings Accounts,Savings accounts
1c498d18-2fbe-410a-9093-ef3954650e00,Paul Fletcher,Liberal Party of Australia,Bradfield,2019-07-30,Asset,Other Asset,"ING Living Super, Public Sector Superannuation Scheme, PFMZ Pearl Superannuation Fund","ING Living Super, Public Sector Superannuation Scheme, PFMZ Pearl Superannuation Fund",Superannuation,Superannuation
f40c1d18-b5af-4365-909c-f814485d03f8,Paul Fletcher,Liberal Party of Australia,Bradfield,2019-11-06,Unknown,Other,Taipei Economic and Cultural Office,Taipei Economic and Cultural Office,Tea leaves and vase,Gift of tea leaves and vase from Taipei Economic and Cultural Office. The items are within the allowable limit.
fde6bbb6-e24c-4ba6-a3f8-1455426565d7,Paul Fletcher,Liberal Party of Australia,Bradfield,2020-06-08,Travel,Other Travel,Tabcorp and Network Ten,Tabcorp and Network Ten,Attendance at Melbourne Cup 2019,My wife and I attended Melbourne Cup 2019 at the invitation of Tabcorp and Network Ten - both are stakeholders in my portfolio
eaeafe3e-627d-4392-851c-552a97eae510,Mike Freelander,Australian Labor Party,MacArthur,2019-07-29,Unknown,Other,Pebema P/L,Pebema P/L,Self and Spouse/partner,Self and Spouse/partner
09abd7df-f6f2-41f9-bef1-aa2aed819f34,Mike Freelander,Australian Labor Party,MacArthur,2019-07-29,Asset,Trust,Pebema P/L Superannuation Fund,Pebema P/L Superannuation Fund,Superannuation Fund,Self and Spouse/partner; Superannuation company fund held with spouse; Joint beneficiary
bccc3e21-acb1-4669-9e3a-72435524f637,Mike Freelander,Australian Labor Party,MacArthur,2019-07-29,Membership,Other Membership,Pebema P/L,Pebema P/L,Defunct medical practice company,"Defunct medical practice company, trustee of superannuation fund"
7f281ce7-2ee2-4bf2-8e7a-18cf882be78a,Joshua Frydenberg,Liberal Party of Australia,Kooyong,2019-07-31,Unknown,Other,Australian Subscription Television Assoc/Foxtel,ASTRA Subscription Television Australia,Electorate Office Foxtel Subscription,Australian Subscription Television Assoc/Foxtel - Electorate Office Subscription
105e2a85-2604-44fb-8729-fe469d2d0b19,Joshua Frydenberg,Liberal Party of Australia,Kooyong,2019-10-23,Membership,Other Membership,Rotary Club of Mont Albert and Surrey Hills,Rotary Club of Mont Albert and Surrey Hills,Rotary Club of Mont Albert and Surrey Hills Honorary Membership,Granting of Honorary Membership of the Rotary Club of Mont Albert and Surrey Hills for the 2019/2020 Financial Year.
ecaa0d43-b1d8-400d-8bf6-12c1d3589532,Joshua Frydenberg,Liberal Party of Australia,Kooyong,2020-01-15,Gift,Entertainment,"Falls Festival, Lorne","Falls Festival, Lorne",Tickets to Falls Festival,"Tickets to Falls Festival, Lorne for self and guest on Saturday 28 December 2019."
c3aa6f82-7550-4b9d-a9cf-992b31905d78,Andrew Gee,National Party of Australia,Calare,2019-07-31,Asset,Other Asset,ANZ and Commonwealth Banks,ANZ and Commonwealth Banks,"Savings, Mortgage and SMSF Accounts","Savings, mortgage and SMSF accounts, Self"
cdf85126-a927-459a-81c3-3768ac7da5a1,Andrew Gee,National Party of Australia,Calare,2019-07-31,Asset,Other Asset,ANZ and Commonwealth Banks,ANZ and Commonwealth Banks,"Savings, Mortgage and SMSF Accounts","Savings, mortgage and SMSF accounts, Spouse/partner"
091cfd1f-d912-4eef-8b40-6ba6484f716e,Andrew Gee,National Party of Australia,Calare,2019-07-31,Asset,Other Asset,ANZ and Commonwealth Banks,ANZ and Commonwealth Banks,Savings Accounts,"Savings, Dependent children"
dfe58dea-ccd3-422d-83d8-64be5e785517,Andrew Gee,National Party of Australia,Calare,2019-07-31,Membership,Other Membership,Orange Golf Club t/as Duntryleague,Orange Golf Club t/as Duntryleague,Orange Golf Club Honorary Membership,"Honorary Member, Self"
2b47ab85-d6eb-4fed-a5a6-02fdeda06d3b,Andrew Gee,National Party of Australia,Calare,2020-02-05,Gift,Entertainment,Tennis Australia/Australian Open,Tennis Australia/Australian Open,Australian Open Tennis semi-finals tickets,"- two passes/tickets to session of Australian Open Tennis semi-finals - not used/apology sent - provided by Tennis Australia/Australian Open, value unkown"
8f4230e8-b42f-433c-a938-fecb0537fcd9,Andrew Gee,National Party of Australia,Calare,2020-06-25,Gift,Entertainment,"NSW Rural Fire Service Association, Orange Community Broadcasters, Orange Emulators Rugby","NSW Rural Fire Service Association, Orange Community Broadcasters, Orange Emulators Rugby",Membership,Member
ffcf26ab-a53e-4ab7-82f3-5ae88f5c6825,Andrew Gee,National Party of Australia,Calare,2020-07-31,Income,Other Income,YouTube/Google/Allure EPM,YouTube/Google/Allure EPM,"Curry mix, towel, cup, book","Curry mix, towel, cup, book from YouTube/Google/Allure EPM value unknown"
f701667b-ff92-447a-a533-62fccdc456de,Andrew Gee,National Party of Australia,Calare,2021-01-27,Income,Other Income,Mia Garlick/Facebook,Mia Garlick/Facebook,Small box of assorted items,small box of assorted items
18be7f57-f63d-45d2-a61f-3d1dcc9ecd99,Andrew Gee,National Party of Australia,Calare,2021-01-27,Gift,Hospitality,RDA Central West/Sam Harma,RDA Central West/Sam Harma,Tin of chocolates,tin of chocolates
453c077d-4aad-4b2c-99ba-6264fa194ec0,Andrew Gee,National Party of Australia,Calare,2021-01-27,Unknown,Other,Charlie and Brenda Cassido /Australian Queen Bee Line,Charlie and Brenda Cassido /Australian Queen Bee Line,Bag of honey products,bag of honey products
110d6657-05c0-489f-abd3-57ddbbaabd02,Andrew Gee,National Party of Australia,Calare,2021-01-27,Unknown,Other,Australian Made Campaign Limited and Australian Chamber of Commerce and Industry,Australian Made Campaign Limited and Australian Chamber of Commerce and Industry,Showbag of small products,showbag of small products such as toothpaste and lip balm
41f3de3a-81ec-4838-9737-f49369fb1bee,Andrew Gee,National Party of Australia,Calare,2021-03-23,Unknown,Other,NSW Nationals/Lithgow Branch,NSW Nationals/Lithgow Branch,Use of Nationals office,"- Use of Nationals office, Lithgow when required, from NSW Nationals/Lithgow Branch, value unknown"
ed4f86bf-2859-47bf-9b63-42d10bc37d60,Patrick Gorman,Australian Labor Party,Perth,2020-01-07,Travel,Other Travel,Tennis Australia and Tennis West,Tennis Australia and Tennis West,ATP Cup Tickets,Tickets from Tennis Australia and Tennis West for myself and my wife to attend the ATP Cup on 5 January 2020 at Perth Arena.
4762c22f-43ec-4e29-ab81-1d7f1ca3b6a6,Luke Gosling,Australian Labor Party,Solomon,2019-07-29,Liability,Mortgage,AFG/NAB,AFG/NAB,House Mortgage,House Mortgage
7c150731-1501-4a7d-81cf-0fc771f58fc5,Luke Gosling,Australian Labor Party,Solomon,2019-07-29,Unknown,Other,"NFP Life, Love and Health Inc","NFP Life, Love and Health Inc",Company Interest,N/A
40200517-ee7f-455c-a224-bfb96ba24a5b,Celia Hammond,Liberal Party of Australia,Curtin,2021-09-02,Unknown,Other,Cambridge Bowling and Recreation Club Inc,Cambridge Bowling and Recreation Club Inc,Patronage of Cambridge Bowling and Recreation Club Inc,Patron of Cambridge Bowling and Recreation Club Inc from August 2021
855da7a4-6d00-480e-92dc-0f10a28226aa,Andrew Hastie,Liberal Party of Australia,Canning,2019-07-31,Travel,Other Travel,Australian/Israel and Jewish Affairs Council (AIJAC),Australia/Israel & Jewish Affairs Council (AIJAC),"Flights, Accommodation, Consumables, Transport for AIJAC Rambam Israel Fellowship Program","Hospitality in the form of flights, accommodation, most consumables and transport from the Australian/Israel and Jewish Affairs Council (AIJAC) through the Rambam Israel Fellowship program to attend the Coalition MP Study Group Visit to Israel in 2017."
fe3929d7-efed-4427-a704-31aaa8e6cdd8,Andrew Hastie,Liberal Party of Australia,Canning,2019-07-31,Travel,Other Travel,Konrad-Adenauer Siftung and Henry Jackson Society,Konrad-Adenauer Siftung and Henry Jackson Society,Return Business Flights and Accommodation for London Conference,Hospitality in the form of return business flights and accommodation from the Konrad-Adenauer Siftung and Henry Jackson Society in order to participate in their London conference on Chinese and Russian Hybrid Warfare (24-28 June 2019).
3fdc97f4-543d-4e45-ac67-f3a83b01b1e5,Andrew Hastie,Liberal Party of Australia,Canning,2019-07-31,Unknown,Other,Mandurah Offshore Fishing and Sailing Club,Mandurah Offshore Fishing and Sailing Club,Patronage,Patron
1c32e27a-8854-443c-aecd-2c0e85a80ccb,Andrew Hastie,Liberal Party of Australia,Canning,2019-07-31,Unknown,Other,Port Bouvard Pistol and Small Bore Rife Club,Port Bouvard Pistol and Small Bore Rife Club,Patronage,Patron
edd05579-dac4-49ea-8537-45f1cce25f10,Andrew Hastie,Liberal Party of Australia,Canning,2021-02-15,Membership,Other Membership,"Atlantic Council, Inter-Parliamentary Alliance on China",Inter-Parliamentary Alliance on China,"Atlantic Council, Inter-Parliamentary Alliance on China Membership",Membership deletions
9fefa412-1ed4-408a-b268-a2a3c6891664,Andrew Hastie,Liberal Party of Australia,Canning,2021-10-21,Asset,Other Asset,"Military Brotherhood Motorcycle Club, Peel Branch","Military Brotherhood Motorcycle Club, Peel Branch",Patronage of Motorcycle Club,Patron
12fcfe6c-d5c1-47af-9b93-16ff5eda0ceb,Andrew Hastie,Liberal Party of Australia,Canning,2021-10-21,Unknown,Other,Peel and Districts Gun Club,Peel and Districts Gun Club,Association,N/A
9a05ff9b-7dc1-47fc-8be3-0391e1c8cf22,Alex Hawke,Liberal Party of Australia,Mitchell,2019-07-31,Asset,Other Asset,"Rest, Aus Gov","Rest, Aus Gov",Superannuation,Superannuation
c419963f-8a03-46df-a31e-3dc8ab489926,Christopher Hayes,Australian Labor Party,Fowler,2019-07-24,Membership,Professional,"Foxtel, Chairman's Lounge (Qantas), The Club (Virgin)","Foxtel, Chairman's Lounge (Qantas), The Club (Virgin)",Various Memberships,"Foxtel supplied to my electorate office, Chairman's Lounge (Qantas), The Club (Virgin)"
f4a3cff6-1049-4c27-8538-9fa20b075cec,Christopher Hayes,Australian Labor Party,Fowler,2019-07-24,Gift,Entertainment,"Australian Labor Party, Australian Workers' Union, National Press Club, Campbelltown Catholic Club, Western Suburbs Rugby League Club, Cabra-Vale Diggers Club, National Servicemens' Association","Australian Labor Party, Australian Workers' Union, National Press Club, Campbelltown Catholic Club, Western Suburbs Rugby League Club, Cabra-Vale Diggers Club, National Servicemens' Association",Membership,"Australian Labor Party, Australian Workers' Union, National Press Club, Campbelltown Catholic Club, Western Suburbs Rugby League Club, Cabra-Vale Diggers Club, National Servicemens' Association"
4300ed80-167d-4bb6-90a0-d434e68b085e,Christopher Hayes,Australian Labor Party,Fowler,2019-07-24,Membership,Other Membership,"Australian Labor Party, Campbelltown Catholic Club, National Press Club, Western Suburbs Leagues Club","Australian Labor Party, Campbelltown Catholic Club, National Press Club, Western Suburbs Leagues Club",Various Memberships,"Australian Labor Party, Campbelltown Catholic Club, National Press Club, Western Suburbs Leagues Club"
ae8943ff-1730-41d8-8fe4-783606dd75ab,Julian Hill,Australian Labor Party,Bruce,2019-07-24,Asset,Other Asset,Bank of Melbourne / St George Bank,Bank of Melbourne / St George Bank,Transaction Account,Transaction account
5133eb13-3ab8-402c-a175-0781c1c3cbc1,Julian Hill,Australian Labor Party,Bruce,2019-07-24,Travel,Other Travel,Qantas and Virgin lounges,Qantas and Virgin lounges,Qantas and Virgin Lounges Membership,Hospitality / membership of Qantas and Virgin lounges
40f0c967-56b0-4c1c-aa61-edfe2d66a94c,Kevin Hogan,National Party of Australia,Page,2019-07-31,Membership,Other Membership,Kevin and Karen Hogan,Kevin and Karen Hogan,Primary Production Partnership,"Primary Production Partnership with Spouse at place of residence, and investment property in partnership with spouse - Self"
59d307ec-ac1e-47d4-bfbb-73580fafe47b,Kevin Hogan,National Party of Australia,Page,2019-07-31,Membership,Other Membership,Kevin and Karen Hogan,Kevin and Karen Hogan,Please see above,Please see above - Spouse/partner
f6c8978c-58a9-46ea-828e-c48e030ce0a4,Kevin Hogan,National Party of Australia,Page,2019-07-31,Liability,Credit,"CBA, ANZ","CBA, ANZ",Credit Card,Credit Card - Self
054a78f9-c6c0-4696-a255-9841df1c6058,Kevin Hogan,National Party of Australia,Page,2019-07-31,Liability,Credit,"CBA, ANZ","CBA, ANZ",Credit Card,Credit Card - Spouse/partner
f0017127-f1ad-4a0b-b46e-aeada5c6b6d1,Kevin Hogan,National Party of Australia,Page,2019-07-31,Asset,Other Asset,"CBA, ANZ","CBA, ANZ",Savings Account,Savings - Self
b3d43f9a-b80a-406f-aa86-41f600055b93,Kevin Hogan,National Party of Australia,Page,2019-07-31,Asset,Other Asset,"CBA, ANZ","CBA, ANZ",Savings Account,Savings - Spouse/partner
c79111c0-07b9-4825-868b-27fc6901d34d,Gregory Hunt,Liberal Party of Australia,Flinders,2019-11-27,Travel,Other Travel,"Kennedy Pavilion, Tabcorp Pavilion and Newscorp Pavilion","Kennedy Pavilion, Tabcorp Pavilion and Newscorp Pavilion",Melbourne Cup 2019 Pavilion entry,"Drop-in entry for self and spouse to Kennedy Pavilion, Tabcorp Pavilion and Newscorp Pavilion at Melbourne Cup 2019."
2c2116ce-ab88-4cc3-b647-3ea0f2b31167,Ed Husic,Australian Labor Party,Chifley,2019-07-29,Liability,Credit,"American Express, ANZ, Westpac","American Express, ANZ, Westpac",Credit Cards,Credit Cards
e511236b-e02f-4fb9-8682-547a8007dbc7,Stephen James Irons,Liberal Party of Australia,Swan,2019-07-31,Membership,Other Membership,"500 Club, Liberal Party, RPGC, MFC","500 Club, Liberal Party, RPGC, MFC",Club Memberships,N/A
3e0e7309-a6bb-4be9-9463-360b8f4f19d5,Stephen Jones,Australian Labor Party,Whitlam,2019-07-26,Asset,Real Estate,"Keiraville, NSW","Keiraville, NSW",Residential House in Keiraville,Residential
f05dd550-80b2-4b94-8049-bfa0da0fbc15,Stephen Jones,Australian Labor Party,Whitlam,2019-07-26,Unknown,Other,"Kingston, ACT","Kingston, ACT",Rental Property in Kingston,Rental
8f6279ff-b547-4eb2-b259-22b3f8206812,Stephen Jones,Australian Labor Party,Whitlam,2020-04-03,Membership,Professional,QANTAS and Virgin,"QANTAS, Virgin",QANTAS and Virgin Lounges Membership,Membership of QANTAS and Virgin Lounges
b9a0d29c-8fcf-4bf1-9bae-29b23e5fe1ec,Stephen Jones,Australian Labor Party,Whitlam,2021-03-23,Asset,Real Estate,"Keiraville, NSW","Keiraville, NSW",Property in Keiraville,"Property in Keiraville, NSW."
2a492574-9c8d-40c0-b81f-858ac03c68ff,Robert Carl Katter,Katter's Australian Party,Kennedy,2019-07-30,Liability,Loan,"ANZ, Commonwealth, NAB, Metway and others","ANZ, Commonwealth, NAB, Metway and others",Loans,Loans
27b98435-7bdd-4b48-8dff-b363127386d6,Robert Carl Katter,Katter's Australian Party,Kennedy,2019-07-30,Asset,Other Asset,"ANZ, Commonwealth, Westpac etc.","ANZ, Commonwealth, Westpac etc.",Savings and Cheque Accounts,The usual saving and cheque accounts
036ceb97-f5dd-4b4b-8b1a-62e12ac1b8df,Robert Carl Katter,Katter's Australian Party,Kennedy,2021-11-02,Gift,Decorative,"Winsome Board, Ravenshoe Artist","Winsome Board, Ravenshoe Artist",Painting - “The Road to Lawn Hill”,"Painting - “The Road to Lawn Hill” Value $600. Gifted by Winsome Board, Ravenshoe Artist"
7b016c57-a625-45e2-b2a3-5002b159fd0a,Craig Kelly,Liberal Party of Australia,Hughes,2019-07-31,Travel,Other Travel,Qantas and Virgin Cards,Qantas and Virgin Cards,Travel,N/A
07c4d786-d15b-41d8-9810-3c21095d0552,Matthew Keogh,Australian Labor Party,Burt,2019-07-26,Unknown,Other,Australian Subscription Television and Radio Association (ASTRA),Australian Subscription Television and Radio Association,Foxtel Subscription,Standard Foxtel subscription for Electorate Office
74b186e1-6fcc-4d9a-a0a7-045b5257b5fc,Matthew Keogh,Australian Labor Party,Burt,2019-09-09,Income,Other Income,Department of the Premier and Cabinet (Western Australian Government),Department of the Premier and Cabinet (Western Australian Government),Salary,Spouse Salary
2a74dd36-db72-4a0e-9de9-73175ccd61c6,Peter Khalil,Australian Labor Party,Wills,2019-07-29,Asset,Trust,Khalil Family Trust/Arcana Partners PTY LTD,Khalil Family Trust/Arcana Partners PTY LTD,Family Trust,Family Trust; Beneficiaries (Spouse/partner)
b72fe60e-f745-4382-ab06-de058effdf0b,Peter Khalil,Australian Labor Party,Wills,2022-01-25,Asset,Trust,Khalil Family Trust /Arcana Partners PTY LTD,Khalil Family Trust/Arcana Partners PTY LTD,Family Trust,Deletion of Khalil Family Trust /Arcana Partners PTY LTD
ffbd4a55-6719-4a64-b552-4f6ef8c70530,Peter Khalil,Australian Labor Party,Wills,2022-01-25,Unknown,Other,Spouse/partner: UniSuper,Spouse/partner: UniSuper,Deletion of Spouse/Partner Superannuation,Deletion of Spouse/partner: UniSuper
dd706933-fdba-4510-a7ef-c248e4453934,Peter Khalil,Australian Labor Party,Wills,2022-01-25,Unknown,Other,Spouse/partner: Australian Super,Spouse/partner: Australian Super,Deletion of Spouse/Partner Superannuation,Deletion of Spouse/partner: Australian Super
21bed909-21cc-4c6a-a36a-3d2c76c68d63,Madeleine King,Australian Labor Party,Brand,2019-07-29,Liability,Mortgage,"Commonwealth Bank, Westpac and St George","Commonwealth Bank, Westpac and St George",Mortgages,Mortgages on all real estate listed
e20ceb16-2c61-4e59-bfd1-eb5cbd7d316f,Andrew Laming,Liberal National Party,Bowman,2021-03-24,Unknown,Other,Andrew and Olesja Laming Pty Ltd,Andrew and Olesja Laming Pty Ltd,Self: Andrew and Olesja Laming Pty Ltd,Self: Andrew and Olesja Laming Pty Ltd
6be772da-7acb-403f-9afb-bc7fb109f73c,Andrew Laming,Liberal National Party,Bowman,2021-03-24,Membership,Professional,"The Chairman's Lounge, The Club","The Chairman's Lounge, The Club","The Chairman's Lounge, The Club Membership","SELF: The Chairman's Lounge, The Club; SPOUSE: The Chairman's Lounge, The Club"
c4c1fbcf-63f1-428a-af34-073cfacd541b,Michelle Landry,Liberal National Party,Capricornia,2019-07-23,Asset,Real Estate,"Lammermoor, Yeppoon QLD","Lammermoor, Yeppoon QLD",Residential House in Yeppoon,Residential House
14030798-57f4-469a-ab7b-3cab8f4f712b,Michelle Landry,Liberal National Party,Capricornia,2019-07-23,Asset,Real Estate,"Griffith, Canberra","Griffith, Canberra",Residential Unit in Canberra,Residential Unit
c0d5f2b0-b01a-4dd4-8725-4e61b7b74aef,Julian Leeser,Liberal Party of Australia,Berowra,2019-07-30,Unknown,Other,Parramatta and District Synagogue,Parramatta and District Synagogue,Synagogue Membership,Member
4a872d2f-d7d6-4c69-a394-b1b226fa5010,Julian Leeser,Liberal Party of Australia,Berowra,2019-07-30,Membership,Other Membership,"Union, University and Schools Club","Union, University and Schools Club","Union, University and Schools Club Membership",Member
4a379066-9689-43b6-99f2-874a6bd0d5d9,Julian Leeser,Liberal Party of Australia,Berowra,2020-09-04,Asset,Real Estate,"Thornleigh, NSW","Thornleigh, NSW",Residential House in Thornleigh,Purchase of a new residential property
8006cf25-a13b-40dd-9c30-a350d1fb037c,Julian Leeser,Liberal Party of Australia,Berowra,2020-09-04,Unknown,Other,Hornsby Kuring-gai and Hills District Cricket Association,Hornsby Kuring-gai and Hills District Cricket Association,Cricket Association Patronage,Patron of
88fd19b4-e856-406b-8a72-6e23a90516b0,Andrew Leigh,Australian Labor Party,Fenner,2019-07-26,Membership,Other Membership,Australian Institute of Landscape Architects and the American Society of Landscape Architects,Australian Institute of Landscape Architects and the American Society of Landscape Architects,Australian Institute of Landscape Architects and the American Society of Landscape Architects Membership,Member of the Australian Institute of Landscape Architects and the American Society of Landscape Architects
4eac6a0f-e87e-4068-80ae-a0079260a492,Sussan Ley,Liberal Party of Australia,Farrer,2020-03-02,Asset,Shares,Spouse/Partner,Spouse/partner,Livestock,Livestock
a0954c9c-17c2-4c99-a939-f77a4c20ac41,Sussan Ley,Liberal Party of Australia,Farrer,2020-03-02,Travel,Other Travel,Self and Spouse/Partner,Self and Spouse/Partner,Qantas Chairman's Lounge and Virgin Club memberships,Renewal Qantas Chairman's Lounge and Virgin Club memberships
efb839b5-79c4-4c25-9e5d-cc856f72de2a,David Littleproud,Liberal National Party,Maranoa,2019-07-31,Asset,Other Asset,"NAB, Suncorp, Warwick Credit Union, Westpac","NAB, Suncorp, Warwick Credit Union",Savings,Savings
7901f0d0-eb49-41fa-9efc-4935ebec2ff4,David Littleproud,Liberal National Party,Maranoa,2019-07-31,Asset,Other Asset,"NAB, Suncorp, Warwick Credit Union","NAB, Suncorp, Warwick Credit Union",Savings,Savings (dependent children)
d4155934-2091-40eb-8af3-e688cbe88764,Gladys Liu,Liberal Party of Australia,Chisholm,2019-07-30,Asset,Shares,GDS Business and Investment Pty Ltd ATF The Liu Family Trust,GDS Business and Investment Pty Ltd ATF The Liu Family Trust,Beneficial Interest,"Beneficial interest of 100%, Family Trust"
38b73ea0-b273-45e2-96fe-ca6bbaf42b8d,Gladys Liu,Liberal Party of Australia,Chisholm,2019-07-30,Membership,Other Membership,GDS Business and Investment,GDS Business and Investment,Trustee Company,Trustee company
9067cfed-48cd-4fd0-b065-5a27376cd5ab,Nola Marino,Liberal Party of Australia,Forrest,2019-07-31,Unknown,Other,"CWA, Bunbury Branch","CWA, Bunbury Branch",Membership,N/A
7d1a0436-6c1c-47f9-b90a-06a0e1616eb0,Nola Marino,Liberal Party of Australia,Forrest,2019-07-31,Unknown,Other,Dunsborough/Yallingup CCI,Dunsborough/Yallingup CCI,Membership,N/A
cc7472bd-1d67-4bd9-a6ce-5f12e0515455,Nola Marino,Liberal Party of Australia,Forrest,2019-07-31,Unknown,Other,Donnybrook/Balingup CCI,Donnybrook/Balingup CCI,Membership,N/A
88735f64-ee4c-40dd-a7de-70168cb5c61f,Richard Marles,Australian Labor Party,Corio,2019-07-29,Asset,Shares,ANZ Investments P/L,Avanti Investments P/L,Superannuation,Superannuation with ANZ Investments P/L
adc15ee8-f1fc-4a48-b0a7-5bc3d7658e47,Richard Marles,Australian Labor Party,Corio,2019-07-29,Gift,Entertainment,St Mary's Football and Netball Club,St Mary's Football and Netball Club,Football and Netball Club Membership,St Mary's Football and Netball Club
0b772e96-2895-40b2-b7d1-8f7454412d94,Richard Marles,Australian Labor Party,Corio,2019-07-29,Gift,Entertainment,St Mary's Football and Netball Club,St Mary's Football and Netball Club,Football and Netball Club Membership,St Mary's Football and Netball Club
b4080c55-ad89-4f67-b563-348b35500524,Fiona Martin,Liberal Party of Australia,REID,2019-07-30,Liability,Mortgage,Australian and New Zealand Banking Group Limited,Australian and New Zealand Banking Group Limited (ANZ),Residential Property Mortgage in East Ryde,Self: Mortgage in respect of property at East Ryde
bc684073-1c9b-45a1-916b-5f3c81597a9e,Fiona Martin,Liberal Party of Australia,REID,2019-07-30,Liability,Mortgage,Australian and New Zealand Banking Group Limited,Australian and New Zealand Banking Group Limited (ANZ),Residential Property Mortgage in East Ryde,Spouse/partner: Mortgage in respect of property at East Ryde
87fa2360-c24b-4567-b3a1-13c5ac07789c,Fiona Martin,Liberal Party of Australia,REID,2019-07-30,Asset,Other Asset,Australian and New Zealand Banking Group Limited,Australian and New Zealand Banking Group Limited (ANZ),Savings Account,Self: Savings
ffab0ab8-88d8-4f75-96c0-0b9806f21ea8,Fiona Martin,Liberal Party of Australia,REID,2019-07-30,Asset,Other Asset,Australian and New Zealand Banking Group Limited,Australian and New Zealand Banking Group Limited (ANZ),Savings Account,Self: Savings
f995c5eb-0d08-46a0-be74-84204e0d048f,Fiona Martin,Liberal Party of Australia,REID,2019-07-30,Asset,Other Asset,Australian and New Zealand Banking Group Limited,Australian and New Zealand Banking Group Limited (ANZ),Savings Account,Self: Savings
4b442b8d-7ace-4eca-89f2-ac4f40db7c5f,Fiona Martin,Liberal Party of Australia,REID,2019-07-30,Asset,Other Asset,Australian and New Zealand Banking Group Limited,Australian and New Zealand Banking Group Limited (ANZ),Offset Account,Self: Off set account
a7467128-69d1-42ae-a162-ad0f6221f4d4,Fiona Martin,Liberal Party of Australia,REID,2019-07-30,Asset,Other Asset,Australian and New Zealand Banking Group Limited,Australian and New Zealand Banking Group Limited (ANZ),Savings Account,Spouse/partner: Savings
bd6d734c-b47f-4e28-9621-39459e733764,Fiona Martin,Liberal Party of Australia,REID,2019-07-30,Asset,Other Asset,Australian and New Zealand Banking Group Limited,Australian and New Zealand Banking Group Limited (ANZ),Savings Account,Spouse/partner: Savings
a176880a-06a5-451a-95cb-676cbf729992,Fiona Martin,Liberal Party of Australia,REID,2019-07-30,Asset,Other Asset,Australian and New Zealand Banking Group Limited,Australian and New Zealand Banking Group Limited (ANZ),Offset Account,Spouse/partner: Off set account
8361ae4d-cba4-4ae6-9899-e7d8f4f82369,Fiona Martin,Liberal Party of Australia,REID,2019-07-30,Unknown,Other,NSW National Servicemans Association and Affiliates,NSW National Servicemans Association and Affiliates,Patronage,Self: Patron of including Burwood and District Sub-branch
fc458e08-07cc-4f25-b653-2b9dc15e48e3,Fiona Martin,Liberal Party of Australia,REID,2019-10-08,Asset,Other Asset,Australian and New Zealand Banking Group,Australian and New Zealand Banking Group Limited (ANZ),Savings Account,Self - remove two savings accounts listed at Australian and New Zealand Banking Group
90c2e21d-413f-444b-b8e3-b44f9a7b14ee,Fiona Martin,Liberal Party of Australia,REID,2022-01-18,Asset,Other Asset,Australian and New Zealand Banking Group,Australian and New Zealand Banking Group Limited (ANZ),Credit Card,Credit card
48df7317-3d9d-448f-b9e6-9f679fc02fbb,Kristy Mcbain,Australian Labor Party,Eden-Monaro,2020-07-04,Asset,Real Estate,"Tura Beach, NSW","Tura Beach, NSW",Residential House in Tura Beach,Residential
631b3ed6-60d9-46a0-acbf-143243a9603b,Kristy Mcbain,Australian Labor Party,Eden-Monaro,2020-07-04,Asset,Shares,"Tura Beach, NSW","Tura Beach, NSW",Investment Property in Tura Beach,Investment
010c0565-509f-40fb-9f42-cb526ae78094,Kristy Mcbain,Australian Labor Party,Eden-Monaro,2020-07-04,Asset,Shares,"Bega, NSW","Bega, NSW",Investment Property in Bega,Investment
7d66d87b-5c3c-4052-a0cd-09f331074b43,Kristy Mcbain,Australian Labor Party,Eden-Monaro,2020-07-04,Asset,Real Estate,"Tura Beach, NSW","Tura Beach, NSW",Residential House in Tura Beach,"Spouse/partner, Residential"
b6026452-db27-43b4-b4c5-2cef8e55d51e,Kristy Mcbain,Australian Labor Party,Eden-Monaro,2020-07-04,Asset,Shares,"Tura Beach, NSW","Tura Beach, NSW",Investment Property in Tura Beach,"Spouse/partner, Investment"
7923d14c-b381-4b2b-8ede-bbaa7850a8d2,Kristy Mcbain,Australian Labor Party,Eden-Monaro,2020-07-04,Asset,Shares,"Bega, NSW","Bega, NSW",Investment Property in Bega,"Spouse/partner, Investment"
36d1ae1c-7290-4d53-b798-f78359795d4b,Kristy Mcbain,Australian Labor Party,Eden-Monaro,2021-08-06,Asset,Real Estate,"Tuscany Apartments, Merimbula","Tuscany Apartments, Merimbula",Accommodation in Merimbula,"Accommodation valued at $1,600 courtesy of Tuscany Apartments, Merimbula."
8ce4cc5a-3a1d-4029-abbd-fb8a55a179e4,Michael McCormack,National Party of Australia,Riverina,2019-07-29,Unknown,Other,Australian Subscription Television and Radio Association,Australian Subscription Television and Radio Association,Foxtel Subscription,Annual renewal for Foxtel subscription from the Australian Subscription Television and Radio Association for the Wagga Wagga Electorate Office
0f86f7fa-99c4-4b56-8d07-b405cbd6efa5,Michael McCormack,National Party of Australia,Riverina,2021-12-23,Unknown,Other,Wagga Wagga & District Family and History Society Inc.,Wagga Wagga & District Family and History Society Inc.,Patronage,Patron of Wagga Wagga & District Family and History Society Inc.
af02b342-8906-42ac-a3c4-4221ecbfe7dc,Melissa McIntosh,Liberal Party of Australia,LINDSAY,2019-07-30,Liability,Credit,Bank of Queensland / VISA,Bank of Queensland,Credit Card,Credit cards
ff377fbc-114f-4e47-80e1-6b64afa23dac,Melissa McIntosh,Liberal Party of Australia,LINDSAY,2019-07-30,Liability,Credit,Bank of Queensland / VISA,Bank of Queensland,Credit Card,Credit cards (Spouse)
7a776a8c-2a2e-4ed7-93ab-79dfb45a2e0c,John Mcveigh,Liberal National Party,Groom,2019-07-30,Asset,Real Estate,"Prince Henry Heights, Toowoomba, QLD","Prince Henry Heights, Toowoomba, QLD",Residential House in Toowoomba,Residential (Spouse/partner)
46653ee9-42f2-428b-9104-dad1f2cfb66f,John Mcveigh,Liberal National Party,Groom,2019-07-30,Asset,Shares,"Prince Henry Heights, Toowoomba, QLD","Prince Henry Heights, Toowoomba, QLD",Investment Property in Toowoomba,Investment (Spouse/partner)
6d8c11b8-1124-429e-ba08-f6f4f0054b8c,Brian Mitchell,Australian Labor Party,Lyons,2020-02-05,Unknown,Other,Derwent Valley Field and Game Club,Derwent Valley Field and Game Club,Field and Game Club Membership,N/A
5a3903f5-702d-4b09-8cf4-c07796ad5ace,Robert Mitchell,Australian Labor Party,McEwen,2019-05-18,Asset,Other Asset,"Bendigo Bank, Westpac and CBA","Bendigo Bank, Westpac and CBA",Savings Account,Savings
814101b4-ad1a-4ae9-81f8-1ab38d0e30d5,Scott Morrison,Liberal Party of Australia,Cook,2019-07-30,Asset,Real Estate,"Dolans Bay, NSW","Dolans Bay, NSW",Residential House in Dolans Bay,Residence
d2805e9d-0df6-4b84-8592-80b9564abb1b,Scott Morrison,Liberal Party of Australia,Cook,2019-07-30,Membership,Other Membership,"Liberal Party of Australia, NSW Division","Liberal Party of Australia, NSW Division",Liberal Party NSW Division Membership,"Membership of the Liberal Party of Australia, NSW Division"
18c12930-fcac-4bd2-9ef3-1874b6a89968,Scott Morrison,Liberal Party of Australia,Cook,2019-07-30,Asset,Other Asset,"Royal Motor Yacht Club, Woolooware","Royal Motor Yacht Club, Woolooware",Honorary Yacht Club Membership,"Honorary Membership of the Royal Motor Yacht Club, Woolooware"
82f5cb15-8a0d-43dc-95bb-eca49120a5be,Scott Morrison,Liberal Party of Australia,Cook,2019-07-30,Membership,Other Membership,"South Metropolitan Regional Scout Council, NSW","South Metropolitan Regional Scout Council, NSW",South Metropolitan Scout Council Membership,"Honorary Membership of the South Metropolitan Regional Scout Council, NSW"
c38fba98-1693-4772-997d-cff03bfb5318,Scott Morrison,Liberal Party of Australia,Cook,2019-07-30,Membership,Other Membership,"Horizon Church, Sutherland","Horizon Church, Sutherland",Horizon Church Sutherland Membership,"Member of Horizon Church, Sutherland"
a7d890d9-4374-4be6-8577-3197bf1a7933,Scott Morrison,Liberal Party of Australia,Cook,2019-07-30,Unknown,Other,Alannah and Madeline Foundation,Alannah and Madeline Foundation,Patronage,"Patron, Alannah and Madeline Foundation"
88303f73-0e8e-49b3-8d7a-548a3a4bfb38,Scott Morrison,Liberal Party of Australia,Cook,2019-07-30,Gift,Entertainment,"Southern Districts Rugby Union Club, Sylvania Waters","Southern Districts Rugby Union Club, Sylvania Waters",Season ticket to Rugby Union Club Games,"Season ticket to home games of the Southern Districts Rugby Union Club, Sylvania Waters"
60183c9d-797d-4bd4-b301-74b358ead893,Scott Morrison,Liberal Party of Australia,Cook,2019-10-11,Asset,Real Estate,President of the Republic of France and Mrs Brigitte Macron,President of the Republic of France and Mrs Brigitte Macron,Goicoechea Ceramic Globe,Gift of a Goicoechea Ceramic Globe from the President of the Republic of France and Mrs Brigitte Macron. This item will be donated to a National Collection through the Department of Prime Minister and Cabinet after it is displayed in my Parliament House office.
9a411bcd-a593-41b7-bfd6-654288c8c639,Scott Morrison,Liberal Party of Australia,Cook,2019-10-11,Gift,Other Gift,"Dr Nguyen Thanh Hung, Vice Chairman Vietjet","Dr Nguyen Thanh Hung, Vice Chairman Vietjet",Dress with bird and flower design,"Gift of a dress with bird and flower design from Dr Nguyen Thanh Hung, Vice Chairman Vietjet."
b654b47f-3ffa-4679-ab83-6995cb06d8ba,Scott Morrison,Liberal Party of Australia,Cook,2019-10-18,Asset,Real Estate,"Bishop Epalle Catholic School, Solomon Islands","Bishop Epalle Catholic School, Solomon Islands",Carved wooden ornamental canoe,"Gift of a carved wooden ornamental canoe from the Bishop Epalle Catholic School, Solomon Islands. This item has been surrendered to the Department of Prime Minister and Cabinet and will be displayed in my Parliament House office."
7d2651b6-853f-4842-8373-e9aaeb6617bf,Scott Morrison,Liberal Party of Australia,Cook,2019-11-06,Asset,Real Estate,President and First Lady of the United States of America,President of the United States of America,Calfskin leather jewellery box,Gift of a calfskin leather jewellery box from the President and First Lady of the United States of America. This item has been donated to a National Collection through the Department of Prime Minister and Cabinet.
d5e29a0c-037f-4930-9d38-4fe684b8c7d9,Scott Morrison,Liberal Party of Australia,Cook,2019-11-06,Asset,Real Estate,Vice President and Second Lady of the United States of America,Vice President and Second Lady of the United States of America,Wooden oak cross with Vice President Seal,Gift of a wooden oak cross with Vice President Seal from the Vice President and Second Lady of the United States of America. This item has been surrendered to the Department of Prime Minister and Cabinet and will be displayed in my Parliament House office.
b0c1414f-ba8d-4d8d-841d-5707ac3d5503,Scott Morrison,Liberal Party of Australia,Cook,2019-11-06,Gift,Other Gift,"Secretary of State, United States of America","Secretary of State, United States of America",Mahogany dressing box with federal eagle,"Gift of a mahogany dressing box with federal eagle from the Secretary of State, United States of America. This item has been donated to a National Collection through the Department of Prime Minister and Cabinet."
9ab8b6ac-b051-45c3-8974-cc4699b8224d,Scott Morrison,Liberal Party of Australia,Cook,2019-12-19,Gift,Decorative,"HE Gen Prayut Chano-cha, Prime Minister of the Kingdom of Thailand","HE Gen Prayut Chano-cha, Prime Minister of the Kingdom of Thailand",Decorative box and silver garland,"Gift of a decorative box and silver garland from HE Gen Prayut Chano-cha, Prime Minister of the Kingdom of Thailand. This item has been surrendered to the Department of Prime Minister and Cabinet."
3b7eabd5-e096-4a8b-a361-e9f8cfd53c86,Scott Morrison,Liberal Party of Australia,Cook,2019-12-19,Asset,Real Estate,"HE Joko Widodo, President of the Republic of Indonesia","HE Joko Widodo, President of the Republic of Indonesia",Silver bull statue,"Gift of a silver bull statue from HE Joko Widodo, President of the Republic of Indonesia. This item has been surrendered to the Department of Prime Minister and Cabinet."
2929a0de-49c5-4772-9b51-bdeee783b04d,Scott Morrison,Liberal Party of Australia,Cook,2019-12-19,Gift,Hospitality,"HE Gen Prayut Chano-cha, Prime Minister of the Kingdom of Thailand","HE Gen Prayut Chano-cha, Prime Minister of the Kingdom of Thailand",Antique dinner set,"Gift of an antique dinner set from HE Gen Prayut Chano-cha, Prime Minister of the Kingdom of Thailand. This item has been surrendered to the Department of Prime Minister and Cabinet."
8e7d5866-17c4-44e7-ac36-4ea43940a541,Scott Morrison,Liberal Party of Australia,Cook,2019-12-19,Asset,Real Estate,"HE Lionel Rouwen Aingimea, President of the Republic of Nauru","HE Lionel Rouwen Aingimea, President of the Republic of Nauru",Mont Blanc Special Edition JFK GCH Fountain Pen and Ink Bottle,"Gift of a Mont Blanc Special Edition JFK GCH Fountain Pen and Ink Bottle from HE Lionel Rouwen Aingimea, President of the Republic of Nauru. This item has been surrendered to the Department of Prime Minister and Cabinet."
a38452d3-0229-4c82-858a-bb78e9a2eadb,Scott Morrison,Liberal Party of Australia,Cook,2020-04-17,Asset,Real Estate,"HE Joko Widodo, President of the Republic of Indonesia","HE Joko Widodo, President of the Republic of Indonesia",Filigree miniature of a Phinisi Ship,"Gift of a filigree miniature of a Phinisi Ship from HE Joko Widodo, President of the Republic of Indonesia. This item has been surrendered to the Department of Prime Minister and Cabinet."
2a58e283-061c-4a07-9e3e-34b7a3da63d1,Scott Morrison,Liberal Party of Australia,Cook,2020-12-17,Gift,Hospitality,"His Excellency Mr Shinzo Abe, Former Prime Minister of Japan","His Excellency Mr Shinzo Abe, Former Prime Minister of Japan",Hibiki Suntory Whiskey,"Gift of a bottle of Hibiki Suntory Whiskey from His Excellency Mr Shinzo Abe, Former Prime Minister of Japan."
f991a6a7-5c35-42c6-9ef9-af99511acaf8,Scott Morrison,Liberal Party of Australia,Cook,2021-08-05,Gift,Hospitality,"The Rt Hon Boris Johnson, Prime Minister of the United Kingdom","The Rt Hon Boris Johnson, Prime Minister of the United Kingdom",UK produce hamper,"Gift of a UK produce hamper from The Rt Hon Boris Johnson, Prime Minister of the United Kingdom. This item has been surrendered to the Department of Prime Minister and Cabinet."
30e60a87-272a-4835-948c-07bdc4f5d8b3,Scott Morrison,Liberal Party of Australia,Cook,2021-12-16,Gift,Other,"Dr Mario Draghi, Prime Minister of Italy","Dr Mario Draghi, Prime Minister of Italy",Salvatore Ferragamo Black Leather Briefcase,"Gift of a Salvatore Ferragamo Black Leather Briefcase from Dr Mario Draghi, Prime Minister of Italy. This item has been surrendered to the Department of Prime Minister and Cabinet."
9aa0555e-9121-4df1-abd6-58d11416e900,Scott Morrison,Liberal Party of Australia,Cook,2021-12-16,Asset,Real Estate,"HE Joko Widodo, President of the Republic of Indonesia","HE Joko Widodo, President of the Republic of Indonesia",Ornamental horn and silver miniature gong,"Gift of an ornamental horn and silver miniature gong from HE Joko Widodo, President of the Republic of Indonesia. This item has been surrendered to the Department of Prime Minister and Cabinet."
adf529e2-d50e-4608-a1b3-79aee029a8ed,Ben Morton,Liberal Party of Australia,Tangney,2019-07-30,Liability,Mortgage,Westpac/Amex,Westpac/Amex,Credit Cards/Flexi Loan/Mortgages,"Credit Cards / Flexi Loan
Mortgages"
a505ebc8-b8de-46e4-af2a-40515fe39d17,Ben Morton,Liberal Party of Australia,Tangney,2021-10-11,Unknown,Other,B&S Pavier,B&S Pavier,6 Kids Amusement Rides,6 Kids amusement rides (Including bouncing castle) - B&S Pavier (ADDITION)
2f80bcaf-4303-41ca-b383-0bdc4839fb3c,Ben Morton,Liberal Party of Australia,Tangney,2021-10-11,Unknown,Other,B&S Pavier,B&S Pavier,Sideshow Games - 4 Soft Toys,Sideshow games resulting in 4 soft toys. B&S Pavier (ADDITION)
7ae97730-d670-45a5-a823-57259090faa0,Shayne Neumann,Australian Labor Party,Blair,2019-07-29,Asset,Other Asset,Commonwealth Bank of Australia and Bank of Queensland,Commonwealth Bank of Australia and Bank of Queensland,Various Bank Accounts and Term Deposit,"Various Streamline, Keycard, Cheque Accounts and Term Deposit in personal name and investment accounts via companies listed. (Spouse/partner)"
c1698c3c-6c8f-431a-89f0-99e3736b4b35,Shayne Neumann,Australian Labor Party,Blair,2019-07-29,Unknown,Other,Australian Subscription Television and Radio Association (ASTRA),Australian Subscription Television and Radio Association,Foxtel Subscription for Electorate Office,(3) Subscription to Foxtel for Electorate Office by Australian Subscription Television and Radio Association (ASTRA) 2016
6f963302-1435-4688-8ef7-289e75750b1a,Llewellyn O'brien,Liberal National Party,Wide Bay,2019-07-30,Asset,Real Estate,"Chatsworth, Qld","Chatsworth, Qld","Chatsworth,",Residential
2a1546e5-1b34-41ea-9cb7-8a5d3e5ef3b1,Llewellyn O'brien,Liberal National Party,Wide Bay,2019-07-30,Asset,Real Estate,"Chatsworth, Qld","Chatsworth, Qld","Chatsworth,",Residential
ece6ded5-8fd5-42af-b23a-7e3dc092323d,Llewellyn O'brien,Liberal National Party,Wide Bay,2019-07-30,Liability,Loan,NAB/St George,St George,Personal Loan,Personal Loans
248765a3-aa65-4014-a3e5-cab598e0f18c,Llewellyn O'brien,Liberal National Party,Wide Bay,2019-07-30,Liability,Loan,NAB/St George,St George,Personal Loan,Personal Loans
b40dade0-af5a-4166-928b-71239e1beb7c,Llewellyn O'brien,Liberal National Party,Wide Bay,2019-07-30,Asset,Other Asset,NAB/AMP,NAB/AMP,Savings Account,Savings
d7007685-fa88-4948-9f3a-cd0fd773dcb4,Ted O'brien,Liberal National Party,Fairfax,2020-01-06,Travel,Other Travel,"Ministry of Foreign Affairs, Republic of China (Taiwan)","Ministry of Foreign Affairs, Republic of China (Taiwan)",Taiwan Study Tour,"Travel - flights, ground transfers, meals and accommodation provided by the Ministry of Foreign Affairs, Republic of China (Taiwan) for study tour to Taiwan - 29 October - 1 November 2019."
b6f48be9-ffee-44d0-b036-318cb9ae2852,Brendan O'Connor,Australian Labor Party,Gorton,2019-07-31,Membership,Professional,"Qantas, Virgin Australia, Australian Subscription Television and Radio Association",Australian Subscription Television and Radio Association,Airline Lounge & Foxtel Membership,Qantas Club Chairman's Lounge membership; Virgin Australia The Club Lounge; Foxtel Supscription from Australian Subscription Television and Radio Association
14650633-e7d5-469c-a85d-40ea3f2665b6,Brendan O'Connor,Australian Labor Party,Gorton,2019-07-31,Membership,Other Membership,"Australian Services Union, Celtic Club, Amnesty International","Australian Services Union, Celtic Club, Amnesty International",Organisation Membership,Membership of organisations
9a6628d7-8be8-4cad-9a09-2791fe294ab0,Brendan O'Connor,Australian Labor Party,Gorton,2022-02-15,Gift,Entertainment,"Cricket Australia, Diageo Pty Ltd","Cricket Australia, Diageo Pty Ltd",Tickets to MCG Test Match and Australian Open,2 Tickets to the MCG Test Match from Cricket Australia on 28/12/2021; 2 Tickets to the Australian Open from Diageo Pty Ltd on 29/1/2022
915bbfa7-08ea-4a0d-838e-baeec8bb7018,Clare O'Neil,Australian Labor Party,Hotham,2019-07-29,Membership,Professional,"Qantas, Virgin, Foxtel","Qantas, Virgin, Foxtel",Airline Lounge & Foxtel Membership,"Qantas Club Chairman's Lounge Membership, Membership of The Club Lounge, Virgin Australia, Annual Foxtel Subscription"
bdd287ec-b799-42b5-983b-f579cd887456,Clare O'Neil,Australian Labor Party,Hotham,2019-07-29,Membership,Other Membership,"National Union of Workers, Emily's List","National Union of Workers, Emily's List",Union & Emily's List Membership,"National Union of Workers, Emily's List"
31825d44-5581-49df-8fe8-a939c58b8720,Tony Pasin,Liberal Party of Australia,Barker,2019-07-31,Asset,Shares,L&G Pasin Family Trust/ Pasin Nominees Pty Ltd,Pepe Family Trust / Pasin Nominees Pty Ltd,Primary Production and Investments,Primary Production and Investments; Potential beneficiary in discretinary trust
d45eb3f6-9b85-4072-8ff9-210e98e4da0d,Tony Pasin,Liberal Party of Australia,Barker,2019-07-31,Asset,Trust,Pepe Family Trust/ Pasin Nominees Pty Ltd,Pepe Family Trust / Pasin Nominees Pty Ltd,Potential Beneficiary in discretinary trust,Currently dormant; Potential beneficiary in discretinary trust
86f78738-760f-4558-a5de-e4e1ca6ba772,Tony Pasin,Liberal Party of Australia,Barker,2019-07-31,Asset,Other Asset,Bendigo and Adelaide Bank,Bendigo and Adelaide Bank,Mortgage Offset Account,Mortgage offset account; Spouse/partner
88e54d76-8032-4046-9794-3b7e93e24fda,Alicia Payne,Australian Labor Party,Canberra,2019-07-31,Asset,Real Estate,"O'Connor, ACT","O'Connor, ACT",Residential House in O'Connor,Family home
613c9da7-9e0e-4856-91b6-a95d0119de29,Alicia Payne,Australian Labor Party,Canberra,2019-07-31,Asset,Real Estate,"O'Connor, ACT","O'Connor, ACT",Residential House in O'Connor,Family home of spouse/partner
9ffb49b3-7dc3-46a6-86cf-2213c47036a4,Gavin Pearce,Liberal Party of Australia,Braddon,2019-07-31,Asset,Shares,Yolla Cooperative/Australian Independent Rural Retailers,Yolla Cooperative/Australian Independent Rural Retailers,Share Interest,Share Interest
38f1b2c1-1946-4b47-b564-60d7af9dc439,Gavin Pearce,Liberal Party of Australia,Braddon,2019-07-31,Asset,Real Estate,"Myalla Rd, Myalla","Myalla Rd, Myalla",Farmland with Irrigation,Prime Agriculture property. 94MI irrigation on farm dam and irrigation licence (Solicitor currently drafting up lease agreement)
d01ac4df-4108-4a6f-a79f-7d73f9205ad2,Keith Pitt,Liberal National Party,Hinkler,2019-07-26,Asset,Shares,KJ & AJ Pitt Family Trust /KLARE (QId) Pty Ltd,KJ & AJ Pitt Family Trust /KLARE (QId) Pty Ltd,Investment,"investment, joint beneficiary"
70762c02-f623-4d81-b02b-8dc66ed04a33,Keith Pitt,Liberal National Party,Hinkler,2020-02-24,Unknown,Other,Australian Society of Medical Imaging and Radiotherapy,Australian Society of Medical Imaging and Radiotherapy,Membership of Medical Imaging Society,Member Australian Society of Medical Imaging and Radiotherapy (name change)
2534c746-23ef-4adc-a7be-739545bae885,Tanya Plibersek,Australian Labor Party,Sydney,2019-07-30,Asset,Real Estate,"Kingston, ACT","Kingston, ACT",Residential House in Kingston,Residential
b5fe09a5-216c-4938-b74e-bdc06abf7ccb,Tanya Plibersek,Australian Labor Party,Sydney,2019-07-30,Asset,Shares,"Ljubljana, Slovenia","Ljubljana, Slovenia",Investment Apartment in Ljubljana,Investment (with spouse)
2299cfab-da76-4a4f-9666-911653024af8,Tanya Plibersek,Australian Labor Party,Sydney,2019-07-30,Asset,Real Estate,"Rosebery, NSW","Rosebery, NSW",Residential House in Rosebery,Residential (with spouse)
6110b316-77f4-43e1-8095-577f34e9a249,Tanya Plibersek,Australian Labor Party,Sydney,2019-07-30,Asset,Shares,"Caringbah, NSW",Caringbah NSW,Investment Apartment in Caringbah,Investment (with spouse)
467e6883-b814-4abb-b013-32ef0021da9c,Tanya Plibersek,Australian Labor Party,Sydney,2019-07-30,Asset,Shares,"Ljubljana, Slovenia","Ljubljana, Slovenia",Investment Apartment in Ljubljana,Investment (with spouse)
a103b198-4377-469e-8bbf-f71bb1fe9569,Tanya Plibersek,Australian Labor Party,Sydney,2019-07-30,Asset,Other Asset,NAB and Westpac,"NAB, Westpac",Savings Accounts,Savings accounts
be8e10e2-0a9e-4c9e-a8ca-e3e3055f30b8,Tanya Plibersek,Australian Labor Party,Sydney,2019-07-30,Membership,Other Membership,Community and Public Sector Union,Community and Public Sector Union,Community and Public Sector Union Membership,Member
a210bb57-8993-4585-be94-08fd14ad9479,Christian Porter,Liberal Party of Australia,Pearce,2021-09-13,Asset,Trust,"ABC, Louise Milligan, Company Giles, Legal Services Trust, Ms Chrysanthou","ABC, Louise Milligan, Company Giles, Legal Services Trust, Ms Chrysanthou",Contribution to Legal Fees,"In March 2021, I commenced defamation proceedings in a purely personal capacity against the ABC and Ms Louise Milligan [NSD 206 of 2021]. On 31 August 2021 this matter was finalised by the Court. Although these matters have been conducted in a personal capacity and all legal services were engaged in a purely personal capacity, out of an abundance of caution and consistent with approaches adopted by other parliamentarians in relation to the provision of reduced fee or pro bono legal services, I advise that, in addition to my own personal funds, the following contributions have recently or may shortly be made:
•	As has been publicly reported, as part of the settlement an amount was paid by the ABC to Company Giles. Now that the matter has been resolved the relevant cheque will be deposited in Company Giles trust account and applied to my account.
•	Part contribution to the payment of my fees by a blind trust known as the Legal Services Trust. As a potential beneficiary I have no access to information about the conduct and funding of the trust.
•	My engagement of Ms Chrysanthou was on a commercial fee arrangement. However, consistent with her practice for individual clients, she did not charge me for all of the time she spent on the matter and in the recent settling of her fees I am aware there has been a reduction in fees which has resulted in me having received some services from Ms Chrysanthou on a reduced fee basis. Although all of the above contributions were made to me, or were for my benefit, in a purely personal capacity, in the interest of transparency and out of an abundance of caution I make this disclosure pursuant to item 14 of the Register of Members Interest."
f3f2408e-99fd-46b9-95dd-a4bb2aaa884d,Melissa Price,Liberal Party of Australia,Durack,2019-07-31,Asset,Real Estate,"Marmion, Western Australia","Marmion, Western Australia",Residential House in Marmion,Residence
f9f9b7fe-0132-442f-9011-758e75fb26b0,Melissa Price,Liberal Party of Australia,Durack,2019-07-31,Asset,Real Estate,"Geraldton, Western Australia","Marmion, Western Australia",Residential House in Geraldton,Residence
19513f73-6df9-4081-97d1-945b14672d10,Melissa Price,Liberal Party of Australia,Durack,2019-07-31,Gift,Other Gift,"Kingston, ACT","Kingston, ACT",MP responsibilities,MP responsibilities
ea6e6976-5f89-4371-821d-6402db92a588,Melissa Price,Liberal Party of Australia,Durack,2019-07-31,Asset,Real Estate,"Marmion, Western Australia","Marmion, Western Australia",Residential House in Marmion,Residence
9e710cdb-1abe-4073-aaf2-5cdd604b2349,Melissa Price,Liberal Party of Australia,Durack,2019-07-31,Asset,Real Estate,"Geraldton, Western Australia","Marmion, Western Australia","Geraldton,",Residence
25aace70-3b2b-4db9-a0be-ca4dcac97a9a,Melissa Price,Liberal Party of Australia,Durack,2019-07-31,Asset,Shares,"Dunsborough, Western Australia","Dunsborough, Western Australia","Dunsborough,",Investment
f6076a73-60a8-4d9a-ad3c-c8a658cd2b58,Melissa Price,Liberal Party of Australia,Durack,2019-07-31,Membership,Other Membership,H&W Quantity Surveyors Pty Ltd,H&W Quantity Surveyors Pty Ltd,H&W Quantity Surveyors Pty Ltd Membership,Quantity Survey
c56d6fc3-4073-424a-9b7d-bfa3550e3bc7,Melissa Price,Liberal Party of Australia,Durack,2019-07-31,Asset,Other Asset,Police and Nurses Limited,Police and Nurses Limited,Savings Account,Savings
b5148f1e-85a2-4988-a239-3383ffb72447,Melissa Price,Liberal Party of Australia,Durack,2021-06-28,Travel,Other Travel,"Ord Valley Muster, Kununurra, WA","Ord Valley Muster, Kununurra, WA",Ord Valley Muster Sponsorship Event,* Sponsors Event - 21 May 2021
fe1ad8ae-0bf8-4e07-9742-634ce681ef4c,Melissa Price,Liberal Party of Australia,Durack,2022-02-10,Unknown,Other,"190 Yungurra Drive, Dunsborough, Western Australia","190 Yungurra Drive, Dunsborough, Western Australia","190 Yungurra Drive, Dunsborough Property",N/A
6f7a3e08-c5fe-43e5-9346-1a74a2d6a4a4,Rowan Ramsey,Liberal Party of Australia,Grey,2019-07-24,Asset,Real Estate,"Maylands, Adelaide","Maylands, Adelaide",Land,Private Residence
78c0e0b4-38b2-4a11-8b7b-37d9829aea1f,Rowan Ramsey,Liberal Party of Australia,Grey,2019-07-24,Gift,Entertainment,Kimba and Districts Football and Netball Club,Kimba and Districts Football and Netball Club,Kimba and Districts Football and Netball Club Membership,Member Kimba and Districts Football and Netball Club
ea9710fb-a73b-4c8a-a93c-238075b70b57,Amanda Rishworth,Australian Labor Party,Kingston,2019-07-10,Membership,Professional,"Credit union sa, sda union, lions club of hallett cove, police health, south adelaide football club, australian unity, seaford 6-12 school governing council, christies beach slsc, qantas chairmans lounge, virgin the club, national pharmacies, Care leavers Australasia network, panther club, vice patron port noarlunga slsc, friends of willunga basin, community living project, Zoos SA, vice patron morphett vale youth club, advisory goup for the asia pacific centre for work health and safety, Australian Labor Party, qantas platinum one club","Credit union sa, sda union, lions club of hallett cove, police health, south adelaide football club, australian unity, seaford 6-12 school governing council, christies beach slsc, qantas chairmans lounge, virgin the club, national pharmacies, Care leavers Australasia network, panther club, vice patron port noarlunga slsc, friends of willunga basin, community living project, Zoos SA, vice patron morphett vale youth club, advisory goup for the asia pacific centre for work health and safety, Australian Labor Party, qantas platinum one club",Multiple Memberships,N/A
2c2c629a-88c5-4157-a85c-2536aed2b160,Amanda Rishworth,Australian Labor Party,Kingston,2021-10-13,Membership,Other Membership,ABC Friends SA/NT,ABC Friends SA/NT,ABC Friends SA/NT Membership,I would like to declare that I have renewed my membership with ABC Friends SA/NT for the 2021/2022 financial year.
9aaf8fd1-7940-4977-b710-8c30a083353f,Michelle Rowland,Australian Labor Party,Greenway,2019-07-30,Asset,Shares,Pericles Unit Trust/Elysium Pty Ltd,Pericles Unit Trust/Elysium Pty Ltd,Real Property Investments,"Real property investments in Glenwood, Randwick and Kingston"
c45a7ccf-2d5a-465d-a769-ca7115ba342a,Joanne Ryan,Australian Labor Party,Lalor,2019-07-26,Unknown,Other,Patron - Wyndham Track and Field,Wyndham Track and Field Club,Club Patronage,N/A
5c952d0a-39c0-49a5-89a8-ef1a19934401,Joanne Ryan,Australian Labor Party,Lalor,2019-07-26,Unknown,Other,Member and Ambassador- Melbourne Vixens,Member and Ambassador- Melbourne Vixens,Membership and Ambassador,N/A
fa89cce9-aa38-4aef-8f30-cea8e054b0bd,Joanne Ryan,Australian Labor Party,Lalor,2019-07-26,Gift,Entertainment,Membership and Player sponsor - Werribee Tigers Football Club,Membership and Player sponsor - Werribee Tigers Football Club,Membership and Player sponsor,N/A
2ae68993-d312-4f62-a4e0-d1fb942f1bd5,Dave Sharma,Liberal Party of Australia,Wentworth,2019-07-30,Membership,Other Membership,"Kelly Partners (Government, Incentives and Innovation)","Kelly Partners (Government, Incentives and Innovation)",Kelly Partners Partnership Interest,"49% partnership interest through Sharma Family Company Ptd Ltd, Consulting and advisory services - INACTIVE."
032077ed-fd21-4616-8f2d-a82c97e48f89,Dave Sharma,Liberal Party of Australia,Wentworth,2019-07-30,Asset,Other Asset,Kelly and Partners Opportunities Fund,Kelly and Partners Opportunities Fund,Investment Fund,Type of investment
362edc3b-5e5f-419f-9bf7-318cc9dd578e,Dave Sharma,Liberal Party of Australia,Wentworth,2020-06-30,Gift,Other Gift,Kelly and Partners Opportunities Fund,Kelly and Partners Opportunities Fund,Wind down of Opportunities Fund,Self/Partner - wind down of Kelly and Partners Opportunities Fund
cecb322c-0b36-455d-a23c-f5ff2f2e4ce8,Julian Simmonds,Liberal National Party,RYAN,2021-10-25,Travel,Air Travel,"Fighter Pilot, Archerfield Airport","Fighter Pilot, Archerfield Airport",Adventure Flight at Archerfield Airport,"Adventure Flight provided courtesy of Fighter Pilot, Archerfield Airport"
4fa62a17-3b1f-42ad-b78d-93d88617930b,Anthony David Hawthorn Smith,Liberal Party of Australia,Casey,2019-07-29,Gift,Entertainment,Carlton Football Club; MCC; RACV; Pontiac Car Club of Australia; Union-University and Schools Club - Sydney; Melbourne University Liberal Club,Carlton Football Club; MCC; RACV; Pontiac Car Club of Australia; Union-University and Schools Club - Sydney; Melbourne University Liberal Club,Membership of various groups,Liberal Party of Australia (Victorian Division); Member of various local community groups and organisations within the electorate of Casey which do not pose a conflict of interest
e6bf667b-450c-4d57-93de-544c2a7c07c6,Warren Snowdon,Australian Labor Party,Lingiari,2019-07-29,Liability,Mortgage,"Commonwealth Bank of Australia, Bank of Queensland",Commonwealth Bank of Australia and Bank of Queensland,Residential Mortgage,"Mortgage on home in Alice Springs, Mortgage on residence in Canberra"
05338471-23c3-452f-9c88-f5435130c55a,Warren Snowdon,Australian Labor Party,Lingiari,2019-07-29,Asset,Other Asset,"Westpac, Commonwealth Bank of Australia, Peoples Choice Credit Union","Westpac, Commonwealth Bank of Australia, Peoples Choice Credit Union",Savings and Line of Credit,"Savings with spouse, Line of Credit with spouse"
e0251f4e-ec35-4904-96ce-a0a4b095d03f,Warren Snowdon,Australian Labor Party,Lingiari,2019-07-29,Gift,Entertainment,"Australia Education Union, World Vision (sponsor), Maritime Union of Australia, Unicef (donor), Vice Patron of Northern Territory Rugby Union, Lifetime member of Kiwi Rugby Club Alice Springs, Patron Eastern Suburbs Rugby Club Canberra, Central Australia NT Schools Education Leaders (CANSTEL), Australian Education Union, Australia Council Education Leaders (ACEL), Board member of GUTS Dance Central Australia","Australia Education Union, World Vision (sponsor), Maritime Union of Australia, Unicef (donor), Vice Patron of Northern Territory Rugby Union, Lifetime member of Kiwi Rugby Club Alice Springs, Patron Eastern Suburbs Rugby Club Canberra, Central Australia NT Schools Education Leaders (CANSTEL), Australian Education Union, Australia Council Education Leaders (ACEL), Board member of GUTS Dance Central Australia",Membership of various organisations,N/A
888ca4e6-1f73-4f9e-974e-8f0bac5e1d28,Zali Steggall,Independent,Warringah,2019-07-30,Membership,Other Membership,"Governor, Queenwood School, Mosman","Governor, Queenwood School, Mosman",Queenwood School Governor,Secondary Independent education provider
950e60e2-91f7-4f75-82f9-d70dd567c7f3,Zali Steggall,Independent,Warringah,2019-07-30,Membership,Other Membership,"Director, Olympic Winter Institute of Australia","Director, Olympic Winter Institute of Australia",Olympic Winter Institute Director,Sporting Non For Profit Organisation
f30c10ef-68d5-4f7b-ac19-16a638c3ce60,Zali Steggall,Independent,Warringah,2019-07-30,Membership,Other Membership,"Director, Sport Australia Hall of Fame","Director, Sport Australia Hall of Fame",Sport Australia Hall of Fame Director,Sporting Non for Profit Organisation
a38dce0b-4ced-469b-b8f3-ad94e71dcc16,Zali Steggall,Independent,Warringah,2019-07-30,Membership,Other Membership,"OWIA, SAHOF or Governor of Queenwood School.","OWIA, SAHOF or Governor of Queenwood School.",Former Director,No longer director
66ac7a8d-05b6-4e2d-9f06-38f9e569eebd,James Stevens,Liberal Party of Australia,Sturt,2019-08-02,Unknown,Other,Australian Subscription Television and Radio Association,Australian Subscription Television and Radio Association,Electorate Office Foxtel Connection,Foxtel connection in electorate office provided by the Australian Subscription Television and Radio Association
2b8afcef-c9f4-423d-977a-6f591cd375f5,Meryl Swanson,Australian Labor Party,Paterson,2019-07-30,Asset,Real Estate,"Buchanan, NSW","Buchanan, NSW",Residential House in Buchanan,Jointly owned with spouse. Residence
79efef6e-0559-4bbd-94b1-045102c2e690,Meryl Swanson,Australian Labor Party,Paterson,2019-07-30,Asset,Shares,"Kurri Kurri, NSW","Kurri Kurri, NSW",Investment Property in Kurri Kurri,Jointly owned with spouse. Investment
e1a43ca8-2b4a-4553-a082-464e20d5f87f,Angus Taylor,Liberal Party of Australia,Hume,2019-07-30,Unknown,Other,Goulburn and District Education Foundation,Goulburn and District Education Foundation,Goulburn and District Education Foundation Membership,Spouse/partner
847157de-adc3-459b-9f4a-af3bb2ae3322,Angus Taylor,Liberal Party of Australia,Hume,2021-08-11,Unknown,Other,"Cathedral Church of St Saviour, Goulburn","Cathedral Church of St Saviour, Goulburn",Cathedral Church of St Saviour Patronage,Patron
97a2a078-d609-4399-b721-9177c90d3c0c,Daniel Tehan,Liberal Party of Australia,Wannon,2019-07-29,Asset,Real Estate,"Hamilton, Victoria","Hampton, Victoria","Hamilton,",Private residential
bb4d7d54-efdf-445e-9209-4434743f6d40,Daniel Tehan,Liberal Party of Australia,Wannon,2019-07-29,Asset,Real Estate,"O'Connor, ACT","O'Connor, ACT","O'connor,",Residential investment
40594a50-5f59-4615-bb02-0625d3f97265,Susan Templeman,Australian Labor Party,Macquarie,2019-07-30,Membership,Professional,"QANTAS, Virgin","QANTAS, Virgin",QANTAS Chairmans Lounge & Virgin Club Membership,"QANTAS Chairmans Lounge membership, Virgin Club membership"
b8404701-8103-4187-9b91-71736e4ee5ce,Susan Templeman,Australian Labor Party,Macquarie,2020-01-30,Gift,Other,"ASTRA, FOXTEL","ASTRA, FOXTEL",Complimentary Foxtel subscription,"Australian Subscription Television and Radio Association (ASTRA) FOXTEL complimentary subscription $1,600 per annum Installed in Electorate Office 22 November 2019"
2cbf26f7-756d-4fb3-bf0d-718dd0f7f6bb,Matthew Thistlethwaite,Australian Labor Party,Kingsford Smith,2019-07-29,Asset,Other Asset,"ANZ, Qudos Bank, ING","ANZ, Qudos Bank, ING",Bank Account,Savings Account
09e59fc7-f21c-4c9d-9829-3e588f2284ab,Matthew Thistlethwaite,Australian Labor Party,Kingsford Smith,2019-07-29,Membership,Professional,"Qantas, Virgin","Qantas, Virgin","Qantas Chairmans Lounge, Virgin The Club & Foxtel Subscription","Membership of Qantas Chairmans Lounge, Membership of Virgin The Club, Foxtel subscription for electorate office"
d7d5460d-568a-4497-a57e-60854138508a,Matthew Thistlethwaite,Australian Labor Party,Kingsford Smith,2019-07-29,Gift,Entertainment,Various clubs and associations,Various clubs and associations,Membership/Patronage with various clubs and associations,"Australian Workers Union, Mascot RSL sub branch, Maroubra Surf Lifesaving Club, Randwick Rugby Club, Souths Juniors CLub, Coogee Legion Club, Randwick Club, NSW Nurses & Midwives Association"
84ec00f5-6045-4049-8a08-c2891ac55939,Kate Thwaites,Australian Labor Party,Jagajaga,2019-07-29,Liability,Loan,D and S Thwaites,D and S Thwaites,Personal Loan,Personal Loan
db83d78d-40f4-404c-bb9f-94dfb02f258a,Kate Thwaites,Australian Labor Party,Jagajaga,2022-02-10,Membership,Professional,Johnson and Johnson,Johnson & Johnson,Guest at National Press Club address,Guest of Johnson and Johnson at National Press Club 09/02/2021 for address by Ms Grace Tame and Ms Brittany Higgins
05ca3a56-244d-44f8-81ec-cf754af58992,Maria Vamvakinou,Australian Labor Party,Calwell,2019-07-26,Asset,Real Estate,"Northcote, Victoria","Northcote, Victoria",Residential House in Northcote,Residential Family Home
a3d8a1c6-b078-4cd1-9a47-b85284cf5e3a,Maria Vamvakinou,Australian Labor Party,Calwell,2019-07-26,Unknown,Other,"Brunswick, Victoria","Brunswick, Victoria",Rental Income from Brunswick Property,Tenant-in-Common Rental
7f0f12e6-8eeb-4973-a8b4-ce89ca1f29a2,Maria Vamvakinou,Australian Labor Party,Calwell,2019-07-26,Asset,Real Estate,"Northcote, Victoria","Northcote, Victoria",Residential House in Northcote,Residential Family Home (Spouse/partner)
f84bfff8-cc7f-4429-8fe4-cfaf62677dac,Maria Vamvakinou,Australian Labor Party,Calwell,2019-11-27,Travel,Other Travel,"Ministry of Foreign Affairs, Republic of China (Taiwan)","Ministry of Foreign Affairs, Republic of China (Taiwan)",Study tour to Taiwan,"Travel - flights, ground transfers, meals and accommodation provided by the Ministry of Foreign Affairs, Republic of China (Taiwan) for study tour to Taiwan - 29 October to November 1st 2019"
a5e9e8d6-7f38-4d29-b5fc-debee309c79e,Albertus Van Manen,Liberal National Party,Forde,2020-06-02,Asset,Shares,P/ASX 300 HIGH YIELD PLUS ETF UNITS (ZYAU),P/ASX 300 HIGH YIELD PLUS ETF UNITS (ZYAU),Shares,Shares
dcad8ba0-03e4-424c-9083-dcd6f4ff992f,Andrew Wallace,Liberal National Party,Fisher,2019-07-30,Gift,Other Gift,Sporting Wheelies and Disabled Association,Sporting Wheelies and Disabled Association,Gift from Sporting Wheelies and Disabled Association,Sporting Wheelies and Disabled Association (Dependent children)
e1efb1e1-47dd-4ec0-981f-de054f0dd100,Timothy Watts,Australian Labor Party,Gellibrand,2022-02-07,Membership,Other Membership,Williamstown Swimming and Life Saving Club,Williamstown Swimming and Life Saving Club,Swimming and Life Saving Club Membership,Member of local club- Williamstown Swimming and Life Saving Club
e32b6ea0-0f31-48ea-82fb-8313249f8987,Anika Wells,Australian Labor Party,Lilley,2019-07-29,Asset,Real Estate,"Chermside, QLD","Chermside, QLD",Residential House in Chermside,Joint residency with spouse
84e1a281-4281-45b2-966c-e34c2a685bbd,Anika Wells,Australian Labor Party,Lilley,2019-07-29,Asset,Shares,"Teneriffe, QLD","Teneriffe, QLD",Investment Apartment in Teneriffe,Joint investment with spouse
953d0bbe-d0fa-4c01-87bc-531ccc49c62c,Anika Wells,Australian Labor Party,Lilley,2019-07-29,Membership,Other Membership,"Australian People for Health, Education and Development Abroad (AKA Union Aid Abroad)","Australian People for Health, Education and Development Abroad (AKA Union Aid Abroad)",Union Aid Abroad Membership,Membership
5b6e8204-60fe-4a86-8382-7ff21ebe5c02,Anika Wells,Australian Labor Party,Lilley,2020-07-31,Asset,Real Estate,"Teneriffe, QLD","Teneriffe, QLD",Investment Apartment in Teneriffe,"Joint investment property with spouse (Teneriffe, QLD)."
0329f921-b317-4303-9c26-bab8f5c5b4c0,Lucy Wicks,Liberal Party of Australia,Robertson,2019-07-30,Unknown,Other,Gosford/Erina & Coastal Chamber of Commerce,Gosford/Erina & Coastal Chamber of Commerce,N/A,N/A
4321ce80-0e40-47b0-a670-d8571861bc56,Lucy Wicks,Liberal Party of Australia,Robertson,2019-07-30,Unknown,Other,"Breakers Country Club, Wamberal","Breakers Country Club, Wamberal",N/A,N/A
4d75ae67-b5ce-41a6-b6f8-745f29409c3c,Lucy Wicks,Liberal Party of Australia,Robertson,2019-07-30,Unknown,Other,"Easts (Eastern Suburbs Leagues Club Ltd), Woy Woy","Easts (Eastern Suburbs Leagues Club Ltd), Woy Woy",N/A,N/A
a5b29332-6eec-47f8-9092-c2c8ff0184c0,Lucy Wicks,Liberal Party of Australia,Robertson,2019-07-30,Unknown,Other,"Gosford RSL Club, West Gosford","Gosford RSL Club, West Gosford",N/A,N/A
4ad1748e-7903-4a62-93f1-bb5fbe847884,Lucy Wicks,Liberal Party of Australia,Robertson,2019-07-30,Unknown,Other,Patron - NSW National Servicemen's Assn and Affiliates Inc - Gosford City Sub Branch,Patron - NSW National Servicemen's Assn and Affiliates Inc - Gosford City Sub Branch,Patron Role,N/A
5b61b5a7-23e8-4064-921a-fcbc228a081a,Lucy Wicks,Liberal Party of Australia,Robertson,2019-07-30,Unknown,Other,"Ettalong Beach Memorial Club, Ettalong",Ettalong Beach Memorial Club,Deletion,Deletion
0cc1975f-dc90-4247-b83d-847ae9df5072,Lucy Wicks,Liberal Party of Australia,Robertson,2019-07-30,Unknown,Other,"Club Umina, Umina","Club Umina, Umina",Deletion,Deletion
ae571c3b-abfc-401f-916e-1f5e8fadf589,Lucy Wicks,Liberal Party of Australia,Robertson,2020-08-06,Unknown,Other,"Easts (Eastern Suburbs Leagues Club Ltd), Woy Woy","Easts (Eastern Suburbs Leagues Club Ltd), Woy Woy",Deletion,Deletion
5e73929d-fc63-4032-a8fa-59d25a7299c6,Andrew Wilkie,Independent,Clark,2019-07-26,Travel,Other Travel,Qantas and Virgin Australia,Qantas and Virgin Australia,Frequent flyer membership and lounge access,"Frequent flyer scheme membership, lounge access and occasional upgrades provided by Qantas and Virgin Australia"
122e1130-9968-4195-976a-310d97d1aa96,Andrew Wilkie,Independent,Clark,2019-07-04,Travel,Other Travel,Australian Institute of Marine and Power Engineers (AIMPE),Australian Institute of Marine and Power Engineers (AIMPE),Hotel accommodation and dinner,hotel accommodation and dinner provided by Australian Institute of Marine and Power Engineers (AIMPE)
2cb0240b-908b-4100-a93f-462932c5a7e0,Andrew Wilkie,Independent,Clark,2020-06-29,Travel,Other Travel,Qantas and Virgin Australia,Qantas and Virgin Australia,Frequent flyer membership and lounge access,"Spouse/partner - Frequent flyer scheme membership, lounge access and occasional upgrades provided by Qantas and Virgin Australia"
f5b54d99-676e-463a-b75e-e0e0709d3f0c,Josh Wilson,Australian Labor Party,Fremantle,2019-07-29,Membership,Other Membership,Community and Public Sector Union,Community and Public Sector Union,Community and Public Sector Union Membership,Community and Public Sector Union
65bc677d-6322-489a-bd59-e5f5d883f7fd,Josh Wilson,Australian Labor Party,Fremantle,2021-10-11,Gift,Entertainment,Sea Shepherd and Ningaloo Whale Shark Swim,Sea Shepherd and Ningaloo Whale Shark Swim,Tickets to Whale Shark Swim tour,"Two tickets to Whale Shark Swim tour Exmouth on 16/09/2021 Provided by Sea Shepherd and Ningaloo Whale Shark Swim, value unknown"
53a7b3d0-2dee-4714-83f0-f04e27582d0c,Rick Wilson,Liberal Party of Australia,O'Connor,2019-09-12,Travel,Other Travel,The Taipei Economic and Cultural Office,Taipei Economic and Cultural Office,Trip to Taiwan,"The Taipei Economic and Cultural Office hosted me on a trip to Taiwan between Sunday the 25th of August and Friday the 30th of August including airfares, accomodation and meals."
32e7066c-e2f1-41a4-b841-95031b157471,Timothy Wilson,Liberal Party of Australia,Goldstein,2019-07-31,Gift,Entertainment,"Liberal Party of Australia (Victorian Division), Institute of Public Affairs, Melbourne Cricket Club, Melbourne Football Club, Sandringham Yacht Club, Sandringham Bowls Club, Old Brighton Grammarians Football Club, Royal Brighton Yacht Club, Hampton Life Saving Club, Sorrento Sailing Couta Boat Club","Liberal Party of Australia (Victorian Division), Institute of Public Affairs, Melbourne Cricket Club, Melbourne Football Club, Sandringham Yacht Club, Sandringham Bowls Club, Old Brighton Grammarians Football Club, Royal Brighton Yacht Club, Hampton Life Saving Club, Sorrento Sailing Couta Boat Club",No 1 Ticket Holder,No 1 Ticket Holder for Sandringham Bowls Club and Old Brighton Grammarians Football Club
ce317cbe-88fb-47d4-b753-1b0d5a282adc,Timothy Wilson,Liberal Party of Australia,Goldstein,2019-07-31,Gift,Entertainment,"Liberal Party of Australia (Victorian Division), Institute of Public Affairs, Victorian Racing Club, Melbourne Football Club, Victorian Institute of Teaching","Liberal Party of Australia (Victorian Division), Institute of Public Affairs, Victorian Racing Club, Melbourne Football Club, Victorian Institute of Teaching",Spouse/Partner,(Spouse/Partner)
82cea1a1-1da3-4ad3-a78e-330064acfbd8,Jason Wood,Liberal Party of Australia,La Trobe,2019-07-29,Asset,Real Estate,Australia China Healthcare and Nutrition Association (President),Australia China Healthcare and Nutrition Association (President),Association Membership,Spouse/partner
50cdce55-85a0-4d6f-8034-f53983897358,Kenneth Wyatt,Liberal Party of Australia,Hasluck,2019-07-31,Unknown,Other,Kalamunda and Districts Swimming Club,Kalamunda and Districts Swimming Club,Patronage of Kalamunda and Districts Swimming Club,Patron
2927155f-77b9-4d93-a88c-5efb6a218b52,Terry Young,Liberal National Party,Longman,2019-07-29,Asset,Shares,DG Lawnton P/L,DG Lawnton P/L,Shares in DG Lawnton P/L,Shares in DG Lawnton P/L
fa370735-aa09-4ede-a7ef-746f261289a9,Terry Young,Liberal National Party,Longman,2019-07-29,Asset,Shares,DG Lawnton Gosford P/L,DG Lawnton Gosford P/L,Shares in DG Lawnton Gosford P/L,Shares in DG Lawnton Gosford P/L
bbfba77d-26dd-4b20-8cd4-deaf18ecaccd,Terry Young,Liberal National Party,Longman,2019-07-29,Membership,Other Membership,DG Lawnton P/L,DG Lawnton P/L,Director,Director
866977fa-9905-404b-989e-804f90934b99,Tony Zappia,Australian Labor Party,Spence,2019-07-29,Membership,Professional,Qantas and Virgin Lounge membership,Qantas and Virgin Lounge membership,Qantas and Virgin Lounge Membership,Self
4426a6b2-8d9f-44dc-bcdc-bb7eb314d05a,Tony Zappia,Australian Labor Party,Spence,2019-07-29,Membership,Professional,Qantas and Virgin Lounge membership,Qantas and Virgin Lounge membership,Qantas and Virgin Lounge Membership,Spouse/partner
942612aa-9255-483c-bc8a-544dd3f37934,Trent Zimmerman,Liberal Party of Australia,North Sydney,2020-01-20,Gift,Entertainment,"Ensemble Theatre, Kirribilli","Ensemble Theatre, Kirribilli",Tickets to Black Cockatoo performance,"Ensemble Theatre, Kirribilli - tickets to Black Cockatoo - January 2020"
18c0d61d-45e4-4ac6-92ca-b03244943f5e,Trent Zimmerman,Liberal Party of Australia,North Sydney,2022-02-21,Travel,Other Travel,Copenhagen Investment Partners/Star of South project,Copenhagen Investment Partners/Star of South project,Helicopter travel for Star of South windfarm project,Travel - Copenhagen Investment Partners/Star of South project - share of helicopter travel - Star of South windfarm project - approximate value $300 - 24 January 2022
551567ae-5724-487c-ba82-dbefd6d09021,Anne Aly,Australian Labor Party,Cowan,2022-05-21,Unknown,Other,WA Corruption and Crime Commission,WA Corruption and Crime Commission,Spouse employed at WA Corruption and Crime Commission,Employed at the WA Corruption and Crime Commission (Spouse/partner)
b8d9e1b1-d782-44f2-af1a-c434fa887c12,Ananda-Rajah,Australian Labor Party,Higgins,2022-08-22,Asset,Real Estate,"Porepunkah, VIC","Porepunkah, VIC","Residential/Investment Property in Porepunkah, VIC",Joint holding with spouse; Residential/investment
b42e953c-9d59-41df-8ea3-5bb468303994,Ananda-Rajah,Australian Labor Party,Higgins,2022-08-22,Asset,Real Estate,"Beaumaris, TAS","Beaumaris, TAS","Residential/Investment Property in Beaumaris, TAS",Joint holding with spouse; Residential/investment
84523c0b-cd5e-4a19-8a2f-81d43ded9fa1,Ananda-Rajah,Australian Labor Party,Higgins,2022-08-22,Asset,Real Estate,"Canterbury, VIC","Canterbury, VIC","Residential/Investment Property in Canterbury, VIC",Joint holding with spouse; Residential/investment
c0641b6f-2246-4a4b-aea2-5914bb748d95,Ananda-Rajah,Australian Labor Party,Higgins,2022-08-22,Asset,Real Estate,"North Melbourne, VIC","North Melbourne, VIC","Residential/Investment Property in North Melbourne, VIC",Joint holding with spouse; Residential/investment
4dbbdbc5-9ca0-40c1-8b71-f7a27ec7bf03,Ananda-Rajah,Australian Labor Party,Higgins,2022-08-22,Asset,Real Estate,"North Carlton, VIC","North Carlton, VIC","Residential/Investment Property in North Carlton, VIC",spouse/partner; Residential/investment
5c98b987-ca1c-4cea-8d1f-ce9ab975a266,Ananda-Rajah,Australian Labor Party,Higgins,2022-08-22,Asset,Real Estate,"Brisbane, QLD","Brisbane, QLD","Residential/Investment Property in Brisbane, QLD",spouse/partner; Residential/investment
88124ebb-1a16-41e1-9fe2-f79788eed388,Ananda-Rajah,Australian Labor Party,Higgins,2022-08-22,Asset,Real Estate,"Brisbane, QLD","Brisbane, QLD","Residential/Investment Property in Brisbane, QLD",spouse/partner; Residential/investment
b355233c-a5da-417a-ba74-43ea0d273034,Ananda-Rajah,Australian Labor Party,Higgins,2022-08-22,Liability,Mortgage,"Westpac, NAB","NAB, Westpac",Investment Property Mortgage,Mortgage on investment properties
9924238f-e218-46bd-806a-504cc4e99fc3,Ananda-Rajah,Australian Labor Party,Higgins,2022-08-22,Liability,Mortgage,"Westpac, NAB","NAB, Westpac",Investment Property Mortgage,Mortgage on investment properties; spouse/partner
29e32c6b-7f39-4c8f-ba35-7c2451411926,Ananda-Rajah,Australian Labor Party,Higgins,2022-08-22,Asset,Other Asset,"CBA, Westpac","NAB, Westpac",Savings Account,Savings
058aed8d-1375-4279-b24e-b55a5ef9cdf7,Ananda-Rajah,Australian Labor Party,Higgins,2022-08-22,Asset,Other Asset,"CBA, Westpac","NAB, Westpac",Savings,Savings; spouse/partner
421eb35a-be1d-45c1-ba45-36604ca742aa,Ananda-Rajah,Australian Labor Party,Higgins,2022-08-22,Unknown,Other,"BMJ Leader journal, UK","BMJ Leader journal, UK",Associate Editor,Associate Editor
d2f0c655-97c2-42be-bdec-7d58493dd56a,Ananda-Rajah,Australian Labor Party,Higgins,2022-08-22,Unknown,Other,Australian and New Zealand College of Anaesthetists,Australian and New Zealand College of Anaesthetists,spouse/partner,spouse/partner
89d871ea-d5aa-4cf1-993b-1a78671f31ce,Karen Andrews,Liberal National Party,McPherson,2022-08-03,Membership,Other Membership,Andrews and Andrews Consulting Pty Ltd,Andrews and Andrews Consulting Pty Ltd,Consulting Membership,Self
b0faf923-66a6-41e4-9021-36eaf93c9573,Karen Andrews,Liberal National Party,McPherson,2022-08-03,Membership,Other Membership,Andrews and Andrews Consulting Pty Ltd,Andrews and Andrews Consulting Pty Ltd,Consulting Membership,Spouse/partner
76566929-5bdb-46ef-b259-0694212d0d14,Karen Andrews,Liberal National Party,McPherson,2022-08-03,Liability,Loan,Andrews and Andrews Consulting Pty Ltd,Andrews and Andrews Consulting Pty Ltd,Loan,Self: Loan
69102199-2556-4af2-9d37-7f02c45363bb,Karen Andrews,Liberal National Party,McPherson,2022-08-03,Liability,Loan,Andrews and Andrews Consulting Pty Ltd,Andrews and Andrews Consulting Pty Ltd,Loan,Spouse/partner: Loan
d36db052-2b11-4aea-b70c-eda3ae09d427,Karen Andrews,Liberal National Party,McPherson,2022-09-06,Travel,Other Travel,Australia/Israel & Jewish Affairs Council,Australia/Israel & Jewish Affairs Council (AIJAC),Return Business Class Travel to Israel,"Self - Return business class travel to Israel, accommodation, hospitality"
3d4f2f8a-f6e9-49f4-97e0-f492656d15c6,Karen Andrews,Liberal National Party,McPherson,2023-09-04,Liability,Loan,ANZ; Andrews and Andrews Consulting Pty Ltd,Andrews and Andrews Consulting Pty Ltd,Line of Credit & Loan,Self and Spouse Line of Credit ANZ; Loan Andrews and Andrews Consulting Pty Ltd
e179c50e-3a6e-4646-b4b4-ed7c40ef6d00,Adam Bandt,Australian Greens,Melbourne,2022-08-26,Travel,Other Travel,"Virgin, Qantas","Qantas, Virgin",Occasional upgrades from economy to business class,Ocassional upgrades from economy to business class on Virgin and Qantas
0e16ae81-7690-4b4c-8174-28170f15dc99,Adam Bandt,Australian Greens,Melbourne,2022-08-26,Travel,Other Travel,"Virgin, Qantas","Qantas, Virgin",Occasional upgrades from economy to business class,Occasional upgrades from economy to business class on Virgin and Qantas
426ecc2e-1d2d-4a13-9668-ac85735af860,Angie Bell,Liberal National Party,Moncrieff,2022-08-18,Unknown,Other,Craig and Tina Layt,Craig and Tina Layt,Fundraising Ball Guest Invitation,Gold Coast Fundraising Ball guest
2b32443e-bf07-4790-8f73-6b1831ebc7fc,Angie Bell,Liberal National Party,Moncrieff,2022-08-18,Unknown,Other,Gold Coast Jazz and Blues Club,Gold Coast Jazz and Blues Club,Patronage,Patron
1a5e6202-dc9d-46ba-a921-07e12cb0c456,Jodie Belyea,Australian Labor Party,Dunkley,2024-03-27,Unknown,Other,Women's Spirit Project and MEGT Australia Ltd,Women's Spirit Project and MEGT Australia Ltd,Women's Spirit Project and MEGT Australia Ltd affiliation,N/A
aa125708-5d2c-4749-b7f2-d80d325e7d24,Chris Bowen,Australian Labor Party,McMahon,2022-08-26,Asset,Other Asset,Australian Mutual Bank and Commonwealth Bank,Commonwealth Bank of Australia and Bank of Queensland,Savings Account,Savings (Dependent children)
c673b3fe-9134-45e6-93cc-44d4a6a448af,Chris Bowen,Australian Labor Party,McMahon,2022-08-26,Gift,Hospitality,"Koichi Hagiuda, Minister for Economy, Trade and Industry, Japan","Koichi Hagiuda, Minister for Economy, Trade and Industry, Japan",Bottle of Whisky,Bottle of Whisky
bff826a0-4650-4866-8029-b7089117539d,Chris Bowen,Australian Labor Party,McMahon,2022-09-14,Travel,Other Travel,Qantas Chairmans Lounge and Virgin Club,Qantas Lounge and Virgin Club,Qantas Chairmans Lounge and Virgin Club Membership,Member of the Qantas Chairmans Lounge and Virgin Club
09083ae1-f9a6-4d50-86e4-0c64bb192442,Chris Bowen,Australian Labor Party,McMahon,2022-09-14,Unknown,Other,"RK Singh, Indian Minister for Energy","RK Singh, Indian Minister for Energy",Pashmina Shawl,"Received pashmina shawl from the Indian Minister for Energy, RK Singh"
d009eec1-42d0-4c24-8f1e-033827d7a1db,Chris Bowen,Australian Labor Party,McMahon,2023-12-06,Unknown,Other,"Tim Walz, Governor of Minnesota","Tim Walz, Governor of Minnesota",Personalized Number Plate,"Personalised number plate from the Governor of Minnesota, Tim Walz, No $ value"
c987338a-e758-4f75-9895-3733cfe71021,Chris Bowen,Australian Labor Party,McMahon,2024-10-15,Income,Other Income,"Marina Silva, Minister for the Environment and Climate Change - Brazil","Marina Silva, Minister for the Environment and Climate Change - Brazil","Book ""Amazonio""","Book ""Amazonio"" by Sebastian Salgado. Gift given by Marina Silva, Minister for the Environment and Climate Change - Brazil"
4475b5d9-700d-45da-844f-b5fee7938808,Chris Bowen,Australian Labor Party,McMahon,2024-12-05,Unknown,Other,"Murat Kurum, Minister of Environment and Urban Planning of Turkiye","Murat Kurum, Minister of Environment and Urban Planning of Turkiye",Ceramic plate and Turkish Tea Set,"Ceramic plate and Turkish Tea Set from Murat Kurum, Minister of Environment and Urban Planning of Turkiye."
6ee2ebda-9406-4fc5-b918-5e9c427f70a5,Colin Einar Boyce,Liberal National Party,Flynn,2022-08-18,Unknown,Other,"Taroom, QLD","Taroom, QLD",Farm in Taroom,Cattle grazing (joint tenants)
40048e83-c03d-4249-8ca7-5b93fde6592b,Colin Einar Boyce,Liberal National Party,Flynn,2022-08-18,Unknown,Other,"Taroom, QLD","Taroom, QLD",Cattle Grazing,Cattle grazing (tenants in common)
7f5ae914-a8fc-48b1-9988-46dc6ce6facb,Colin Einar Boyce,Liberal National Party,Flynn,2022-08-18,Unknown,Other,"Taroom, QLD","Taroom, QLD",Cattle Grazing,Cattle grazing (joint tenants)
aaaf0a6c-ba61-47d1-b1ac-eeedec2b23ef,Colin Einar Boyce,Liberal National Party,Flynn,2022-08-18,Unknown,Other,"Taroom, QLD","Taroom, QLD",Cattle Grazing,Cattle grazing (leasehold)
8661b994-9541-4e72-9f32-001e7feb63f8,Colin Einar Boyce,Liberal National Party,Flynn,2022-08-18,Unknown,Other,"Wandoan, QLD","Wandoan, QLD",Cattle Grazing,Cattle grazing (leasehold)
df7dba8c-eb0f-4591-b012-929deb8dcff6,Scott Buchholz,Liberal National Party,Wright,2022-08-26,Asset,Real Estate,"DUGANDAN, QLD","DUGANDAN, QLD",Residential House in DUGANDAN,"Residential property in DUGANDAN, QLD"
83012a5b-d274-436d-961c-d277e6dce714,Scott Buchholz,Liberal National Party,Wright,2022-08-26,Asset,Real Estate,"BARTON, ACT","BARTON, ACT",Residential House in BARTON,"Second Residential property in BARTON, ACT"
054bb257-69c2-4fd1-8c2e-306291c07df5,Scott Buchholz,Liberal National Party,Wright,2022-08-26,Asset,Real Estate,"BLACKWATER, QLD","BLACKWATER, QLD",Investment Property in BLACKWATER,"Investment property in BLACKWATER, QLD"
3ebd2f3c-1832-453d-ba1b-a50f3109a232,Scott Buchholz,Liberal National Party,Wright,2022-08-26,Asset,Real Estate,"BLACKWATER, QLD","BLACKWATER, QLD",Investment Property in BLACKWATER,"Investment property in BLACKWATER, QLD"
7658f31e-52b4-4190-8d02-64eecc6f3e12,Scott Buchholz,Liberal National Party,Wright,2022-08-26,Asset,Real Estate,"WOOLLOONGABBA, QLD","WOOLLOONGABBA, QLD",Investment Property in WOOLLOONGABBA,"Joint Investment property in WOOLLOONGABBA, QLD"
c9a1cef1-ddaf-47f8-b8eb-b1f5414750cb,Scott Buchholz,Liberal National Party,Wright,2022-08-26,Asset,Real Estate,"WOOLLOONGABBA, QLD","WOOLLOONGABBA, QLD",Investment Property in WOOLLOONGABBA,"Joint Investment property in WOOLLOONGABBA, QLD"
b1fcc1ea-d33e-408b-8025-1cfaa90f3623,Scott Buchholz,Liberal National Party,Wright,2022-09-23,Unknown,Other,Australian Subscription Television and Radio Association,Australian Subscription Television and Radio Association,Electorate Office Television Subscription,SELF: Subscription television service for Electorate Office - Australian Subscription Television and Radio Association
5069b070-eaa2-4bbc-abbb-19850e182ccd,Scott Buchholz,Liberal National Party,Wright,2022-09-23,Asset,Real Estate,Australia/Israel & Jewish Affairs Council,Australia/Israel & Jewish Affairs Council (AIJAC),Sponsored Travel to Israel,"SELF: Sponsored travel to Israel including airfares, accommodation and hospitality - Australia/Israel & Jewish Affairs Council"
1624ff71-36c4-4af0-a477-85d468e5a55c,Scott Buchholz,Liberal National Party,Wright,2022-12-16,Travel,Other Travel,Taipei Economic and Cultural Office in Australia,Taipei Economic and Cultural Office,Sponsored travel to Taiwan,"Sponsored travel to Taiwan including airfares, accommodation, meals and incidentals provided by the Taipei Economic and Cultural Office in Australia."
ae6c38d0-1f7f-4cf6-87f7-ab0a3ee091a7,Scott Buchholz,Liberal National Party,Wright,2024-02-07,Asset,Shares,"BLACKWATER, QLD","BLACKWATER, QLD",Investment in BLACKWATER,"BLACKWATER, QLD Investment."
f5ff148d-956a-47fc-ae11-b5ebf19e6738,Scott Buchholz,Liberal National Party,Wright,2024-05-29,Travel,Other Travel,Taipei Economic and Cultural Office in Australia,Taipei Economic and Cultural Office,Sponsored travel to Taiwan for Presidential Inauguration,"Sponsored travel to Taiwan as part of a bipartisan delegation for the Presidential Inauguration, including airfares, accommodation, meals and incidentals provided by the Taipei Economic and Cultural Office in Australia."
a69dae38-5adf-4f3b-b51d-724e7fcf1359,Tony Burke,Australian Labor Party,Watson,2022-08-23,Membership,Professional,Qantas and Virgin,"Qantas, Virgin",Qantas and Virgin Membership lounges,Qantas and Virgin Membership lounges
477dc267-9eed-489e-a5b5-cdd2f29f6911,Tony Burke,Australian Labor Party,Watson,2022-08-23,Travel,Other Travel,Rugby Leagues/Minister for the Arts,Rugby Leagues/Minister for the Arts,Rugby Leagues games tickets and arts performances tickets,"Selected Rugby Leagues games Canterbury Bulldogs. Selected performances, festival and exhibitions in my capacity as Minister for the Arts"
a12611b5-7ecc-4118-8bdd-cd1f68fc4c89,Tony Burke,Australian Labor Party,Watson,2022-08-23,Membership,Other Membership,"ALP, Shop Distributive and Allied Employees Association, Lakemba Bowling Club Benevolent Society and Local Registered Clubs","ALP, Shop Distributive and Allied Employees Association, Lakemba Bowling Club Benevolent Society and Local Registered Clubs",ALP Membership,"ALP, Shop Distributive and Allied Employees Association, Lakemba Bowling Club Benevolent Society and Local Registered Clubs"
ebecefb2-9c2f-4c99-a98f-5f51af3214f5,Tony Burke,Australian Labor Party,Watson,2022-08-23,Membership,Other Membership,"ALP, United Services Union",United Services Union,ALP Membership,"ALP, United Services Union"
ef87635f-579e-435a-aada-22f16bed9868,Matt Burnell,Australian Labor Party,Spence,2022-08-17,Membership,Other Membership,Transport Workers' Union of Australia SA/NT Branch Membership,Transport Workers' Union of Australia SA/NT Branch Membership,Transport Workers' Union Membership,N/A
c5a9a835-0393-4cd1-8794-b25b786ccc4c,Matt Burnell,Australian Labor Party,Spence,2023-05-04,Unknown,Other,"Gawler Agricultural, Horticultural & Floricultural Society Inc","Gawler Agricultural, Horticultural & Floricultural Society Inc",Patronage,Patron
6c91cceb-cf0a-4e12-b3d0-82c2e0df70c4,Matt Burnell,Australian Labor Party,Spence,2024-04-19,Unknown,Other,"Shop, Distributive & Allied Employees' Association (SA/NT Branch)","Shop, Distributive & Allied Employees' Association (SA/NT Branch)",Union Membership,N/A
e2a13121-a11b-4dcf-a7a2-6ee423092bce,Linda Burney,Australian Labor Party,Barton,2023-06-27,Unknown,Other,Ngirramanujuwal - The Art and Country of Jimmy Pike,Ngirramanujuwal - The Art and Country of Jimmy Pike,Ngirramanujuwal Book,5 June - received Ngirramanujuwal - The Art and Country of Jimmy Pike from AIATSIS at the AIATSIS Summit valued at $44.95.
6e7cbd50-c024-44b7-b81c-7f6d557c7057,Josh Burns,Australian Labor Party,Macnamara,2023-01-27,Travel,Other Travel,"Save the Children, the Global Fund and Gavi","Save the Children, the Global Fund and Gavi",Trip to Papua New Guinea,"Trip to Papua New Guinea with Save the Children, the Global Fund and Gavi. Sunday 15 January to Friday 20 January."
972b4ec7-e7d6-46f2-a7e8-3f5c67bb520e,Mark Butler,Australian Labor Party,Hindmarsh,2022-05-21,Asset,Other Asset,"Westpac, ING and HSBC (UK)","Westpac, ING and HSBC (UK)",Savings Accounts,Savings accounts (Spouse/partner)
fd5af5fc-2a97-4a94-85b6-782c195c6d47,Mark Butler,Australian Labor Party,Hindmarsh,2022-05-21,Asset,Other Asset,Australian Super and PSS,Australian Super,Superannuation Accounts,Superannuation accounts with Australian Super and PSS (Spouse/partner)
42bb3bd7-09e4-4cba-b102-a1d4b9ac549f,Mark Butler,Australian Labor Party,Hindmarsh,2022-05-21,Membership,Professional,Qantas and Virgin,"Qantas, Virgin",Airport Lounge Memberships,Airport lounge membership from Qantas and Virgin
19af9c1d-e6a6-4e9f-bae8-4f905688748b,Mark Butler,Australian Labor Party,Hindmarsh,2022-05-21,Membership,Professional,Qantas and Virgin,"Qantas, Virgin",Airport Lounge Memberships,Airport lounge membership from Qantas and Virgin (Spouse/partner)
dc327a58-0466-4f20-8c98-a0eb88ae3cc7,Alison Byrnes,Australian Labor Party,Cunningham,2023-05-29,Asset,Other Asset,"Perpetual, MLC, Vanguard","Perpetual, MLC, Vanguard",Investment Units,Units in Perpetual Wholesale Ethical SRI Fund; Units in Wholesale Horizon 5 - Growth Portfolio'; Units in MLC Wholesale Australian Share Index Fund Units in MLC Wholesale Inflation Plus - Moderate Portfolio Units in Vanguard International Shares Index Fund (Hedged
f1d8c169-ec7b-4c06-9fc1-6ad535b5570b,Alison Byrnes,Australian Labor Party,Cunningham,2023-09-25,Travel,Other Travel,Danish Embassy Canberra and the Ministry of Foreign Affairs of Denmark,Danish Embassy Canberra and the Ministry of Foreign Affairs of Denmark,Delegation to study offshore wind industry in Denmark,"Participated in a delegation to study the offshore wind industry in Denmark, facilitated by the Danish Embassy Canberra and the Ministry of Foreign Affairs of Denmark. Travel and hospitality included: one domestic economy flight from Copenhagen to Aarhus, a total of six nights' accommodation in Copenhagen, Aarhus and Esbjerg, road transport (bus) and some meals. Flights between Australia, UK, Denmark and accommodation in the UK were completely self-funded."
68c82812-689a-4d1b-ad46-56631bbae923,Cameron Caldwell,Liberal National Party,Fadden,2023-08-09,Asset,Real Estate,"Hollywell, Queensland","Hollywell, Queensland",Residential House in Hollywell,Residential
1a4bae36-551e-4394-94f0-f661484d42bd,Cameron Caldwell,Liberal National Party,Fadden,2023-08-09,Asset,Real Estate,"Coombabah, Queensland","Coombabah, Queensland",Investment Property in Coombabah,Residential Investment
14f08feb-cd59-4eba-bf3e-da91d787a411,Jim Chalmers,Australian Labor Party,Rankin,2022-08-23,Travel,Other Travel,"Australian Rugby League Commission, National Rugby League",Australian Rugby League Commission and National Rugby League,State of Origin Match ticket,"Game 1 State of Origin Match (NSW v QLD) at Accor Stadium, Sydney hosted by Peter V'landys AM and Andrew Abdo (x1 ticket) on Wednesday 08 June 2022"
0d300173-4663-45fc-b4ef-b11a185d80a7,Jim Chalmers,Australian Labor Party,Rankin,2022-08-23,Travel,Other Travel,Royal National Agricultural and Industrial Association of Queensland,Royal National Agricultural and Industrial Association of Queensland,EKKA VIP tickets,"VIP tickets (x2) for the 2 week period of the EKKA from Brendan Christou (Chief Executive Officer, Royal National Agricultural and Industrial Association of Queensland) on 20 July 2022 (not used)"
b7da6c77-5b69-45bf-83e6-87f6952ff816,Jim Chalmers,Australian Labor Party,Rankin,2023-03-08,Asset,Shares,Westpac and NRL,Westpac and NRL,QLD Reds and Indigenous all stars jerseys,QLD Reds and Indigenous all stars jerseys from Westpac and NRL on Wednesday 08 March 2023
1433e8ce-68c6-40e3-801b-247877344f2d,Jim Chalmers,Australian Labor Party,Rankin,2023-03-08,Asset,Shares,"Peter King (Westpac), Andrew Abdo (NRL)","Peter King (Westpac), Andrew Abdo (NRL)","Official NRL Match Ball, Notebook and Signed Jersey","Official Westpac branded NRL match ball, NRL A5 notebook and an Indigenous All Star Mens Jersey (signed) gifted from Peter King (Chief Executive Officer, Westpac) and Andrew Abdo (Chief Executive Officer, NRL) on Wednesday 08 March 2023"
ce6c74ef-400b-40fb-b761-b3292cd5f8a2,Jim Chalmers,Australian Labor Party,Rankin,2023-10-20,Travel,Other Travel,Australian Rugby League Commission and National Rugby League,Australian Rugby League Commission and National Rugby League,NRL Match - Brisbane Broncos vs Warrior ticket in Hirer's Suite,NRL Match - Brisbane Broncos vs Warrior hosted by Australian Rugby League Commission and National Rugby League (x1 ticket in Hirer's Suite) on Saturday 23 September 2023
c5e79c86-7baa-4a7e-a621-78f89852289d,Jim Chalmers,Australian Labor Party,Rankin,2024-08-09,Travel,Other Travel,Australian Rugby League Commission and National Rugby League,Australian Rugby League Commission and National Rugby League,NRL State of Origin Game 3 Ticket,NRL State of Origin Game 3 - Hosted by Australian Rugby League Commission and National Rugby League (x1 ticket in Chairman's Room) on Wednesday 17 July 2024
8201fc2f-0f6f-4648-bf09-03e80c0c1612,Max Chandler-Mather,Australian Greens,Griffith,2023-03-08,Asset,Other Asset,Superannuation and life insurance - Australian Super,Superannuation and life insurance - Australian Super,Superannuation and Life Insurance,Superannuation and life insurance - Australian Super
9d568ace-ecdc-41f9-8d45-6270a5739374,Kate Chaney,Independent,Curtin,2023-08-31,Travel,Other Travel,Australian Government/Yothu Yindi Foundation,Australian Government/Yothu Yindi Foundation,Garma Festival Entry/Attendance,Garma Festival entry/attendance from Australian Government/Yothu Yindi Foundation
16738a74-66ff-4856-be6c-2c21743af9be,Andrew Charlton,Australian Labor Party,Parramatta,2022-08-23,Liability,Credit,"CBA, ANZ","CBA, ANZ",Credit Cards & Facilities,Credit cards & facilities
5a9a361d-7928-4555-b948-e2d27df208bd,Andrew Charlton,Australian Labor Party,Parramatta,2022-08-23,Asset,Other Asset,"CBA, ANZ, Credit Suisse","CBA, ANZ, Credit Suisse",Savings Account,Savings account
758859fe-6644-48fb-8ab2-570cc5dbbc6d,Andrew Charlton,Australian Labor Party,Parramatta,2022-08-22,Membership,Professional,"Qantas, The Club, Virgin",Virgin Club & Qantas,Qantas/Virgin Lounge Access,"Qantas Chairman's Lounge, The Club, Virgin"
4e29665b-b898-4cde-96d3-f5fe1017e01c,Andrew Charlton,Australian Labor Party,Parramatta,2022-10-11,Gift,Entertainment,"Parramatta Eels, Spirits and Cocktails Australia, Western Sydney Wanderers","Parramatta Eels, Spirits and Cocktails Australia, Western Sydney Wanderers",Grand Final tickets,"Grand Final tickets from Parramatta Eels and Spirits and Cocktails Australia, Western Sydney Wanderers Tickets from WSW"
101cdafb-2ef1-4dcc-a6a8-030b037f3ee1,Sharon Claydon,Australian Labor Party,Newcastle,2023-09-28,Travel,Other Travel,Danish Embassy Canberra and the Ministry of Foreign Affairs of Denmark,Danish Embassy Canberra and the Ministry of Foreign Affairs of Denmark,Offshore Wind Industry Delegation,"1) Participated in a delegation to study the offshore wind industry in Demark beginning 27 August 2023, facilitated by the Danish Embassy Canberra and the Ministry of Foreign Affairs of Denmark. Travel and hospitality included: one domestic economy flight Copenhagen to Aarhus, a total of six nights' accommodation in Copenhagen, Aarhus and Esbjerg, including some on-ground transport and meals."
8e032ebb-c616-4fb5-9489-985c15e75b23,Julie Collins,Australian Labor Party,Franklin,2022-08-19,Asset,Real Estate,Warrane/Mornington Neighbourhood House,Warrane/Mornington Neighbourhood House,Neighbourhood House Membership,Membership
11db32b9-937c-4450-b04b-66c5857e3d28,Mark Coulton,National Party of Australia,Parkes,2022-08-01,Membership,Other Membership,MM and RA Coulton,MM and RA Coulton,Partner Farming,Partner Farming
6c788d71-47a4-4a58-9a51-03e60cff9e6c,Mark Coulton,National Party of Australia,Parkes,2022-08-01,Membership,Other Membership,MM and RA Coulton,MM and RA Coulton,Partner Farming,Partner Farming
b24b0464-0af1-4276-a812-d706543db6f6,Zoe Daniel,Independent,Goldstein,2022-08-09,Asset,Real Estate,"Hampton, Victoria","Hampton, Victoria",Residential House in Hampton,Residential
38d409d0-7ed0-421a-a9e0-8bb3ffddfc5c,Zoe Daniel,Independent,Goldstein,2022-08-09,Asset,Real Estate,"Separation Creek, Victoria","Separation Creek, Victoria",Vacation Home in Separation Creek,Holiday house
4d176540-68e7-49a6-8dfb-c10494396ecf,Zoe Daniel,Independent,Goldstein,2022-11-14,Gift,Hospitality,"The Shop, Distributive and Allied Employees' Association","The Shop, Distributive and Allied Employees' Association","Dinner hosted by the Shop, Distributive and Allied Employees' Association","Dinner hosted by the Shop, Distributive and Allied Employees' Association"
c2c30948-9c45-4b7c-b3a0-70764854217d,Zoe Daniel,Independent,Goldstein,2023-02-17,Asset,Other Asset,CYMEDI Australia/Saean Motors,CYMEDI Australia/Saean Motors,Anti-Fire Smoke Mask,Anti-Fire Smoke Mask
732d684b-be52-42a8-9ab7-724154eb1be9,Zoe Daniel,Independent,Goldstein,2023-02-17,Unknown,Other,Naturopaths and Herbalists Association of Australia,Naturopaths and Herbalists Association of Australia,Assorted small products,Assorted small products
efb1f411-3466-4bf1-98ef-e9371da7b2b7,Zoe Daniel,Independent,Goldstein,2023-07-25,Gift,Entertainment,"Ray Purcell, Grow Hope Foundation","Ray Purcell, Grow Hope Foundation",Tickets to Grow Hope Dinner,"2x tickets, Grow Hope Dinner from"
21b07c18-75f6-4764-bca6-4006a5c5bbbe,Zoe Daniel,Independent,Goldstein,2023-09-25,Gift,Entertainment,FIFA and Football Australia,FIFA and Football Australia,"Matildas Flag, Pin, and Scarf","26 July 2023 Matildas Flag and Pin, Matildas Scarf from"
e9724582-2bbe-481f-b159-cfed132e7b62,Zoe Daniel,Independent,Goldstein,2024-03-04,Unknown,Other,Australian Climate and Biodiversity Foundation,Australian Climate and Biodiversity Foundation,Bag,Bag -
13528b95-f7ee-48fe-980c-eff27f0b2ab5,Zoe Daniel,Independent,Goldstein,2024-11-25,Income,Other Income,"Marcus O'Reilly, Aviva Tuffield, Paddy O'Reilly and Jol Blazey","Marcus O'Reilly, Aviva Tuffield, Paddy O'Reilly and Jol Blazey",Book: Balcony Over Jerusalem,Book: Balcony Over Jerusalem by John Lyons from
b5afab45-e8d2-410b-a5eb-79728e2ec44e,Zoe Daniel,Independent,Goldstein,2024-11-25,Income,Other Income,"Marcus O'Reilly, Aviva Tuffield, Paddy O'Reilly and Jol Blazey","Marcus O'Reilly, Aviva Tuffield, Paddy O'Reilly and Jol Blazey",Book: A Very Short History of the Israel-Palestine Conflict,Book: A Very Short History of the Israel-Palestine Conflict by Ilan Pappe from
cb2690d3-87b5-4ba8-b930-bac32b9b72fc,Zoe Daniel,Independent,Goldstein,2024-11-25,Income,Other Income,"Marcus O'Reilly, Aviva Tuffield, Paddy O'Reilly and Jol Blazey","Marcus O'Reilly, Aviva Tuffield, Paddy O'Reilly and Jol Blazey",Book: The Hundred Years' War on Palestine,Book: The Hundred Years' War on Palestine by Rashid Khalidi from
622376e1-7a18-420e-b976-dc255b05cabf,Zoe Daniel,Independent,Goldstein,2024-11-25,Income,Other Income,"Marcus O'Reilly, Aviva Tuffield, Paddy O'Reilly and Jol Blazey","Marcus O'Reilly, Aviva Tuffield, Paddy O'Reilly and Jol Blazey",Book: Palestine A-Z,Book: Palestine A-Z by Kate Thompson from
603e2d9a-3611-4ad3-b970-d6ca525a4e1c,Zoe Daniel,Independent,Goldstein,2024-11-25,Income,Other Income,"Marcus O'Reilly, Aviva Tuffield, Paddy O'Reilly and Jol Blazey","Marcus O'Reilly, Aviva Tuffield, Paddy O'Reilly and Jol Blazey",Book: The Sunbird,Book: The Sunbird by Sara Haddad from
dc3aa2c8-320a-48c6-a606-d4cab1e818ac,Milton Dick,Australian Labor Party,Oxley,2022-08-17,Membership,Other Membership,"Australian Workers Union of Employees, Qld","Australian Workers' Union of Employees, Qld",Union Membership,N/A
ed682222-ba6b-4c5d-aa54-4d0b4a2039d2,Mark Dreyfus,Australian Labor Party,Isaacs,2022-08-18,Asset,Other Asset,Emergency Services and State Superannuation,Emergency Services and State Superannuation,Superannuation,N/A
ce119d64-7131-4eee-b92b-aba65b721ea4,Mark Dreyfus,Australian Labor Party,Isaacs,2023-03-30,Income,Other Income,"Professor Ben Saul, The University of Sydney","Professor Ben Saul, The University of Sydney",Books,"Books from Professor Ben Saul, The University of Sydney - surrendered in accordance with the guidelines relating to official gifts received issued by the Department of the Prime Minister and Cabinet"
dd4879ed-8a18-410b-bffd-cf3acc031150,Peter Dutton,Liberal National Party,Dickson,2022-05-21,Unknown,Other,Dutton Holdings (Qld) P/L,Dutton Holdings (Qld) P/L,Interest,Dutton Holdings (Qld) P/L
ec43aecd-eceb-4514-830a-b570cda05088,Peter Dutton,Liberal National Party,Dickson,2022-05-21,Unknown,Other,PK Super (Qld) P/L,PK Super (Qld) P/L,Interest,PK Super (Qld) P/L
5ab98fc8-3114-4187-ad1d-d3e60c723bcc,Peter Dutton,Liberal National Party,Dickson,2022-05-21,Asset,Shares,RHT Investments (QId) P/L,RHT Investments (Qld) P/L,Investments,RHT Investments (QId) P/L
95644d85-a889-4f3c-98ea-801db60ea816,Peter Dutton,Liberal National Party,Dickson,2022-05-21,Unknown,Other,PK Super (Qld) P/L,PK Super (Qld) P/L,Interest,PK Super (Qld) P/L
15f2d85d-881c-443c-ab93-51e47d9ab3b7,Peter Dutton,Liberal National Party,Dickson,2022-05-21,Asset,Shares,RHT Family Trust (RHT Investments (Qld) P/L ATF),RHT Family Trust (RHT Investments P/L ATF),Investment Beneficiary,"Investment, Beneficiary"
043649af-be64-4b26-a4d3-60db62ce7b99,Peter Dutton,Liberal National Party,Dickson,2022-05-21,Membership,Other Membership,RHT Investments (Qld) P/L,RHT Investments (Qld) P/L,Investment Company,Investments
8a3e4d60-66a2-498d-9783-1b8cc978ff02,Peter Dutton,Liberal National Party,Dickson,2022-05-21,Membership,Other Membership,Bald Hills Child Care P/L,Bald Hills Child Care P/L,Child Care Company,NIL
a47cad00-5471-4ac4-84ce-0cd95e3b93e8,Peter Dutton,Liberal National Party,Dickson,2022-05-21,Membership,Other Membership,PK Super (Qld) P/L,PK Super (Qld) P/L,SMSF,SMSF
cdf52c8a-5900-4d2f-9968-cd999c12bada,Peter Dutton,Liberal National Party,Dickson,2022-05-21,Membership,Other Membership,Dutton Holdings (Qld) P/L,Dutton Holdings (Qld) P/L,Holding Company,NIL
b7722dec-6f4f-4849-889c-b896f7fe5b53,Peter Dutton,Liberal National Party,Dickson,2022-05-21,Liability,Credit,"NAB, Westpac","NAB, Westpac",Credit Facilities,Credit facilities
c945dc14-741e-41b9-aff3-e82624758398,Peter Dutton,Liberal National Party,Dickson,2022-05-21,Liability,Credit,"NAB, Westpac","NAB, Westpac",Credit Facilities,Credit facilities
0cec5efe-49d8-475e-bc89-13ee0c9fddb3,Peter Dutton,Liberal National Party,Dickson,2022-05-21,Asset,Other Asset,"QBank, NAB, CBA, Westpac","QBank, NAB, CBA, Westpac",Savings Account,Savings account
945ade86-0226-4b3d-abdb-809bea543971,Peter Dutton,Liberal National Party,Dickson,2022-05-21,Asset,Other Asset,"ANZ, QBank, NAB, Westpac","QBank, NAB, CBA, Westpac",Savings Account,Savings account
20bcfb5e-8722-433b-a3ba-b0b98fe3f9a5,Peter Dutton,Liberal National Party,Dickson,2022-05-21,Asset,Other Asset,"NAB, CBA","NAB, CBA",Savings Account,Savings account
f9ef334d-cdd3-4d76-b87f-53b4aee65eb4,Peter Dutton,Liberal National Party,Dickson,2022-05-21,Asset,Shares,RHT Investments (Qld) P/L,RHT Investments (Qld) P/L,Investment Income,Investment income from RHT Investments (Qld) P/L
5d2c0723-63e9-49bb-801e-a61b367c6135,Peter Dutton,Liberal National Party,Dickson,2022-08-23,Asset,Shares,RHT Investment (Qld) P/L,RHT Investments (Qld) P/L,Commercial Property Sale,Townsville Commercial Property owned by RHT Investment (Qld) P/L sold
144e95fa-10df-4cb6-8341-c1208cd0e413,Peter Dutton,Liberal National Party,Dickson,2022-11-09,Unknown,Other,Dutton Holdings (Qld) P/L,Dutton Holdings (Qld) P/L,Dutton Holdings (Qld) P/L Deregistration,Dutton Holdings (Qld) P/L voluntarily deregistered
590a19ef-b950-47e8-898a-9acddf3abaa2,Peter Dutton,Liberal National Party,Dickson,2022-11-09,Membership,Other Membership,Dutton Holdings (Qld) P/L and Bald Hills Child Care P/L,Dutton Holdings (Qld) P/L and Bald Hills Child Care P/L,Holding Company & Child Care Company,Dutton Holdings (Qld) P/L and Bald Hills Child Care P/L voluntarily deregistered
c6670de9-d056-4bf5-8148-d093c86dc5f7,Peter Dutton,Liberal National Party,Dickson,2023-06-27,Gift,Entertainment,ARLC and NRL,ARLC and NRL,Tickets and hospitality to Women's State of Origin Series Game 1,1 June 2023 - Tickets and hospitality - Game 1 2023 Ampol Women's State of Origin Series courtesy of the ARLC and NRL
8034a7c7-0086-49c1-b042-b9646fde3c58,Peter Dutton,Liberal National Party,Dickson,2023-11-29,Gift,Decorative,"Nitkin Gadkarji, Minister for Road Transport and Highways","Nitkin Gadkarji, Minister for Road Transport and Highways",Madhubani painting,"Madhubani painting from Nitkin Gadkarji, Minister for Road Transport and Highways"
437af853-62e4-481b-aa87-43ed1c727d03,Peter Dutton,Liberal National Party,Dickson,2024-04-17,Unknown,Other,"H.E. Mr Phạm Minh Chính, Prime Minister of the Socialist Republic of Vietnam","H.E. Mr Phạm Minh Chính, Prime Minister of the Socialist Republic of Vietnam","Ceramic Vase ""Bao An""","Ceramic Vase ""Bao An"" from HE Mr Phạm Minh Chính, Prime Minister of the Socialist Republic of Vietnam"
810ecb27-484e-45d9-aa04-056cb60f0c8c,Peter Dutton,Liberal National Party,Dickson,2024-12-23,Unknown,Other,Ferris Jin and Jamie Mao Juemin,Ferris Jin and Jamie Mao Juemin,Chinese Tea Gift Sets,Chinese Tea Gift Sets courtesy of Ferris Jin and Jamie Mao Juemin
8617e27d-cffe-4252-ba7b-1e483480ecfb,Peter Dutton,Liberal National Party,Dickson,2025-01-31,Unknown,Other,PK Super (Qld) P/L,PK Super (Qld) P/L,Interest,PK Super (Qld) P/L
ac8c5065-dd45-4b6c-acd9-617913ee1ab3,Peter Dutton,Liberal National Party,Dickson,2025-01-31,Membership,Other Membership,PK Super (Qld) P/L,PK Super (Qld) P/L,SMSF,PK Super (Qld) P/L
855585a9-c109-4d75-912f-acda9a815eea,Justine Elliot,Australian Labor Party,Richmond,2022-08-08,Travel,Other Travel,QANTAS AND VIRGIN LOUNGE MEMBERSHIP,QANTAS AND VIRGIN LOUNGE MEMBERSHIP,QANTAS and VIRGIN LOUNGE MEMBERSHIP,N/A
0b3507ff-8eec-43d4-b2ec-4158d516d489,Justine Elliot,Australian Labor Party,Richmond,2022-08-08,Travel,Other Travel,QANTAS AND VIRGIN LOUNGE MEMBERSHIP,QANTAS AND VIRGIN LOUNGE MEMBERSHIP,QANTAS and VIRGIN LOUNGE MEMBERSHIP,N/A
55ebc141-f2ce-4613-91c6-07a55d140136,Warren Entsch,Liberal National Party,Leichhardt,2022-08-11,Asset,Real Estate,"Malanda, Queensland","Malanda, Queensland",Residential House and Grazing Land in Malanda,Residential and grazing
31c60654-bc22-437f-986a-e1803deb3b74,Warren Entsch,Liberal National Party,Leichhardt,2022-08-11,Asset,Real Estate,"Brinsmead, Queensland","Brinsmead, Queensland",Residential House in Brinsmead,Residential
2c377a57-d476-4225-8f1b-3cacab1ace4b,Warren Entsch,Liberal National Party,Leichhardt,2022-08-11,Asset,Real Estate,"Malanda, Queensland","Malanda, Queensland",Rural Land in Malanda,"Spouse/partner, Residential and grazing"
262b4c84-d40a-425b-aa77-0861bd233784,Warren Entsch,Liberal National Party,Leichhardt,2022-08-11,Asset,Shares,"Mooroobool, Queensland","Mooroobool, Queensland",Investment Property in Mooroobool,"Spouse/partner, Investment"
e74d83e3-404d-4acb-bde7-41fc01b1f0ba,Cassandra Fernando,Australian Labor Party,Holt,2023-07-05,Travel,Other Travel,Australia/Israel & Jewish Affairs Council (AIJAC),Australia/Israel & Jewish Affairs Council (AIJAC),"Travel, Accommodation, Flights and Hospitality - Rambam Israel Fellowship Program","Accommodation, flights and hospitality as part of the Rambam Israel Fellowship Program from 24 June to 1 July 2023 hosted by Australia/Israel & Jewish Affairs Council (AIJAC)."
a7b34b79-4688-42b4-83a5-6f6c64ab2db6,Paul Fletcher,Liberal Party of Australia,Bradfield,2022-07-29,Asset,Real Estate,"Roseville, NSW","Roseville, NSW",Residential House in Roseville,Residential Property
54f2f97e-076c-4fc9-9f64-92490d4100d0,Paul Fletcher,Liberal Party of Australia,Bradfield,2022-07-29,Asset,Real Estate,"Paddington, NSW","Paddington, NSW",Investment Property in Paddington,Investment Property
49bbeb01-af86-4bde-906f-bcb7476a0822,Paul Fletcher,Liberal Party of Australia,Bradfield,2022-07-29,Asset,Real Estate,"Roseville, NSW","Roseville, NSW",Residential House in Roseville,Residential Property - Spouse
c3e63143-2a3e-44c4-a17d-b215a3364c81,Paul Fletcher,Liberal Party of Australia,Bradfield,2022-07-29,Asset,Real Estate,"Paddington, NSW","Paddington, NSW",Investment Property in Paddington,Investment Property - Spouse
9077da54-71c0-4783-b86a-5c78029d8ec2,Paul Fletcher,Liberal Party of Australia,Bradfield,2022-07-29,Asset,Real Estate,"Lettomanopello, Italy","Lettomanopello, Italy",Investment Property in Lettomanopello,Investment Property - Spouse
003b1c17-4e51-4092-b7ae-17614258aeda,Paul Fletcher,Liberal Party of Australia,Bradfield,2022-07-29,Membership,Other Membership,"Liberal Party of Australia, NSW Division","Liberal Party of Australia, NSW Division",Liberal Party Membership,Member
ff2e4364-9161-4b22-915a-9e24d793ca43,Paul Fletcher,Liberal Party of Australia,Bradfield,2022-07-29,Membership,Other Membership,"Liberal Party of Australia, NSW Division","Liberal Party of Australia, NSW Division",Liberal Party Membership,Member - Spouse
79ea6f92-836e-40c5-92e9-e50c5350188a,Mike Freelander,Australian Labor Party,MacArthur,2022-05-21,Unknown,Other,Pebema P/L,Pebema P/L,Interest,Pebema P/L
f54ad552-2408-48b8-b3ec-a4cc2fea533f,Mike Freelander,Australian Labor Party,MacArthur,2022-05-21,Unknown,Other,Pebema P/L,Pebema P/L,Interest,Pebema P/L
32fd9355-eb58-4df6-9f94-d93d899f6c08,Mike Freelander,Australian Labor Party,MacArthur,2022-05-21,Asset,Trust,Pebema P/L Superannuation Fund,Pebema P/L Superannuation Fund,Superannuation Company Fund,Superannuation company fund held with spouse; Joint beneficiary
cb69a785-11e6-4492-ac04-c66d7b750bff,Mike Freelander,Australian Labor Party,MacArthur,2022-05-21,Asset,Real Estate,"Wombarra, NSW","Wombarra, NSW",Residential House in Wombarra,Residential (shared with spouse)
f985c076-8b86-46f4-9ae1-984464cfb9a9,Mike Freelander,Australian Labor Party,MacArthur,2022-05-21,Asset,Real Estate,"Newtown, NSW","Newtown, NSW",Residential House in Newtown,Residential (shared with spouse)
f71a9458-530f-44d6-a1d6-acb3fc92b898,Mike Freelander,Australian Labor Party,MacArthur,2022-05-21,Membership,Other Membership,Pebema P/L,Pebema P/L,Defunct Medical Practice Company Membership,"Defunct medical practice company, trustee of superannuation fund"
3bc3107f-6556-4e9e-a420-8aa03033c395,Mike Freelander,Australian Labor Party,MacArthur,2022-05-21,Asset,Other Asset,Pebema P/L Superfund,Pebema P/L Superfund,Superfund,Pebema P/L Superfund
d9bacb45-e04f-4ee2-93f5-b12c6d5c73c6,Andrew Gee,National Party of Australia,Calare,2022-08-24,Membership,Other Membership,"Country Mile Superannuation Pty Ltd, ACGee Pty Ltd",Country Mile Superannuation Pty Ltd,"Country Mile Superannuation Pty Ltd, ACGee Pty Ltd Membership","Self: Country Mile Superannuation Pty Ltd, ACGee Pty Ltd; Spouse/partner: Country Mile Superannuation Pty Ltd, ACGee Pty Ltd"
9df73bba-611c-46b5-97e5-e45726df9709,Andrew Gee,National Party of Australia,Calare,2022-08-24,Liability,Mortgage,"Commonwealth Bank, Liberty Financial","Commonwealth Bank, Liberty Financial",Property Mortgage,"Self: Mortgage on property (Commonwealth Bank), Mortgage on home (Commonwealth Bank), Mortgage on property held via SMSF referred to above (Liberty Financial); Spouse/partner: Mortgage on property (Commonwealth Bank), Mortgage on home (Commonwealth Bank), Mortgage on property held via SMSF referred to above (Liberty Financial)"
903c73f1-04d7-4cd0-afe5-65ca298bab23,Andrew Gee,National Party of Australia,Calare,2022-08-24,Asset,Other Asset,ANZ and Commonwealth Banks,ANZ and Commonwealth Banks,Savings Account,"Self: Savings, mortgage and SMSF accounts (ANZ and Commonwealth Banks); Spouse/partner: Savings, mortgage and SMSF accounts (ANZ and Commonwealth Banks)"
5e0bcd2b-40a1-4fe3-bb79-304c6f35e0ea,Steve Georganas,Australian Labor Party,Adelaide,2024-05-13,Travel,Other Travel,Pyne and Partners,Pyne and Partners,"Airfare, Accommodation and Hospitality to Sea and Air Space 2024 Conference",Attended the Sea and Air Space 2024 and AUKUS 3 Program 2024 Conference in Washington DC USA 8 April till 13 April 1 Economy airfare Adelaide Washington return and accommodation and hospitality for 5 nights sponsored by Pyne and Partners
98c1630d-a51f-4be4-af30-3827231aece1,David Gillespie,National Party of Australia,Lyne,2022-05-21,Asset,Real Estate,"GRIFFITH, ACT","GRIFFITH, ACT",Residential Property in Griffith,RESIDENTIAL RENTAL
4b2da63b-61e0-40ef-935b-008b84315989,Patrick Gorman,Australian Labor Party,Perth,2023-11-22,Travel,Other Travel,Seven West Media and Anthony De Ceglie,Seven West Media and Anthony De Ceglie,Wiggles Concert Tickets,"Four tickets to the Wiggles concert on Saturday, 18 November, for myself, my wife Jess and our two children from Seven West Media and Anthony De Ceglie, Editor In Chief."
390c0c14-bd2f-4978-b2e8-c7faed4e0d23,Patrick Gorman,Australian Labor Party,Perth,2024-04-09,Travel,Other Travel,Chamber of Minerals and Energy,WA Chamber of Mineral and Energy,Women in Resources Awards Tickets,Myself and my wife accepted tickets to the Women in Resources Awards from the Chamber of Minerals and Energy on Friday 22 March 2024.
7c00982b-a449-410e-a591-62e836e58aa9,Garth Hamilton,Liberal National Party,Groom,2024-03-18,Travel,Other Travel,Australia/Israel & Jewish Affairs Council (AIJAC),Australia/Israel & Jewish Affairs Council (AIJAC),Airfares and Accommodation for MP Study Visit to Israel,Self - Airfares and accommodation to participate in the MP Study Visit to Israel (8 Mar 2024 – 14 Mar 2024)
fc52537d-57c9-41c7-a1b6-a0291f1c3718,Garth Hamilton,Liberal National Party,Groom,2024-09-02,Travel,Other Travel,American Chamber of Commerce in Australia (AmCham) and the Insurance Council of Australia (ICA),American Chamber of Commerce in Australia (AmCham) and the Insurance Council of Australia (ICA),Airfares and Accommodation for US Study Tour,Self - Airfares and accommodation to participate in the AmCham/ICA US Study Tour (21 - 26 July 2024)
5a3c0b95-26c4-4981-aa49-5e63ee8de4e4,Andrew Hastie,Liberal Party of Australia,Canning,2022-08-15,Asset,Other Asset,"ALI Group, MSBS, Australian Super Fund","ALI Group, MSBS, Australian Super Fund",Life Insurance & Superannuation,"Life Insurance with ALI Group (including trauma cover) (joint with spouse), Military Super (MSBS), Australian Super Fund"
dd5e5ac5-e302-4e4a-9af0-8ab981104ea0,Andrew Hastie,Liberal Party of Australia,Canning,2022-08-15,Asset,Other Asset,"ALI Group, Australian Super Fund","ALI Group, MSBS, Australian Super Fund",Life Insurance & Superannuation,"Life Insurance with ALI Group (joint with spouse), Australian Super Fund"
8752985e-cc2b-4fbc-8df1-6376118d1083,Andrew Hastie,Liberal Party of Australia,Canning,2022-08-15,Gift,Other,"Foxtel, Melbourne Conversazioni","Foxtel, Melbourne Conversazioni",Complimentary Foxtel Subscription and Honorarium,"Complimentary Foxtel Subscription in electorate Office, Honorarium for participation as a guest speaker at the Melbourne Conversazioni in 2018"
c7212578-3489-41b8-badd-d458e96e869c,Andrew Hastie,Liberal Party of Australia,Canning,2022-08-11,Travel,Other Travel,Dr Alan Mendoza and Henry Jackson Society,Dr Alan Mendoza and Henry Jackson Society,Flights and Accommodation for London Conference,"2022: Return flights and accommodation from Dr Alan Mendoza and Henry Jackson Society to participate in their London conference on ""Securing the Taiwan Strait with Indo-Pacific Tilt"""
4aaf40bd-8459-4c09-8556-a9a9f3b2cfa7,Andrew Hastie,Liberal Party of Australia,Canning,2023-11-24,Gift,Entertainment,Racing and Wagering WA (RWWA),Racing and Wagering WA (RWWA),Coldplay concert tickets,"Tickets to Coldplay concert (Perth - Sunday, 19 Nov 2023) for Mr and Mrs Andrew and Ruth Hastie, provided by Racing and Wagering WA (RWWA)."
af5855ec-8e03-40c8-bc8f-c7250b5de2db,Alex Hawke,Liberal Party of Australia,Mitchell,2022-08-23,Unknown,Other,Castle Hill RSL District Club and RSL Sub branch,Castle Hill RSL District Club and RSL Sub branch,Membership Castle Hill RSL,N/A
3c42ff36-520b-4053-930e-8ff2296e3dec,Julian Hill,Australian Labor Party,Bruce,2022-08-10,Travel,Other Travel,Qantas and Virgin,"Qantas, Virgin",Airline Lounge Memberships,Hospitality/membership of Qantas and Virgin lounges
789fbe80-bcde-4c82-8eba-715a297a999a,Julian Hill,Australian Labor Party,Bruce,2022-11-13,Unknown,Other,Spouse/partner,Spouse/partner,Spouse as Barrister,Spouse/partner; Sole trader - Barrister at Victorian Bar
5d2a72e8-c08a-4e7b-9914-aebf28c37073,Julian Hill,Australian Labor Party,Bruce,2023-02-25,Gift,Other Gift,Peter Jackson and Mr Hussaini,Peter Jackson and Mr Hussaini,Two suits and two shirts,"Two suits (1 black, 1 blue) and 2 x white shirts from Peter Jackson, plus a few bags of nuts and dried figs. Value unknown. Unsolicited gift from a constituent on 23 February 2023 that it became impossible to refuse without causing offence. Mr Hussaini has been requested and has agreed to not bring gifts in the future."
cb11560f-b60c-4fcf-bcf7-83a302d963fe,Kevin Hogan,National Party of Australia,Page,2022-08-22,Asset,Real Estate,"Lismore, Ballina","Lismore, Ballina","Residential, Primary Production, Investment","Residential, Primary Production, Investment, SMSF"
5492d89c-70f8-4045-b42b-616a03acd732,Kevin Hogan,National Party of Australia,Page,2022-08-22,Membership,Other Membership,Kevin and Karen Hogan,Kevin and Karen Hogan,Primary Production Investment Property,Primary Production Investment Property
6f28e51d-9b7d-42a1-a5e4-f20cfe91391d,Kevin Hogan,National Party of Australia,Page,2022-08-22,Liability,Credit,"CBA, ANZ","CBA, ANZ",Credit Card,Credit Card
012a17b6-462e-4ce1-a3a0-92e2ce2c7c78,Kevin Hogan,National Party of Australia,Page,2022-08-22,Membership,Professional,"Qantas, Virgin, ASTRA","Qantas, Virgin",Qantas/Virgin Lounge & Foxtel Subscription,"Qantas, Chairman's Lounge Membership Virgin, The Club Membership Foxtel Subscription for Electorate Office from ASTRA"
9472c789-f7ff-4ba3-a526-959de9587df2,Kevin Hogan,National Party of Australia,Page,2023-08-15,Asset,Real Estate,"Canberra, ACT","Canberra, ACT",Residential House in Canberra,"Residential, Canberra, ACT July 2023"
78669387-af00-4054-8545-9c614741651d,Ed Husic,Australian Labor Party,Chifley,2022-08-23,Liability,Credit,"American Express, ANZ, Westpac","American Express, ANZ, Westpac",Credit Card,Credit cards
d41e0711-675d-4aaa-8d90-286d95046057,Barnaby Joyce,National Party of Australia,New England,2022-08-26,Asset,Real Estate,"Australian Club, Sydney","Australian Club, Sydney",Complimentary Accommodation,"One night complimentary accommodation provided by the Australian Club, Sydney"
0a71be82-8672-4fd6-a5b2-21713cffe25e,Barnaby Joyce,National Party of Australia,New England,2022-10-19,Asset,Real Estate,"Newcastle Club, Newcastle","Newcastle Club, Newcastle",Complimentary Accommodation,"One night complimentary accommodation provided by the Newcastle Club, Newcastle"
ad0f833b-c8d8-4b64-b475-d95b0fe03197,Barnaby Joyce,National Party of Australia,New England,2022-12-09,Travel,Other Travel,Taipei Economic and Cultural Office in Australia,Taipei Economic and Cultural Office,"Airfares, Accommodation and Meals in Taiwan","Complimentary Airfares, 4 nights accommodation and Meals in Taiwan provided by the Taipei Economic and Cultural Office in Australia."
fd972bc3-c7de-41d1-aa80-2a834e58cb5e,Barnaby Joyce,National Party of Australia,New England,2023-10-18,Travel,Other Travel,"Qantas, Assange Campaign Group","Qantas, Assange Campaign Group",Premium Economy Upgrade,24.9.2023 Complimentary upgrade from Economy to Premium Economy seating provided by Qantas - Los Angeles to Sydney (Overall travel sponsored by Assange Campaign Group)
d72eb700-59b7-4e5d-be9e-cef00d5fedea,Barnaby Joyce,National Party of Australia,New England,2024-11-25,Travel,Air Travel,National Mining and Related Industries,National Mining and Related Industries,"Return Charter Flights, Accommodation and Gala Dinner Ticket","Return charter flights, one night accommodation, ground bus transport, gala dinner ticket - provided by National Mining and Related Industries."
dca47ab0-1160-42c6-a393-4ceb18022488,Robert Carl Katter,Katter's Australian Party,Kennedy,2022-08-23,Liability,Loan,"ANZ, Commonwealth, NAB, Metway, Qld Country Bank and others","ANZ, Commonwealth, NAB, Metway and others",Loans,Loans
3552d414-12bd-4c40-807e-d8d8caa700d6,Robert Carl Katter,Katter's Australian Party,Kennedy,2022-08-23,Asset,Other Asset,"ANZ, Commonwealth, Westpac, Qld Country Bank, etc.","ANZ, Commonwealth, Westpac, Qld Country Bank, etc.",Savings and Cheque Accounts,The usual saving and cheque accounts
65ebd39c-2fd9-47a1-8760-3845f1301529,Ged Kearney,Australian Labor Party,Cooper,2022-08-12,Asset,Real Estate,"Brunswick, VIC","Brunswick, VIC",Residential House in Brunswick,Primary place of residence (50% share)
361d4581-66df-4c31-8429-d9ebc627b198,Ged Kearney,Australian Labor Party,Cooper,2022-08-12,Asset,Real Estate,"Hervey Bay, QLD","Hervey Bay, QLD",Investment Property in Hervey Bay,Investment property (50% share)
f566448f-c0a7-4c04-a4b1-1a58b8f35d00,Ged Kearney,Australian Labor Party,Cooper,2022-08-12,Asset,Shares,"Harmers Haven, VIC","Harmers Haven, VIC",Vacant Land in Harmers Haven,Vacant land (37% share)
cb2f74e0-e6e0-4eb4-8b07-ecc421b29ac2,Ged Kearney,Australian Labor Party,Cooper,2022-09-16,Membership,Other Membership,Australian Nursing and Midwifery Federation,Australian Nursing and Midwifery Federation,Nursing and Midwifery Federation Membership,Membership
56eb735b-4023-4682-b232-c09669b7e602,Ged Kearney,Australian Labor Party,Cooper,2022-09-16,Asset,Shares,P/ASX 200 Financial Sector ETF,P/ASX 200 Financial Sector ETF,Shares,Shareholding in P/ASX 200 Financial Sector ETF
3d230845-aa1a-431d-9377-18b46fcbf86f,Ged Kearney,Australian Labor Party,Cooper,2022-09-16,Asset,Real Estate,"Melbourne, VIC","North Melbourne, VIC",Property in Melbourne,"Spouse - Property in Melbourne, Vic has been sold."
7d15a6ae-828a-484f-9689-43d754d3e56f,Ged Kearney,Australian Labor Party,Cooper,2022-12-19,Asset,Shares,P/ASX 200 Financial Sector ETF,P/ASX 200 Financial Sector ETF,Shares,New share holdings
b3595ffc-44d6-4078-83da-6d1101898c89,Ged Kearney,Australian Labor Party,Cooper,2023-02-02,Asset,Shares,P/ASX 200 Financial Sector ETF,P/ASX 200 Financial Sector ETF,Shares,Shareholding in P/ASX 200 Financial Sector ETF
bf231767-0766-45f0-b165-86f5196fa461,Simon Kennedy,Liberal Party of Australia,Cook,2024-06-12,Membership,Other Membership,"Liberal Party of Australia, NSW Division","Liberal Party of Australia, NSW Division",Liberal Party Membership,"Membership of the Liberal Party of Australia, NSW Division"
a20127e6-ceb4-4c68-ae2d-ae011f6dfdc3,Simon Kennedy,Liberal Party of Australia,Cook,2024-10-06,Asset,Shares,NRL and NRLW Telstra Premiership,NRL and NRLW Telstra Premiership,Tickets to NRL and NRLW Telstra Premiership Finals,Offer of tickets to 2024 NRL and NRLW Telstra Premiership Finals
ddccd29f-9c7c-413f-bd50-2e8d547ee4a1,Matthew Keogh,Australian Labor Party,Burt,2022-08-10,Asset,Real Estate,Spouse/partner,Spouse/partner,Residential House in Mount Lawley,"Mount Lawley, WA, Residential"
ccee4af6-38fe-42cc-b5cd-1d057a923072,Matthew Keogh,Australian Labor Party,Burt,2022-08-10,Asset,Shares,Spouse/partner,Spouse/partner,Superannuation and Insurance,"Superannuation and associated Life, TPD and Income Protection Insurance - AustralianSuper, Life & TPD Insurance - Westpac, Income Protection Insurance - Westpac"
52ac9266-ff26-461d-a306-942c6fdf4b8f,Matthew Keogh,Australian Labor Party,Burt,2022-08-10,Income,Other Income,Spouse/partner,Spouse/partner,Employment Salary,"Employment salary - Department of the Premier & Cabinet, Government of Western Australia"
f3c931f0-1fb0-475a-a304-4c240c971430,Matthew Keogh,Australian Labor Party,Burt,2022-08-10,Unknown,Other,Australian Subscription Television and Radio Association (ASTRA),Australian Subscription Television and Radio Association,Foxtel Subscription,Australian Subscription Television and Radio Association (ASTRA): standard Foxtel subscription for Electorate Office
6028edfa-5149-472d-887a-3814f364bd6b,Matthew Keogh,Australian Labor Party,Burt,2022-08-10,Unknown,Other,CPSU/CSA,CPSU/CSA,Membership,CPSU/CSA
1560d1eb-ea26-41a8-80a2-4c4768af967e,Matthew Keogh,Australian Labor Party,Burt,2023-08-21,Travel,Other Travel,Thornlie Footbal and Sports Club,Thornlie Footbal and Sports Club,Venue Hire and Food for Sporting Champions Event,Venue hire and food for the 2023 Burt Local Sporting Champions event held on 6 June 2023. Estimated value $300
e819575c-b910-4fcb-941d-99cd3946d06d,Matthew Keogh,Australian Labor Party,Burt,2024-09-02,Gift,Hospitality,"Takami Yasuhiro, Senior Adviser to Japanese Minister of Defense","Takami Yasuhiro, Senior Adviser to Japanese Minister of Defense",Bottle of Mogamigawa Special Junmai Sake,"Bottle of Mogamigawa Special Junmai Sake (value approx $60) from Mr Takami Yasuhiro, Senior Adviser to Japanese Minister of Defense; 24 July 2024."
ae89d719-eb2f-4353-b9ee-719cbd00d8c7,Catherine King,Australian Labor Party,Ballarat,2023-03-06,Unknown,Other,Ballarat and Grampians Community Legal Services Board,Ballarat and Grampians Community Legal Services Board,Board Membership,Spouse - Ballarat and Grampians Community Legal Services Board commencing 21 February 2023
087760db-996c-42b5-b05b-87479ae6a2e9,Michelle Landry,Liberal National Party,Capricornia,2023-11-15,Travel,Other Travel,Bravus Mining and Resources,Bravus Mining and Resources,Return Tickets to Carmichael Mine,2 x return tickets to Carmichael Mine from Rockhampton- Bravus Mining and Resources (24th October 2023)
6770e9da-431b-4fc7-85ab-0b529b5b21f1,Tania Lawrence,Liberal Party of Australia,Hasluck,2024-08-19,Gift,Hospitality,"Pinelli Wines, Bailey Brewing and Oakover Wines","Pinelli Wines, Bailey Brewing and Oakover Wines",Donation towards Hasluck Volunteer Awards,"Donation by Pinelli Wines, Bailey Brewing and Oakover Wines towards prizes and hospitality for Hasluck Volunteer Awards 2024"
913ba093-68b8-4946-b3e4-421bfa206876,Jerome Laxale,Australian Labor Party,Bennelong,2022-08-03,Asset,Real Estate,"North Ryde, NSW","North Ryde, NSW",Residential House in North Ryde,"Spouse/partner, Residential"
08e3e860-6faa-44e3-8eb8-0ea8a8233122,Jerome Laxale,Australian Labor Party,Bennelong,2023-09-11,Gift,Hospitality,"The Ranch, Marsfield","The Ranch, Marsfield",Venue and Catering for constituent events,"Provision of venue and catering for constituent events from time to time from The Ranch, Marsfield."
e7e61e3e-ccb8-41ff-ae9d-55ad2390c6c5,Dai Le,Australian Labor Party,Fowler,2024-10-30,Travel,Other Travel,Global Public Policy Institute and ANU National Security College,Global Public Policy Institute and ANU National Security College,Travel to India as part of Australian and German parliamentarian delegation,Travel to India as a part of an Australian and German delegations of parliamentarians on a program arranged and facilitated by Global Public Policy Institute and ANU National Security College.
23cf97cc-a904-458a-8520-3f13dbee97db,Julian Leeser,Liberal Party of Australia,Berowra,2022-08-23,Asset,Other Asset,"Colonial First State, ANZ, NAB, Adelaide Bendigo, Westpac","Colonial First State, ANZ, NAB, Adelaide Bendigo, Westpac",Investment and Savings Accounts,Investment and Savings Accounts
24b62895-b171-4aec-bf42-85f78f9943d8,Julian Leeser,Liberal Party of Australia,Berowra,2022-08-23,Asset,Other Asset,"Colonial First State, ANZ, NAB, Adelaide Bendigo","Colonial First State, ANZ, NAB, Adelaide Bendigo, Westpac",Investment and Savings Accounts,Investment and Savings Accounts (Spouse/partner)
30d29324-60d0-4ac7-8837-e45f30fc2465,Julian Leeser,Liberal Party of Australia,Berowra,2022-08-23,Unknown,Other,Parramatta and District Synagogue,Parramatta and District Synagogue,Parramatta Synagogue Membership,Member
e6bac4ef-2744-4dbd-ba14-fb0de98ebca6,Julian Leeser,Liberal Party of Australia,Berowra,2022-08-23,Membership,Other Membership,"Union, University and Schools Club","Union, University and Schools Club",Club Membership,Member
7f17fd00-b328-421d-bcd4-6b4f36c35d67,Julian Leeser,Liberal Party of Australia,Berowra,2022-08-23,Unknown,Other,Hornsby Kuring-gai and Hills District Cricket Association,Hornsby Kuring-gai and Hills District Cricket Association,Patronage of Hornsby Cricket Association,Patron
a6d6edf4-b004-4e92-9d8b-7de4e17ca28e,Julian Leeser,Liberal Party of Australia,Berowra,2022-11-25,Travel,Other Travel,Australia Israel and Jewish Affairs Council,Australian Israel and Jewish Affairs Council,Travel to Israel and the UAE,Travel to Israel and the UAE as a guest
b9c450f2-9d5b-49ef-acd2-b6a355cb05f2,Julian Leeser,Liberal Party of Australia,Berowra,2023-05-01,Asset,Shares,"Westpac, Telstra and National Press Club","Westpac, Telstra and National Press Club",Tickets to National Press Club Lunch,Sponsored Tickets to the National Press Club Lunch
36cb3f57-4dd1-4d88-8421-3aebe70cb835,Julian Leeser,Liberal Party of Australia,Berowra,2024-03-07,Membership,Other Membership,Dural and District Business Chamber of Commerce,Dural and District Business Chamber of Commerce,Business Chamber of Commerce Membership,Membership
76432170-eac7-4d07-8756-08ef177ea083,Julian Leeser,Liberal Party of Australia,Berowra,2024-09-05,Asset,Real Estate,"R Hair 4 U, O, Dough, Wooden Mill, Well Versed Homes, Dulux, Southern Cleaning Supplies, Kennards Self Storage Thornleigh, Inspirations Paint Hornsby, Uni-Pro and Bunnings Thornleigh","R Hair 4 U, O, Dough, Wooden Mill, Well Versed Homes, Dulux, Southern Cleaning Supplies, Kennards Self Storage Thornleigh, Inspirations Paint Hornsby, Uni-Pro and Bunnings Thornleigh",Sponsorship of Goods and Refreshments,"Sponsorship of goods (paint, cleaning supplies, storage) and refreshments for community graffiti removal clean up drive"
e0ee1eda-f3e0-46fb-95fc-a3ff8d633c1c,Sussan Ley,Liberal Party of Australia,Farrer,2022-11-07,Travel,Other Travel,Australia / Israel & Jewish Affairs Council,Australian Israel and Jewish Affairs Council,Business class travel to Dubai and economy travel between Dubai and Tel Aviv,"Return business class travel from Sydney to Dubai and return economy travel between Dubai and Tel Aviv, accommodation, hospitality"
902e6216-80e6-4341-92cf-5532bb1fab08,Sam Lim,Australian Labor Party,TANGNEY,2025-03-07,Asset,Real Estate,"Johor, Malaysia","Johor, Malaysia",Residential House in Johor,Family home
7b2b388e-c935-4c7a-9556-4d84a6943f00,David Littleproud,Liberal National Party,Maranoa,2022-08-23,Asset,Other Asset,"NAB, Suncorp, Westpac","NAB, Suncorp, Westpac",Savings Account,Savings - Self
0568f0ba-dfbe-4097-b59b-5c5084dfae58,David Littleproud,Liberal National Party,Maranoa,2022-08-23,Asset,Other Asset,"Commonwealth Bank, Suncorp","Commonwealth Bank, Suncorp",Savings Account,Savings - Spouse/partner
bb22e848-1e5e-4eeb-aecb-f46ffecbfa72,David Littleproud,Liberal National Party,Maranoa,2022-08-23,Asset,Other Asset,"NAB, Suncorp, Warwick Credit Union","NAB, Suncorp, Warwick Credit Union",Savings Account,Savings - Dependent children
ed696293-f01b-4a70-92a1-c6e84f09dda8,Nola Marino,Liberal Party of Australia,Forrest,2022-08-15,Unknown,Other,Harvey Water (South West Irrigation T/A),Harvey Water (South West Irrigation T/A),Spouse/Partner,Spouse/partner: Harvey Water (South West Irrigation T/A)
7529ba25-cbce-4b58-b994-b7f82d63ec29,Richard Marles,Australian Labor Party,Corio,2022-08-23,Asset,Other Asset,"Bendigo Bank, ING Bank, Macquarie Bank, Commonwealth Bank","Bendigo Bank, ING Bank, Macquarie Bank, Commonwealth Bank",Savings and Offset Accounts,"Savings Account, Joint Offset Account"
00888c82-9b8a-47aa-82e1-469c39f32af7,Richard Marles,Australian Labor Party,Corio,2022-08-23,Membership,Professional,"ASTRA, Qantas, Virgin Australia","Qantas, Virgin Australia, Foxtel, ASTRA",Qantas & Virgin Australia Lounge Memberships,Foxtel package for the Corio Electorate Office; Membership of the Qantas Chairman's Lounge; Membership of the Lounge courtesy of Virgin Australia
6c08ac75-bf5a-4166-bd08-f455478e54ec,Richard Marles,Australian Labor Party,Corio,2022-08-23,Membership,Professional,"Qantas, Virgin Australia",Virgin Australia,Qantas & Virgin Australia Lounge Memberships,Membership of the Qantas Chairman's Lounge; Membership of the Lounge courtesy of Virgin Australia (spouse/partner)
72194618-d727-49ee-934c-e0033b875fab,Richard Marles,Australian Labor Party,Corio,2022-09-26,Gift,Entertainment,"AFL, Geelong Football Club",Geelong Football Club,Tickets to lunch and Grand Final match in a Corporate Suite; Tickets to Geelong Grand Final Brunch,"2 Tickets to lunch and Grand Final match in a Corporate Suite at Geelong Vs Sydney, MCG, Saturday 24th September 2022; 2 Tickets to Geelong Grand Final Brunch at Crown Aviary, Saturday 24th September 2022"
a9ab95e8-343f-4a2d-9d01-3adccfbcb394,Richard Marles,Australian Labor Party,Corio,2023-09-28,Asset,Real Estate,Slater and Gordon,Slater and Gordon,Presidents Dinner Tickets,"Presidents dinner - Geelong Vs Collingwood, Friday 11 August 2023 at MCG. 2 Tickets, guests of Slater and Gordon"
9267ea46-ea73-4c3d-8d53-79d293035cb5,Richard Marles,Australian Labor Party,Corio,2023-11-23,Membership,Other Membership,"Emily's List, Victorian Women Lawyers","Emily's List, Victorian Women Lawyers",Emily's List & Victorian Women Lawyers Memberships,My wife has recently purchased paid memberships to the following organizations
3ae0c7b8-54fb-43a1-a37b-a376bf358529,Zaneta Mascarenhas,Liberal Party of Australia,Swan,2022-05-21,Gift,Other Gift,Welfare Rights and Advocacy Service,Welfare Rights and Advocacy Service,Membership and Donation,Member and donor. Also a donor of less than $300 to a number of charities.
b2db229a-7f10-4ada-bc7c-ec5d6c29f8e7,Zaneta Mascarenhas,Liberal Party of Australia,Swan,2022-11-08,Travel,Other Travel,"Chamber of Minerals and Energy WA (CME), Minerals Council of Australia (MCA), and the Australian Petroleum Production & Exploration Association (APPEA)","Chamber of Minerals and Energy WA (CME), Minerals Council of Australia (MCA), and the Australian Petroleum Production & Exploration Association (APPEA)",Commercial Flight Perth => Karratha Economy,"Commercial Flight QF 1830: Perth => Karratha Economy, Value: $1,022.86, Received: 12/10/22. Pilbara Resource Sector Familiarisation and Networking Tour"
aa248592-3e75-4670-a435-54486f573a2c,Zaneta Mascarenhas,Liberal Party of Australia,Swan,2022-11-08,Travel,Other Travel,"Chamber of Minerals and Energy WA (CME), Minerals Council of Australia (MCA), and the Australian Petroleum Production & Exploration Association (APPEA)","Chamber of Minerals and Energy WA (CME), Minerals Council of Australia (MCA), and the Australian Petroleum Production & Exploration Association (APPEA)",Accommodation and Charter Flights for Pilbara Resource Sector Tour,"2 nights' Accommodation - 1 night Kingfisher Village and 1 night Seasons Hotel, Newman. Breakfast, lunch, dinner included for duration. Received: 12 - 14/10 22;Charter flight: Karratha to Wodgina Airport Received: 13/10/2;Charter flight: Wodgina Airport to Christmas Creek Received: 13/10/22;Charter Flight: Christmas Creek to Newman Airport Received: 13/10/22;Charter Flights: Newman to Perth Received: 14/10/22;Value of all chartered flights and accommodation: approximately $1,350;Pilbara Resource Sector Familiarisation and Networking Tour"
574cdebb-2ad0-4401-8452-48873bb8421e,Zaneta Mascarenhas,Liberal Party of Australia,Swan,2022-11-08,Gift,Other Gift,"Chamber of Minerals and Energy WA (CME), Minerals Council of Australia (MCA), and the Australian Petroleum Production & Exploration Association (APPEA)","Chamber of Minerals and Energy WA (CME), Minerals Council of Australia (MCA), and the Australian Petroleum Production & Exploration Association (APPEA)",Steel cap boots,"Steel cap boots, Value $150, Received 11/10/22, Pilbara Resource Sector Familiarisation and Networking Tour"
9fcaab7b-845f-415a-9da3-a2eb626b6582,Zaneta Mascarenhas,Liberal Party of Australia,Swan,2024-04-04,Asset,Other Asset,Hall and Prior Health and Aged Care Group,Hall and Prior Health and Aged Care Group,International Women's Day Event Sponsorship,"Sponsorship - International Women's Day event, Value: $1,547.82"
e84ad845-a576-41e7-b1f6-47aeb34f793f,Kristy Mcbain,Australian Labor Party,Eden-Monaro,2022-08-24,Asset,Real Estate,"Tura Beach, NSW","Tura Beach, NSW",Residential House in Tura Beach,Residential real estate owned by Self
14097e0e-0dbf-4edb-babc-d04374931adc,Kristy Mcbain,Australian Labor Party,Eden-Monaro,2022-08-24,Asset,Real Estate,"Tura Beach, NSW","Tura Beach, NSW",Investment Property in Tura Beach,Investment real estate owned by Self
8027d243-cbae-4e80-91f8-5c9506ad2c45,Kristy Mcbain,Australian Labor Party,Eden-Monaro,2022-08-24,Asset,Real Estate,"Bega, NSW","Bega, NSW",Investment Property in Bega,Investment real estate owned by Self
d03442f4-cbc6-45c3-a9ec-145a8fe5d9e5,Kristy Mcbain,Australian Labor Party,Eden-Monaro,2022-08-24,Asset,Real Estate,"Tura Beach, NSW","Tura Beach, NSW",Residential House in Tura Beach,Residential real estate owned by Spouse/partner
637d1c83-51b4-436c-a6e9-28d66db92c25,Kristy Mcbain,Australian Labor Party,Eden-Monaro,2022-08-24,Asset,Real Estate,"Tura Beach, NSW","Tura Beach, NSW",Investment Property in Tura Beach,Investment real estate owned by Spouse/partner
d1dca54c-5426-40fa-bc72-e662e0c65808,Kristy Mcbain,Australian Labor Party,Eden-Monaro,2022-08-24,Asset,Real Estate,"Bega, NSW","Bega, NSW",Investment Property in Bega,Investment real estate owned by Spouse/partner
d7ef2421-1fb7-46be-a5e5-6fcaa3d8e0c6,Kristy Mcbain,Australian Labor Party,Eden-Monaro,2022-10-06,Asset,Shares,"Kingston, ACT","Kingston, ACT",Investment Property in Kingston,Add to self: Investment
b8b6574a-2231-4793-b536-f0763e9ac268,Kristy Mcbain,Australian Labor Party,Eden-Monaro,2022-10-06,Asset,Shares,"Kingston, ACT","Kingston, ACT",Investment Property in Kingston,Add to spouse: Investment
3466a946-1dbf-4c5b-894b-84abe6ad96a3,Kristy Mcbain,Australian Labor Party,Eden-Monaro,2024-11-19,Gift,Hospitality,Veolia Australia and New Zealand,Veolia Australia and New Zealand,Bottle of Archie Rose Distilling Co Gin,"700ml Bottle of Archie Rose Distilling Co, Bell Frog Tailored Gin from Veolia Australia and New Zealand. Value $100,"
a847a67a-9eac-41a0-b75b-713c0419ed94,Michael McCormack,National Party of Australia,Riverina,2022-08-22,Unknown,Other,Australian Subscription Television and Radio Association,Australian Subscription Television and Radio Association,Foxtel Subscription for Electorate Office,Annual renewal for Foxtel subscription from the Australian Subscription Television and Radio Association for the Wagga Wagga Electorate Office.
70f3f6ff-4829-4f83-85e4-90e393ad29e0,Michael McCormack,National Party of Australia,Riverina,2022-08-22,Travel,Other Travel,"Qantas, Virgin","Qantas, Virgin",Qantas Chairman's Lounge and Virgin Club Lounge Membership,"Complimentary membership of Qantas Chairman's Lounge, Complimentary membership of Virgin Club Lounge"
72dd06d1-e588-4e77-b30c-3e1894822662,Michael McCormack,National Party of Australia,Riverina,2022-08-22,Travel,Other Travel,"Qantas, Virgin","Qantas, Virgin",Qantas Chairman's Lounge and Virgin Club Lounge Membership (Spouse/partner),"Complimentary membership of Qantas Chairman's Lounge, Complimentary membership of Virgin Club Lounge - Spouse/partner"
69c3e889-ef2f-491e-9f33-3206f2487f42,Michael McCormack,National Party of Australia,Riverina,2023-05-26,Travel,Other Travel,Bill and Melinda Gates Foundation,The Bill and Melinda Gates Foundation,"Travel to the USA, Accommodation, land transport and meals","Travel provided to and from the United States of America (USA) by the Bill and Melinda Gates Foundation. Some accommodation, land transport and meals were provided by the Bill and Melinda Gates Foundation."
b7be970e-32b0-4163-8fe4-6de839562d74,Melissa Mcintosh,Liberal Party of Australia,Lindsay,2022-08-22,Liability,Credit,Bank of Queensland/VISA,Bank of Queensland,Credit Card,Credit Cards
dbb98579-7a0f-4691-a372-8c2f431d9c08,Melissa Mcintosh,Liberal Party of Australia,Lindsay,2022-08-22,Liability,Credit,Bank of Queensland/VISA,Bank of Queensland,Credit Card,Credit Cards (Spouse/partner)
e31c07e6-4d2f-46b0-9998-ab7595f561fa,Melissa Mcintosh,Liberal Party of Australia,Lindsay,2022-08-22,Unknown,Other,OZWAC - Australian Women's and Children Research Foundation,OZWAC - Australian Women's and Children Research Foundation,Patronage of OZWAC,Patron
477ff5a9-05c8-4e4b-ae69-577893115029,Zoe McKenzie,Liberal Party of Australia,Flinders,2022-11-01,Asset,Other Asset,"PwC, Melbourne Racing Club",Melbourne Racing Club,Hospitality Tickets,Hospitality - 2 x guest tickets for PwC Trackside Enclosure - 29 October 2022 - Melbourne Spring Racing Carnival; Hospitality - 2 x guest tickets for Melbourne Racing Club - Peninsula Cup - Mornington Racecourse - 30 October 2022
8de69b37-e441-4980-8a13-b2d9853a1ca7,Zoe McKenzie,Liberal Party of Australia,Flinders,2023-10-19,Travel,Other Travel,Konrad Adenauer Stiftung Regional Programme - Australia and the Pacific,Konrad Adenauer Stiftung Regional Programme - Australia and the Pacific,"Travel to Brussels and Berlin, meals and accommodation","Travel to Brussels and Berlin 3 - 15 October, and meals and accommodation 8-14 October in Brussels and Berlin provided by the Konrad Adenauer Stiftung Regional Programme - Australia and the Pacific."
808c0dcc-acae-4ad5-acfd-28bacfc698fb,Zoe McKenzie,Liberal Party of Australia,Flinders,2023-12-22,Travel,Other Travel,Australia / Israel & Jewish Affairs Council,Australian Israel and Jewish Affairs Council,"Accommodation, flights and hospitality on delegation to Israel","Accommodation, flights and hospitality on bipartisan parliamentary delegation to Israel from 9 - 15 December 2023 hosted by the Australia / Israel & Jewish Affairs Council."
8cb6c1d0-364c-472e-b038-5607763600c8,Louise Jane Miller-Frost,N/A,Boothby,2022-08-18,Unknown,Other,"Flinders University College of Government, Business and Law","Flinders University College of Government, Business and Law",Chair Advisory Board,Chair Advisory Board
77545635-936d-45ac-aede-2f9b06382664,Louise Jane Miller-Frost,N/A,Boothby,2023-04-14,Membership,Other Membership,"Royal Automobile Association of SA Inc, RAA Insurance Holdings Ltd, and RAA Insurance Ltd","Royal Automobile Association of SA Inc, RAA Insurance Holdings Ltd, and RAA Insurance Ltd",Director RAA,For spouse Kim Cheater: Director
648db911-384e-423e-951b-cbc6fcc841bc,Louise Jane Miller-Frost,N/A,Boothby,2023-12-11,Unknown,Other,"Professor Cheng and delegation, from Nanjing University of Traditional Chinese Medicine","Professor Cheng and delegation, from Nanjing University of Traditional Chinese Medicine",Framed brocade from Nanjing City,"Framed brocade from Nanjing City, gift from Professor Cheng and delegation, from Nanjing University of Traditional Chinese Medicine"
5270ce2c-0d5a-4f4d-a290-3d90b3991966,Brian Mitchell,Australian Labor Party,Lyons,2022-08-22,Asset,Real Estate,"Penna, Tasmania","Penna, Tasmania",Residential House in Penna,Residential
510a320e-cd0f-4b64-8dfa-afcfd02c1043,Brian Mitchell,Australian Labor Party,Lyons,2022-08-22,Asset,Real Estate,"Penna, Tasmania","Penna, Tasmania",Residential House in Penna,Residential
ed65e625-585c-417f-90a9-60316e2b089b,Brian Mitchell,Australian Labor Party,Lyons,2022-08-22,Gift,Other Gift,"Various sporting, community, non-profit organisations","Various sporting, community, non-profit organisations",Sporting/Community Organisation Sponsorship,"Sponsor of various sporting, community, non-profit organisations and individuals (eg, sports, arts, charity) throughout the electorate."
2dcb3cdc-f7d1-42c2-adcf-5009993492c3,Robert Mitchell,Australian Labor Party,McEwen,2022-08-16,Asset,Other Asset,"Bendigo Bank, Westpac","Bendigo Bank, Westpac and CBA",Savings Account,Savings
c00e6059-2796-4385-88ae-9e3e632b4b1b,Scott Morrison,Liberal Party of Australia,Cook,2022-08-26,Asset,Other Asset,"MLC, Australian Super",Australian Super,Superannuation,Superannuation
601bea73-f5a9-4d02-a7ba-67a1fddbe687,Scott Morrison,Liberal Party of Australia,Cook,2022-08-26,Gift,Entertainment,"Southern Districts Rugby Union Club, Sylvania Waters","Southern Districts Rugby Union Club, Sylvania Waters",Southern Districts Rugby Union Club Season Ticket,Season Ticket to home games
54531fd0-6ee6-4464-8fc2-8cf022cc6d7e,Scott Morrison,Liberal Party of Australia,Cook,2022-08-26,Membership,Other Membership,"Liberal Party of Australia, NSW Division","Liberal Party of Australia, NSW Division",Liberal Party Membership,Membership
2dc3dbb0-4653-48a1-b1c2-0516896b7c8d,Scott Morrison,Liberal Party of Australia,Cook,2022-08-26,Membership,Other Membership,"South Metropolitan Regional Scout Council, NSW","South Metropolitan Regional Scout Council, NSW",South Metropolitan Regional Scout Council Honorary Membership,Honorary Membership
61817d1b-ab6b-438f-83ed-3f9c01fecb53,Scott Morrison,Liberal Party of Australia,Cook,2022-08-26,Unknown,Other,"Horizon Church, Sutherland","Horizon Church, Sutherland",Horizon Church Membership,Member
866b8d4d-1093-4589-812c-0ec5fce78d92,Scott Morrison,Liberal Party of Australia,Cook,2022-08-26,Membership,Other Membership,"Liberal Party of Australia, NSW Division","Liberal Party of Australia, NSW Division",Liberal Party Membership,Membership (Spouse/partner)
9c90712b-8d1b-4f17-8b03-f33d45653e69,Scott Morrison,Liberal Party of Australia,Cook,2022-08-26,Asset,Other Asset,"Royal Motor Yacht Club, Woolooware","Royal Motor Yacht Club, Woolooware",Honorary Membership,Honorary Membership (Spouse/partner)
84d90950-4024-4c9a-8ce5-7849efd53d0a,Scott Morrison,Liberal Party of Australia,Cook,2023-11-13,Travel,Other Travel,"Rt Hon. Boris Johnson, former UK Prime Minister","Rt Hon. Boris Johnson, former UK Prime Minister",Return Private Charter Flight and Accommodation - Guest of Boris Johnson,"Return Private Charter Flight, London to Tel Aviv, accommodation, security and incidentals. Guest of 4 and 5 November 2023."
1588a829-388d-4209-a910-5c6be6e97214,Daniel Mulino,Australian Labor Party,Fenner,2022-08-22,Membership,Professional,"QANTAS, Virgin","QANTAS, Virgin",Airline Lounge Memberships & Masterclass Subscription,"Chairmans Lounge, QANTAS, The Club, Virgin; Masterclass annual membership subscription provided by McKinnon Institute for Political Leadership"
6fcf929f-5ed7-4b42-933f-f933fdacf6fa,Daniel Mulino,Australian Labor Party,Fenner,2022-08-22,Gift,Other,"ASTRA, McKinnon Institute",McKinnon Institute,Foxtel subscription and leadership course scholarship,"Complimentary Foxtel subscription provided by ASTRA (Electorate Office), Advanced Political Leadership course scholarship recipient from McKinnon Institute for Political Leadership"
4b7955f5-1e4d-4c96-9d60-092e322d52be,Shayne Neumann,Australian Labor Party,Blair,2022-08-23,Asset,Other Asset,Commonwealth Bank of Australia and Bank of Queensland,Commonwealth Bank of Australia and Bank of Queensland,Bank Account,"Various streamline, keycard and cheque accounts in personal name and investment accounts via companies listed; Spouse/partner"
e4ba205b-93fa-4823-94ac-c4e57a7e8327,Shayne Neumann,Australian Labor Party,Blair,2022-08-23,Unknown,Other,Australian Subscription Television and Radio Association (ASTRA),Australian Subscription Television and Radio Association,Foxtel Subscription,Subscription to Foxtel for Electorate Office; Self
5db929bf-a6f0-40a7-8970-c165790e2190,Ted O'Brien,Liberal National Party,Fairfax,2022-08-24,Travel,Other Travel,"Ministry of Foreign Affairs, Republic of China (Taiwan)","Ministry of Foreign Affairs, Republic of China (Taiwan)","Taiwan Study Tour - Flights, Ground Transfers, Meals and Accommodation","Travel - flights, ground transfers, meals and accommodation provided by ""the Ministry of Foreign Affairs, Republic of China (Taiwan)"" for a study tour to Taiwan: 29 October - 1 November 2019."
a20cb65a-f1d1-47d6-a4fd-36889ad6d4ad,Brendan O'Connor,Australian Labor Party,Gorton,2022-08-03,Membership,Professional,Qantas and Virgin Australia,Qantas and Virgin Australia,Airline Lounge Memberships,Self; Membership of Airline Lounges
5c577723-078f-46e1-a3fb-f6462e8f3610,Brendan O'Connor,Australian Labor Party,Gorton,2022-08-03,Unknown,Other,"The Australian Sheep, Camelid and Goats and Vet Group","The Australian Sheep, Camelid and Goats and Vet Group",Membership,Spouse/partner
c6458ff4-62e6-4fc4-bec5-211991839264,Brendan O'Connor,Australian Labor Party,Gorton,2023-03-29,Asset,Other Asset,Mongolian Minister for Education and Science,Mongolian Minister for Education and Science,Scarf from Mongolian Minister,Scarf (value $100 AUD) from the Mongolian Minister for Education and Science on 6/3/2023
c1832286-dc39-4656-a281-416fe37d1693,Claire O'Neil,Australian Labor Party,HOTHAM,2022-12-19,Asset,Other Asset,"Raffles Hotel management, Indonesia","Raffles Hotel management, Indonesia",Scarf,"Scarf received on 5 December 2022 from Raffles Hotel management, Indonesia, valued at $40.00."
78cf1520-27b3-4ebe-b32e-0c9b9a98574e,Alicia Payne,Australian Labor Party,Canberra,2022-08-18,Membership,Other Membership,Community and Public Sector Union (CPSU),Community and Public Sector Union,Community and Public Sector Union Membership,Self
72d018ba-c053-4c1a-a3b2-94e4340d2413,Gavin Pearce,Liberal Party of Australia,Braddon,2022-08-29,Asset,Shares,Yolla Cooperative/Australian Independent Rural Retailers,Yolla Cooperative/Australian Independent Rural Retailers,Shares,Yolla Cooperative/Australian Independent Rural Retailers Share Interest
b6b83319-e182-40de-9c91-d478af0694da,Gavin Pearce,Liberal Party of Australia,Braddon,2022-12-16,Travel,Other Travel,Taipei Economic and Cultural Office of Australia,Taipei Economic and Cultural Office,"Sponsored travel to Taiwan - Airfares, Accommodation, Meals and Incidentals","Sponsored travel to Taiwan including airfares, accommodation, meals and incidentals provided by the Taipei Economic and Cultural Office of Australia."
ac6f5bd3-789e-4226-b6fe-c9882f690700,Gavin Pearce,Liberal Party of Australia,Braddon,2024-04-17,Travel,Other Travel,Australian/Israel and Jewish Affairs Council (AIJAC),Australia/Israel & Jewish Affairs Council (AIJAC),Airfares and accommodation - MP Study Visit to Israel,Airfares and accommodation to participate in the MP Study Visit to Israel (8-15 March 2024) provided by the Australian/Israel and Jewish Affairs Council (AIJAC)
384935be-3f48-4b8e-809b-e7d1d7539968,Keith Pitt,Liberal National Party,Hinkler,2022-08-16,Asset,Trust,K & A Pitt Family Trust / KLARE (Qld) Pty Ltd,KJ & AJ Pitt Family Trust /KLARE (QId) Pty Ltd,Beneficial Interest,Beneficial interest
4f73b3fd-7b85-4463-9f00-f02c218f7fb0,Keith Pitt,Liberal National Party,Hinkler,2022-08-16,Asset,Trust,KJ & AJ Pitt Super Fund No. 2 / K & A Pitt Super Pty Ltd,KJ & AJ Pitt Super Fund No. 2 Trustee K & A Pitt Super Pty Ltd,Trustee Role,Trustee
79e63521-8670-48ce-9005-0d10c7403229,Tanya Plibersek,Australian Labor Party,Sydney,2022-08-23,Asset,Shares,"Ljubljana, Slovenia","Ljubljana, Slovenia",Investment Property in Ljubljana,Investment (with spouse)
1fabdcad-90e4-43d4-b388-d4e427ea5872,Tanya Plibersek,Australian Labor Party,Sydney,2022-08-23,Asset,Shares,"Ljubljana, Slovenia","Ljubljana, Slovenia",Investment Property in Ljubljana,Investment (with spouse)
488deffe-b20d-4caa-8e95-d688dc55462f,Tanya Plibersek,Australian Labor Party,Sydney,2022-08-23,Asset,Other Asset,Westpac and NAB,"NAB, Westpac",Westpac and NAB Savings Account,Savings accounts
6c61c574-cd7b-49db-88a8-e06567d1698a,Tanya Plibersek,Australian Labor Party,Sydney,2022-08-23,Unknown,Other,Astra Subscription Television and Radio Association,Australian Subscription Television and Radio Association,Electorate Office Foxtel Subscription,Astra Subscription Television and Radio Association - Foxtel subscription for electorate office
cbb94d1b-229b-489a-819a-30402adbe09e,Tanya Plibersek,Australian Labor Party,Sydney,2023-08-25,Gift,Decorative,Southern Youth and Family Services Warilla Housing Project,Southern Youth and Family Services Warilla Housing Project,Indigenous artwork,Indigenous artwork - gift from Southern Youth and Family Services Warilla Housing Project (located in Ministerial Office)
7b4d4526-570f-4654-85fc-9076806e9154,Melissa Price,Liberal Party of Australia,Durack,2022-08-23,Membership,Other Membership,H&W Quantity Surveyors Pty Ltd,H&W Quantity Surveyors Pty Ltd,H&W Quantity Surveyors Pty Ltd Membership,Quantity Surveyors
eaa68127-0c8d-4ccf-900a-26ed46158d23,Melissa Price,Liberal Party of Australia,Durack,2023-05-24,Travel,Other Travel,"The Cambridge Hotel, Kununurra","The Cambridge Hotel, Kununurra","Accommodation at The Cambridge Hotel, Kununurra",N/A
9307a2c2-01bb-4e15-922a-414ed67b61b2,Melissa Price,Liberal Party of Australia,Durack,2023-05-24,Unknown,Other,"The Kimberley Moon, Ord Valley Events","The Kimberley Moon, Ord Valley Events",Interest,N/A
7708ec61-9021-431d-98c0-87a4719973ef,Sam Rae,Australian Labor Party,Hawke,2022-08-26,Income,Other Income,ASU Victorian and Tasmanian Authorities and Services Branch,ASU Victorian and Tasmanian Authorities and Services Branch,Salary,Salary
6f119e08-3b30-432c-9130-cdc38c433141,Rowan Ramsey,Liberal Party of Australia,Grey,2022-08-08,Gift,Entertainment,Kimba and Districts Football and Netball Club,Kimba and Districts Football and Netball Club,Kimba and Districts Football and Netball Club item,Kimba and Districts Football and Netball Club
dc4c36d6-e396-4d78-af29-04128c58e1d2,Dan Repacholi,Australian Labor Party,Hunter,2022-08-23,Travel,Other Travel,Mining and Energy Union,Mining and Energy Union,Accommodation and hospitality in Sydney,Accommodation and hospitality in Sydney on 22 July 2022
214ce522-0cb2-4c18-bfea-5f8e939a47e7,Dan Repacholi,Australian Labor Party,Hunter,2022-08-23,Membership,Other Membership,Mining and Energy Union,Mining and Energy Union,Mining and Energy Union Membership,Member of the Mining and Energy Union
17988622-bf48-4204-82c7-4eaffab6b2d4,Dan Repacholi,Australian Labor Party,Hunter,2023-01-31,Travel,Other Travel,Sydney Kings and Sydney Flames,Sydney Kings and Sydney Flames,Tickets to Sydney Kings and Sydney Flames game,"4 tickets to the Sydney Kings and Sydney Flames game on Sunday 29 January 2023, included parking and hospitality provided by the NBL"
4a7d7d76-230d-426d-8ad9-2597ef3458a3,Dan Repacholi,Australian Labor Party,Hunter,2023-04-05,Travel,Other Travel,Brisbane Broncos and Queensland Energy Minister,Brisbane Broncos and Queensland Energy Minister,Ticket to Brisbane Broncos v Dolphins NRL Game,Ticket to the corporate box at the Brisbane Broncos v Dolphins NRL Game on 24 March as a guest of the Queensland Energy Minister
2c7b5671-5ab0-490a-a5a6-12e27e0621a5,Dan Repacholi,Australian Labor Party,Hunter,2023-08-28,Travel,Other Travel,Mining and Energy Union,Mining and Energy Union,Accommodation in Moranbah Queensland,Mining and Energy Union provided 2 nights accommodation in Moranbah Queensland at the Property Vine - Monterey Moranbah for 2 People during a trip to speak with workers in the area
71e340d7-524e-4b2f-96cc-fec0b4627124,Dan Repacholi,Australian Labor Party,Hunter,2023-09-19,Gift,Decorative,"Pete Steggall, Central Coast","Pete Steggall, Central Coast",Artwork - Night Moves Raku Vase,Local artist donated artwork for my Canberra Office Vase. Title: Night Moves; Medium: Raku with slips; Made: Jan 2023; Received: 14 September 2023; Normal Selling Price: $1400.00
9175db9a-b565-4681-a32f-c52a36106631,Dan Repacholi,Australian Labor Party,Hunter,2023-09-19,Gift,Decorative,"Daniel Skeffington, Bonnells Bay, Lake Macquarie City","Daniel Skeffington, Bonnells Bay, Lake Macquarie City",Artwork - Celebration After: La Vierge folle Sculpture,"Local artist donated artwork for my Canberra Office Sculpture. Title: Celebration After: La Vierge folle, dit aussi La Folle danseuse. (The Mad Dancer). Rik Wouters, Amsterdam 1912, Bronze. Lyon Museum of Fine Art.; Medium: Porcelain with 'Marble' glaze. Mounted on Australian Redwood Base.; Made: 2023; Received: 14 September 2023; Normal Selling Price: $1200.00."
b2a57a5b-b40c-4213-b69b-cf4f290f17bb,Dan Repacholi,Australian Labor Party,Hunter,2023-10-04,Travel,Other Travel,"Brett O'Farrell, Hunter Sports Academy","Brett O'Farrell, Hunter Sports Academy",Ticket to the 2023 AFL Grand Final,"1 ticket to the 2023 AFL Grand Final from Brett O'Farrell, Hunter Sports Academy. Ticket given to my cousin to attend. Recieved 28/09/2023"
3811c58e-18a7-4936-b57f-d63a341eb85f,Dan Repacholi,Australian Labor Party,Hunter,2023-12-11,Membership,Other Membership,Mining and Energy Union Northern District,Mining and Energy Union Northern District,Mining and Energy Union Northern District Office Usage,Use of an office by the Mining and Energy Union Northern District while my Electorate Office was undergoing a renovation. This was for a period of 7 weeks and allowed me and my Chief of Staff to utilise a space to meet and plan and do diary work.
41894d37-2b00-42d8-a7ec-9f43a5fe659a,Dan Repacholi,Australian Labor Party,Hunter,2024-02-02,Travel,Other Travel,"Paul Smith, Owner of the Sydney Kings","Paul Smith, Owner of the Sydney Kings",Tickets to the Sydney Kings Basketball game,"4 Tickets to the Sydney Kings Basketball game from Paul Smith, Owner of the Sydney Kings for the game on Sunday 28 January 2024."
70a0205d-edd6-4bb7-a6a1-ae1f8a2c03c6,Dan Repacholi,Australian Labor Party,Hunter,2024-11-06,Travel,Other Travel,Mining and Energy Union,Mining and Energy Union,Accommodation at The Star in Brisbane & Gala Dinner,Received 3 nights accommodation from the Mining and Energy Union on 29/30/31 October 2024 at The Star in Brisbane while I attended and spoke at their National Convention. Also attended their Gala Dinner on 31 October.
25e4269d-b1c1-4f43-a39b-c0959d0c7a87,Amanda Rishworth,Australian Labor Party,Kingston,2022-05-21,Asset,Real Estate,L and J family trust,L and J family trust,Residential Property and Savings,Residental Property and Savings. Potential joint beneficiary in the event of parents death (never received a distribution)
99124d0f-3959-4932-8273-4147dbdb0c50,Amanda Rishworth,Australian Labor Party,Kingston,2022-05-21,Asset,Real Estate,L and J family trust,L and J family trust,Residential Property and Savings,Residental Property and Savings. Potential joint beneficiary in the event of parents death (never received a distribution)
8cfeae1d-fa21-4780-8b90-dcce97104fe1,Amanda Rishworth,Australian Labor Party,Kingston,2022-05-21,Asset,Real Estate,L and J family trust,L and J family trust,Residential Property and Savings,Residental Property and Savings. Potential joint beneficiary in the event of parents death (never received a distribution)
18d0d00a-d66f-48a1-96bb-268543832483,Amanda Rishworth,Australian Labor Party,Kingston,2022-05-21,Liability,Credit,"ANZ, credit union SA",credit union SA,Credit Cards,Credit cards
5f12d67f-0b13-4147-abb1-c37fdea0d2bf,Amanda Rishworth,Australian Labor Party,Kingston,2022-05-21,Liability,Credit,"American Express, Westpac, latitude financial group","American Express, Westpac, latitude financial group",Credit Card,Credit card
3f6f42b1-ee36-4eb1-a50e-e3806f0c4a2a,Tracey Roberts,Australian Labor Party,Pearce,2022-11-08,Asset,Real Estate,"Chamber of Minerals & Energy WA (MCE), Minerals Council of Australia (MCA), and the Australian Petroleum Production & Exploration Association (APPEA)","Chamber of Minerals and Energy WA (CME), Minerals Council of Australia (MCA), and the Australian Petroleum Production & Exploration Association (APPEA)",Flights and Accommodation in Karratha and Newman,Flights and accommodation - 2 nights accommodation in Karratha (1) and Newman (1) including meals - received 12-14/10/2022 Various Charter Flights: received 12-14/10/2022 Purpose of trip/context: Pilbara Resource Sector Familiarisation and Networking Tour Value: unknown
cd64927e-3808-49ee-bbd4-2d5640c1b4bc,Tracey Roberts,Australian Labor Party,Pearce,2024-11-01,Unknown,Other,Edith Cowan University School of Business and Law Advisory Board,Edith Cowan University School of Business and Law Advisory Board,Member of Advisory Board,Member
03ae9de7-cbb5-427a-8d03-1374681467c3,Michelle Rowland,Australian Labor Party,Greenway,2022-08-22,Asset,Shares,Pericles Unit Trust/Elysium Pty Ltd,Pericles Unit Trust/Elysium Pty Ltd,"Real Property Investments in Glenwood, Randwick and Kingston","Real property investments in Glenwood, Randwick and Kingston"
9f5d8f74-85e3-40cb-995d-09699c699fdb,Michelle Rowland,Australian Labor Party,Greenway,2022-08-22,Asset,Shares,Pericles Unit Trust/Elysium Pty Ltd,Pericles Unit Trust/Elysium Pty Ltd,"Real Property Investments in Glenwood, Randwick and Kingston","Real property investments in Glenwood, Randwick and Kingston - Spouse/partner"
cc8a2f2c-336c-4fea-aa52-716d90452c25,Michelle Rowland,Australian Labor Party,Greenway,2022-08-22,Asset,Shares,Pericles Unit Trust/Elysium Pty Ltd,Pericles Unit Trust/Elysium Pty Ltd,Real Property Investments,Real property investments as above
dcbf33e5-0f23-412c-82a9-14683e35b85a,Michelle Rowland,Australian Labor Party,Greenway,2022-08-22,Asset,Shares,Pericles Unit Trust/Elysium Pty Ltd,Pericles Unit Trust/Elysium Pty Ltd,Real Property Investments,Real property investments as above - Spouse/partner
84c71bdb-2889-4a9e-9a8c-d6e0fe1918ee,Michelle Rowland,Australian Labor Party,Greenway,2023-05-17,Membership,Professional,Qantas and Virgin,"Qantas, Virgin",Qantas Chairman's Lounge & Virgin Velocity Membership,Qantas Chairman's Lounge membership and Virgin Velocity Membership
c8d781ac-a38f-4435-8eb9-625ef3e0d3c5,Joanne Ryan,Australian Labor Party,Lalor,2022-08-19,Asset,Other Asset,Great Southern Bank/CUA,Great Southern Bank,Savings Account,Savings
2c2d20ef-d8c7-4b9a-854d-379de5d30c63,Joanne Ryan,Australian Labor Party,Lalor,2022-08-19,Unknown,Other,Wyndham Track and Field,Wyndham Track and Field Club,Patron,Self - Patron
ce41fd23-4b3b-430a-9957-7c5033c978b8,Bill Shorten,Australian Labor Party,Maribyrnong,2022-08-26,Asset,Shares,Murrumbeena / East Malvern Community Financial Services Limited,Murrumbeena / East Malvern Community Financial Services Limited,Shares,Shares in Murrumbeena / East Malvern Community Financial Services Limited
ad53c505-c406-4fe1-ac6a-534c128c739a,Bill Shorten,Australian Labor Party,Maribyrnong,2022-08-26,Asset,Real Estate,"Travancore, VIC","Travancore, VIC",Residential House in Travancore,Residential
f32d93ae-9f4d-4bce-a0ca-97282d9a4fd4,Bill Shorten,Australian Labor Party,Maribyrnong,2022-10-05,Asset,Shares,Murrumbeena / East Malvern Community Financial Services Limited,Murrumbeena / East Malvern Community Financial Services Limited,Shares,Removal of shareholding in Murrumbeena / East Malvern Community Financial Services Limited
4f434ba9-82e6-47fc-bcce-da755d4669e3,Bill Shorten,Australian Labor Party,Maribyrnong,2023-09-18,Unknown,Other,"Ambassador of Japan, HE Mr Kazuhiro Suzuki","Ambassador of Japan, HE Mr Kazuhiro Suzuki",KAGAMI crystal drinking glasses,"Set of 2 KAGAMI crystal drinking glasses from Ambassador of Japan, HE Mr Kazuhiro Suzuki received 8 September 2023"
d275da78-244c-4756-b7a7-24f755f5cd10,Bill Shorten,Australian Labor Party,Maribyrnong,2023-10-18,Gift,Decorative,"Indonesian Minister for Administration and Bureaucratic Reform, H. Abdullah Azwar Anas","Indonesian Minister for Administration and Bureaucratic Reform, H. Abdullah Azwar Anas",Wooden plaque and gold/black sarong,"Wooden plaque and gold/black sarong from Indonesian Minister for Administration and Bureaucratic Reform, H. Abdullah Azwar Anas"
6efad21f-b303-49c7-a0c3-fceb9ca4850b,Sally Sitou,Australian Labor Party,Reid,2023-07-28,Travel,Other Travel,Solomon Islands/Save the Children,Solomon Islands/Save the Children,Flights and accommodation to Solomon Islands,Cross party visit to the Solomon Islands to view development projects supported by NGOs and the Australian Government. Flights and accommodation paid for by Save the Children
491b0501-a722-45ab-9366-ce36145b1426,Sally Sitou,Australian Labor Party,Reid,2023-08-31,Gift,Entertainment,"Office of Southeast Asia, Department of Foreign Affairs and Trade","Office of Southeast Asia, Department of Foreign Affairs and Trade",FIFA World Cup Quarter Final tickets,"FIFA World Cup Quarter Final tickets x 2 England v Columbia from the Office of Southeast Asia, Department of Foreign Affairs and Trade 12/08/2023"
c2b8f40b-9577-4265-b216-dbe7e116ccd7,Sally Sitou,Australian Labor Party,Reid,2023-08-31,Asset,Other Asset,"Office for Sport, Department of Health and Aged Care","Office for Sport, Department of Health and Aged Care",FIFA World Cup Semi Final Tickets,"FIFA World Cup Semi Final tickets x 2 Australia v England from the Office for Sport, Department of Health and Aged Care 16/08/2023"
bea5f0e4-f33d-468e-93eb-e2598255427f,Sally Sitou,Australian Labor Party,Reid,2023-08-31,Asset,Other Asset,"Office for Sport, Department of Health and Aged Care","Office for Sport, Department of Health and Aged Care",FIFA World Cup Final Tickets,"FIFA World Cup Final tickets x 2 England v Spain from the Office for Sport, Department of Health and Aged Care 20/08/2023"
318c0525-09f4-4755-a04d-eeb35abaedbf,Allegra Spender,Independent,Wentworth,2022-08-23,Asset,Real Estate,"Darling Point, NSW","Hastings Point, NSW",Residential House in Darling Point,Residential
48a93c55-2e94-401c-ba47-97c0e2221494,Allegra Spender,Independent,Wentworth,2022-08-23,Asset,Real Estate,"Great Mackerel Beach, NSW","Great Mackerel Beach, NSW",Vacation Home in Great Mackerel Beach,Holiday House / Investment
2962c267-3953-4dd5-8553-2698a7a1b745,Allegra Spender,Independent,Wentworth,2022-08-23,Asset,Real Estate,"Great Mackerel Beach, NSW","Great Mackerel Beach, NSW",Vacation Home in Great Mackerel Beach,Holiday House / Investment
329365b1-211d-4245-97e0-d944165e4fa3,Allegra Spender,Independent,Wentworth,2022-08-23,Unknown,Other,"Woollahra, NSW","Woollahra, NSW",Estate Asset in Woollahra,Estate Asset
856272c5-3fd2-4aed-ac9e-2cf7720d620b,Allegra Spender,Independent,Wentworth,2022-08-23,Asset,Real Estate,"Great Mackerel Beach, NSW","Great Mackerel Beach, NSW",Vacation Home in Great Mackerel Beach,Holiday House / Investment of spouse/partner
f006e162-c332-4d0c-9558-f4f2cc876825,Allegra Spender,Independent,Wentworth,2022-08-23,Asset,Real Estate,"Great Mackerel Beach, NSW","Great Mackerel Beach, NSW",Vacation Home in Great Mackerel Beach,Holiday House / Investment of spouse/partner
8c9ea4e7-35e5-44cb-95e6-f0bf9bb3ef97,Allegra Spender,Independent,Wentworth,2022-08-23,Asset,Shares,"Cambridgeshire, UK","Cambridgeshire, UK",Investment Property in Cambridgeshire,Investment of spouse/partner
47884dae-a8ca-49b7-9060-ba30994a03de,Allegra Spender,Independent,Wentworth,2022-08-23,Asset,Other Asset,"First Direct, Barclays","First Direct, Barclays",Foreign Bank Accounts,Foreign bank accounts
10d0fb84-39fe-45ca-86f9-935215216b2c,Allegra Spender,Independent,Wentworth,2022-08-23,Asset,Other Asset,"GIC, Standard Life",Standard Life,UK Bank Accounts and Investments,UK bank accounts and investments of spouse/partner
4bce2c94-6d4e-4c0b-9968-22efc4e41c9e,Allegra Spender,Independent,Wentworth,2024-07-29,Membership,Other Membership,Italian Chamber of Commerce and Industry,Victorian Employee Chamber of Commerce and Industry,Italian Chamber of Commerce and Industry membership,Italian Chamber of Commerce and Industry (Honorary Membership)
09d9ce3e-9f77-413d-aba1-72152bbeb5a1,Anne Stanley,Australian Labor Party,Werriwa,2022-08-03,Asset,Real Estate,"Lurnea, NSW","Lurnea, NSW",Residential House in Lurnea,Residential
9ea239a0-53ab-4a2b-89a0-6ddd3430d324,Anne Stanley,Australian Labor Party,Werriwa,2022-08-03,Asset,Shares,"Watson, ACT","Watson, ACT",Investment Apartment in Watson,Investment
10939542-6fbd-4a93-a78e-c08023bb0281,Anne Stanley,Australian Labor Party,Werriwa,2022-08-03,Asset,Real Estate,"Lurnea, NSW","Lurnea, NSW",Residential House in Lurnea,Residential
3d27e5d8-d7d7-4ca2-9180-8b051f6afc42,Anne Stanley,Australian Labor Party,Werriwa,2022-08-03,Asset,Shares,"Watson, ACT","Watson, ACT",Investment Apartment in Watson,Investment
dae756b3-7691-4f1f-8d43-91a44c18b0d9,Zali Steggall,Independent,Warringah,2024-10-25,Asset,Real Estate,Voices of Fisher and Fairfax Matters community groups,Voices of Fisher and Fairfax Matters community groups,Sunshine Coast Accommodation,Sunshine Coast accommodation provided by Voices of Fisher and Fairfax Matters community groups
7188a8ee-1ed0-4430-8855-40bbf3bb10df,James Stevens,Liberal Party of Australia,Sturt,2022-08-16,Membership,Other Membership,French Australia Chamber of Commerce and Industry,Italian Chamber of Commerce and Industry in Australia Inc.,Industry Group Membership,Industry Group
a645a5d4-c4ea-4e70-b731-3b55797a35ce,James Stevens,Liberal Party of Australia,Sturt,2022-08-16,Membership,Professional,"ASTRA Subscription, Qantas Chairmans Lounge, Virgin The Club","ASTRA Subscription, Qantas Chairmans Lounge, Virgin The Club",Club Membership,"Self: ASTRA Subscription, Qantas Chairmans Lounge, Virgin The Club"
dd62ad07-4d42-49b9-8b65-0f29f1a5e7b2,James Stevens,Liberal Party of Australia,Sturt,2022-08-16,Gift,Entertainment,"Liberal Party of Australia (SA Division), Norwood Football Club, Burnside Rotary Club, Campbelltown Rotary Club, Payneham RSL, North East Community Assistance Project","Liberal Party of Australia (SA Division), Norwood Football Club, Burnside Rotary Club, Campbelltown Rotary Club, Payneham RSL, North East Community Assistance Project",Support,"Self: Liberal Party of Australia (SA Division), Norwood Football Club, Burnside Rotary Club, Campbelltown Rotary Club, Payneham RSL, North East Community Assistance Project"
2fa89fd2-ddde-468d-a122-f8ff933e29cd,Michael Sukkar,Liberal Party of Australia,Deakin,2022-08-23,Travel,Other Travel,"Qantas, Virgin","Qantas, Virgin","Tickets to AFL Match, Qantas Chairman's Lounge Membership, Virgin 'The Club' Membership","Complimentary tickets to an AFL match on July 16th, Complimentary Membership to Qantas Chairman's Lounge, Complimentary Membership to Virgin 'The Club'"
507bff20-a332-4125-b61b-53125cc5f9c7,Michael Sukkar,Liberal Party of Australia,Deakin,2022-08-23,Membership,Professional,"Qantas, Virgin","Qantas, Virgin",Complimentary Airline Lounge Memberships,"Complimentary Membership to Qantas Chairman's Lounge, Complimentary Membership to Virgin 'The Club'"
63ecf7f1-c43c-43d3-aacf-361630d298d3,Meryl Swanson,Australian Labor Party,Paterson,2022-10-26,Unknown,Other,Maitland and District Cricket Umpire' and Scorers' Association Incorporated,Maitland and District Cricket Umpire' and Scorers' Association Incorporated,Maitland and District Cricket Umpire' and Scorers' Association Patronage,Patron of Maitland and District Cricket Umpire' and Scorers' Association Incorporated
5d103240-3f85-4713-96be-a3f03d2134ab,Meryl Swanson,Australian Labor Party,Paterson,2022-10-26,Travel,Other Travel,Council of Minerals and Energy,Council of Minerals and Energy,Travel to Pilbara Region,Travel to the Pilbara region hosted by the Council of Minerals and Energy to experience a better understanding of the industry - briefings by stakeholders
1cf23d60-9f32-4d81-afb3-fbf71d8abd46,Meryl Swanson,Australian Labor Party,Paterson,2023-02-01,Travel,Other Travel,Taipei Economic and Cultural Office,Taipei Economic and Cultural Office,"Sponsored Travel to Taiwan (Airfares, Accomodation, Meals)","Sponsored travel to Taiwan including airfares, accomodation, meals and incidentals provided by the Taipei Economic and Cultural Office in Australia"
fb563d23-ea36-4372-b52a-cb552aa67933,Meryl Swanson,Australian Labor Party,Paterson,2023-02-09,Asset,Real Estate,"Pepperjack Grenache, Early Development Low Alcohol wine","Pepperjack Grenache, Early Development Low Alcohol wine",Pepperjack & Low Alcohol Wine,6 x bottles of Pepperjack Grenache valued at $19.99 each ($119.94 Total) at danmurphys.com.au and 6 x bottles of Early Development Low Alcohol wine (Value unknown as not sold commercially) donated to the Parliamentary Friends of Viticulture by Treasury Wines Estate and unused at the Wednesday 8th of February PFOV event at Parliament House
856aac08-9477-481c-bc94-c43e648d7d0c,Angus Taylor,Liberal Party of Australia,Hume,2022-08-18,Asset,Real Estate,"Goulburn, NSW","Goulburn, NSW",Residential House and Farm in Goulburn,Home and Farm
82c1c3e2-0b45-47c1-a9f9-4efb9457af77,Angus Taylor,Liberal Party of Australia,Hume,2022-08-18,Unknown,Other,"Cathedral Church of St Saviour, Goulburn","Cathedral Church of St Saviour, Goulburn","Cathedral Church of St Saviour, Goulburn Patronage","Patron of Cathedral Church of St Saviour, Goulburn"
c6932a2a-3919-4f22-b786-e8bbcfe65255,Daniel Tehan,Liberal Party of Australia,Wannon,2022-08-04,Asset,Real Estate,"Hamilton, VIC","Hamilton, VIC",Residential House in Hamilton,Private residential
d45dd0d8-185b-479c-849e-da1e622f7607,Daniel Tehan,Liberal Party of Australia,Wannon,2022-08-04,Asset,Real Estate,"O'Connor, ACT","O'Connor, ACT",Investment Apartment in O'Connor,Residential investment
339e6526-7a46-492d-8451-560a1edb183e,Daniel Tehan,Liberal Party of Australia,Wannon,2022-08-04,Asset,Real Estate,"Turner, ACT","Turner, ACT",Residential House in Turner,Private residential
89f1745f-abbf-48c4-9a2f-d2143b48806b,Daniel Tehan,Liberal Party of Australia,Wannon,2022-08-04,Asset,Real Estate,"Willoughby, NSW","Willoughby, NSW",Investment Apartment in Willoughby,Residential investment
1353c5e7-d265-4af6-a22c-b9dc6228c488,Daniel Tehan,Liberal Party of Australia,Wannon,2022-08-04,Asset,Real Estate,"Queanbeyan, NSW","Queanbeyan, NSW",Investment Apartment in Queanbeyan,Residential investment
c3a50501-fde4-45ab-97f1-5b5fa0bdc5a8,Daniel Tehan,Liberal Party of Australia,Wannon,2022-08-04,Asset,Real Estate,"Warrnambool, VIC","Warrnambool, VIC",Investment Apartment in Warrnambool,Residential investment
ef84f760-106e-4365-8963-488f5e8d9760,Daniel Tehan,Liberal Party of Australia,Wannon,2022-08-04,Asset,Real Estate,"Kew, VIC","Kew, VIC",Investment Apartment in Kew,Residential investment
2ccbca91-df3a-4b50-a627-49ff37614b52,Daniel Tehan,Liberal Party of Australia,Wannon,2024-03-08,Asset,Real Estate,"Turner, ACT","Turner, ACT",Residential House in Turner,Private residential
7bc437ac-ec11-4e72-92a9-503da4f08a00,Daniel Tehan,Liberal Party of Australia,Wannon,2024-03-08,Asset,Real Estate,"Willoughby, NSW","Willoughby, NSW",Investment Apartment in Willoughby,Residential investment
23f0d724-53bb-4a31-af65-467d6b1bb42b,Daniel Tehan,Liberal Party of Australia,Wannon,2024-03-08,Asset,Real Estate,"Queanbeyan, NSW","Queanbeyan, NSW",Investment Apartment in Queanbeyan,Residential investment
d306c074-2641-43df-b385-5ec47f58aa31,Daniel Tehan,Liberal Party of Australia,Wannon,2024-03-08,Asset,Real Estate,"Warrnambool, VIC","Warrnambool, VIC",Investment Apartment in Warrnambool,Residential investment
df02cc77-e791-44ba-bb81-b4d9bfc0a986,Daniel Tehan,Liberal Party of Australia,Wannon,2024-03-08,Asset,Real Estate,"Kew, VIC","Kew, VIC",Investment Apartment in Kew,Residential investment
58f7a1b6-5341-4d32-a16d-e7c1160005f0,Susan Templeman,Australian Labor Party,Macquarie,2023-03-16,Gift,Entertainment,Western Sydney Wanderers and Turner Freeman Lawyers,Western Sydney Wanderers and Turner Freeman Lawyers,Tickets WSW FC v Sydney FC,"3 tickets WSW FC v Sydney FC $1,122 11/02/2023"
74b7543b-b8cd-47e2-a0cc-4ee17e6d10eb,Susan Templeman,Australian Labor Party,Macquarie,2023-03-16,Gift,Entertainment,Becketts Bar and Dining,Becketts Bar and Dining,Tickets to Theatre Vignette #6,2 tickets Theatre Vignette #6 $400 23/02/2023
f413c91c-f27f-4915-bcdb-bb76b8e8a081,Phillip Thompson,Liberal National Party,Herbert,2024-07-23,Asset,Shares,A&E Investments Trust,AUSBIL Investment Trust,Shares,A&E Investments Trust
493efcf3-7e6e-4030-9ec3-18a07e537ae0,Phillip Thompson,Liberal National Party,Herbert,2024-07-23,Membership,Other Membership,A&E Thompson Investments Pty Ltd,A&E Thompson Investments Pty Ltd,Investment Company,A&E Thompson Investments Pty Ltd
a07708a9-3dca-49f7-b942-f931ace725f6,Kate Thwaites,Australian Labor Party,Jagajaga,2022-08-08,Liability,Loan,D and S Thwaites,D and S Thwaites,Personal Loan,Personal Loan
9261c7b4-cce5-4c0d-b833-3537d2e0d9e1,Kate Thwaites,Australian Labor Party,Jagajaga,2023-11-13,Travel,Other Travel,Australian Political Exchange Council/Ministry of Foreign Affairs Japan,Australian Political Exchange Council/Ministry of Foreign Affairs Japan,Delegation Trip to Japan,"Australian Political Exchange Council delegation to Japan, funded by the Ministry of Foreign Affairs Japan, 28 October - 4 November"
e391a784-8307-4899-903b-a9220fcb2d53,Kylea Tink,Independent,North Sydney,2022-08-26,Liability,Mortgage,"Westpac Bank, Plan Lend Australia","Westpac Bank, Plan Lend Australia",Residential and Investment Property Mortgage,Mortgage on residential and investment properties
403ece78-5c44-44f3-b2cc-4d1d25c40bc9,Alan Tudge,Liberal Party of Australia,Aston,2022-05-21,Membership,Professional,"Qantas Chairmans Lounge, Virgin club Lounge, Foxtel","Qantas Chairmans Lounge, Virgin club Lounge, Foxtel",Qantas/Virgin Lounge Membership & Foxtel,Ongoing gifts: membership of Qantas Chairmans Lounge and Virgin club Lounge; Foxtel subscription
3e87f00c-86b5-48e3-a5d2-fe46531300da,Alan Tudge,Liberal Party of Australia,Aston,2022-05-21,Membership,Other Membership,"Liberal Party, Rotary Club, Relay for Life","Liberal Party, Rotary Club, Relay for Life",Liberal Party/Rotary Club/Relay for Life,"Liberal Party, Rotary Club, Relay for Life patron"
3ba1d6e3-2e6a-407a-b1c3-99a98ddff5b4,Albertus Van Manen,Liberal National Party,Forde,2023-09-07,Travel,Other Travel,FFA / FIFA,FFA / FIFA,FIFA Womens World Cup Tickets,12/08/2023 - 3 x Tickets to FIFA Womens World Cup (Australian vs France) Brisbane courtesy of FFA/FIFA
e5a52b2e-0c98-4f10-b08e-d49697f63738,Albertus Van Manen,Liberal National Party,Forde,2024-03-27,Travel,Other Travel,"Football Australia, AIJAC","Football Australia, AIJAC",Football Australia Ticket & AIJAC Israel Fellowship Program,"26 - 3 - 2024 Football Australia 1x ticket to Australia vs Lebanon Canberra, 8- 3 - 2024 to 14 - 3 - 2024 AIJAC Rambam Israel Fellowship Program Study Group visit to Israel (Airfares, Accommodation and Meals)"
b410e1aa-d824-4dcd-b6f5-76ac80246f65,Ross Vasta,Liberal National Party,Bonner,2023-11-29,Membership,Professional,Qantas Lounge and Virgin Club,Qantas Lounge and Virgin Club,Qantas/Virgin Lounge Membership,Qantas Lounge and Virgin Club
24505940-e59d-4375-905a-f82a42ec75e3,Aaron Violi,Liberal Party of Australia,Casey,2022-08-15,Asset,Other Asset,"Bendigo Bank, ING",Bendigo Bank,Savings,Savings
fef390e9-4d15-46a7-9760-853fa48b0ff9,Aaron Violi,Liberal Party of Australia,Casey,2022-08-15,Membership,Professional,"Qantas, Virgin, Zero 95, Belgrave Football and Netball club, Eastern Football League, Foxtel","Qantas, Virgin, Zero 95, Belgrave Football and Netball club, Eastern Football League, Foxtel","Lounge Memberships, Vouchers & Subscriptions","Qantas Chairman's Lounge Membership, Virgin Beyond Club membership, Zero 95 Gift Voucher, Belgrave Football and Netball club membership, Eastern Football League season membership, Foxtel subscription (Electoral Office)"
e6982408-03b0-464c-980a-6e7e803fcaff,Aaron Violi,Liberal Party of Australia,Casey,2022-08-15,Gift,Entertainment,"Melbourne Cricket Club, Belgrave Football and Netball Club, Lilydale Township Action Group, Lilydale RSL, Fernwood Gym","Melbourne Cricket Club, Belgrave Football and Netball Club, Lilydale Township Action Group, Lilydale RSL, Fernwood Gym",Gifts from Local Organizations,"Melbourne Cricket Club, Belgrave Football and Netball Club, Lilydale Township Action Group, Lilydale RSL, Fernwood Gym"
f4fca124-994c-477f-8645-551ca819b1b5,Aaron Violi,Liberal Party of Australia,Casey,2023-05-23,Travel,Other Travel,"Scale, Tabcorp, AFL, Melbourne City, Thomas Derum","Scale, Tabcorp, AFL, Melbourne City, Thomas Derum","Avalon Airshow Ticket, Flemington Races Tickets, Geelong vs Collingwood Tickets, Melbourne City vs Wellington Phoenix Tickets, Collingwood vs Essendon Flights","Avalon Airshow Ticket and Hospitality - Scale facilitation, 2 tickets and hospitality Flemington Races - Tabcorp, 2 tickets and hospitality - Geelong vs Collingwood - AFL, 4 tickets - Melbourne City vs Wellington Phoenix, 2 tickets and hospitality - Collingwood vs Essendon - AFL, Return flights to Sydney - Thomas Derum"
abeb905d-46ce-458a-b442-5c0c7914a241,Andrew Wallace,Liberal National Party,Fisher,2022-08-23,Asset,Real Estate,"Wurtulla, QLD.","Wurtulla, QLD.","Wurtulla,",Principal Place of Residence
9f61cc85-5b93-43f8-adec-b1b7d7e40903,Andrew Wallace,Liberal National Party,Fisher,2022-08-23,Asset,Real Estate,"Kelowna, British Columbia, Canada.","Kelowna, British Columbia, Canada.","Kelowna,",Investment/Holiday House
f860387b-6e27-4373-8b70-9b8d3dcaf0cd,Andrew Wallace,Liberal National Party,Fisher,2022-08-23,Travel,Other Travel,Australia/Israel and Jewish Affairs Council,Australia/Israel & Jewish Affairs Council (AIJAC),Rambam Israel Fellowship Program Study Trip,"2017: Participation in the Rambam Israel Fellowship Program Study Trip. Sponsored by the Australia/Israel and Jewish Affairs Council. Provided: airfares, hotel accomodation and daily schedule facilitation"
af14c00c-3687-4703-a507-9b78a52da6ee,Andrew Wallace,Liberal National Party,Fisher,2022-08-23,Gift,Other Gift,Sporting Wheelies and Disabled Association,Sporting Wheelies and Disabled Association,Gift,Sporting Wheelies and Disabled Association
ed746e99-5d89-4935-ae46-fc639ef6e6f9,Andrew Wallace,Liberal National Party,Fisher,2024-01-10,Travel,Other Travel,Australian/Israel and Jewish Affairs Council (AIJAC),Australia/Israel & Jewish Affairs Council (AIJAC),Flights and Accommodation in Israel,"Flights to, ground transfers and accommodation in Israel by Australian/Israel and Jewish Affairs Council (AIJAC) 9 December – 14 December 2023"
b0a9c1a9-9d9f-472a-8539-da11010b6b42,Jenny Ware,Liberal Party of Australia,Hughes,2022-08-29,Asset,Real Estate,"Gymea Bay, NSW","Gymea Bay, NSW",Gymea,Residential - Self
2695e74d-fdff-4a64-b066-9a4c90d01e42,Jenny Ware,Liberal Party of Australia,Hughes,2022-08-29,Asset,Shares,"Hurstville, NSW","Hurstville, NSW","Hurstville,","Part owner, Investment - Self"
e4a5d5c9-b89e-4df7-ba25-ec4873cf6b18,Jenny Ware,Liberal Party of Australia,Hughes,2022-08-29,Asset,Shares,"Coff Harbour, NSW","Coffs Harbour, NSW",Coff,"Part owner, Investment - Self"
77a4c555-ce73-4abe-a571-4480f20c7dc0,Jenny Ware,Liberal Party of Australia,Hughes,2022-08-29,Asset,Real Estate,"Gymea Bay, NSW","Gymea Bay, NSW",Family Related,Residential - Spouse/partner
81a5282d-1c9d-49b1-986d-8251069bde75,Jenny Ware,Liberal Party of Australia,Hughes,2022-08-29,Asset,Shares,"Hurstville, NSW","Hurstville, NSW",Family Related,"Part owner, Investment - Spouse/partner"
01513163-9fa6-4cb3-9a4c-99d74d3ab4ba,Jenny Ware,Liberal Party of Australia,Hughes,2022-08-29,Asset,Shares,"Coffs Harbour, NSW","Coffs Harbour, NSW",Family Related,"Part owner, Investment - Spouse/partner"
567edc16-355f-498d-a426-aebebe6587a5,Jenny Ware,Liberal Party of Australia,Hughes,2024-04-29,Membership,Other Membership,ARAD: Association of Rooftop and Airspace Development,ARAD: Association of Rooftop and Airspace Development,ARAD Bronze Membership,Bronze Membership 19 March 2024 - 19 March 2025
0b1a1b08-eaf2-4be5-8bdb-745dc7a73354,Elizabeth Watson-Brown,Australian Greens,Ryan,2022-08-26,Asset,Real Estate,"St Lucia, Queensland","St Lucia, Queensland",Residential House in St Lucia,Residential (50%)
598fb158-dec0-4397-9b48-644ef4e5deb8,Elizabeth Watson-Brown,Australian Greens,Ryan,2022-08-26,Asset,Shares,"Auchenflower, Queensland","Auchenflower, Queensland",Investment Apartment in Auchenflower,Investment (50%)
b2b3a08c-9c0e-4a42-8907-158205370a2a,Elizabeth Watson-Brown,Australian Greens,Ryan,2022-08-26,Asset,Real Estate,"Hastings Point, NSW","Hastings Point, NSW",Vacation Home in Hastings Point,Holiday flat (50%)
caf2b663-eb42-420f-acea-5233cdbd66c9,Elizabeth Watson-Brown,Australian Greens,Ryan,2022-08-26,Asset,Real Estate,"Adelaide, SA","Adelaide, SA",Residential House in Adelaide,Residential (son)
5093e0cd-527e-4542-8ef1-38db7ef87b8d,Timothy Watts,Australian Labor Party,Gellibrand,2022-08-23,Membership,Other Membership,"ALP, Williamstown Branch (Vic)","ALP, Williamstown Branch (Vic)",ALP Williamstown Branch Membership,"Member of ALP, Williamstown Branch (Vic)"
fc65b3be-b0b3-4c20-8e63-05e5cc81e05f,Timothy Watts,Australian Labor Party,Gellibrand,2022-08-23,Membership,Other Membership,"ALP, Footscray Branch (Vic)","ALP, Footscray Branch (Vic)",ALP Footscray Branch Membership,"Member of ALP, Footscray Branch (Vic)"
f051d9a1-4fc3-49d9-a7aa-454e96ea9bd1,Timothy Watts,Australian Labor Party,Gellibrand,2022-09-27,Asset,Other Asset,AMP and BT,AMP and BT,Amp,AMP and BT
367e575c-69cd-4e2d-b77e-85bd6b08495e,Timothy Watts,Australian Labor Party,Gellibrand,2024-10-18,Gift,Entertainment,IGEA (Interactive Games and Entertainment Association),IGEA (Interactive Games and Entertainment Association),PAX Rising Indie Showcase Entry,1 x entry to the PAX Rising Indie Showcase from IGEA (Interactive Games and Entertainment Association)
185d6016-cd74-4583-8c53-c0087826a2b5,Timothy Watts,Australian Labor Party,Gellibrand,2024-10-18,Gift,Entertainment,IGEA (Interactive Games and Entertainment Association),IGEA (Interactive Games and Entertainment Association),PAX Entry Tickets,2 x accompanying entry tickets to PAX from IGEA (Interactive Games and Entertainment Association)
eec72725-f132-47e2-a500-a538fa0206fb,Anika Wells,Australian Labor Party,Lilley,2023-02-13,Travel,Other Travel,Cricket Australia and Cricket Queensland,Cricket Australia and New Zealand Cricket,Corporate suite tickets to Men's Test Series Australia v South Africa Brisbane Test,3 x Corporate suite tickets to Men's Test Series Australia v South Africa Brisbane Test
5d1feab0-b5f1-401c-9f30-abd4ccf37796,Anika Wells,Australian Labor Party,Lilley,2023-03-30,Travel,Other Travel,Netball Queensland and Queensland Firebirds,Netball Queensland and Queensland Firebirds,VIP tickets to Queensland Firebirds v Sunshine Coast Lightning game,2 x VIP tickets to Queensland Firebirds v Sunshine Coast Lightning game
aae8b2b3-d6d8-4890-a6fc-09f88a58adc6,Anika Wells,Australian Labor Party,Lilley,2023-09-05,Travel,Other Travel,Brisbane Festival Board and Executive,Brisbane Festival Board and Executive,Tickets to Official Brisbane Festival Riverfire VIP Function,Spouse received 2 x tickets to Official Brisbane Festival Riverfire VIP Function
3d7e8cb1-80b9-45f4-89ac-6c0a20b5c84e,Anika Wells,Australian Labor Party,Lilley,2023-10-10,Gift,Entertainment,"National Institute of Sport, Expertise and Performance(France)","National Institute of Sport, Expertise and Performance(France)",INSEP branded merchandise and clothing and framed picture,INSEP branded merchandise and clothing and framed picture
c3a8a4c4-a32c-4d57-a882-05efc7d1b6b4,Anika Wells,Australian Labor Party,Lilley,2023-10-10,Travel,Other Travel,National Rugby League (NRL) and Australian Rugby League (ARL),Australian Rugby League Commission and National Rugby League,Suite tickets to 2023 NRLW and NRL Grand Finals,2 x Suite tickets to 2023 NRLW and NRL Grand Finals
355ae3bb-5c7f-45ec-8a55-b7a96261f19a,Anika Wells,Australian Labor Party,Lilley,2023-10-10,Unknown,Other,"Honourable Amélie Oudéa-Castéra, Minister for Sport and the Olympic & Paralympic Games (France)","Honourable Amélie Oudéa-Castéra, Minister for Sport and the Olympic & Paralympic Games (France)",Paris 2024 Games Merchandise,Paris 2024 Games merchandise
0319f3ac-c3ea-4d7e-8228-9fd2edc1b284,Andrew Wilkie,Independent,Clark,2022-08-09,Travel,Other Travel,Qantas and Virgin,"Qantas, Virgin","Frequent flyer scheme membership, lounge access and occasional upgrades","Frequent flyer scheme membership, lounge access and occasional upgrades provided by Qantas and Virgin"
a1b7c24f-e0e9-4792-9de1-362e049f4672,Andrew Wilkie,Independent,Clark,2022-08-09,Travel,Other Travel,Qantas and Virgin,"Qantas, Virgin","Frequent flyer scheme membership, lounge access and occasional upgrades","Frequent flyer scheme membership, lounge access and occasional upgrades provided by Qantas and Virgin (Spouse/partner)"
cdcf0cfe-85bd-4b3b-95dc-5bad5014f1f5,Andrew Willcox,LNP,Dawson,2022-08-05,Membership,Other Membership,"The Jack, Shannon & Tom Partnership No 1","The Jack, Shannon & Tom Partnership No 2",Property Investment Trust Beneficiary,"Beneficiary of Partners Trust, Property Investment"
a085457b-7afd-461b-9d67-8895669c4900,Andrew Willcox,LNP,Dawson,2022-08-05,Membership,Other Membership,"The Jack, Shannon & Tom Partnership No 2","The Jack, Shannon & Tom Partnership No 2",Property Investment Trust Beneficiary,"Beneficiary of Partners Trust, Property Investment"
df6c050f-6f74-447f-ac2a-bde4e402edf2,Andrew Willcox,LNP,Dawson,2023-11-01,Unknown,Other,"Summer Park, Brisbane","Summer Park, Brisbane",Commercial Property in Summer Park Brisbane,Owner/Landlord
c24d1a5a-04cf-463e-b373-a8a0dde9bd6c,Andrew Willcox,LNP,Dawson,2024-04-09,Unknown,Other,"Hyde Park, Townsville","Hyde Park, Townsville","Commercial Property in Hyde Park, Townsville","Remove: Self | Hyde Park, Townsville"
a212d785-868e-4809-afc2-5f8960015552,Josh Wilson,Australian Labor Party,Fremantle,2022-08-22,Membership,Other Membership,Community and Public Sector Union,Community and Public Sector Union,Union Membership,"Membership, Community and Public Sector Union"
54ae6243-4589-4d90-a543-3ef4ccad9c56,Josh Wilson,Australian Labor Party,Fremantle,2024-02-05,Travel,Other Travel,Save the Children Australia and the Gates Foundation,"Save the Children Australia, Gates Foundation",Trip to Indonesia,"Trip to Indonesia (Jakarta, Lombok, and Bali) provided by Save the Children Australia and the Gates Foundation as part of the Australian Regional Leadership Initiative – including air travel (international and internal flights), accommodation, food and city transport (14-20 January 2024). Mrs Wilson accompanied the delegation. The cost of Mrs Wilson's flights were met at Mr and Mrs Wilson's own expense."
75c89273-1fa3-4505-8483-7b9144124833,Rick Wilson,Liberal Party of Australia,O'Connor,2022-08-12,Asset,Shares,"Farm Plant, Livestock and Vehicles","Farm Plant, Livestock and Vehicles",Farm Property,N/A
8b9c270f-61c7-4c35-89c6-6e4bb4ffa03a,Rick Wilson,Liberal Party of Australia,O'Connor,2022-08-12,Asset,Shares,"Farm Plant, Livestock and Vehicles","Farm Plant, Livestock and Vehicles",Farm Property,Spouse/partner
aa2123ac-60f3-4bb3-877a-1748da60f58b,Rick Wilson,Liberal Party of Australia,O'Connor,2024-05-13,Income,Other Income,25/6 Cunningham Griffiths ACT,25/6 Cunningham Griffiths ACT,25/6 Cunningham Griffiths ACT Property,Sold. Deletion
6ad507d6-bcd8-4d91-9d9d-2ad0912e4401,Keith Wolahan,Liberal Party of Australia,Menzies,2023-07-06,Travel,Other Travel,Australia/Israel & Jewish Affairs Council (AIJAC),Australia/Israel & Jewish Affairs Council (AIJAC),Rambam Israel Fellowship Program,"Accommodation, flights and hospitality as part of the Rambam Israel Fellowship Program from 24 June to 2 July 2023. Hosted by Australia/Israel & Jewish Affairs Council (AIJAC)."
55718c73-c059-4da6-8070-f4b1150ca671,Jason Wood,Liberal Party of Australia,La Trobe,2022-08-23,Unknown,Other,"King Henry Cafe, Sassafras","King Henry Cafe, Sassafras",Commercial Property - King Henry Cafe,Commercial
5ea6fe87-4a18-4e02-b264-3fdb5f75d315,Jason Wood,Liberal Party of Australia,La Trobe,2023-08-07,Asset,Real Estate,"Hon Minister for Education and Training, Government of Sri Lanka","Hon Minister for Education and Training, Government of Sri Lanka",Hotel Accommodation in Colombo,"Hotel Accommodation (provided by Hon Minister for Education and Training, Government of Sri Lanka) 4 nights from 18th July to 22nd July in Colombo, Sri Lanka."
b2165800-fb13-4c1c-8b5c-6190b56d0aea,Terry Young,Liberal National Party,Longman,2022-08-22,Unknown,Other,DG Lawnton P/L,DG Lawnton P/L,DG Lawnton P/L Business,"Self: DG Lawnton P/L, DG Lawnton Gosford P/L"
bbe01d5f-fd72-4c54-affd-b0cf66aac593,Terry Young,Liberal National Party,Longman,2022-08-22,Membership,Other Membership,DG Lawnton P/L,DG Lawnton P/L,Retail Business,"Self: DG Lawnton P/L, Retail; DG Lawnton Gosford, Retail"
53368e3a-e6cd-47b0-98a7-0b4c75afd2fb,Terry Young,Liberal National Party,Longman,2022-12-18,Travel,Other Travel,Taipei Economic and Cultural Office in Australia,Taipei Economic and Cultural Office,Sponsored travel to Taiwan,"Sponsored travel to Taiwan including airfares, accommodation, meals and incidentals provided by the Taipei Economic and Cultural Office in Australia"
4b64b5ea-3bfb-4ca0-aa0a-ee523adce544,Tony Zappia,Australian Labor Party,Spence,2022-08-23,Membership,Professional,Qantas and Virgin,"Qantas, Virgin",Airline Lounge Membership,Qantas and Virgin Lounge Membership
