Entity Name,Classification,Confidence,Split Entities,Explanation
National Rugby League and ARL Indigenous Council,MULTIPLE,HIGH,"National Rugby League, ARL Indigenous Council",These are two distinct organizations mentioned together.  The context demonstrates separate involvement.
North Sydney Leagues and North Sydney Football Club,MULTIPLE,HIGH,"North Sydney Leagues, North Sydney Football Club",These are two separate sporting clubs mentioned jointly.
Ebay and Paypal,MULTIPLE,HIGH,"Ebay, Paypal","These are two separate, well-known multinational companies."
Huawei and Asialink,MULTIPLE,HIGH,"Huawei, Asialink",Two distinct multinational companies.
"ANZ, Commonwealth, NAB, Metway and others",MULTIPLE,HIGH,"ANZ, Commonwealth, NAB, Metway, others",These are several distinct Australian banks. 'and others' indicates more entities.
FOXTEL and AUSTAR,MULTIPLE,HIGH,"FOXTEL, AUSTAR",These are (were) two separate Australian pay television providers.
"BHP Billiton, Interlink Roads, Clubs Australia, Bankstown RSL, Bankstown Sports Club, Linfox, Master Builders Association, Generation One, CFMEU, Australian Health Insurance Association, Publishing and Broadcasting Limited - Channel 9, Major General Michael Jeffrey, Deloitte Touche Tohmatsu, Sabah Tourism, Accor Hotels, Stockland, Westfield, Singapore Airlines, Qantas Airlines, REX Airlines, GTi Media, Parker and Partners, Infrastructure Partnerships Australia, Sydney Airport Corporation",MULTIPLE,HIGH,"BHP Billiton, Interlink Roads, Clubs Australia, Bankstown RSL, Bankstown Sports Club, Linfox, Master Builders Association, Generation One, CFMEU, Australian Health Insurance Association, Publishing and Broadcasting Limited, Channel 9, Major General Michael Jeffrey, Deloitte Touche Tohmatsu, Sabah Tourism, Accor Hotels, Stockland, Westfield, Singapore Airlines, Qantas Airlines, REX Airlines, GTi Media, Parker and Partners, Infrastructure Partnerships Australia, Sydney Airport Corporation",This is a long list of diverse and separate Australian and international organizations and individuals.
Australian and Indian governments,MULTIPLE,HIGH,"Australian government, Indian government",These are two separate governmental entities.
NAB and Westpac,MULTIPLE,HIGH,"NAB, Westpac",Two separate major Australian banks.
"Retire Invest, ING, and Ernst and Young",MULTIPLE,HIGH,"Retire Invest, ING, Ernst and Young",Three distinct organizations are listed.
Bicycling QLD and Cycling Aust,MULTIPLE,HIGH,"Bicycling QLD, Cycling Aust","Two separate organizations, likely related to cycling but in different regions."
Australian Political Exchange Council (APEC) and Japan Centre for International Exchange (JCIE),MULTIPLE,HIGH,"Australian Political Exchange Council (APEC), Japan Centre for International Exchange (JCIE)",Two distinct organizations facilitating an exchange program.
"Lenna of Hobart and Salamanca Terraces; Park Hyatt, Melbourne",MULTIPLE,HIGH,"Lenna of Hobart and Salamanca Terraces, Park Hyatt, Melbourne",These are separate hotels/hotel complexes.
"Air China, Sheraton Beijing Dongcheng Hotel; China Council for the Promotion of International Trade and Asia Inc Forum",MULTIPLE,HIGH,"Air China, Sheraton Beijing Dongcheng Hotel, China Council for the Promotion of International Trade, Asia Inc Forum","An airline, a hotel, and two separate organizations are listed."
Chinese Peoples Institute for Foreign Affairs and Beijing Forum,MULTIPLE,HIGH,"Chinese Peoples Institute for Foreign Affairs, Beijing Forum",Two distinct Chinese organizations are mentioned.
Government and some local governments,MULTIPLE,HIGH,"Government, some local governments",Clearly refers to multiple levels of government.
State and Commonwealth,MULTIPLE,HIGH,"State government, Commonwealth government",Refers to state and federal governments in Australia.
ANZ and AMEX,MULTIPLE,HIGH,"ANZ, AMEX",Two separate financial institutions.
Suncorp and ARU,MULTIPLE,HIGH,"Suncorp, ARU","Two separate Australian organizations, likely in finance and rugby."
Tennis Australia and Virgin Australia,MULTIPLE,HIGH,"Tennis Australia, Virgin Australia",Two distinct Australian organizations.
National Rugby League and the Board of New South Wales Rugby League,MULTIPLE,HIGH,"National Rugby League, the Board of New South Wales Rugby League",Two different governing bodies for Rugby League.
"Loans between M Turnbull, L Turnbull, A Turnbull & D Turnbull and entities listed in 1 (b) above.",MULTIPLE,HIGH,"M Turnbull, L Turnbull, A Turnbull & D Turnbull, entities listed in 1 (b) above",This clearly indicates a group of individuals and a separate group of entities involved in loans.
Australia-Canada Economic Leadership Forum and London Olympics,MULTIPLE,HIGH,"Australia-Canada Economic Leadership Forum, London Olympics",These are two completely separate events.
"Tom Molomby SC, Paul Heywood-Smith QC and Senator Nick Xenophon",MULTIPLE,HIGH,"Tom Molomby SC, Paul Heywood-Smith QC, Senator Nick Xenophon",Three different individuals.
Westpac and Bendigo,MULTIPLE,HIGH,"Westpac, Bendigo",Two separate Australian banks.
"MEMBERS EQUITI BANK, AMERICAN EXPRESS",MULTIPLE,HIGH,"MEMBERS EQUITI BANK, AMERICAN EXPRESS",These are two distinct financial institutions.
"MEMBERS EQUITY BANK, AMERICAN EXPRESS",MULTIPLE,HIGH,"MEMBERS EQUITY BANK, AMERICAN EXPRESS",These are two distinct financial institutions.
"ST GEORGE BANK, KUDOS BANK",MULTIPLE,HIGH,"ST GEORGE BANK, KUDOS BANK",These are two separate Australian banks.
"ST GEORGE BANK, ING.",MULTIPLE,HIGH,"ST GEORGE BANK, ING",These are two separate financial institutions operating in Australia.
"QANTAS, VIRGIN",MULTIPLE,HIGH,"QANTAS, VIRGIN",Qantas and Virgin are two competing Australian airline companies.
"Xi Jinping, President, Peoples Republic of China",MULTIPLE,HIGH,"Xi Jinping, President, Peoples Republic of China","This refers to a person, their title, and a country."
"Mayor of Hamburg, Federal Republic of Germany",MULTIPLE,HIGH,"Mayor of Hamburg, Federal Republic of Germany","This refers to a position, a city, and a country."
"Baby Essawy, Palestinian Authority",MULTIPLE,HIGH,"Baby Essawy, Palestinian Authority",This refers to a person and a governing body.
"Van Manen Family Trust, Van Manen Unit Trust",MULTIPLE,HIGH,"Van Manen Family Trust, Van Manen Unit Trust",These are likely two different trust structures.
"Riviera Super Pty Ltd (Trustee), Van Manen Family Superannuation Fund",MULTIPLE,HIGH,"Riviera Super Pty Ltd (Trustee), Van Manen Family Superannuation Fund",This lists a trustee company and a superannuation fund.
"Riviera Super Pty Ltd, Van Manen Investments Pty Ltd, Daughters of Promise",MULTIPLE,HIGH,"Riviera Super Pty Ltd, Van Manen Investments Pty Ltd, Daughters of Promise",These are three distinct entities.
"CBA, GE",MULTIPLE,HIGH,"CBA, GE",CBA (Commonwealth Bank of Australia) and GE (General Electric) are separate entities.
"CBA, Qantas, Paypal",MULTIPLE,HIGH,"CBA, Qantas, Paypal",These are three distinct organizations.
"QANTAS, Virgin",MULTIPLE,HIGH,"QANTAS, Virgin",Qantas and Virgin are two competing Australian airline companies.
"Kelowna, British Columbia, Canada",MULTIPLE,HIGH,"Kelowna, British Columbia, Canada","This lists a city, a province, and a country."
"The Indinup Trust, Avondale Investment Trust",MULTIPLE,HIGH,"The Indinup Trust, Avondale Investment Trust",These are two different trust entities.
"GESB, First National Parliamentary Contributory Superannuation Scheme",MULTIPLE,HIGH,"GESB, First National Parliamentary Contributory Superannuation Scheme",These are two distinct superannuation entities.
"Qantas Chairman's Lounge, Velocity Club Virgin",MULTIPLE,HIGH,"Qantas Chairman's Lounge, Velocity Club Virgin",These are different airline lounge programs.
"IF Foundation, Swan Chamber of Commerce, Kalamunda Chamber of Commerce, Lesmurdie Club, Lesmurdie Ratepayers Association, 500 Club, Knights of the Order of St John, Southern Districts Rotary Club, Swan Districts Football Club",MULTIPLE,HIGH,"IF Foundation, Swan Chamber of Commerce, Kalamunda Chamber of Commerce, Lesmurdie Club, Lesmurdie Ratepayers Association, 500 Club, Knights of the Order of St John, Southern Districts Rotary Club, Swan Districts Football Club",These are all separate organizations.
"Bank of Queensland, Lowy Institute",MULTIPLE,HIGH,"Bank of Queensland, Lowy Institute",These are a bank and a think tank.
"South Sydney RLFC, Qantas Chairman Lounge, Virgin Club Lounge",MULTIPLE,HIGH,"South Sydney RLFC, Qantas Chairman Lounge, Virgin Club Lounge",A sports club and airline lounges.
"Archbishop Makarios, Greek Orthodox Church of Australia",MULTIPLE,HIGH,"Archbishop Makarios, Greek Orthodox Church of Australia",A religious leader and the church.
"Self, Gilbert Frank Investments P/L, Superanuation account",MULTIPLE,HIGH,"Self, Gilbert Frank Investments P/L, Superannuation account","An individual, an investment company, and a superannuation account."
"ANZ, Suncorp",MULTIPLE,HIGH,"ANZ, Suncorp",Two separate Australian financial institutions.
"St Helens, Tasmania",MULTIPLE,HIGH,"St Helens, Tasmania",A town and a state in Australia.
"Arnotts, Hachette Australia",MULTIPLE,HIGH,"Arnotts, Hachette Australia",A biscuit company and a publishing company.
"Mr Adwar Rassam, Diageo Australia",MULTIPLE,HIGH,"Mr Adwar Rassam, Diageo Australia",A person and an alcohol company.
"McKell Institute, Lion Brewing",MULTIPLE,HIGH,"McKell Institute, Lion Brewing",A think tank and a brewing company.
"Virgin Australia, National Press Club, Astra-Foxtel, Qantas",MULTIPLE,HIGH,"Virgin Australia, National Press Club, Astra-Foxtel, Qantas","An airline, a press club, a media company, and another airline."
"Cazaly's Football Club, Cairns",MULTIPLE,HIGH,"Cazaly's Football Club, Cairns",A football club and a city in Australia.
"Vice Patron, QLD Target Sports Inc.",MULTIPLE,HIGH,"Vice Patron, QLD Target Sports Inc.",A title and an organization.
"Vice Patron, QLD Rifle Association Inc.",MULTIPLE,HIGH,"Vice Patron, QLD Rifle Association Inc.",A title and an organization.
"Patron, QLD Labor Enabled",MULTIPLE,HIGH,"Patron, QLD Labor Enabled",A title and an organization.
"Student, University of New England",MULTIPLE,HIGH,"Student, University of New England",A person's status and an educational institution.
"Patron, Qld Labor for Refugees",MULTIPLE,HIGH,"Patron, Qld Labor for Refugees",A title and an organization.
"Author, chapter for forthcoming book on human rights, Australian Catholic University",MULTIPLE,HIGH,"Author, chapter for forthcoming book on human rights, Australian Catholic University","A person's role, a book project, and a university."
"Member of the Queensland Advisory Board of the McKell Institute, a research institute",MULTIPLE,HIGH,"Member of the Queensland Advisory Board of the McKell Institute, a research institute","A position, an organization and a general description."
"Morningside, QLD",MULTIPLE,HIGH,"Morningside, QLD",A suburb and a state.
"United Nations Association of Australia, Qld Division",MULTIPLE,HIGH,"United Nations Association of Australia, Qld Division",An organization and its division.
"Reid, ACT",MULTIPLE,HIGH,"Reid, ACT",A suburb and a territory.
"Meldon, VIC",MULTIPLE,HIGH,"Meldon, VIC",A town and a state.
"QANTAS, VIRGIN, FOXTEL",MULTIPLE,HIGH,"QANTAS, VIRGIN, FOXTEL","An airline, an airline, and a telecommunications company."
"Care Leavers Australasia Network (CLAN), Bankstown District Sports Club, Bankstown RSL, White Ribbon Ambassador, Bankstown Youth Development Service (BYDS)",MULTIPLE,HIGH,"Care Leavers Australasia Network (CLAN), Bankstown District Sports Club, Bankstown RSL, White Ribbon Ambassador, Bankstown Youth Development Service (BYDS)",Multiple organizations and a title.
"ING, COMMONWEALTH BANK",MULTIPLE,HIGH,"ING, COMMONWEALTH BANK",Two separate Australian banks.
"Patscherkofel Lodge, Mount Buller",MULTIPLE,HIGH,"Patscherkofel Lodge, Mount Buller",A lodge and a mountain resort location.
"University of New South Wales, Faculty of Business",MULTIPLE,HIGH,"University of New South Wales, Faculty of Business",A university and one of its faculties.
"John Short, Aurizon Australia",MULTIPLE,HIGH,"John Short, Aurizon Australia","John Short is an individual, and Aurizon Australia is a company."
"Virgin, Qantas, Etihad",MULTIPLE,HIGH,"Virgin, Qantas, Etihad",These are three separate airline companies.
"Dr Chau of Kingold Group, Vice President of the Republic of Indonesia",MULTIPLE,HIGH,"Dr Chau of Kingold Group, Vice President of the Republic of Indonesia","This refers to two distinct individuals, one associated with a company and the other with a government position."
"Opera Australia, Essendon Football Club",MULTIPLE,HIGH,"Opera Australia, Essendon Football Club",These are two distinct and separate organizations.
"Toyota, AFL",MULTIPLE,HIGH,"Toyota, AFL","Toyota is a car manufacturer, AFL is the Australian Football League."
"President U Thein Sein of Myanmar, President Xi Jinping of the People's Republic of China",MULTIPLE,HIGH,"President U Thein Sein of Myanmar, President Xi Jinping of the People's Republic of China","These are two different individuals, presidents of different countries."
"Virgin Australia Airlines, Qantas Australia Airlines",MULTIPLE,HIGH,"Virgin Australia Airlines, Qantas Australia Airlines",These are two competing Australian airlines.
"Qantas, Emirates, Linfox",MULTIPLE,HIGH,"Qantas, Emirates, Linfox",These are three distinct companies – two airlines and a logistics company.
"Charles Bilich, Mr Xiangmo Huang, International Department CPC Central Committee",MULTIPLE,HIGH,"Charles Bilich, Mr Xiangmo Huang, International Department CPC Central Committee",Two individuals and a department of the Chinese Communist Party.
"Fortescue Metals Group, International Department of the CCCP, Qantas",MULTIPLE,HIGH,"Fortescue Metals Group, International Department of the CCCP, Qantas","A mining company, a (presumably defunct) department, and an airline."
"Parliamentary Press Gallery, Melbourne Football Club, Various artists",MULTIPLE,HIGH,"Parliamentary Press Gallery, Melbourne Football Club, Various artists","Three distinct entities: a press gallery, a football club, and a group of artists."
"Fraser Suites, Royal on the Park, ALP National Secretariat",MULTIPLE,HIGH,"Fraser Suites, Royal on the Park, ALP National Secretariat",Two hotel chains and the Australian Labor Party's national secretariat.
"ING bank, Commonwealth bank",MULTIPLE,HIGH,"ING bank, Commonwealth bank",Two separate Australian banks.
"ANZ, Commonwealth bank",MULTIPLE,HIGH,"ANZ, Commonwealth bank",Two separate Australian banks.
"ING, Commonwealth bank.",MULTIPLE,HIGH,"ING, Commonwealth bank",Two separate Australian banks.
"Westpac, Commonwealth bank.",MULTIPLE,HIGH,"Westpac, Commonwealth bank",Two separate Australian banks.
"Qantas, Virgin Australia, Foxtel",MULTIPLE,HIGH,"Qantas, Virgin Australia, Foxtel","An airline, an airline, and a media company."
"WESTPAC, CBA, NT Credit Union",MULTIPLE,HIGH,"WESTPAC, CBA, NT Credit Union",Three separate financial institutions.
"Australian Education Union, UNICEF, World Vision",MULTIPLE,HIGH,"Australian Education Union, UNICEF, World Vision","Three separate organizations: a union, and two international charities."
"St Andrew's College, University of Sydney, College Council",MULTIPLE,HIGH,"St Andrew's College, University of Sydney, College Council","A college, a university, and a council – three distinct entities."
"Bendigo Bank, Australian National Credit Union (C.U.A), Members Equity (M.E.)",MULTIPLE,HIGH,"Bendigo Bank, Australian National Credit Union (C.U.A), Members Equity (M.E.)",Three different financial institutions.
"Bully Zero Australia Foundation, Hugh Middendorp",MULTIPLE,HIGH,"Bully Zero Australia Foundation, Hugh Middendorp",A foundation and an individual.
"Hugh Middendorp, Victoria First",MULTIPLE,HIGH,"Hugh Middendorp, Victoria First",An individual and an organization.
"ING, ANZ",MULTIPLE,HIGH,"ING, ANZ",Two separate Australian banks.
"Mr Andrew Forrest, Fortescue Metals",MULTIPLE,HIGH,"Mr Andrew Forrest, Fortescue Metals",An individual and the company he is associated with.
"Pokana Pty Limited, Trustee of Superannuation Fund",MULTIPLE,HIGH,"Pokana Pty Limited, Trustee of Superannuation Fund",A company and a trustee role for a fund.
"Biennale of Sydney, Advisory Panel on Capital City Infrastructure, Expert Panel on Constitutional Recognition of Local Government, Integrated Design Strategy Expert Panel, Sydney Metropolitan Development Authority",MULTIPLE,HIGH,"Biennale of Sydney, Advisory Panel on Capital City Infrastructure, Expert Panel on Constitutional Recognition of Local Government, Integrated Design Strategy Expert Panel, Sydney Metropolitan Development Authority",Multiple distinct organisations and panels.
"Bowery Opportunity Fund, CVC Global Credit Opportunity Fund",MULTIPLE,HIGH,"Bowery Opportunity Fund, CVC Global Credit Opportunity Fund",Two separate investment funds.
"SGIIX, MSD Energy Partners Ltd, MSD Torchlight Partners Ltd, VGT, VIG",MULTIPLE,HIGH,"SGIIX, MSD Energy Partners Ltd, MSD Torchlight Partners Ltd, VGT, VIG",Multiple investment entities.
"Zebedee Growth Fund, Brookfield Wells Street Offshore Fund",MULTIPLE,HIGH,"Zebedee Growth Fund, Brookfield Wells Street Offshore Fund",Two separate investment funds.
"3G Natural Resources Offshore Fund, GYLD, DBJP",MULTIPLE,HIGH,"3G Natural Resources Offshore Fund, GYLD, DBJP",Multiple investment entities.
"MICSX, VGK",MULTIPLE,HIGH,"MICSX, VGK",Two separate investment vehicles.
"Pillemer Pty Ltd, Revo Pty Ltd",MULTIPLE,HIGH,"Pillemer Pty Ltd, Revo Pty Ltd",Two separate companies.
"The Committee for Sydney, Australian Technology Park Precinct Management Ltd, United States Study Centre",MULTIPLE,HIGH,"The Committee for Sydney, Australian Technology Park Precinct Management Ltd, United States Study Centre",Three separate organizations.
"AM2, CBA, HSBC, WESTPAC, NAB, AMEX, CITIBANK, DAVID JONES, NATIONAL AUSTRALIA BANK",MULTIPLE,HIGH,"AM2, CBA, HSBC, WESTPAC, NAB, AMEX, CITIBANK, DAVID JONES, NATIONAL AUSTRALIA BANK",Multiple financial institutions and a department store.
"HSBC UK, Commonwealth Bank, NAB",MULTIPLE,HIGH,"HSBC UK, Commonwealth Bank, NAB",Three separate banks.
KJ & AJ Pitt Family Trust /KLARE (QId) Pty Ltd,MULTIPLE,HIGH,"KJ & AJ Pitt Family Trust, KLARE (QId) Pty Ltd",The use of '/' clearly separates two distinct entities: a family trust and a Pty Ltd company.
K & A Pitt Family Trust / KLARE (Qld) Pty Ltd,MULTIPLE,HIGH,"K & A Pitt Family Trust, KLARE (Qld) Pty Ltd",The use of '/' clearly separates two distinct entities: a family trust and a Pty Ltd company.
KJ & AJ Pitt Super Fund No. 2 / K & A Pitt Super Pty Ltd,MULTIPLE,HIGH,"KJ & AJ Pitt Super Fund No. 2, K & A Pitt Super Pty Ltd",The use of '/' clearly separates two distinct entities: a superannuation fund and a Pty Ltd company.
"HE Sheikh Khalid bin Abdullah Al-Khalifa, HE Dr Juma bin Ahmed Al-Kaabi, Saleh-Al-Munajem",MULTIPLE,HIGH,"HE Sheikh Khalid bin Abdullah Al-Khalifa, HE Dr Juma bin Ahmed Al-Kaabi, Saleh-Al-Munajem",The context clearly shows three distinct individuals giving gifts.  The use of 'from' after each name reinforces the separation.
"Mr Brendan Pearson, Minerals Council of Australia",MULTIPLE,HIGH,"Mr Brendan Pearson, Minerals Council of Australia",An individual and a well-known Australian organization are listed together.
"Winemakers' Federation of Australia, AUSVEG, Committee for Economic Development of Australia (CEDA), Opera Australia",MULTIPLE,HIGH,"Winemakers' Federation of Australia, AUSVEG, Committee for Economic Development of Australia (CEDA), Opera Australia",Four separate and distinct Australian organizations are listed.
"Cr Don Chambers, Indigo Shire Council",MULTIPLE,HIGH,"Cr Don Chambers, Indigo Shire Council",An individual (Cr Don Chambers) and a local Australian government entity (Indigo Shire Council) are named together.
"Rabobank, National Farmers Federation",MULTIPLE,HIGH,"Rabobank, National Farmers Federation",Two distinct Australian organizations are mentioned.
"Mr John Cassegrain, Michael Hope",MULTIPLE,HIGH,"Mr John Cassegrain, Michael Hope","Two individuals are named, giving gifts from their respective entities (implied)."
"Bindaree Beef, The Australia Ballet",MULTIPLE,HIGH,"Bindaree Beef, The Australia Ballet","Two distinct Australian entities; one a business, the other a performing arts organization."
"CropLife Australia, Embassy of the Islamic Republic of Iran, Shenzhen Zhonglong Food Company",MULTIPLE,HIGH,"CropLife Australia, Embassy of the Islamic Republic of Iran, Shenzhen Zhonglong Food Company","Three distinct entities, an Australian organization, a foreign embassy, and a foreign company."
"CHEN Lei, ZHI Shuping, HAN Changfu, LEE Dong Phil, OKUNO, CHOE, MORIYAMA, Hiroshi",MULTIPLE,HIGH,"CHEN Lei, ZHI Shuping, HAN Changfu, LEE Dong Phil, OKUNO, CHOE, MORIYAMA, Hiroshi","Multiple individuals are listed, likely from different organizations."
"ANZ, Commonwealth, NAB, Metway",MULTIPLE,HIGH,"ANZ, Commonwealth, NAB, Metway",These are four separate Australian financial institutions.
"Crown Resort, Perth",MULTIPLE,HIGH,"Crown Resort, Perth","Crown Resort is a specific entity, while Perth is a location."
"Strathfield, NSW",MULTIPLE,HIGH,"Strathfield, NSW","Strathfield is a suburb, and NSW is a state.  They are distinct geographical entities."
"Gundagai, NSW",MULTIPLE,HIGH,"Gundagai, NSW","Similar to Strathfield, NSW, this is a location (town and state)."
"Hume Building Society, NAB",MULTIPLE,HIGH,"Hume Building Society, NAB",Two separate financial institutions are listed.
"Main Beach, QLD 4217",MULTIPLE,HIGH,"Main Beach, QLD 4217","Main Beach is a location, QLD is a state, and 4217 is a postcode.  Three distinct geographical identifiers."
"Empire Theatre, Toowoomba",MULTIPLE,HIGH,"Empire Theatre, Toowoomba","Empire Theatre is a specific theatre, and Toowoomba is its location."
"St George Bank, ANZ, NAB, Citibank",MULTIPLE,HIGH,"St George Bank, ANZ, NAB, Citibank",Four separate financial institutions are listed.
"ANZ, CUA, NAB, Macarthur Credit Union",MULTIPLE,HIGH,"ANZ, CUA, NAB, Macarthur Credit Union",Four separate financial institutions are listed.
"Central Coast Bears, Woongarah Football Club",MULTIPLE,HIGH,"Central Coast Bears, Woongarah Football Club",Two separate Australian Rules Football clubs are listed.
"Central Coast Bears, Woongarah FC",MULTIPLE,HIGH,"Central Coast Bears, Woongarah FC",Two separate Australian Rules Football clubs are listed.
"CommBank, CitiBank, AMEX",MULTIPLE,HIGH,"CommBank, CitiBank, AMEX",Three separate financial institutions are listed.
"Australian Rugby Union, Showcall Crewing Pty Ltd",MULTIPLE,HIGH,"Australian Rugby Union, Showcall Crewing Pty Ltd","Two distinct Australian entities, a sporting organization and a private company."
"Park Hyatt Hotel, The Rocks, Sydney",MULTIPLE,HIGH,"Park Hyatt Hotel, The Rocks, Sydney",Park Hyatt Hotel is a specific hotel; The Rocks and Sydney provide its location (suburb and city).
"Volvo Cars, Bilia South Yarra",MULTIPLE,HIGH,"Volvo Cars, Bilia South Yarra","Volvo Cars is a car manufacturer, and Bilia South Yarra appears to be a dealership or related entity."
"ANZ, NAB",MULTIPLE,HIGH,"ANZ, NAB",Two distinct Australian financial institutions are listed.
"Brisbane, QLD",MULTIPLE,HIGH,"Brisbane, QLD","Brisbane is a city, and QLD is a state."
"Gold Coast, QLD",MULTIPLE,HIGH,"Gold Coast, QLD","Gold Coast is a region, and QLD is a state."
"Sunshine Coast, QLD",MULTIPLE,HIGH,"Sunshine Coast, QLD","Sunshine Coast is a region, and QLD is a state."
"National Rural Health Alliance, Friends of the Alliance",MULTIPLE,HIGH,"National Rural Health Alliance, Friends of the Alliance","Two distinct organizations are mentioned, one being a supporting group of the other."
"Bendigo Bank, NAB",MULTIPLE,HIGH,"Bendigo Bank, NAB",Two separate Australian financial institutions are listed.
"Terry Slaugher, Springfield Lakes IGA",MULTIPLE,HIGH,"Terry Slaugher, Springfield Lakes IGA",An individual and a business are listed.
"Mr Wang Jianlin, Chairman of the Wanda Group, China",MULTIPLE,HIGH,"Mr Wang Jianlin, Chairman of the Wanda Group, China","An individual, the company they chair, and their country of origin are specified."
"Conrad Hotel, Dubai, UAE",MULTIPLE,HIGH,"Conrad Hotel, Dubai, UAE","Conrad Hotel is a specific hotel, while Dubai and UAE provide the location (city and country)."
"Sheraton Kuwait Hotel, Kuwait City, Kuwait",MULTIPLE,HIGH,"Sheraton Kuwait Hotel, Kuwait City, Kuwait",Sheraton Kuwait Hotel is a specific hotel; Kuwait City and Kuwait provide the location (city and country).
"St Regis Hotel, Doha, Qatar",MULTIPLE,HIGH,"St Regis Hotel, Doha, Qatar",St Regis Hotel is a specific hotel; Doha and Qatar provide the location (city and country).
"National Aust Bank, Medibank",MULTIPLE,HIGH,"National Aust Bank, Medibank",These are two distinct and well-known Australian financial institutions.
"Griffith, ACT",MULTIPLE,HIGH,"Griffith, ACT","Griffith is a suburb, and ACT is the Australian Capital Territory. They are distinct geographical entities."
"HUME BUILDING SOCIETY, NAB",MULTIPLE,HIGH,"HUME BUILDING SOCIETY, NAB",HUME BUILDING SOCIETY and NAB (National Australia Bank) are separate financial institutions.
"NAB, Suncorp, Warwick Credit Union",MULTIPLE,HIGH,"NAB, Suncorp, Warwick Credit Union",These are three separate Australian financial institutions.
"Barton, ACT",MULTIPLE,HIGH,"Barton, ACT","Barton is a suburb in Canberra, and ACT is the Australian Capital Territory."
"H.E. Orhan Tavli, Governor of Canakkale",MULTIPLE,HIGH,"H.E. Orhan Tavli, Governor of Canakkale",This refers to a person and their title/position.  They are not a single entity.
"Prince Henry Heights, Toowoomba, QLD",MULTIPLE,HIGH,"Prince Henry Heights, Toowoomba, QLD","Prince Henry Heights is a suburb within Toowoomba, which is in Queensland.  These are distinct geographical locations."
"Pure Land Learning College Assoc, Toowoomba",MULTIPLE,HIGH,"Pure Land Learning College Assoc, Toowoomba",This is an organization and a location; two separate entities.
"Westpac, CBA",MULTIPLE,HIGH,"Westpac, CBA",Westpac and CBA (Commonwealth Bank of Australia) are distinct Australian banks.
"Southern Districts Rugby Union Club, Sylvania Waters",MULTIPLE,HIGH,"Southern Districts Rugby Union Club, Sylvania Waters",A rugby club and a location; two separate entities.
"Joko Widodo, President of Indonesia",MULTIPLE,HIGH,"Joko Widodo, President of Indonesia",This is a person and their title; two separate entities.
"Peter O'Neill, Prime Minister of Papua New Guinea",MULTIPLE,HIGH,"Peter O'Neill, Prime Minister of Papua New Guinea",This is a person and their title; two separate entities.
"Mrs Estelle Tallis, First Lady of the Republic of Vanuatu",MULTIPLE,HIGH,"Mrs Estelle Tallis, First Lady of the Republic of Vanuatu",This is a person and their title; two separate entities.
"Dr Shrish Acharya, Acting Medical Superintendent, Colonial War Memorial Hospital",MULTIPLE,HIGH,"Dr Shrish Acharya, Acting Medical Superintendent, Colonial War Memorial Hospital","This refers to a person, their position, and the hospital; three separate entities."
"Buderim, QLD",MULTIPLE,HIGH,"Buderim, QLD",Buderim is a suburb in Queensland. They are distinct geographical entities.
"Newstead, QLD",MULTIPLE,HIGH,"Newstead, QLD",Newstead is a suburb in Queensland. They are distinct geographical entities.
"Maroochydore, QLD",MULTIPLE,HIGH,"Maroochydore, QLD",Maroochydore is a suburb in Queensland. They are distinct geographical entities.
"National Union of Workers, Emily's List",MULTIPLE,HIGH,"National Union of Workers, Emily's List",These are two separate organizations.
"Kingston, ACT",MULTIPLE,HIGH,"Kingston, ACT","Kingston is a suburb in Canberra, and ACT is the Australian Capital Territory."
"Rosebery, NSW",MULTIPLE,HIGH,"Rosebery, NSW",Rosebery is a suburb in New South Wales. They are distinct geographical entities.
"Ljubljana, Slovenia",MULTIPLE,HIGH,"Ljubljana, Slovenia",Ljubljana is a city in Slovenia. They are distinct geographical entities.
"AICD, Women on Boards",MULTIPLE,HIGH,"AICD, Women on Boards",These are two distinct organizations.
"ANZ, BANK SA",MULTIPLE,HIGH,"ANZ, BANK SA",ANZ (Australia and New Zealand Banking Group) and BANK SA are separate banks.
"State Minister for Tourism, the Hon Leon Bignell MP",MULTIPLE,HIGH,"State Minister for Tourism, the Hon Leon Bignell MP",This refers to a position and the person holding it; two separate entities.
"former State Minister for Tourism, the Hon Leon Bignell MP",MULTIPLE,HIGH,"former State Minister for Tourism, the Hon Leon Bignell MP",This refers to a former position and the person who held it; two separate entities.
"Grand Hyatt, Taiwan",MULTIPLE,HIGH,"Grand Hyatt, Taiwan",This is a hotel and a country; two separate entities.
"CUA, NAB",MULTIPLE,HIGH,"CUA, NAB",CUA and NAB (National Australia Bank) are separate financial institutions.
"Werribee Netball Association, Western Environment Centre, AEU, ALP, AWY",MULTIPLE,HIGH,"Werribee Netball Association, Western Environment Centre, AEU, ALP, AWY",These are five separate organizations.
"ZONTA CLUB OF MOUNT BARKER, SCOUTS SA TORRENS VALLEY",MULTIPLE,HIGH,"ZONTA CLUB OF MOUNT BARKER, SCOUTS SA TORRENS VALLEY",These are two distinct organizations.
"Financial Contributor, Nick Xenophon Team",MULTIPLE,HIGH,"Financial Contributor, Nick Xenophon Team",This is a role and a political party; two separate entities.
"Qantas, Virgin Australia, Foxtel, ASTRA",MULTIPLE,HIGH,"Qantas, Virgin Australia, Foxtel, ASTRA",These are four separate Australian companies.
"YourLawyer Pty Ltd, Ringwood",MULTIPLE,HIGH,"YourLawyer Pty Ltd, Ringwood",This is a company and a location; two separate entities.
"Eastern Suburbs Rugby Club, Canberra",MULTIPLE,HIGH,"Eastern Suburbs Rugby Club, Canberra",This is a rugby club and a location; two separate entities.
"Macquarie, MLC, NAB",MULTIPLE,HIGH,"Macquarie, MLC, NAB","Macquarie Group, MLC (now part of NAB), and NAB (National Australia Bank) are three separate financial institutions."
"Macquarie, NAB",MULTIPLE,HIGH,"Macquarie, NAB",Macquarie Group and NAB (National Australia Bank) are two separate financial institutions.
"The Roosevelt Hotel, New York",MULTIPLE,HIGH,"The Roosevelt Hotel, New York",This is a hotel and a city; two separate entities.
"Royal Princess Hotel Larn Luang, Bangkok",MULTIPLE,HIGH,"Royal Princess Hotel Larn Luang, Bangkok",This is a hotel and a city; two separate entities.
"Royal Princess Larn Luang Hotel, Bangkok",MULTIPLE,HIGH,"Royal Princess Larn Luang Hotel, Bangkok",This is a hotel and a city; two separate entities.
"Huating Hotel, Shanghai",MULTIPLE,HIGH,"Huating Hotel, Shanghai",This is a hotel and a city; two separate entities.
"Atura Hotel, Blacktown",MULTIPLE,HIGH,"Atura Hotel, Blacktown",This is a hotel and a suburb; two separate entities.
"Hotel Mulia Senayan, Jakarta",MULTIPLE,HIGH,"Hotel Mulia Senayan, Jakarta",This is a hotel and a city; two separate entities.
"SMART Infrastructure Facility, University of Wollongong",MULTIPLE,HIGH,"SMART Infrastructure Facility, University of Wollongong",This is a facility and a university; two separate entities.
"InterContinental Hotel, Adelaide",MULTIPLE,HIGH,"InterContinental Hotel, Adelaide",This is a hotel and a city; two separate entities.
"Hilton Hotel, Sydney",MULTIPLE,HIGH,"Hilton Hotel, Sydney",This is a hotel and a city; two separate entities.
"Padma Legian Hotel, Bali",MULTIPLE,HIGH,"Padma Legian Hotel, Bali",This is a hotel and an island; two separate entities.
"Roger Smith, Hotel, New York",MULTIPLE,HIGH,"Roger Smith Hotel, New York",This appears to be a hotel name (Roger Smith Hotel) and a location; two separate entities.
"Hotel Orsay, Paris",MULTIPLE,HIGH,"Hotel Orsay, Paris",This is a hotel and a city; two separate entities.
"Radisson Blu Hotel, Berlin",MULTIPLE,HIGH,"Radisson Blu Hotel, Berlin",This is a hotel and a city; two separate entities.
Council of Small Business Australia and Intuit Inc.,MULTIPLE,HIGH,"Council of Small Business Australia, Intuit Inc.",These are clearly two separate organizations mentioned jointly in the context provided.
Marilyn and Gary Nicholas,MULTIPLE,HIGH,"Marilyn, Gary Nicholas",This refers to two individuals.
President of the Swiss Confederation and Head of the Federal Department of Foreign Affairs,MULTIPLE,HIGH,"President of the Swiss Confederation, Head of the Federal Department of Foreign Affairs","These are two distinct governmental roles, likely held by the same person."
Kerry and Christine Stokes,MULTIPLE,HIGH,"Kerry, Christine Stokes",These are two individuals.
Australia-Guangdong Chamber of Commerce and the Communist Party of China,MULTIPLE,HIGH,"Australia-Guangdong Chamber of Commerce, the Communist Party of China",These are two distinct organizations.
Gates Foundation and Save the Children Australia,MULTIPLE,HIGH,"Gates Foundation, Save the Children Australia","These are two separate, well-known organizations."
SA Buchholz & LC Buchholz and CE Fanning & AH Fanning,MULTIPLE,HIGH,"SA Buchholz & LC Buchholz, CE Fanning & AH Fanning","Appears to be two distinct sets of individuals, likely partnerships."
"Sheikh Mohammed bin Zayed Al Nahyan, Crown Prince of Abu Dhabi, and the Government of the United Arab Emirates",MULTIPLE,HIGH,"Sheikh Mohammed bin Zayed Al Nahyan, Crown Prince of Abu Dhabi, the Government of the United Arab Emirates",This refers to an individual and a government.
Australia China Business Council and Huawei Technologies,MULTIPLE,HIGH,"Australia China Business Council, Huawei Technologies",These are two distinct organizations.
Australian - Guangdong Chamber of Commerce and the Communist Party of China,MULTIPLE,HIGH,"Australian - Guangdong Chamber of Commerce, the Communist Party of China",These are two distinct organizations.
"Cairns Penny Savings and Loans, ING Direct, Westpac",MULTIPLE,HIGH,"Cairns Penny Savings and Loans, ING Direct, Westpac",These are three separate financial institutions.
National Australia Bank and Newcastle Permanent,MULTIPLE,HIGH,"National Australia Bank, Newcastle Permanent",These are two separate banks.
Visy and The Australian,MULTIPLE,HIGH,"Visy, The Australian",These are two separate organizations.
"Australian Mango Industry Association, Mushroom Growers Association and Onions Australia",MULTIPLE,HIGH,"Australian Mango Industry Association, Mushroom Growers Association, Onions Australia",These are three distinct industry associations.
"QANTAS - Chairmans, VIRGIN- The Club, Country Liberals, Territory Thunder Football Club, SIDS and Kids NT, Epique, RAAF Fishing Club, NT Police Association, Darwin Turf Club, ACCOR Membership",MULTIPLE,HIGH,"QANTAS - Chairmans, VIRGIN- The Club, Country Liberals, Territory Thunder Football Club, SIDS and Kids NT, Epique, RAAF Fishing Club, NT Police Association, Darwin Turf Club, ACCOR Membership",This lists multiple distinct organizations and memberships.
Taiwanese Government and Taipei Economic & Cultural Office,MULTIPLE,HIGH,"Taiwanese Government, Taipei Economic & Cultural Office",These are two distinct entities.
"Australian Subscription Television and Radio Association, Qantas Airways, Virgin Australia",MULTIPLE,HIGH,"Australian Subscription Television and Radio Association, Qantas Airways, Virgin Australia",These are three separate organizations.
William Ernest Hendy Estate and Family Foundation Trust,MULTIPLE,HIGH,"William Ernest Hendy Estate, Family Foundation Trust",These are two separate entities.
Virgin and Qantas,MULTIPLE,HIGH,"Virgin, Qantas",These are two separate airlines.
Qantas Airways and Virgin Australia,MULTIPLE,HIGH,"Qantas Airways, Virgin Australia",These are two separate airlines.
Mr Simon Coveney TD and Ambassador H.E. Mr. Noël White,MULTIPLE,HIGH,"Mr Simon Coveney TD, Ambassador H.E. Mr. Noël White",These are two different individuals.
"Rural Industries Research and Development Corporation, Royal Embassy of Saudi Arabia",MULTIPLE,HIGH,"Rural Industries Research and Development Corporation, Royal Embassy of Saudi Arabia",These are two distinct organizations.
"National Rugby League Limited, Australian Dairy Industry Council, Mr Keene, One Mandate Publishing, The Australia and New Zealand School of Government, Australian Made Shop Pty Ltd",MULTIPLE,HIGH,"National Rugby League Limited, Australian Dairy Industry Council, Mr Keene, One Mandate Publishing, The Australia and New Zealand School of Government, Australian Made Shop Pty Ltd",This lists multiple distinct organizations and individuals.
"Delisi Group and Bindaree Beef, Qantas, Australian Wool Innovation",MULTIPLE,HIGH,"Delisi Group, Bindaree Beef, Qantas, Australian Wool Innovation","These are three distinct organizations; Delisi Group and Bindaree Beef could be considered a single entity, but in the context of gifts from multiple sources, they are listed as separate"
Mr Harry and Mrs Demetra Xydas,MULTIPLE,HIGH,"Mr Harry, Mrs Demetra Xydas",These are two individuals.
Maison Souvannaphoum hotel and Laos Plaza Hotel,MULTIPLE,HIGH,"Maison Souvannaphoum hotel, Laos Plaza Hotel",These are two separate hotels.
NRL and the Raiders,MULTIPLE,HIGH,"NRL, the Raiders",These are two distinct organizations (NRL and a specific rugby league team).
AMP and Unisuper,MULTIPLE,HIGH,"AMP, Unisuper",These are two separate superannuation providers.
Australian Subscription Television Assoc. / Foxtel,MULTIPLE,HIGH,"Australian Subscription Television Assoc., Foxtel","The `/` suggests a listing of two different entities.  While related, they are separate organizations."
AFG/NAB,MULTIPLE,HIGH,"AFG, NAB",The `/` strongly suggests two separate financial institutions are mentioned.
Save the Children Australia / Gates Foundation,MULTIPLE,HIGH,"Save the Children Australia, Gates Foundation","Two distinct organizations, one an Australian NGO and the other a US foundation."
Bank of Melbourne / St George Bank,MULTIPLE,HIGH,"Bank of Melbourne, St George Bank","Two separate banks, both operating in Australia, are listed."
Save The Children Australia/Gates Foundation,MULTIPLE,HIGH,"Save The Children Australia, Gates Foundation",Same as entry 8; two distinct organizations.
Israel / Palestinian Territories,MULTIPLE,HIGH,"Israel, Palestinian Territories",These are two distinct geopolitical entities.
Foxtel/ASTRA,MULTIPLE,HIGH,"Foxtel, ASTRA",Two separate entities in the Australian media and telecommunications industries.
COMMSEC/COMMONWEALTH BANK,MULTIPLE,HIGH,"COMMSEC, COMMONWEALTH BANK",Likely refers to two separate entities: COMMSEC (Australian Signals Directorate) and the Commonwealth Bank.
WESTPAC/AMEX,MULTIPLE,HIGH,"WESTPAC, AMEX",Two separate financial institutions.
WESTPAC/COMMONWEALTH BANK,MULTIPLE,HIGH,"WESTPAC, COMMONWEALTH BANK",Two separate Australian banks.
NAB/St George,MULTIPLE,HIGH,"NAB, St George",Two separate Australian banks.
Pepe Family Trust / Pasin Nominees Pty Ltd,MULTIPLE,HIGH,"Pepe Family Trust, Pasin Nominees Pty Ltd",A family trust and a separate Pty Ltd company.
Westpac/ING/ME Bank,MULTIPLE,HIGH,"Westpac, ING, ME Bank",Three separate Australian financial institutions.
QANTAS/VIRGIN,MULTIPLE,HIGH,"QANTAS, VIRGIN",Two major Australian airlines.
Hunternet/HunterNetCo-Operative Ltd,MULTIPLE,HIGH,"Hunternet, HunterNetCo-Operative Ltd",Likely two related but separate entities.
NAB/ANZ/Macquarie Bank,MULTIPLE,HIGH,"NAB, ANZ, Macquarie Bank",Three major Australian banks.
Sydney Theatre Company/ St George Bank,MULTIPLE,HIGH,"Sydney Theatre Company, St George Bank",A theatre company and a bank.
Qantas/Virgin,MULTIPLE,HIGH,"Qantas, Virgin",Two major Australian airlines.
Warrane/Mornington Neighbourhood House,MULTIPLE,HIGH,"Warrane, Mornington Neighbourhood House","Likely two separate entities, possibly related community organizations."
Dreyfus Superannuation Fund/Kenley Dale Pty Ltd,MULTIPLE,HIGH,"Dreyfus Superannuation Fund, Kenley Dale Pty Ltd",A superannuation fund and a Pty Ltd company.
Australian Subscription Television Assoc/Foxtel,MULTIPLE,HIGH,"Australian Subscription Television Assoc, Foxtel",Same as entry 5; two separate organizations.
Tennis Australia/Australian Open,MULTIPLE,HIGH,"Tennis Australia, Australian Open",The governing body for tennis in Australia and its major tournament.
YouTube/Google/Allure EPM,MULTIPLE,HIGH,"YouTube, Google, Allure EPM",Three distinct global companies.
Mia Garlick/Facebook,MULTIPLE,HIGH,"Mia Garlick, Facebook",An individual and a social media company.
RDA Central West/Sam Harma,MULTIPLE,HIGH,"RDA Central West, Sam Harma",An organization and an individual.
NSW Nationals/Lithgow Branch,MULTIPLE,HIGH,"NSW Nationals, Lithgow Branch",A political party and one of its branches.
Khalil Family Trust/Arcana Partners PTY LTD,MULTIPLE,HIGH,"Khalil Family Trust, Arcana Partners PTY LTD",A family trust and a Pty Ltd company.
Khalil Family Trust /Arcana Partners PTY LTD,MULTIPLE,HIGH,"Khalil Family Trust, Arcana Partners PTY LTD",Same as previous entry.
Spouse/Partner,MULTIPLE,HIGH,"Spouse, Partner",Two individuals.
Dunsborough/Yallingup CCI,MULTIPLE,HIGH,"Dunsborough, Yallingup CCI",Likely refers to two separate locations or organizations within a CCI (Chamber of Commerce and Industry).
Donnybrook/Balingup CCI,MULTIPLE,HIGH,"Donnybrook, Balingup CCI",Similar to the previous entry.
Bank of Queensland / VISA,MULTIPLE,HIGH,"Bank of Queensland, VISA",A bank and a payment network.
Westpac/Amex,MULTIPLE,HIGH,"Westpac, Amex",Two financial institutions.
NAB/AMP,MULTIPLE,HIGH,"NAB, AMP",Two Australian financial institutions.
Pepe Family Trust/ Pasin Nominees Pty Ltd,MULTIPLE,HIGH,"Pepe Family Trust, Pasin Nominees Pty Ltd",Same as entry 18.
Yolla Cooperative/Australian Independent Rural Retailers,MULTIPLE,HIGH,"Yolla Cooperative, Australian Independent Rural Retailers",Two separate organizations.
ABC Friends SA/NT,MULTIPLE,HIGH,"ABC Friends SA, NT",Likely refers to the South Australian and Northern Territory branches of ABC Friends.
Cricket Australia and Cricket Queensland,MULTIPLE,HIGH,"Cricket Australia, Cricket Queensland",Two distinct state-level cricket organizations are clearly named.
ING Direct and Westpac,MULTIPLE,HIGH,"ING Direct, Westpac","These are two separate, well-known Australian banks."
Sustaining Australia TV and the Australian Food & Grocery Council,MULTIPLE,HIGH,"Sustaining Australia TV, the Australian Food & Grocery Council",Two clearly distinct organizations are mentioned.
Tabcorp and Network Ten,MULTIPLE,HIGH,"Tabcorp, Network Ten",These are two separate and well-known Australian media and entertainment companies.
ANZ and Commonwealth Banks,MULTIPLE,HIGH,"ANZ, Commonwealth Bank",These are two separate major Australian banks.
Australian Made Campaign Limited and Australian Chamber of Commerce and Industry,MULTIPLE,HIGH,"Australian Made Campaign Limited, Australian Chamber of Commerce and Industry",These are two different Australian organizations.
Tennis Australia and Tennis West,MULTIPLE,HIGH,"Tennis Australia, Tennis West",Two distinct state-level tennis organizations are mentioned.
Konrad-Adenauer Siftung and Henry Jackson Society,MULTIPLE,HIGH,"Konrad-Adenauer Siftung, Henry Jackson Society",These are two distinct international organizations.
Qantas and Virgin lounges,MULTIPLE,HIGH,"Qantas lounges, Virgin lounges",These refer to the separate airline lounges of Qantas and Virgin Australia.
Kevin and Karen Hogan,MULTIPLE,HIGH,"Kevin Hogan, Karen Hogan",These are two individuals.
"Kennedy Pavilion, Tabcorp Pavilion and Newscorp Pavilion",MULTIPLE,HIGH,"Kennedy Pavilion, Tabcorp Pavilion, Newscorp Pavilion",These are three separate pavilions.
QANTAS and Virgin,MULTIPLE,HIGH,"QANTAS, Virgin Australia",These are two separate airlines.
Qantas and Virgin Cards,MULTIPLE,HIGH,"Qantas Cards, Virgin Cards",These are the separate credit card programs of Qantas and Virgin.
"Commonwealth Bank, Westpac and St George",MULTIPLE,HIGH,"Commonwealth Bank, Westpac, St George",These are three separate Australian banks.
Australian Institute of Landscape Architects and the American Society of Landscape Architects,MULTIPLE,HIGH,"Australian Institute of Landscape Architects, the American Society of Landscape Architects",These are two different professional organizations.
Self and Spouse/Partner,MULTIPLE,HIGH,"Self, Spouse/Partner",These refer to two individuals.
"Bendigo Bank, Westpac and CBA",MULTIPLE,HIGH,"Bendigo Bank, Westpac, CBA",These are three separate Australian banks.
President of the Republic of France and Mrs Brigitte Macron,MULTIPLE,HIGH,"President of the Republic of France, Mrs Brigitte Macron",These are two distinct individuals.
President and First Lady of the United States of America,MULTIPLE,HIGH,"President of the United States of America, First Lady of the United States of America",These are two distinct individuals.
Vice President and Second Lady of the United States of America,MULTIPLE,HIGH,"Vice President of the United States of America, Second Lady of the United States of America",These are two distinct individuals.
Commonwealth Bank of Australia and Bank of Queensland,MULTIPLE,HIGH,"Commonwealth Bank of Australia, Bank of Queensland",These are two separate Australian banks.
"Qantas, Virgin Australia, Australian Subscription Television and Radio Association",MULTIPLE,HIGH,"Qantas, Virgin Australia, Australian Subscription Television and Radio Association",These are three separate entities.
"Credit union sa, sda union, lions club of hallett cove, police health, south adelaide football club, australian unity, seaford 6-12 school governing council, christies beach slsc, qantas chairmans lounge, virgin the club, national pharmacies, Care leavers Australasia network, panther club, vice patron port noarlunga slsc, friends of willunga basin, community living project, Zoos SA, vice patron morphett vale youth club, advisory goup for the asia pacific centre for work health and safety, Australian Labor Party, qantas platinum one club",MULTIPLE,HIGH,"Credit union sa, sda union, lions club of hallett cove, police health, south adelaide football club, australian unity, seaford 6-12 school governing council, christies beach slsc, qantas chairmans lounge, virgin the club, national pharmacies, Care leavers Australasia network, panther club, vice patron port noarlunga slsc, friends of willunga basin, community living project, Zoos SA, vice patron morphett vale youth club, advisory group for the asia pacific centre for work health and safety, Australian Labor Party, qantas platinum one club",This is a list of many different organizations and affiliations.
Member and Ambassador- Melbourne Vixens,MULTIPLE,HIGH,"Member - Melbourne Vixens, Ambassador - Melbourne Vixens",These are two distinct roles within the same organization.
Membership and Player sponsor - Werribee Tigers Football Club,MULTIPLE,HIGH,"Membership - Werribee Tigers Football Club, Player sponsor - Werribee Tigers Football Club",These are two distinct roles or types of support.
ANZ and MBF,MULTIPLE,HIGH,"ANZ, MBF",ANZ (Australia and New Zealand Banking Group) and MBF (a health insurance provider) are distinct and well-known Australian entities.
Australian American Leadership Dialogue and Virgin Australia,MULTIPLE,HIGH,"Australian American Leadership Dialogue, Virgin Australia",These are two separate organizations: a dialogue group and an airline.
"East Geelong Golf Club, St Mary's Sporting Club and the Kardinia Netball Association",MULTIPLE,HIGH,"East Geelong Golf Club, St Mary's Sporting Club, Kardinia Netball Association",Three distinct sporting clubs are listed.
The Big Issue and Homes-for-Homes,MULTIPLE,HIGH,"The Big Issue, Homes-for-Homes",Two separate charities are mentioned.
Trisfall Pty Ltd and Kingmeadow Pty Ltd,MULTIPLE,HIGH,"Trisfall Pty Ltd, Kingmeadow Pty Ltd",Two separate Pty Ltd companies are named.
"Australian Labor Party, Fabian Society of Victoria; Australian Medical Association, Australia and New Zealand College of Anaesthetists (Spouse)",MULTIPLE,HIGH,"Australian Labor Party, Fabian Society of Victoria, Australian Medical Association, Australia and New Zealand College of Anaesthetists",Multiple distinct Australian political and medical organizations are listed.
Cricket Australia and the Australian Cricketers' Association,MULTIPLE,HIGH,"Cricket Australia, Australian Cricketers' Association",Governing body and players' association; two distinct entities.
"the Chairman Frank Lowy AC, CEO David Gallop and Board of Directors of Football Federation of Australia",MULTIPLE,HIGH,"Frank Lowy AC, David Gallop, Board of Directors of Football Federation of Australia",These are individuals and a board representing different roles within a single organization.
David Crombie (President) and Bill Pulver (CEO) of Australia Rugby Union,MULTIPLE,HIGH,"David Crombie (President), Bill Pulver (CEO) of Australia Rugby Union","Two individuals, president and CEO, within a single organization."
"Brett Kitching, General Manager and Secretary of the Ipswich Turf Club",MULTIPLE,HIGH,"Brett Kitching, General Manager, Secretary of the Ipswich Turf Club",An individual holding multiple roles within a single organization.
Cricket Australia and New Zealand Cricket,MULTIPLE,HIGH,"Cricket Australia, New Zealand Cricket",Two separate national cricket governing bodies.
"Javier Cordova, Minister for Mining and Dr Rafael Poveo, Minister for Coordination of Strategic sectors, Equador",MULTIPLE,HIGH,"Javier Cordova, Minister for Mining, Dr Rafael Poveo, Minister for Coordination of Strategic sectors, Equador","Two distinct individuals and their titles, within the Ecuadorian government."
"Stephen Moore and Stephen Larkham, Wallabies",MULTIPLE,HIGH,"Stephen Moore, Stephen Larkham, Wallabies",Two individuals associated with the Wallabies (Australian rugby team).
Ian and Kathryn Garton,MULTIPLE,HIGH,"Ian Garton, Kathryn Garton",Two individuals.
"Arnold Bloch Leibler (Lawyers), Mr A J Myers AO QC and Mr N Clelland QC",MULTIPLE,HIGH,"Arnold Bloch Leibler (Lawyers), Mr A J Myers AO QC, Mr N Clelland QC",A law firm and two individual lawyers are mentioned.
"Carlton Football Club, MCC Members, RACV, Liberal Party of Australia, Pontiac Car Club of Australia, Union-University and Schools Club, Sydney, Life Member, Melbourne University Liberal Club, Croydon Sub-Branch RSL, Eastwood Golf Club, Croydon Chamber of Commerce",MULTIPLE,HIGH,"Carlton Football Club, MCC Members, RACV, Liberal Party of Australia, Pontiac Car Club of Australia, Union-University and Schools Club, Sydney, Life Member, Melbourne University Liberal Club, Croydon Sub-Branch RSL, Eastwood Golf Club, Croydon Chamber of Commerce",A list of various organizations and affiliations.
Garuda and Virgin airlines,MULTIPLE,HIGH,"Garuda, Virgin airlines",Two separate airlines are named.
Singapore and Ethiopian Airlines and Thai Airways,MULTIPLE,HIGH,"Singapore Airlines, Ethiopian Airlines, Thai Airways",Three separate airlines.
Republic of China (Taiwan) / Taipei Economic and Cultural Office in Australia,MULTIPLE,HIGH,"Republic of China (Taiwan), Taipei Economic and Cultural Office in Australia",A country and its representative office are mentioned.
"Victoria Racing Club, Emirates and CGU Insurance.",MULTIPLE,HIGH,"Victoria Racing Club, Emirates, CGU Insurance",Three distinct organizations.
Cricket Australia and Herald Sun,MULTIPLE,HIGH,"Cricket Australia, Herald Sun",Cricket governing body and a newspaper.
"Victoria Racing Club, Emirates and Crown Resorts",MULTIPLE,HIGH,"Victoria Racing Club, Emirates, Crown Resorts",Three distinct organizations.
Save the Children Australia/Bill and Melinda Gates Foundation,MULTIPLE,HIGH,"Save the Children Australia, Bill and Melinda Gates Foundation",Two distinct organizations.
Cricket Australia and Cricket Victoria,MULTIPLE,HIGH,"Cricket Australia, Cricket Victoria",National and state-level cricket organizations.
ARU and RACQ,MULTIPLE,HIGH,"Australian Rugby Union, RACQ",Assuming ARU is Australian Rugby Union and RACQ is Royal Automobile Club of Queensland - two distinct organizations.
National Rugby League and Queensland Rugby League,MULTIPLE,HIGH,"National Rugby League, Queensland Rugby League",Two distinct rugby leagues.
National Rugby League and Queensland Rugby league,MULTIPLE,HIGH,"National Rugby League, Queensland Rugby League",Two distinct rugby leagues.
Queensland Cricket and Cricket Australia,MULTIPLE,HIGH,"Queensland Cricket, Cricket Australia",State and national cricket governing bodies.
GPRIX and Elbrook Offshore Fund,MULTIPLE,HIGH,"GPRIX, Elbrook Offshore Fund",Two distinct investment entities.
"Gold Coast Mayors Arts and Culture Reference Group, Australia-German Advisory Group",MULTIPLE,HIGH,"Gold Coast Mayors Arts and Culture Reference Group, Australia-German Advisory Group",Two distinct advisory groups.
"Romeo and Julieta Cigars, West Indies Cricket Team",MULTIPLE,HIGH,"Romeo and Julieta Cigars, West Indies Cricket Team",A cigar brand and a cricket team.
Qantas and Virgin Australia,MULTIPLE,HIGH,"Qantas, Virgin Australia",Two major Australian airlines.
"Liberal Party, Rotary Club, Relay for Life",MULTIPLE,HIGH,"Liberal Party, Rotary Club, Relay for Life",These are three distinct and unrelated organizations.
"Football Australia, AIJAC",MULTIPLE,HIGH,"Football Australia, AIJAC",Football Australia and AIJAC (Australia/Israel & Jewish Affairs Council) are separate entities.
"Bendigo Bank, ING",MULTIPLE,HIGH,"Bendigo Bank, ING",Bendigo Bank and ING are separate financial institutions.
"Scale, Tabcorp, AFL, Melbourne City, Thomas Derum",MULTIPLE,HIGH,"Scale, Tabcorp, AFL, Melbourne City, Thomas Derum","These are all separate organizations: a business (Scale), a gambling company (Tabcorp), a sporting league (AFL), a football club (Melbourne City), and seemingly a travel agent or similar (Thomas Derum)."
"ALP, Williamstown Branch (Vic)",MULTIPLE,HIGH,"ALP, Williamstown Branch (Vic)",ALP (Australian Labor Party) and its Williamstown branch are separate entities.
"ALP, Footscray Branch (Vic)",MULTIPLE,HIGH,"ALP, Footscray Branch (Vic)",ALP (Australian Labor Party) and its Footscray branch are separate entities.
Commonwealth Bank and HSBC,MULTIPLE,HIGH,"Commonwealth Bank, HSBC","These are two distinct, well-known Australian and international banking entities."
Commonwealth Bank and ANZ,MULTIPLE,HIGH,"Commonwealth Bank, ANZ",These are two separate major Australian banks.
"Carers Australia; the Australian Paralympic Team; Royal Flying Doctors Service; medical research into children's leukaemia, breast cancer, diabetes, prostate cancer; the Poche Centre for Indigenous Health at Sydney University; and Ronald McDonald House",MULTIPLE,HIGH,"Carers Australia, the Australian Paralympic Team, Royal Flying Doctors Service, medical research into children's leukaemia, breast cancer, diabetes, prostate cancer, the Poche Centre for Indigenous Health at Sydney University, Ronald McDonald House",This lists several distinct Australian charities and organizations.
"Carers Australia, the Royal Flying Doctor Service, Ronald McDonald House, Youth Insearch and the Paralympic Games",MULTIPLE,HIGH,"Carers Australia, the Royal Flying Doctor Service, Ronald McDonald House, Youth Insearch, the Paralympic Games","These are all separate, well-known Australian organizations."
Tennis Australia and Emirates,MULTIPLE,HIGH,"Tennis Australia, Emirates","Tennis Australia is an Australian sporting organization, and Emirates is an international airline."
Earle Page College and New England Brewing Company,MULTIPLE,HIGH,"Earle Page College, New England Brewing Company",These are two distinct entities; a college and a brewery.
Emirates and Tennis Australia,MULTIPLE,HIGH,"Emirates, Tennis Australia","Emirates is an airline, and Tennis Australia is a sporting organization."
Harper Collins and Byron Bay Writers Festival,MULTIPLE,HIGH,"Harper Collins, Byron Bay Writers Festival",Harper Collins is a publishing house and the Byron Bay Writers Festival is an event.
Kuwait Parliament and Palestinian Authority,MULTIPLE,HIGH,"Kuwait Parliament, Palestinian Authority",These are two distinct governmental entities.
Lion and Tabcorp,MULTIPLE,HIGH,"Lion, Tabcorp","Lion and Tabcorp are separate, large Australian companies."
Tabcorp and Lion,MULTIPLE,HIGH,"Tabcorp, Lion","Lion and Tabcorp are separate, large Australian companies."
Diedree Steinwall and Simon O'Brien,MULTIPLE,HIGH,"Diedree Steinwall, Simon O'Brien",These are two individuals.
Winnunga and residents of the Alexander McConachie Centre,MULTIPLE,HIGH,"Winnunga, residents of the Alexander McConachie Centre","Winnunga is likely an organization, and the residents represent a group of individuals."
L.C Buchholz and S.A Buchholz,MULTIPLE,HIGH,"L.C Buchholz, S.A Buchholz",These are likely two different individuals.
Qantas and Virgin,MULTIPLE,HIGH,"Qantas, Virgin",These are two major Australian airlines.
Semaphore and Port Adelaide RSL Clubs,MULTIPLE,HIGH,"Semaphore RSL Club, Port Adelaide RSL Club",This clearly refers to two separate RSL clubs.
Transport Workers Union and ACTU,MULTIPLE,HIGH,"Transport Workers Union, ACTU",These are two distinct Australian labor unions.
"The Darling Hotel, QT Hotel Group and Crown Hotels",MULTIPLE,HIGH,"The Darling Hotel, QT Hotel Group, Crown Hotels",These are three different hotel entities.
Pacific Friends of the Global Fund and the Asia Pacific Leaders Malaria Alliance (APLMA),MULTIPLE,HIGH,"Pacific Friends of the Global Fund, the Asia Pacific Leaders Malaria Alliance (APLMA)",These are two separate organizations.
RHT Investments (Qld) P/L and Bald Hills Child Care P/L,MULTIPLE,HIGH,"RHT Investments (Qld) P/L, Bald Hills Child Care P/L",These are two distinct companies.
Cricket Australia and Queensland Cricket,MULTIPLE,HIGH,"Cricket Australia, Queensland Cricket",These are two separate governing bodies for cricket.
Cricket Australia and SCG Trust,MULTIPLE,HIGH,"Cricket Australia, SCG Trust",These are two distinct organizations.
Cricket Australia and the SCG Trust,MULTIPLE,HIGH,"Cricket Australia, the SCG Trust",These are two distinct organizations.
Save the Children and the Bill & Melinda Gates Foundation,MULTIPLE,HIGH,"Save the Children, the Bill & Melinda Gates Foundation",These are two separate organizations.
"Carewell Health Pty Ltd, Ricardo Health Limited, Soda Man Pty Ltd, and Chikara Pty Ltd",MULTIPLE,HIGH,"Carewell Health Pty Ltd, Ricardo Health Limited, Soda Man Pty Ltd, Chikara Pty Ltd",These are four separate companies.
Maurice Blackburn and Matthew Albert of Counsel,MULTIPLE,HIGH,"Maurice Blackburn, Matthew Albert of Counsel",These appear to be two separate legal professionals or entities.
"The Charge d'Affaires a.i, James Carouso and Elizabeth Visbeek and the entire US Mission in Australia.",MULTIPLE,HIGH,"The Charge d'Affaires a.i, James Carouso, Elizabeth Visbeek, the entire US Mission in Australia",This lists several distinct individuals and an entire diplomatic mission.
Beyond Bank Australia and Strive for Autism,MULTIPLE,HIGH,"Beyond Bank Australia, Strive for Autism",These are two separate organizations.
Carlton Football Club; MCC; RACV; Pontiac Car Club of Australia; Union-University and Schools Club - Sydney; Melbourne University Liberal Club,MULTIPLE,HIGH,"Carlton Football Club, MCC, RACV, Pontiac Car Club of Australia, Union-University and Schools Club - Sydney, Melbourne University Liberal Club","These are clearly multiple, distinct organizations listed together."
Sea Shepherd and Ningaloo Whale Shark Swim,MULTIPLE,HIGH,"Sea Shepherd, Ningaloo Whale Shark Swim",These are two separate entities: an environmental organization and a tourism business.
Qantas and Virgin Lounge membership,MULTIPLE,HIGH,"Qantas, Virgin Lounge","These are memberships in two different airline lounges, representing two distinct entities."
ANZ; Andrews and Andrews Consulting Pty Ltd,MULTIPLE,HIGH,"ANZ, Andrews and Andrews Consulting Pty Ltd",These are two distinct entities: a bank (ANZ) and a consulting firm.
Craig and Tina Layt,MULTIPLE,HIGH,"Craig Layt, Tina Layt","These are two individuals, not a single entity."
Women's Spirit Project and MEGT Australia Ltd,MULTIPLE,HIGH,"Women's Spirit Project, MEGT Australia Ltd",These are two distinct organizations.
Australian Mutual Bank and Commonwealth Bank,MULTIPLE,HIGH,"Australian Mutual Bank, Commonwealth Bank",These are two different banks.
Qantas Chairmans Lounge and Virgin Club,MULTIPLE,HIGH,"Qantas Chairmans Lounge, Virgin Club",These are two different airline lounge programs.
"ALP, Shop Distributive and Allied Employees Association, Lakemba Bowling Club Benevolent Society and Local Registered Clubs",MULTIPLE,HIGH,"ALP, Shop Distributive and Allied Employees Association, Lakemba Bowling Club Benevolent Society, Local Registered Clubs",These are several distinct organizations.
"Save the Children, the Global Fund and Gavi",MULTIPLE,HIGH,"Save the Children, the Global Fund, Gavi",These are three distinct international organizations.
"Westpac, ING and HSBC (UK)",MULTIPLE,HIGH,"Westpac, ING, HSBC (UK)",These are three different banks.
Australian Super and PSS,MULTIPLE,HIGH,"Australian Super, PSS",These are two different superannuation funds.
Danish Embassy Canberra and the Ministry of Foreign Affairs of Denmark,MULTIPLE,HIGH,"Danish Embassy Canberra, the Ministry of Foreign Affairs of Denmark",These are two distinct Danish government entities.
Westpac and NRL,MULTIPLE,HIGH,"Westpac, NRL",These are a bank and a sporting organization.
Australian Rugby League Commission and National Rugby League,MULTIPLE,HIGH,"Australian Rugby League Commission, National Rugby League",These are two distinct organizations within Australian Rugby League.
"Parramatta Eels, Spirits and Cocktails Australia, Western Sydney Wanderers",MULTIPLE,HIGH,"Parramatta Eels, Spirits and Cocktails Australia, Western Sydney Wanderers",These are three separate sporting and/or entertainment organizations.
FIFA and Football Australia,MULTIPLE,HIGH,"FIFA, Football Australia",These are two separate governing bodies for football.
"Marcus O'Reilly, Aviva Tuffield, Paddy O'Reilly and Jol Blazey",MULTIPLE,HIGH,"Marcus O'Reilly, Aviva Tuffield, Paddy O'Reilly, Jol Blazey",These are four individuals.
Emergency Services and State Superannuation,MULTIPLE,HIGH,"Emergency Services, State Superannuation",These refer to two distinct but related entities: a service and a superannuation scheme.
Dutton Holdings (Qld) P/L and Bald Hills Child Care P/L,MULTIPLE,HIGH,"Dutton Holdings (Qld) P/L, Bald Hills Child Care P/L",These are two separate companies.
ARLC and NRL,MULTIPLE,HIGH,"ARLC, NRL",These are two distinct organizations within Australian Rugby League.
Ferris Jin and Jamie Mao Juemin,MULTIPLE,HIGH,"Ferris Jin, Jamie Mao Juemin",These are two individuals.
QANTAS AND VIRGIN LOUNGE MEMBERSHIP,MULTIPLE,HIGH,"QANTAS, VIRGIN LOUNGE",These are memberships in two different airline lounges.
Minister Pato/Wapenamanda Community,MULTIPLE,HIGH,"Minister Pato, Wapenamanda Community",Clearly identifies a Minister and a community group as separate givers.
Qantas/Emirates,MULTIPLE,HIGH,"Qantas, Emirates","These are two distinct, well-known international airlines."
Homeside/NAB,MULTIPLE,HIGH,"Homeside, NAB",Homeside and NAB (National Australia Bank) are distinct entities.
Commonwealth Bank of Australia/Colonial First State,MULTIPLE,HIGH,"Commonwealth Bank of Australia, Colonial First State",These are two separate major financial institutions in Australia.
Emirates/Qantas,MULTIPLE,HIGH,"Emirates, Qantas","These are two distinct, well-known international airlines."
Sydney/Melbourne,MULTIPLE,HIGH,"Sydney, Melbourne",These are two distinct Australian cities.
Melbourne/Sydney,MULTIPLE,HIGH,"Melbourne, Sydney",These are two distinct Australian cities.
Westpac/Bankers' Trust,MULTIPLE,HIGH,"Westpac, Bankers' Trust",These are two separate financial institutions.
Pepe Family Trust/Pasin Nominees,MULTIPLE,HIGH,"Pepe Family Trust, Pasin Nominees","These are likely two separate entities, a trust and a nominee company."
Asgard/St George,MULTIPLE,HIGH,"Asgard, St George",These are two different financial institutions.
NAB / ANZ / Macquarie Bank,MULTIPLE,HIGH,"NAB, ANZ, Macquarie Bank",These are three distinct major Australian banks.
Astra/Foxtel,MULTIPLE,HIGH,"Astra, Foxtel","Astra and Foxtel are distinct companies, though there's a business relationship implied."
"Mr Arne Duncan, US Secretary of Education",MULTIPLE,HIGH,"Mr Arne Duncan, US Secretary of Education",This is clearly two separate entities: a person and a position within a government.
"Sustainable World Technologies, Adelaide, South Australia",MULTIPLE,HIGH,"Sustainable World Technologies, Adelaide, South Australia",This lists a company and its location (city and state).
"Libby Lyons, CiticPacific Mining",MULTIPLE,HIGH,"Libby Lyons, CiticPacific Mining",This is a person and a company.
"Tim Woodall, Miro Advisors",MULTIPLE,HIGH,"Tim Woodall, Miro Advisors",This is a person and a company.
"Kensington, WA",MULTIPLE,HIGH,"Kensington, WA",This is a suburb and a state abbreviation.
"Maylands, WA",MULTIPLE,HIGH,"Maylands, WA",This is a suburb and a state abbreviation.
"North Perth, WA",MULTIPLE,HIGH,"North Perth, WA",This is a suburb and a state abbreviation.
"Woodlands, WA",MULTIPLE,HIGH,"Woodlands, WA",This is a suburb and a state abbreviation.
"Inglewood, WA",MULTIPLE,HIGH,"Inglewood, WA",This is a suburb and a state abbreviation.
"Kalgoorlie, WA",MULTIPLE,HIGH,"Kalgoorlie, WA",This is a city and a state abbreviation.
"Pollard Street, Geraldton WA",MULTIPLE,HIGH,"Pollard Street, Geraldton, WA",This is a street and a city and state.
"Pollard St, Geraldton WA",MULTIPLE,HIGH,"Pollard St, Geraldton, WA",This is a street and a city and state.
"Martha St, Guildford WA",MULTIPLE,HIGH,"Martha St, Guildford, WA",This is a street and a city and state.
"Victoria Park, WA",MULTIPLE,HIGH,"Victoria Park, WA",This is a suburb and a state abbreviation.
"Forrest, Canberra",MULTIPLE,HIGH,"Forrest, Canberra",This is a suburb and a city.
"V8 Supercars, Bathurst",MULTIPLE,HIGH,"V8 Supercars, Bathurst",This is a racing series and a city.
"ROTARY, LIONS, CLEAN OCEAN FOUNDATION",MULTIPLE,HIGH,"ROTARY, LIONS, CLEAN OCEAN FOUNDATION",These are three separate organizations.
"Wang Jin-pyng, President of the Legislative Yuan, Taiwan.",MULTIPLE,HIGH,"Wang Jin-pyng, President of the Legislative Yuan, Taiwan","This is a person, their title, and their country/region."
"ANZ, Commonwealth, Westpac",MULTIPLE,HIGH,"ANZ, Commonwealth Bank, Westpac",These are three separate Australian banks.
"Executive Director of Climate Change Research Strategy for Primary Industries, Michael Robinson.",MULTIPLE,HIGH,"Executive Director of Climate Change Research Strategy for Primary Industries, Michael Robinson",This is a job title and a person's name.
"Telstra CEO, David Thodey",MULTIPLE,HIGH,"Telstra CEO, David Thodey",This is a job title and a person's name.
"NATIONAL AUSTRALIA BANK, AMERICAN EXPRESS",MULTIPLE,HIGH,"NATIONAL AUSTRALIA BANK, AMERICAN EXPRESS",These are two separate financial institutions.
"COLONIAL FIRST STATE, AMP LIFE LTD",MULTIPLE,HIGH,"COLONIAL FIRST STATE, AMP LIFE LTD",These are two separate financial institutions.
"ANTHONY MUNDINE, NRL",MULTIPLE,HIGH,"ANTHONY MUNDINE, NRL",This is a person and the National Rugby League.
"AUSTRALIAN LABOR PARTY, NSW BAR ASSOCIATION, ST. GEORGE DISTANCE RUGBY LEAGUE FOOTBALL CLUB LTD, INDEPENDANT EDUCATION UNION",MULTIPLE,HIGH,"AUSTRALIAN LABOR PARTY, NSW BAR ASSOCIATION, ST. GEORGE DISTANCE RUGBY LEAGUE FOOTBALL CLUB LTD, INDEPENDANT EDUCATION UNION",These are four separate organizations.
"St George District Rugby League Football Club Limited, St George Leagues Club Limited.",MULTIPLE,HIGH,"St George District Rugby League Football Club Limited, St George Leagues Club Limited","These are two separate organizations, likely related but distinct."
"The St George Leagues Club Limited, The St George District Rugby League Limited.",MULTIPLE,HIGH,"The St George Leagues Club Limited, The St George District Rugby League Limited","These are two separate organizations, likely related but distinct."
"AMP, MLC, CommSuper",MULTIPLE,HIGH,"AMP, MLC, CommSuper",These are three separate Australian financial institutions related to superannuation.
"Millennium Forum, Liberal Party of Australia, NSW Division",MULTIPLE,HIGH,"Millennium Forum, Liberal Party of Australia, NSW Division","These are three separate entities: a forum, a political party, and its state division."
"Royal Motor Yacht Club, Woolooware",MULTIPLE,HIGH,"Royal Motor Yacht Club, Woolooware",This is a yacht club and its location.
"South Metropolitan Regional Scout Council, NSW",MULTIPLE,HIGH,"South Metropolitan Regional Scout Council, NSW",This is a scout council and its state.
"Suncorp, Wide Bay Australia, Westpac Bundaberg, Qantas Staff Credit Union",MULTIPLE,HIGH,"Suncorp, Wide Bay Australia, Westpac Bundaberg, Qantas Staff Credit Union",These are four separate financial institutions.
"John Patrick Motors, Port Macquarie",MULTIPLE,HIGH,"John Patrick Motors, Port Macquarie",This is a car dealership and its location.
"ANZ, Citibank",MULTIPLE,HIGH,"ANZ, Citibank",These are two separate banks.
"HOUSE, PT NEILL SA",MULTIPLE,HIGH,"HOUSE, PT NEILL, SA","This describes a property type and location (PT Neill, South Australia)."
"STRATA UNIT, MAULANDS SA",MULTIPLE,HIGH,"STRATA UNIT, MAULANDS, SA","This describes a property type and location (Maulands, South Australia)."
"HOUSE, JAMESTOWN SA",MULTIPLE,HIGH,"HOUSE, JAMESTOWN, SA","This describes a property type and location (Jamestown, South Australia)."
"Peppers Pier Resort, Park Hyatt",MULTIPLE,HIGH,"Peppers Pier Resort, Park Hyatt",These are two separate hotel brands.
"Intercontinental Hotel, Sydney",MULTIPLE,HIGH,"Intercontinental Hotel, Sydney",This is a hotel and its city.
"Madinat Jumeirah Hotel, Dubai, Intercontinental Hotel Sydney",MULTIPLE,HIGH,"Madinat Jumeirah Hotel, Dubai, Intercontinental Hotel Sydney",These are two hotels and a city.
"The Lenna of Hobart hotel, Hobart, Park Hyatt Melbourne",MULTIPLE,HIGH,"The Lenna of Hobart hotel, Hobart, Park Hyatt Melbourne",These are two hotels and two cities.
"Intercontinental Hotel, Park Hyatt Hotel, Stamford Hotel, Shangri-La Hotel",MULTIPLE,HIGH,"Intercontinental Hotel, Park Hyatt Hotel, Stamford Hotel, Shangri-La Hotel",These are four separate hotel brands.
"Park Hyatt Hotel, Melbourne",MULTIPLE,HIGH,"Park Hyatt Hotel, Melbourne",This is a hotel and its city.
"Park Hyatt Hotel, Melbourne; Intercontinental Hotel, Sydney; Emirates; Qantas",MULTIPLE,HIGH,"Park Hyatt Hotel, Melbourne, Intercontinental Hotel, Sydney, Emirates, Qantas","These are two hotels, two cities, and two airline brands."
"North Ryde, NSW",MULTIPLE,HIGH,"North Ryde, NSW","North Ryde is a suburb, NSW is a state. These are two distinct geographical entities."
"The Ranch, Marsfield",MULTIPLE,HIGH,"The Ranch, Marsfield","The Ranch is likely a business/venue, Marsfield is a suburb.  These are two separate entities."
"Colonial First State, ANZ, NAB, Adelaide Bendigo, Westpac",MULTIPLE,HIGH,"Colonial First State, ANZ, NAB, Adelaide Bendigo, Westpac",These are all separate financial institutions in Australia.
"Colonial First State, ANZ, NAB, Adelaide Bendigo",MULTIPLE,HIGH,"Colonial First State, ANZ, NAB, Adelaide Bendigo",These are all separate financial institutions in Australia.
"Johor, Malaysia",MULTIPLE,HIGH,"Johor, Malaysia",Johor is a state in Malaysia.  These are distinct geographical entities.
"NAB, Suncorp, Westpac",MULTIPLE,HIGH,"NAB, Suncorp, Westpac",These are all separate financial institutions in Australia.
"Commonwealth Bank, Suncorp",MULTIPLE,HIGH,"Commonwealth Bank, Suncorp",These are two separate financial institutions in Australia.
"Bendigo Bank, ING Bank, Macquarie Bank, Commonwealth Bank",MULTIPLE,HIGH,"Bendigo Bank, ING Bank, Macquarie Bank, Commonwealth Bank",These are all separate financial institutions in Australia.
"ASTRA, Qantas, Virgin Australia",MULTIPLE,HIGH,"ASTRA, Qantas, Virgin Australia",ASTRA is likely a separate entity from the airlines Qantas and Virgin Australia.
"AFL, Geelong Football Club",MULTIPLE,HIGH,"AFL, Geelong Football Club","AFL is the Australian Football League, a governing body; Geelong Football Club is a specific team."
"Emily's List, Victorian Women Lawyers",MULTIPLE,HIGH,"Emily's List, Victorian Women Lawyers",These are two distinct organizations.
"PwC, Melbourne Racing Club",MULTIPLE,HIGH,"PwC, Melbourne Racing Club",PwC is a professional services firm; Melbourne Racing Club is a sporting organization.
"Penna, Tasmania",MULTIPLE,HIGH,"Penna, Tasmania",Penna is a town in Tasmania.  These are two distinct geographical entities.
"Bendigo Bank, Westpac",MULTIPLE,HIGH,"Bendigo Bank, Westpac",These are two separate financial institutions in Australia.
"MLC, Australian Super",MULTIPLE,HIGH,"MLC, Australian Super",These are two separate superannuation providers in Australia.
"ASTRA, McKinnon Institute",MULTIPLE,HIGH,"ASTRA, McKinnon Institute",These appear to be two different organizations.
"Raffles Hotel management, Indonesia",MULTIPLE,HIGH,"Raffles Hotel management, Indonesia","Raffles Hotel management is a business, Indonesia is a country. These are separate entities."
"The Cambridge Hotel, Kununurra",MULTIPLE,HIGH,"The Cambridge Hotel, Kununurra","The Cambridge Hotel is a business, Kununurra is a town.  These are separate entities."
"Pete Steggall, Central Coast",MULTIPLE,HIGH,"Pete Steggall, Central Coast","Pete Steggall is a person, Central Coast is a region. These are separate entities."
"Daniel Skeffington, Bonnells Bay, Lake Macquarie City",MULTIPLE,HIGH,"Daniel Skeffington, Bonnells Bay, Lake Macquarie City",Daniel Skeffington is a person; Bonnells Bay and Lake Macquarie City are geographical locations.
"Brett O'Farrell, Hunter Sports Academy",MULTIPLE,HIGH,"Brett O'Farrell, Hunter Sports Academy",Brett O'Farrell is a person; Hunter Sports Academy is an organization.
"ANZ, credit union SA",MULTIPLE,HIGH,"ANZ, credit union SA",These are two different financial institutions.
"American Express, Westpac, latitude financial group",MULTIPLE,HIGH,"American Express, Westpac, latitude financial group",These are three separate financial institutions.
"Travancore, VIC",MULTIPLE,HIGH,"Travancore, VIC","Travancore is a suburb, VIC is a state. These are two distinct geographical entities."
"Darling Point, NSW",MULTIPLE,HIGH,"Darling Point, NSW","Darling Point is a suburb, NSW is a state. These are two distinct geographical entities."
"Great Mackerel Beach, NSW",MULTIPLE,HIGH,"Great Mackerel Beach, NSW","Great Mackerel Beach is a location, NSW is a state. These are two distinct geographical entities."
"Woollahra, NSW",MULTIPLE,HIGH,"Woollahra, NSW","Woollahra is a suburb, NSW is a state. These are two distinct geographical entities."
"Cambridgeshire, UK",MULTIPLE,HIGH,"Cambridgeshire, UK",Cambridgeshire is a county in the UK.  These are distinct geographical entities.
"First Direct, Barclays",MULTIPLE,HIGH,"First Direct, Barclays",These are two separate financial institutions.
"GIC, Standard Life",MULTIPLE,HIGH,"GIC, Standard Life",These are two separate financial institutions.
"Lurnea, NSW",MULTIPLE,HIGH,"Lurnea, NSW","Lurnea is a suburb, NSW is a state. These are two distinct geographical entities."
"Watson, ACT",MULTIPLE,HIGH,"Watson, ACT","Watson is a suburb, ACT is a territory. These are two distinct geographical entities."
"ASTRA Subscription, Qantas Chairmans Lounge, Virgin The Club",MULTIPLE,HIGH,"ASTRA Subscription, Qantas Chairmans Lounge, Virgin The Club",These are three separate entities related to subscriptions and lounge memberships.
"Liberal Party of Australia (SA Division), Norwood Football Club, Burnside Rotary Club, Campbelltown Rotary Club, Payneham RSL, North East Community Assistance Project",MULTIPLE,HIGH,"Liberal Party of Australia (SA Division), Norwood Football Club, Burnside Rotary Club, Campbelltown Rotary Club, Payneham RSL, North East Community Assistance Project",These are all separate organizations.
"Goulburn, NSW",MULTIPLE,HIGH,"Goulburn, NSW","Goulburn is a city, NSW is a state. These are two distinct geographical entities."
"Hamilton, VIC",MULTIPLE,HIGH,"Hamilton, VIC","Hamilton is a city, VIC is a state. These are two distinct geographical entities."
"Turner, ACT",MULTIPLE,HIGH,"Turner, ACT","Turner is a suburb, ACT is a territory. These are two distinct geographical entities."
"Willoughby, NSW",MULTIPLE,HIGH,"Willoughby, NSW","Willoughby is a suburb, NSW is a state. These are two distinct geographical entities."
"Queanbeyan, NSW",MULTIPLE,HIGH,"Queanbeyan, NSW","Queanbeyan is a city, NSW is a state. These are two distinct geographical entities."
"Warrnambool, VIC",MULTIPLE,HIGH,"Warrnambool, VIC","Warrnambool is a city, VIC is a state. These are two distinct geographical entities."
"Kew, VIC",MULTIPLE,HIGH,"Kew, VIC","Kew is a suburb, VIC is a state. These are two distinct geographical entities."
"Westpac Bank, Plan Lend Australia",MULTIPLE,HIGH,"Westpac Bank, Plan Lend Australia",These are two separate financial institutions.
"Qantas Chairmans Lounge, Virgin club Lounge, Foxtel",MULTIPLE,HIGH,"Qantas Chairmans Lounge, Virgin club Lounge, Foxtel",These are three distinct entities offering different services.
"The Charge d'Affaires a.i, James Carouso and Elizabeth Visbeek and the entire US Mission in Australia",MULTIPLE,HIGH,"The Charge d'Affaires a.i, James Carouso, Elizabeth Visbeek, the entire US Mission in Australia",This clearly lists three distinct individuals and a diplomatic mission as separate entities.
Sydney Taiwan Festival Inc and Mr Rui Lin Shu (Tea Banjie Farm),MULTIPLE,HIGH,"Sydney Taiwan Festival Inc, Mr Rui Lin Shu (Tea Banjie Farm)",Two distinct entities are mentioned: a festival and an individual with a business.
PFMZ Pearl Super Pty Ltd and PFMZ Pty Ltd,MULTIPLE,HIGH,"PFMZ Pearl Super Pty Ltd, PFMZ Pty Ltd","Two distinct, albeit related, Pty Ltd companies are named."
Real Estate Holdings of DIC Gillespie Superfund by Corporate Trustee and by Golden Boot Pty Ltd,MULTIPLE,HIGH,"Real Estate Holdings of DIC Gillespie Superfund by Corporate Trustee, Golden Boot Pty Ltd",Refers to two separate entities involved in real estate holdings.
Cameco and Chamber of Minerals And Energy,MULTIPLE,HIGH,"Cameco, Chamber of Minerals And Energy",Two separate organizations are listed.
"Screen Australia and Hon Christian Porter MP, Minister for Social Services",MULTIPLE,HIGH,"Screen Australia, Hon Christian Porter MP, Minister for Social Services",A government agency and a minister are clearly distinct entities.
Greg Hunt and Laurie Lawrence's Kids Alive Program,MULTIPLE,HIGH,"Greg Hunt, Laurie Lawrence's Kids Alive Program",An individual and a program are listed separately.
New South Wales Jewish Board of Deputies and the Executive Council of Australian Jewry Inc.,MULTIPLE,HIGH,"New South Wales Jewish Board of Deputies, the Executive Council of Australian Jewry Inc.",Two separate Jewish organizations.
Asia Pacific Leaders Malaria Alliance and the Global Fund,MULTIPLE,HIGH,"Asia Pacific Leaders Malaria Alliance, the Global Fund",Two distinct international organizations.
Department of Finance and the Japanese Ministry of Foreign Affairs,MULTIPLE,HIGH,"Department of Finance, the Japanese Ministry of Foreign Affairs",Two separate government bodies.
Westpac and Commonwealth Banks,MULTIPLE,HIGH,"Westpac, Commonwealth Banks",Two separate banks.
"Chamber of Minerals and Energy (WA), Minerals Council of Australia",MULTIPLE,HIGH,"Chamber of Minerals and Energy (WA), Minerals Council of Australia",Two separate organizations in the mining industry.
SCG and Sports Ground Trust,MULTIPLE,HIGH,"SCG, Sports Ground Trust","SCG refers to the Sydney Cricket Ground, a separate entity from the trust."
Prudential and New York Life,MULTIPLE,HIGH,"Prudential, New York Life",Two separate insurance companies.
Australian and Indian Cricket teams,MULTIPLE,HIGH,"Australian Cricket team, Indian Cricket team",Two separate cricket teams.
QANTAS AND VIRGIN,MULTIPLE,HIGH,"QANTAS, VIRGIN",Two separate airline companies.
Suncorp and IAG,MULTIPLE,HIGH,"Suncorp, IAG",Two separate Australian insurance companies.
Responsible Wood and Australian Forest Products Association,MULTIPLE,HIGH,"Responsible Wood, Australian Forest Products Association",Two distinct industry associations.
German government/ Goethe Institut,MULTIPLE,HIGH,"German government, Goethe Institut","Clearly two distinct entities: the German government and the Goethe Institut, a cultural institution."
Sealink/Coopers,MULTIPLE,HIGH,"Sealink, Coopers",Context shows these are two separate companies involved in a joint event. Sealink is a transport company and Coopers is a brewery.
Cth Bank / St George / ING Direct,MULTIPLE,HIGH,"Cth Bank, St George, ING Direct",Three separate Australian banks listed.
NATO/SHAPE,MULTIPLE,HIGH,"NATO, SHAPE",NATO (North Atlantic Treaty Organization) and SHAPE (Supreme Headquarters Allied Powers Europe) are distinct military organizations.
Asteron Life (Perth) / BT Financial Group (Sydney),MULTIPLE,HIGH,"Asteron Life (Perth), BT Financial Group (Sydney)","Two different financial institutions, clearly indicated by their locations."
Australia-India Institute /Lowy Institute/Observer Research Foundation,MULTIPLE,HIGH,"Australia-India Institute, Lowy Institute, Observer Research Foundation",Three separate think tanks/research institutions.
Etihad Airways / HRG Australia Pty Ltd,MULTIPLE,HIGH,"Etihad Airways, HRG Australia Pty Ltd",An airline and a travel management company.
St George Bank / Goodwin Chivas,MULTIPLE,HIGH,"St George Bank, Goodwin Chivas","A bank and another organization (likely a business), both acting as co-sponsors."
Citibank/Amex/Diners/GE,MULTIPLE,HIGH,"Citibank, Amex, Diners, GE",Four different financial services brands.
Commonwealth Parliamentary Association/World Bank Institute,MULTIPLE,HIGH,"Commonwealth Parliamentary Association, World Bank Institute",Two distinct international organizations.
Lions Clubs / Rotary Clubs,MULTIPLE,HIGH,"Lions Clubs, Rotary Clubs",Two distinct international service organizations.
Pericles Unit Trust/Elysium Pty Ltd,MULTIPLE,HIGH,"Pericles Unit Trust, Elysium Pty Ltd",A unit trust and a Pty Ltd company.
MYSTATE / COMMONWEALTH,MULTIPLE,HIGH,"MYSTATE, COMMONWEALTH","Likely refers to MyState Bank and the Commonwealth Government, though more context would be needed to ensure this isn't a single internal account naming convention."
BC Iron/AMEC,MULTIPLE,HIGH,"BC Iron, AMEC",Two separate companies involved in a joint project.
Rugby Leagues/Minister for the Arts,MULTIPLE,HIGH,"Rugby Leagues, Minister for the Arts",Clearly two distinct entities: a sporting league and a government minister.
Australian Government/Yothu Yindi Foundation,MULTIPLE,HIGH,"Australian Government, Yothu Yindi Foundation",Two separate entities: the Australian Government and a specific foundation.
Spouse/partner,MULTIPLE,HIGH,"Spouse, partner",Two distinct individuals.
Bank of Queensland/VISA,MULTIPLE,HIGH,"Bank of Queensland, VISA",Two separate entities: a bank and a payment network.
Great Southern Bank/CUA,MULTIPLE,HIGH,"Great Southern Bank, CUA",Two separate financial institutions.
Solomon Islands/Save the Children,MULTIPLE,HIGH,"Solomon Islands, Save the Children",A sovereign nation and a non-governmental organization.
Australian Political Exchange Council/Ministry of Foreign Affairs Japan,MULTIPLE,HIGH,"Australian Political Exchange Council, Ministry of Foreign Affairs Japan",Two distinct organizations from different countries.
FFA / FIFA,MULTIPLE,HIGH,"FFA, FIFA",Two separate football governing bodies.
Westpac and ANZ,MULTIPLE,HIGH,"Westpac, ANZ",Westpac and ANZ are two distinct major Australian banks.
Robert International Pty Ltd and Robert Property Portfolio Pty Ltd,MULTIPLE,HIGH,"Robert International Pty Ltd, Robert Property Portfolio Pty Ltd",The context clearly indicates two separate Pty Ltd companies.
Tennis Australia and Optus,MULTIPLE,HIGH,"Tennis Australia, Optus","Tennis Australia is the governing body for tennis in Australia, and Optus is a telecommunications company."
"Carlton Football Club, MCC, RACV, Liberal Party of Australia (Victorian Division), Pontiac Car Club of Australia, Union-University and Schools Club, Sydney, Melbourne University, Liberal Club",MULTIPLE,HIGH,"Carlton Football Club, MCC, RACV, Liberal Party of Australia (Victorian Division), Pontiac Car Club of Australia, Union-University, Schools Club, Sydney, Melbourne University, Liberal Club",This is a list of several distinct organizations and clubs.
"Australian Labor Party (QLD), Community and Public Sector Union (CPSU)",MULTIPLE,HIGH,"Australian Labor Party (QLD), Community and Public Sector Union (CPSU)",These are two distinct political and union organizations.
"RDP Group, FTI Group and Dalcross",MULTIPLE,HIGH,"RDP Group, FTI Group, Dalcross",Three separate organizations are listed.
Victoria Racing Club and Emirates,MULTIPLE,HIGH,"Victoria Racing Club, Emirates","The Victoria Racing Club is an Australian organization, and Emirates is an airline."
"Richard and Phillip Walsh, Walsh's village pharmacy",MULTIPLE,HIGH,"Richard, Phillip Walsh, Walsh's village pharmacy",Two individuals and their pharmacy are listed.
King Willem-Alexander and Queens Maxima,MULTIPLE,HIGH,"King Willem-Alexander, Queens Maxima",These are two separate individuals.
NSW National Servicemen's Assn. and affiliates Inc - Gosford City Sub Branch.,MULTIPLE,HIGH,"NSW National Servicemen's Assn., affiliates Inc - Gosford City Sub Branch.",The context suggests that this is a main organization with a sub-branch.
Tabcorp and Emirates,MULTIPLE,HIGH,"Tabcorp, Emirates","Tabcorp is an Australian company, and Emirates is an airline."
Westpac and NAB,MULTIPLE,HIGH,"Westpac, NAB",Westpac and NAB are two distinct major Australian banks.
"Fellow, Australian Academy of Health and Medical Sciences",MULTIPLE,HIGH,"Fellow, Australian Academy of Health and Medical Sciences",This refers to a person (Fellow) and an organization.
Save the Children & Bill and Melinda Gates Foundation,MULTIPLE,HIGH,"Save the Children, Bill and Melinda Gates Foundation",These are two separate organizations.
Self and Spouse,MULTIPLE,HIGH,"Self, Spouse",These refer to two distinct individuals.
Australian and New Zealand Bar Associations,MULTIPLE,HIGH,"Australian Bar Associations, New Zealand Bar Associations",These are distinct bar associations representing different countries.
Newman College Council and Newman College Scholarship Fund,MULTIPLE,HIGH,"Newman College Council, Newman College Scholarship Fund",These are likely two separate entities within the same college.
Qantas Chairman's Lounge and Virgin Club,MULTIPLE,HIGH,"Qantas Chairman's Lounge, Virgin Club",These are two separate membership programs offered by different airlines.
University of New England and the Earle Page College,MULTIPLE,HIGH,"University of New England, the Earle Page College",The University of New England is a university; the Earle Page College is likely a college affiliated with it.
L.C. and S.A. Buchholz,MULTIPLE,HIGH,"L.C., S.A. Buchholz",These appear to be two individuals.
"NAB, ING and HSBC(UK)",MULTIPLE,HIGH,"NAB, ING, HSBC(UK)",These are three distinct banks.
"South Australian Department of Health and Ageing, TAFE",MULTIPLE,HIGH,"South Australian Department of Health and Ageing, TAFE","The South Australian Department of Health and Ageing is a government department, while TAFE is a separate educational institution."
Akas Pty Ltd (trustee company for Corrie-Smith Family Trust and Hannan Trust No 3),MULTIPLE,HIGH,"Akas Pty Ltd (trustee company for Corrie-Smith Family Trust, Hannan Trust No 3",Akas Pty Ltd is a trustee company for two separate trusts.
"Mercer, MilSuper and Australian Super",MULTIPLE,HIGH,"Mercer, MilSuper, Australian Super",These are three separate superannuation organizations.
MM and RA Coulton,MULTIPLE,HIGH,"MM, RA Coulton",These appear to be two individuals.
News Corp Australia and Foxtel,MULTIPLE,HIGH,"News Corp Australia, Foxtel","News Corp Australia and Foxtel are two distinct media companies, though related."
Bendigo and Adelaide Bank and Westpac,MULTIPLE,HIGH,"Bendigo and Adelaide Bank, Westpac",Bendigo and Adelaide Bank and Westpac are two distinct banks.
"Commonwealth Bank of Australia, Bendigo and Adelaide Bank and Westpac",MULTIPLE,HIGH,"Commonwealth Bank of Australia, Bendigo and Adelaide Bank, Westpac",These are three distinct banks.
ANZ and NAB,MULTIPLE,HIGH,"ANZ, NAB",ANZ and NAB are two distinct major Australian banks.
"Virgin, Qantas",MULTIPLE,HIGH,"Virgin, Qantas",Virgin and Qantas are two separate and well-known Australian airlines.  The context examples clearly indicate reference to both.
"ALP, United Services Union",MULTIPLE,HIGH,"ALP, United Services Union",ALP (Australian Labor Party) and the United Services Union are two distinct Australian organizations.
"Perpetual, MLC, Vanguard",MULTIPLE,HIGH,"Perpetual, MLC, Vanguard","Perpetual, MLC, and Vanguard are separate financial services organizations operating in Australia."
"Australian Rugby League Commission, National Rugby League",MULTIPLE,HIGH,"Australian Rugby League Commission, National Rugby League","These are two distinct, albeit related, organizations governing rugby league in Australia."
"Peter King (Westpac), Andrew Abdo (NRL)",MULTIPLE,HIGH,"Peter King (Westpac), Andrew Abdo (NRL)","Two individuals are named, each affiliated with a different organization (Westpac and NRL)."
"CBA, ANZ, Credit Suisse",MULTIPLE,HIGH,"CBA, ANZ, Credit Suisse","CBA (Commonwealth Bank of Australia), ANZ (Australia and New Zealand Banking Group), and Credit Suisse are separate banks."
"Qantas, The Club, Virgin",MULTIPLE,HIGH,"Qantas, The Club, Virgin","Qantas and Virgin are airlines, and 'The Club' likely refers to an airport lounge access program, making this multiple entities."
"Ray Purcell, Grow Hope Foundation",MULTIPLE,HIGH,"Ray Purcell, Grow Hope Foundation","Ray Purcell is an individual, and Grow Hope Foundation is a separate organization."
"Professor Ben Saul, The University of Sydney",MULTIPLE,HIGH,"Professor Ben Saul, The University of Sydney","Professor Ben Saul is an individual, and The University of Sydney is a separate entity."
"QBank, NAB, CBA, Westpac",MULTIPLE,HIGH,"QBank, NAB, CBA, Westpac",These are all separate Australian banks.
"ANZ, QBank, NAB, Westpac",MULTIPLE,HIGH,"ANZ, QBank, NAB, Westpac",These are all separate Australian banks.
"Country Mile Superannuation Pty Ltd, ACGee Pty Ltd",MULTIPLE,HIGH,"Country Mile Superannuation Pty Ltd, ACGee Pty Ltd",These are two separate Pty Ltd companies.
"Commonwealth Bank, Liberty Financial",MULTIPLE,HIGH,"Commonwealth Bank, Liberty Financial",These are two separate financial institutions.
"ALI Group, MSBS, Australian Super Fund",MULTIPLE,HIGH,"ALI Group, MSBS, Australian Super Fund",These appear to be three separate financial services entities.
"ALI Group, Australian Super Fund",MULTIPLE,HIGH,"ALI Group, Australian Super Fund",These are two separate financial services entities.
"Foxtel, Melbourne Conversazioni",MULTIPLE,HIGH,"Foxtel, Melbourne Conversazioni","Foxtel is a television provider, and Melbourne Conversazioni seems to be a separate organization or event."
"Lismore, Ballina",MULTIPLE,HIGH,"Lismore, Ballina","Lismore and Ballina are separate towns in NSW, Australia."
"Qantas, Virgin, ASTRA",MULTIPLE,HIGH,"Qantas, Virgin, ASTRA",Qantas and Virgin are airlines; ASTRA is likely a separate entity (requires further context for complete certainty).
"Qantas, Assange Campaign Group",MULTIPLE,HIGH,"Qantas, Assange Campaign Group","Qantas is an airline, and the Assange Campaign Group is a separate advocacy group."
"ANZ, Commonwealth, Westpac, Qld Country Bank, etc.",MULTIPLE,HIGH,"ANZ, Commonwealth, Westpac, Qld Country Bank, etc.","These are all separate financial institutions, with ""etc."" indicating more unspecified entities."
"CBA, ANZ",MULTIPLE,HIGH,"Commonwealth Bank of Australia, Australia and New Zealand Banking Group",CBA (Commonwealth Bank of Australia) and ANZ (Australia and New Zealand Banking Group) are two distinct major Australian banks.
"Exquirant P/L, Billson Family Trust",MULTIPLE,HIGH,"Exquirant P/L, Billson Family Trust",Exquirant P/L is a company and Billson Family Trust is a separate legal entity.
"Wizard, GE Money, Commonwealth Bank",MULTIPLE,HIGH,"Wizard, GE Money, Commonwealth Bank of Australia",These are three separate financial institutions.
"Transport Workers Union (NSW), Emily's List, APHEDA",MULTIPLE,HIGH,"Transport Workers Union (NSW), Emily's List, APHEDA",These are three distinct organizations.
"Police Credit Co-op, Australian Super",MULTIPLE,HIGH,"Police Credit Co-op, Australian Super",These are two different entities: a credit union and a superannuation fund.
"Metropolitan Ambulance Service, Monash University",MULTIPLE,HIGH,"Metropolitan Ambulance Service, Monash University",These are two separate and distinct organizations.
"MTC productions, Qantas",MULTIPLE,HIGH,"MTC productions, Qantas","MTC productions is a theatre company, Qantas is an airline."
"Australian Labor Party, Australian Services Union, Friends of the ABC, Oxfam, Amnesty International, Associate member of the RSL, Police Ass Credit Co-Op, Box Hill Hawkes, Friends of Wattle Park, Friends of MGA, Friends of the Highway Gallery",MULTIPLE,HIGH,"Australian Labor Party, Australian Services Union, Friends of the ABC, Oxfam, Amnesty International, Associate member of the RSL, Police Ass Credit Co-Op, Box Hill Hawkes, Friends of Wattle Park, Friends of MGA, Friends of the Highway Gallery",These are all separate organizations.
"Australian Labor Party, Friends of the ABC, Police Ass Credit Co-Op, Ambulance Employees Association, National Tertiary Education Union, Australian Sceptics",MULTIPLE,HIGH,"Australian Labor Party, Friends of the ABC, Police Ass Credit Co-Op, Ambulance Employees Association, National Tertiary Education Union, Australian Sceptics",These are all separate organizations.
"Oakleigh/Carneign RSL, Box Hill RSL, Box Hill Lions",MULTIPLE,HIGH,"Oakleigh RSL, Carneign RSL, Box Hill RSL, Box Hill Lions",These appear to be three separate RSL (Returned & Services League) and Lions Clubs.
"Bulldogs Rugby League Club, Sydney Theatre Company",MULTIPLE,HIGH,"Bulldogs Rugby League Club, Sydney Theatre Company",These are two separate entities: a rugby league club and a theatre company.
"Qantas, Boeing",MULTIPLE,HIGH,"Qantas, Boeing",These are two separate multinational corporations.
"Navantia, Lockheed Martin",MULTIPLE,HIGH,"Navantia, Lockheed Martin",These are two separate large defense contractors.
"Avalon Airshow, Leighton Holdings, Parliamentary Friends of Clubs",MULTIPLE,HIGH,"Avalon Airshow, Leighton Holdings, Parliamentary Friends of Clubs",These are three distinct entities.
"Greg Baxter, Boeing, Chris Jenkins",MULTIPLE,HIGH,"Greg Baxter, Boeing, Chris Jenkins",These are three distinct individuals and a corporation.
"Emirates Airlines, Babcock UK, Airbus Military, Navantia",MULTIPLE,HIGH,"Emirates Airlines, Babcock UK, Airbus Military, Navantia",These are four separate multinational corporations.
"Airbus Military, Navantia, Al Group",MULTIPLE,HIGH,"Airbus Military, Navantia, Al Group",These are three separate entities.
"Police Services Association, Tongan Police Minister",MULTIPLE,HIGH,"Police Services Association, Tongan Police Minister",These are two separate entities: an association and a government official.
"Cyprus High Commission, Varley Group, Bruck Group, Indonesian National Police Chief",MULTIPLE,HIGH,"Cyprus High Commission, Varley Group, Bruck Group, Indonesian National Police Chief",These are four distinct entities.
"Thales, Jordanian Government",MULTIPLE,HIGH,"Thales, Jordanian Government",These are two separate entities: a corporation and a government.
"Boeing, Minter Ellison",MULTIPLE,HIGH,"Boeing, Minter Ellison",These are a corporation and a law firm.
"Bankstown Sports Club, NRL",MULTIPLE,HIGH,"Bankstown Sports Club, NRL",These are a sports club and a sporting league.
"Bankstown Sports Club, Channel 9, Interlink Roads, Bankstown RSL, Linfox, Pickles Auctions",MULTIPLE,HIGH,"Bankstown Sports Club, Channel 9, Interlink Roads, Bankstown RSL, Linfox, Pickles Auctions",These are all separate organizations.
"QPCU, Westpac, CBA",MULTIPLE,HIGH,"QPCU, Westpac, Commonwealth Bank of Australia",These are three distinct financial institutions.
"Westpac, CBA, QPCU",MULTIPLE,HIGH,"Westpac, Commonwealth Bank of Australia, QPCU",These are three distinct financial institutions.
"Qantas, Virgin",MULTIPLE,HIGH,"Qantas, Virgin Australia",These are two competing Australian airlines.
"Westpac, National Australia Bank",MULTIPLE,HIGH,"Westpac, National Australia Bank",These are two of the big four Australian banks.
"Mercer MMF Australian Inflation Linked Bond Fund, UBS Australian Bond Fund, EQT PIMCO Global Real Return Fund, EQT PIMCO Diversified Fixed Interest Fund",MULTIPLE,HIGH,"Mercer MMF Australian Inflation Linked Bond Fund, UBS Australian Bond Fund, EQT PIMCO Global Real Return Fund, EQT PIMCO Diversified Fixed Interest Fund",These are four distinct investment funds.
"Perpetual Wealth Focus Investment Finds - Perpetual's Smaller Companies Fund, Wilson Investment Fund Limited.",MULTIPLE,HIGH,"Perpetual Wealth Focus Investment Finds - Perpetual's Smaller Companies Fund, Wilson Investment Fund Limited.",These are two separate investment funds.
"Australian Services Union, Celtic Club, Amnesty International",MULTIPLE,HIGH,"Australian Services Union, Celtic Club, Amnesty International",These are three distinct organizations.
"Cricket Australia, Diageo Pty Ltd",MULTIPLE,HIGH,"Cricket Australia, Diageo Pty Ltd",These are two separate organizations.
"Qantas, Virgin, Foxtel",MULTIPLE,HIGH,"Qantas, Virgin, Foxtel",These are three separate Australian companies.
"ABC, Louise Milligan, Company Giles, Legal Services Trust, Ms Chrysanthou",MULTIPLE,HIGH,"ABC, Louise Milligan, Company Giles, Legal Services Trust, Ms Chrysanthou","These are multiple entities; the ABC (Australian Broadcasting Corporation), an individual, a company, a trust, and another individual."
"Commonwealth Bank of Australia, Bank of Queensland",MULTIPLE,HIGH,"Commonwealth Bank of Australia, Bank of Queensland",These are two separate banks.
"Westpac, Commonwealth Bank of Australia, Peoples Choice Credit Union",MULTIPLE,HIGH,"Westpac, Commonwealth Bank of Australia, Peoples Choice Credit Union",These are three separate financial institutions.
"Australia Education Union, World Vision (sponsor), Maritime Union of Australia, Unicef (donor), Vice Patron of Northern Territory Rugby Union, Lifetime member of Kiwi Rugby Club Alice Springs, Patron Eastern Suburbs Rugby Club Canberra, Central Australia NT Schools Education Leaders (CANSTEL), Australian Education Union, Australia Council Education Leaders (ACEL), Board member of GUTS Dance Central Australia",MULTIPLE,HIGH,"Australia Education Union, World Vision, Maritime Union of Australia, Unicef, Northern Territory Rugby Union, Kiwi Rugby Club Alice Springs, Eastern Suburbs Rugby Club Canberra, Central Australia NT Schools Education Leaders (CANSTEL), Australia Council Education Leaders (ACEL), GUTS Dance Central Australia",This lists multiple organizations and affiliations.
"Governor, Queenwood School, Mosman",MULTIPLE,HIGH,"Governor, Queenwood School, Mosman","These refer to a Governor (likely of a school), a school, and a location."
"ASTRA, FOXTEL",MULTIPLE,HIGH,"ASTRA, FOXTEL",These are two separate organizations.  ASTRA likely refers to the Australian Subscription Television and Radio Association.
"ANZ, Qudos Bank, ING",MULTIPLE,HIGH,"ANZ, Kudos Bank, ING",These are three different banks operating in Australia.
"Liberal Party of Australia (Victorian Division), Institute of Public Affairs, Melbourne Cricket Club, Melbourne Football Club, Sandringham Yacht Club, Sandringham Bowls Club, Old Brighton Grammarians Football Club, Royal Brighton Yacht Club, Hampton Life Saving Club, Sorrento Sailing Couta Boat Club",MULTIPLE,HIGH,"Liberal Party of Australia (Victorian Division), Institute of Public Affairs, Melbourne Cricket Club, Melbourne Football Club, Sandringham Yacht Club, Sandringham Bowls Club, Old Brighton Grammarians Football Club, Royal Brighton Yacht Club, Hampton Life Saving Club, Sorrento Sailing Couta Boat Club",These are all distinct organizations.
"Liberal Party of Australia (Victorian Division), Institute of Public Affairs, Victorian Racing Club, Melbourne Football Club, Victorian Institute of Teaching",MULTIPLE,HIGH,"Liberal Party of Australia (Victorian Division), Institute of Public Affairs, Victorian Racing Club, Melbourne Football Club, Victorian Institute of Teaching",These are all distinct organizations.
"Westpac, NAB",MULTIPLE,HIGH,"Westpac, NAB",Westpac and NAB are two separate Australian banks.
"CBA, Westpac",MULTIPLE,HIGH,"CBA, Westpac",CBA (Commonwealth Bank of Australia) and Westpac are two separate Australian banks.
"Bendigo Bank, Westpac (Dependent Children)",MULTIPLE,HIGH,"Bendigo Bank, Westpac (Dependent Children)",Clearly two distinct entities: Bendigo Bank and Westpac's 'Dependent Children' program (or department).
"BKL, CWN, QBE, SEK",MULTIPLE,HIGH,"BKL, CWN, QBE, SEK",These appear to be stock market tickers for four separate companies.
"Long Reef Surf Life Saving Club, Warringah Chamber of Commerce, Manly Sea Eagles, Dee Why RSL Club",MULTIPLE,HIGH,"Long Reef Surf Life Saving Club, Warringah Chamber of Commerce, Manly Sea Eagles, Dee Why RSL Club",Four independent community organizations in the same geographic area.
"Royal Goedewaagen, Schipol",MULTIPLE,HIGH,"Royal Goedewaagen, Schiphol",Royal Goedewaagen is a ceramics company; Schiphol is an airport.  They are distinct.
"Arnold Bloch Leibler, Mr David Bennett AC QC",MULTIPLE,HIGH,"Arnold Bloch Leibler, Mr David Bennett AC QC",A law firm and an individual lawyer.
"Randwick NSW, Port Macquarie, Port Macquarie, Port Macquarie, Wauchope",MULTIPLE,HIGH,"Randwick NSW, Port Macquarie, Port Macquarie, Port Macquarie, Wauchope","These are locations in NSW, Australia."
"Port Macquarie, Port Macquarie, Wauchope",MULTIPLE,HIGH,"Port Macquarie, Port Macquarie, Wauchope","These are locations in NSW, Australia."
"Port Macquarie, Port Macquarie",MULTIPLE,HIGH,"Port Macquarie, Port Macquarie","These are locations in NSW, Australia.  The repetition suggests separate instances."
"Templemore Investment Pty Ltd, Goldenboot Pty Ltd",MULTIPLE,HIGH,"Templemore Investment Pty Ltd, Goldenboot Pty Ltd",Two separate Pty Ltd companies.
"Templemore Investment Pty Ltd, Goldenboots Pty Ltd",MULTIPLE,HIGH,"Templemore Investment Pty Ltd, Goldenboots Pty Ltd",Two separate Pty Ltd companies.  Note the slight spelling difference.
"Royal Australasian College of Physicians, AMA(NSW), Gastroenterology Society of Australia",MULTIPLE,HIGH,"Royal Australasian College of Physicians, AMA(NSW), Gastroenterology Society of Australia",Three separate medical organizations.
"Thai Airways, business class; AIMS Immigration Specialist Pte Ltd; Naki Group",MULTIPLE,HIGH,"Thai Airways, AIMS Immigration Specialist Pte Ltd, Naki Group","An airline, an immigration specialist, and another company are mentioned."
"Malindo Air; Melia Hotel, Hanoi; Vietnam Airlines; Singapore Airlines; AIMS Immigration Specialist Pte Ltd",MULTIPLE,HIGH,"Malindo Air, Melia Hotel, Vietnam Airlines, Singapore Airlines, AIMS Immigration Specialist Pte Ltd",Multiple airlines and a hotel are listed.
"Australian Super, Comminsure Corporate Insurance Superannuation, OnePath Masterfund",MULTIPLE,HIGH,"Australian Super, Comminsure Corporate Insurance Superannuation, OnePath Masterfund",Three different superannuation funds.
"Sam Buckeridge, BGC Group",MULTIPLE,HIGH,"Sam Buckeridge, BGC Group",An individual and a company.
"Nigel Satterley AO, CEO THE SATTERLEY GROUP, JOHN POYNTON AO, RICK NEWNHAM, CHIEF ECONOMIST, CCI WA",MULTIPLE,HIGH,"Nigel Satterley AO, JOHN POYNTON AO, RICK NEWNHAM, CCI WA",Multiple individuals and organizations.
"ANZ, CBA",MULTIPLE,HIGH,"ANZ, CBA",Two major Australian banks.
"QANTAS, VIRGIN AUSTRALIA",MULTIPLE,HIGH,"QANTAS, VIRGIN AUSTRALIA",Two major Australian airlines.
"Br Armin, De La Salle University",MULTIPLE,HIGH,"Br Armin, De La Salle University",An individual and a university.
"Kuwait Parliament, Palestinian Authority",MULTIPLE,HIGH,"Kuwait Parliament, Palestinian Authority",Two separate governing bodies.
"NAB, Westpac",MULTIPLE,HIGH,"NAB, Westpac",Two major Australian banks.
"CPA Australia, Nationals NSW",MULTIPLE,HIGH,"CPA Australia, Nationals NSW",CPA Australia is a professional body; Nationals NSW is a political party branch.
"Qantas, Virgin Australia, Mr John Short",MULTIPLE,HIGH,"Qantas, Virgin Australia, Mr John Short",Two airlines and an individual.
"ANZ, Commonwealth, Westpac etc.",MULTIPLE,HIGH,"ANZ, Commonwealth, Westpac",Multiple Australian banks are listed.
"Westpac, Esanda",MULTIPLE,HIGH,"Westpac, Esanda","Westpac is a bank; Esanda is a finance company, often associated with Westpac but remains a separate legal entity."
"Bank of QLD, American Express",MULTIPLE,HIGH,"Bank of QLD, American Express",A regional Australian bank and a global credit card company.
"ALP, Australian Workers Union",MULTIPLE,HIGH,"ALP, Australian Workers Union",The Australian Labor Party and a separate union.
"Woodside Energy Ltd, National Australia Bank",MULTIPLE,HIGH,"Woodside Energy Ltd, National Australia Bank",An energy company and a bank.
Seven West Media and Anthony De Ceglie,MULTIPLE,HIGH,"Seven West Media, Anthony De Ceglie",Seven West Media is a publicly listed media company. Anthony De Ceglie is an individual.  The context clearly shows two separate entities.
American Chamber of Commerce in Australia (AmCham) and the Insurance Council of Australia (ICA),MULTIPLE,HIGH,"American Chamber of Commerce in Australia (AmCham), the Insurance Council of Australia (ICA)",These are two distinct and well-known Australian organizations.
Dr Alan Mendoza and Henry Jackson Society,MULTIPLE,HIGH,"Dr Alan Mendoza, Henry Jackson Society",Dr Alan Mendoza is an individual; the Henry Jackson Society is a UK think tank with Australian connections. The context clearly indicates two separate entities.
Peter Jackson and Mr Hussaini,MULTIPLE,HIGH,"Peter Jackson, Mr Hussaini","Peter Jackson (presumably not the filmmaker) and Mr Hussaini are individuals, clearly separate entities."
"ANZ, Commonwealth, NAB, Metway, Qld Country Bank and others",MULTIPLE,HIGH,"ANZ, Commonwealth, NAB, Metway, Qld Country Bank, others",These are all separate Australian financial institutions.
NRL and NRLW Telstra Premiership,MULTIPLE,HIGH,"NRL, NRLW Telstra Premiership","NRL and NRLW are separate competitions within the same governing body, but still distinct entities."
"Pinelli Wines, Bailey Brewing and Oakover Wines",MULTIPLE,HIGH,"Pinelli Wines, Bailey Brewing, Oakover Wines",Three separate wineries/breweries.
Global Public Policy Institute and ANU National Security College,MULTIPLE,HIGH,"Global Public Policy Institute, ANU National Security College","Two distinct organizations, one independent, the other part of the Australian National University."
"Westpac, Telstra and National Press Club",MULTIPLE,HIGH,"Westpac, Telstra, National Press Club","These are three entirely separate organizations: a bank, a telco, and a media organization."
"R Hair 4 U, O, Dough, Wooden Mill, Well Versed Homes, Dulux, Southern Cleaning Supplies, Kennards Self Storage Thornleigh, Inspirations Paint Hornsby, Uni-Pro and Bunnings Thornleigh",MULTIPLE,HIGH,"R Hair 4 U, O, Dough, Wooden Mill, Well Versed Homes, Dulux, Southern Cleaning Supplies, Kennards Self Storage Thornleigh, Inspirations Paint Hornsby, Uni-Pro, Bunnings Thornleigh",These are multiple distinct businesses.
"Chamber of Minerals and Energy WA (CME), Minerals Council of Australia (MCA), and the Australian Petroleum Production & Exploration Association (APPEA)",MULTIPLE,HIGH,"Chamber of Minerals and Energy WA (CME), Minerals Council of Australia (MCA), the Australian Petroleum Production & Exploration Association (APPEA)",These are three separate industry associations.
"Royal Automobile Association of SA Inc, RAA Insurance Holdings Ltd, and RAA Insurance Ltd",MULTIPLE,HIGH,"Royal Automobile Association of SA Inc, RAA Insurance Holdings Ltd, RAA Insurance Ltd",These are related but distinct legal entities.
"Professor Cheng and delegation, from Nanjing University of Traditional Chinese Medicine",MULTIPLE,HIGH,"Professor Cheng, delegation, Nanjing University of Traditional Chinese Medicine","Professor Cheng is an individual, the delegation is a group, and the University is a separate entity."
Sydney Kings and Sydney Flames,MULTIPLE,HIGH,"Sydney Kings, Sydney Flames",These are two separate basketball teams.
Brisbane Broncos and Queensland Energy Minister,MULTIPLE,HIGH,"Brisbane Broncos, Queensland Energy Minister",A sporting team and a government official.
"Chamber of Minerals & Energy WA (MCE), Minerals Council of Australia (MCA), and the Australian Petroleum Production & Exploration Association (APPEA)",MULTIPLE,HIGH,"Chamber of Minerals & Energy WA (MCE), Minerals Council of Australia (MCA), the Australian Petroleum Production & Exploration Association (APPEA)",Three distinct industry bodies.
"Indonesian Minister for Administration and Bureaucratic Reform, H. Abdullah Azwar Anas",MULTIPLE,HIGH,"Indonesian Minister for Administration and Bureaucratic Reform, H. Abdullah Azwar Anas",The minister's title and his name are separate entities.
Voices of Fisher and Fairfax Matters community groups,MULTIPLE,HIGH,"Voices of Fisher, Fairfax Matters community groups",Two distinct community groups.
"Queenslanders' Credit union, ME Bank, ANZ + CBA",MULTIPLE,HIGH,"Queenslanders' Credit Union, ME Bank, ANZ, CBA",These are four distinct financial institutions in Australia.
"Karl Marx Club, Old Girls Society, Gerard Hassays for women",MULTIPLE,HIGH,"Karl Marx Club, Old Girls Society, Gerard Hassays for women",These are three distinct social or community groups.
"Qld District Labour Party, Relations for the ALP, Emily's List",MULTIPLE,HIGH,"Qld District Labour Party, Relations for the ALP, Emily's List",These appear to be three separate political organizations or groups affiliated with the Australian Labor Party (ALP).
"Theodore Club Inc, Brisbane Broncos Leagues Club, Centenary Inner Club",MULTIPLE,HIGH,"Theodore Club Inc, Brisbane Broncos Leagues Club, Centenary Inner Club",Three separate social or sporting clubs in Queensland.
"Yerlan Baudarbek-Kozhatayev, Ambassador of the Republic of Kazakhstan",MULTIPLE,HIGH,"Yerlan Baudarbek-Kozhatayev, Ambassador of the Republic of Kazakhstan","One is a person, the other is a diplomatic title/office."
"H.E U Win Shein, Union Minister, Ministry of Finance, Republic of the Union of Myanmar",MULTIPLE,HIGH,"H.E U Win Shein, Union Minister, Ministry of Finance, Republic of the Union of Myanmar",These represent different levels of government in Myanmar.
"Crown Metropol, Melbourne",MULTIPLE,HIGH,"Crown Metropol, Melbourne",Crown Metropol is a hotel; Melbourne is a city.
"Channel 9, Clubs NSW, Bankstown Sports Club, Bankstown RSL, Interlink Roads, Macquarie Group, Serco, Linfox, Northrup Grumman, International SOS, Kathmandu, Ms Margaret Jack, Microsoft, Deloitte, Qantas, Optus",MULTIPLE,HIGH,"Channel 9, Clubs NSW, Bankstown Sports Club, Bankstown RSL, Interlink Roads, Macquarie Group, Serco, Linfox, Northrup Grumman, International SOS, Kathmandu, Ms Margaret Jack, Microsoft, Deloitte, Qantas, Optus",This is a list of diverse companies and an individual.
"Ms Xiangguang Lin, Ms Qanying Huang",MULTIPLE,HIGH,"Ms Xiangguang Lin, Ms Qanying Huang",Two individuals.
"Intercontinental Gold Coast, Centre for Independent Studies",MULTIPLE,HIGH,"Intercontinental Gold Coast, Centre for Independent Studies",A hotel and a think tank.
"CAMP MOUNTAIN, QLD",MULTIPLE,HIGH,"CAMP MOUNTAIN, QLD",A location and a state abbreviation.
"KINGSTON, ACT",MULTIPLE,HIGH,"KINGSTON, ACT",A suburb and a territory abbreviation.
"MORETON ISLAND, QLD",MULTIPLE,HIGH,"MORETON ISLAND, QLD",An island and a state abbreviation.
"EVERTON PARK, QLD",MULTIPLE,HIGH,"EVERTON PARK, QLD",A suburb and a state abbreviation.
"CBA, NAB, QPCU COMMSEC",MULTIPLE,HIGH,"CBA, NAB, QPCU COMMSEC","Three Australian banks (CBA, NAB) and what seems to be another financial institution (QPCU COMMSEC)."
"NAB, QPCU, CBA, WESTPAC",MULTIPLE,HIGH,"NAB, QPCU, CBA, WESTPAC",Four major Australian banks.
"NAB, QPCU, WESTPAC",MULTIPLE,HIGH,"NAB, QPCU, WESTPAC",Three major Australian banks.
"NAB, CBA",MULTIPLE,HIGH,"NAB, CBA",Two of the big four Australian banks.
"BALD HILLS CHILD CARE P/L, DUTTON HOLDINGS (QLD) P/L",MULTIPLE,HIGH,"BALD HILLS CHILD CARE P/L, DUTTON HOLDINGS (QLD) P/L",Two separate Pty Ltd companies.
"Bank of Qld, St George Bank, Heritage Building Society",MULTIPLE,HIGH,"Bank of Qld, St George Bank, Heritage Building Society",Three distinct Australian financial institutions.
"East Melbourne, VIC",MULTIPLE,HIGH,"East Melbourne, VIC",A suburb and a state abbreviation.
"Seddon, VIC",MULTIPLE,HIGH,"Seddon, VIC",A suburb and a state abbreviation.
"McGuigans Wines, Pokolbin",MULTIPLE,HIGH,"McGuigans Wines, Pokolbin",A winery and a region in the Hunter Valley.
"Tyrrell's Wines, Pokolbin",MULTIPLE,HIGH,"Tyrrell's Wines, Pokolbin",A winery and a region in the Hunter Valley.
"National Australia Bank, ING",MULTIPLE,HIGH,"National Australia Bank, ING",Two separate banks operating in Australia.
"House, Mindarie, Western Australia",MULTIPLE,HIGH,"House, Mindarie, Western Australia","A property type, a suburb, and a state."
"House, Leederville, Western Australia",MULTIPLE,HIGH,"House, Leederville, Western Australia","A property type, a suburb, and a state."
"Commercial Complex, Belmont, Western Australia",MULTIPLE,HIGH,"Commercial Complex, Belmont, Western Australia","A property type, a suburb, and a state."
"Factory/Warehouse, Belmont, Western Australia",MULTIPLE,HIGH,"Factory, Warehouse, Belmont, Western Australia","Property types, a suburb, and a state."
"Commercial Complex, Currambine, Western Australia",MULTIPLE,HIGH,"Commercial Complex, Currambine, Western Australia","A property type, a suburb, and a state."
"Vacant Land, Currambine, Western Australia",MULTIPLE,HIGH,"Vacant Land, Currambine, Western Australia","A property type, a suburb, and a state."
"Rural Property, Red Gully, Western Australia",MULTIPLE,HIGH,"Rural Property, Red Gully, Western Australia","A property type, a location, and a state."
"Rural property, Granville, Western Australia",MULTIPLE,HIGH,"Rural property, Granville, Western Australia","A property type, a location, and a state."
"QT Lounge, Canberra",MULTIPLE,HIGH,"QT Lounge, Canberra",A lounge and a city.
"ANZ, NAB/Homeside, Police Credit Union, TIO, Westpac",MULTIPLE,HIGH,"ANZ, NAB, Homeside, Police Credit Union, TIO, Westpac",Multiple financial institutions in Australia.
"ANZ, Police Credit Union",MULTIPLE,HIGH,"ANZ, Police Credit Union",Two distinct financial institutions.
"Gorms PIL, Allmero PIL",MULTIPLE,HIGH,"Gorms PIL, Allmero PIL",Two different PIL (Private Investment Limited) companies.
"Taiwanese Representative, Ms. Catherine Chang",MULTIPLE,HIGH,"Taiwanese Representative, Ms. Catherine Chang",A title/position and a person.
"Melbourne Cricket Club, Victoria Racing Club, Geelong Football Club, Irrewarra Beeac Football Club",MULTIPLE,HIGH,"Melbourne Cricket Club, Victoria Racing Club, Geelong Football Club, Irrewarra Beeac Football Club",Four separate sporting clubs.
"Melbourne Cricket Club, The Australian Club, Geelong Football Club, Victorian Farmers Federation; Otway Agroforesty Network; Birregurra Golf Club; Qantas Club",MULTIPLE,HIGH,"Melbourne Cricket Club, The Australian Club, Geelong Football Club, Victorian Farmers Federation, Otway Agroforesty Network, Birregurra Golf Club, Qantas Club",A collection of diverse clubs and organizations.
"HH The Crown Prince of Abu Dhabi, Sheik Mohammed bin Zayed Al Nahyan",MULTIPLE,HIGH,"HH The Crown Prince of Abu Dhabi, Sheik Mohammed bin Zayed Al Nahyan",A title and the person holding the title.
"Forrest, ACT",MULTIPLE,HIGH,"Forrest, ACT",A suburb and a territory abbreviation.
"Malanda, QLD",MULTIPLE,HIGH,"Malanda, QLD",A town and a state abbreviation.
"Hunters Hill, NSW",MULTIPLE,HIGH,"Hunters Hill, NSW",A suburb and a state abbreviation.
"Stanwell Park, NSW",MULTIPLE,HIGH,"Stanwell Park, NSW",A suburb and a state abbreviation.
"The Ministry of Foreign Affairs, Abu Dhabi, UAE",MULTIPLE,HIGH,"The Ministry of Foreign Affairs, Abu Dhabi, UAE",The Ministry of Foreign Affairs is a distinct entity from Abu Dhabi and the UAE.  The context shows them providing funding separately.
"Sir Bani Yas Forum, UAE",MULTIPLE,HIGH,"Sir Bani Yas Forum, UAE","The Sir Bani Yas Forum is an organization distinct from the UAE, which is a country."
"Hyatt Hotel, Intercontinental Hotel, Park Hyatt Hotel",MULTIPLE,HIGH,"Hyatt Hotel, Intercontinental Hotel, Park Hyatt Hotel",These are three separate hotel chains.  The context examples clearly show separate services provided by each.
"Backcare Products Australia, National Rugby League, Brisbane Broncos",MULTIPLE,HIGH,"Backcare Products Australia, National Rugby League, Brisbane Broncos","These are three distinct organizations: a product company, a sporting league, and a sporting team."
"UNICEF, Parliamentary Association",MULTIPLE,HIGH,"UNICEF, Parliamentary Association",UNICEF and a Parliamentary Association are clearly distinct international and national organizations respectively.
"Westpac, ANZ",MULTIPLE,HIGH,"Westpac, ANZ",Westpac and ANZ are two separate major Australian banks.
"Australian Labor Party, Australian Workers Union",MULTIPLE,HIGH,"Australian Labor Party, Australian Workers Union",These are two distinct Australian political and trade union entities.
"Qantas, AFL",MULTIPLE,HIGH,"Qantas, AFL",Qantas is an airline and the AFL is the Australian Football League.
"Etihad Airways, Qantas Airways",MULTIPLE,HIGH,"Etihad Airways, Qantas Airways",These are two separate international airlines.
"Mr Ilija Dimovski MP, Assembly of the Republic of Macedonia",MULTIPLE,HIGH,"Mr Ilija Dimovski MP, Assembly of the Republic of Macedonia","Mr. Dimovski is a person, and the Assembly is a separate governmental body."
"Mayor of Prelip, Republic of Macedonia",MULTIPLE,HIGH,"Mayor of Prelip, Republic of Macedonia","The Mayor is a person, and the Republic of Macedonia is a country."
"Qantas, Virgin Blue, ASTRA",MULTIPLE,HIGH,"Qantas, Virgin Blue, ASTRA",These are three distinct organizations: two airlines and a media association.
"Carlton Football Club, MCC, RACV, Liberal Party, Chevrolet Car Club, Union-University, RSL, Croydon Chamber of Commerce, Eastwood Golf Club",MULTIPLE,HIGH,"Carlton Football Club, MCC, RACV, Liberal Party, Chevrolet Car Club, Union-University, RSL, Croydon Chamber of Commerce, Eastwood Golf Club",This is a list of several distinct Australian organizations.
"QANTAS CHAIRMAN'S LOUNGE, VELOCITY (VIRGIN AIRLINES)",MULTIPLE,HIGH,"QANTAS CHAIRMAN'S LOUNGE, VELOCITY (VIRGIN AIRLINES)",These refer to loyalty programs of two separate airlines.
"SCOUTS VICTORIA, FRIENDS OF MOONEE PONDS CREEK, AUSTRALIAN CONSERVATION, AUSTRALIAN WORKERS UNION",MULTIPLE,HIGH,"SCOUTS VICTORIA, FRIENDS OF MOONEE PONDS CREEK, AUSTRALIAN CONSERVATION, AUSTRALIAN WORKERS UNION",These are four distinct organizations.
"Canberra ACT, Point Piper NSW, Potts Point NSW, Paddington NSW",MULTIPLE,HIGH,"Canberra ACT, Point Piper NSW, Potts Point NSW, Paddington NSW","These are locations, not organizations."
"Goldman Sachs, Goldman Sachs JB Were, Merrill Lynch, Morgan Stanley, Commonwealth Bank, Macquarie Bank, St George Bank, Westpac Banking Corporation",MULTIPLE,HIGH,"Goldman Sachs, Goldman Sachs JB Were, Merrill Lynch, Morgan Stanley, Commonwealth Bank, Macquarie Bank, St George Bank, Westpac Banking Corporation",This is a list of several distinct financial institutions.
"Self, Wilcrow, TDF Hughes",MULTIPLE,HIGH,"Self, Wilcrow, TDF Hughes",These appear to be individual or business names.
"Athenaeum (Philadelphia), Australian Club, Australian National Flag Association, Australian Republican Movement, Bondi Icebergs, Bondi Junction Waverley RSL, Eastern Suburbs Leagues Club, Hakoah Club, Law Institute of Victoria, Liberal Party of Australia, Lions Club of the Australian Parliament, North Bondi Surf Club, NSW Law Society, Rose Bay RSL",MULTIPLE,HIGH,"Athenaeum (Philadelphia), Australian Club, Australian National Flag Association, Australian Republican Movement, Bondi Icebergs, Bondi Junction Waverley RSL, Eastern Suburbs Leagues Club, Hakoah Club, Law Institute of Victoria, Liberal Party of Australia, Lions Club of the Australian Parliament, North Bondi Surf Club, NSW Law Society, Rose Bay RSL",This is a list of various Australian clubs and organizations.
"Expert Panel on Constitutional Recognition of Local Government (Spouse), Integrated Design Commission SA (Spouse)",MULTIPLE,HIGH,"Expert Panel on Constitutional Recognition of Local Government (Spouse), Integrated Design Commission SA (Spouse)",Two distinct organizations are mentioned.
"Point Piper, NSW",MULTIPLE,HIGH,"Point Piper, NSW","Point Piper is a location, NSW is a state."
"New York, USA",MULTIPLE,HIGH,"New York, USA","New York is a city, USA is a country."
"Telstra, Optus, GlobalGig, Sydney Festival",MULTIPLE,HIGH,"Telstra, Optus, GlobalGig, Sydney Festival",These are four distinct Australian companies and an event.
"Centre for Liveable Cities, Government of Singapore",MULTIPLE,HIGH,"Centre for Liveable Cities, Government of Singapore",The Centre is a specific entity within the Singaporean government.
"Asciano, Electorate Office",MULTIPLE,HIGH,"Asciano, Electorate Office","Asciano is a company, the Electorate Office is a separate entity."
"Manly Sea Eagles, NRMA",MULTIPLE,HIGH,"Manly Sea Eagles, NRMA","Manly Sea Eagles are a rugby league team, NRMA is an Australian road service organization."
"Anthony Johnston, URM Managing Director",MULTIPLE,HIGH,"Anthony Johnston, URM Managing Director",Anthony Johnston is a person; URM Managing Director is a title/position.
"Jonah's, Whale Beach",MULTIPLE,HIGH,"Jonah's, Whale Beach",Jonah's is likely a restaurant; Whale Beach is a location.
"Rimbink Pato, Papua New Guinea Minister for Foreign Affairs",MULTIPLE,HIGH,"Rimbink Pato, Papua New Guinea Minister for Foreign Affairs","Rimbink Pato is a person, the title is a separate governmental position."
"Rural Finance, Victoria",MULTIPLE,HIGH,"Rural Finance, Victoria","Rural Finance is likely a company or government agency, Victoria is a state."
"Qantas, Virgin Australia",MULTIPLE,HIGH,"Qantas, Virgin Australia",These are two major Australian airlines.
"Bankvic, Victorian Teachers Mutual Bank",MULTIPLE,HIGH,"Bankvic, Victorian Teachers Mutual Bank",These are two distinct Australian banks.
"Wilson Medic One, Benetas",MULTIPLE,HIGH,"Wilson Medic One, Benetas",These are two distinct healthcare providers.
"Australian Opera, Sydney Theatre Company, Belvoir Theatre Company",MULTIPLE,HIGH,"Australian Opera, Sydney Theatre Company, Belvoir Theatre Company",These are three distinct performing arts organizations.
"Chugg Entertainment, NRL, Canterbury Bulldogs",MULTIPLE,HIGH,"Chugg Entertainment, NRL, Canterbury Bulldogs","These are a promotions company, a sporting league, and a sporting team."
"SBS, NRMA",MULTIPLE,HIGH,"SBS, NRMA","SBS is a broadcaster, NRMA is an Australian road service organization."
"Kazaru Pty Ltd, 123 Childcare",MULTIPLE,HIGH,"Kazaru Pty Ltd, 123 Childcare","These are two distinct entities, likely a company and a childcare center."
"Korean Ambassador, Tourism & Transport Forum, Swan Valley Council",MULTIPLE,HIGH,"Korean Ambassador, Tourism & Transport Forum, Swan Valley Council",These are clearly three distinct and separate entities mentioned together.
"Catholic Parish of Bundaberg (Holy Rosary), Bundaberg Rotary Club, Hinkler House Memorial Museum & Research Assn, University of Central Queensland, Liberal National Party of Queensland, Burnett Club, Brothers Sports Club, Hervey Bay Boat Club, Bundaberg RSL Club, Hervey Bay RSL Memorial Services Club, Hervey Bay Business Network",MULTIPLE,HIGH,"Catholic Parish of Bundaberg (Holy Rosary), Bundaberg Rotary Club, Hinkler House Memorial Museum & Research Assn, University of Central Queensland, Liberal National Party of Queensland, Burnett Club, Brothers Sports Club, Hervey Bay Boat Club, Bundaberg RSL Club, Hervey Bay RSL Memorial Services Club, Hervey Bay Business Network",These are eleven distinct organizations.
"Elysium Pty Ltd, National Children's & Youth Law Centre, Australian Museum Trust",MULTIPLE,HIGH,"Elysium Pty Ltd, National Children's & Youth Law Centre, Australian Museum Trust",These are three separate and distinct entities.
"Bonalil Pty Limited, Bonedale Pty Limited, Felix Bay Limited, MB Turnbull Pty Limited, Pokana Pty Limited, Turnbull Foundation, Turnbull & Partners Pty Limited, Turnbull & Partners Holdings Pty Limited, Wilcrow Pty Limited, Advisory Panel on Capital City Infrastructure, Australian Folklife Festival Inc, Australian Technology Park Precinct Management Ltd, Biennale of Sydney, Centre for Independent Studies Limited, ISYS Search Software Pty Limited, Maurtray Pty Limited, Melbourne IT Limited, Redfern Waterloo Authority, The Committee for Sydney, The Redfern Foundation Limited, Turnbull & Partners Holdings Pty Limited, United States Study Centre",MULTIPLE,HIGH,"Bonalil Pty Limited, Bonedale Pty Limited, Felix Bay Limited, MB Turnbull Pty Limited, Pokana Pty Limited, Turnbull Foundation, Turnbull & Partners Pty Limited, Turnbull & Partners Holdings Pty Limited, Wilcrow Pty Limited, Advisory Panel on Capital City Infrastructure, Australian Folklife Festival Inc, Australian Technology Park Precinct Management Ltd, Biennale of Sydney, Centre for Independent Studies Limited, ISYS Search Software Pty Limited, Maurtray Pty Limited, Melbourne IT Limited, Redfern Waterloo Authority, The Committee for Sydney, The Redfern Foundation Limited, Turnbull & Partners Holdings Pty Limited, United States Study Centre","This list contains many separate companies, foundations, and organizations."
"Dimensional Australian Value Trust, EQT Intrinsic Value International Sharemarkets Plus Fund, Goldman Sachs Private Equity Funds, Stone Street Real Estate Fund, Stone Street Fund, Bridge Street Asia Fund, Magellan Flagship Fund Limited, Pengana Emerging Companies Fund, Pengana Global Resources Fund, Platinum International Fund, XES, AMP Capital Structured High Yield Fund, CBAPB, WCTPA, Turnbull & Partners Pty Ltd, BNBG, MXUPA, MB Turnbull Pty Limited, Griffin Coal Mining Co - corporate bonds, Morgan Stanley Real Estate Fund VI, Republic of Indonesia Government Bonds, State Bank of India Hybrid Perpetual CPN, EWM, SPY, XLE, XME, XOP, GS Capital Partners VI, Tyndall Australian Share Wholesale Portfolio, Hunter Hall Value Growth Trust",MULTIPLE,HIGH,"Dimensional Australian Value Trust, EQT Intrinsic Value International Sharemarkets Plus Fund, Goldman Sachs Private Equity Funds, Stone Street Real Estate Fund, Stone Street Fund, Bridge Street Asia Fund, Magellan Flagship Fund Limited, Pengana Emerging Companies Fund, Pengana Global Resources Fund, Platinum International Fund, XES, AMP Capital Structured High Yield Fund, CBAPB, WCTPA, Turnbull & Partners Pty Ltd, BNBG, MXUPA, MB Turnbull Pty Limited, Griffin Coal Mining Co - corporate bonds, Morgan Stanley Real Estate Fund VI, Republic of Indonesia Government Bonds, State Bank of India Hybrid Perpetual CPN, EWM, SPY, XLE, XME, XOP, GS Capital Partners VI, Tyndall Australian Share Wholesale Portfolio, Hunter Hall Value Growth Trust",This is a list of numerous distinct investment funds and entities.
"Pilmer pty ltd, Turnbull & Partners Pty Limited, Finance Now Holdings Pty Ltd",MULTIPLE,HIGH,"Pilmer pty ltd, Turnbull & Partners Pty Limited, Finance Now Holdings Pty Ltd",These are three separate limited liability companies.
"Cairns Penny Savings & Loans, Westpac, Bendigo Bank",MULTIPLE,HIGH,"Cairns Penny Savings & Loans, Westpac, Bendigo Bank",These are three distinct financial institutions.
"Australian Services Union, Australian Labor Party, Returned & Services League",MULTIPLE,HIGH,"Australian Services Union, Australian Labor Party, Returned & Services League",These are three distinct Australian organizations.
"Suncorp, Emirates, Lion, Diageo & CGU",MULTIPLE,HIGH,"Suncorp, Emirates, Lion, Diageo, CGU",These are four distinct companies operating in different sectors.
"Virgin, Slater & Gordon (UK) LLP",MULTIPLE,HIGH,"Virgin, Slater & Gordon (UK) LLP",These are two distinct entities: an airline and a law firm.
"NAB, Commonwealth, Citibank, B&E Building Society",MULTIPLE,HIGH,"NAB, Commonwealth Bank, Citibank, B&E Building Society",These are four different financial institutions.
"B&E Building Society, MyState",MULTIPLE,HIGH,"B&E Building Society, MyState",These are two separate building societies.
"SAVE THE CHILDREN AUSTRALIA, BILL & MELINDA GATES FOUNDATION",MULTIPLE,HIGH,"SAVE THE CHILDREN AUSTRALIA, BILL & MELINDA GATES FOUNDATION",These are two separate and well-known international organizations.
"Save The Children Fund, Bill & Melinda Gates Foundation, Oil Search Foundation",MULTIPLE,HIGH,"Save The Children Fund, Bill & Melinda Gates Foundation, Oil Search Foundation",These are three distinct organizations.
"The Bill & Melinda Gates Foundation, Pacific Friends of the Global Fund, Asia Pacific Leaders Malaria Alliance, Chevron",MULTIPLE,HIGH,"The Bill & Melinda Gates Foundation, Pacific Friends of the Global Fund, Asia Pacific Leaders Malaria Alliance, Chevron",These are four distinct organizations.
"ANZ & ING, VicSuper, Westpac & ANZ, Health Super",MULTIPLE,HIGH,"ANZ, ING, VicSuper, Westpac, ANZ, Health Super",These are four distinct financial institutions.
"CBA, ANZ & Bendigo",MULTIPLE,HIGH,"CBA, ANZ, Bendigo",These are three distinct Australian banks.
"Patron, Returned & Services League of Australia QLD Branch, National Servicemen's Sub Branch Inc.",MULTIPLE,HIGH,"Patron, Returned & Services League of Australia QLD Branch, National Servicemen's Sub Branch Inc.","These are three separate entities: a person (Patron), a state branch, and a sub-branch."
Western Sydney Wanderers and Turner Freeman Lawyers,MULTIPLE,HIGH,"Western Sydney Wanderers, Turner Freeman Lawyers",These are clearly two separate entities: a sports team and a law firm.
Qantas Lounge and Virgin Club,MULTIPLE,HIGH,"Qantas Lounge, Virgin Club",These are separate airport lounge programs offered by competing airlines.
"Qantas, Virgin, Zero 95, Belgrave Football and Netball club, Eastern Football League, Foxtel",MULTIPLE,HIGH,"Qantas, Virgin, Zero 95, Belgrave Football and Netball club, Eastern Football League, Foxtel","This is a list of multiple, entirely separate organizations."
"Melbourne Cricket Club, Belgrave Football and Netball Club, Lilydale Township Action Group, Lilydale RSL, Fernwood Gym",MULTIPLE,HIGH,"Melbourne Cricket Club, Belgrave Football and Netball Club, Lilydale Township Action Group, Lilydale RSL, Fernwood Gym",This is a list of different community organizations and sporting clubs.
AMP and BT,MULTIPLE,HIGH,"AMP, BT","AMP and BT are separate, albeit related, financial services companies."
Netball Queensland and Queensland Firebirds,MULTIPLE,HIGH,"Netball Queensland, Queensland Firebirds","Netball Queensland is the governing body; Queensland Firebirds is a team within that organization's league.  While related, they are distinct entities."
National Rugby League (NRL) and Australian Rugby League (ARL),MULTIPLE,HIGH,"National Rugby League (NRL), Australian Rugby League (ARL)","While related, NRL and ARL are distinct governing bodies."
Save the Children Australia and the Gates Foundation,MULTIPLE,HIGH,"Save the Children Australia, the Gates Foundation",These are two completely separate organizations.
"Tripple S Superannuation, AMP Super",MULTIPLE,HIGH,"Tripple S Superannuation, AMP Super",These are two distinct superannuation funds.
"CBA, Macquarie Bank",MULTIPLE,HIGH,"CBA, Macquarie Bank",CBA (Commonwealth Bank of Australia) and Macquarie Bank are separate entities.
"Province of Bohol, Philippines",MULTIPLE,HIGH,"Province of Bohol, Philippines",The Province of Bohol is a province within the Philippines.
"AECR, Emirates",MULTIPLE,HIGH,"AECR, Emirates",AECR (Alliance of European Conservatives and Reformists) and Emirates are separate entities.  Context clearly shows this.
"Carers Australia, Bear Cottage",MULTIPLE,HIGH,"Carers Australia, Bear Cottage",Two distinct charities are mentioned.
"Soldier On, StreetWork Northern Beaches",MULTIPLE,HIGH,"Soldier On, StreetWork Northern Beaches",Two distinct charities are named.
"Michael Wheelahan, Timothy J.F. McEvoy, Arnold Bloch Leibler",MULTIPLE,HIGH,"Michael Wheelahan, Timothy J.F. McEvoy, Arnold Bloch Leibler",Two individuals and a law firm are listed.
"Anglicare PNG, Airways Hotel Limited",MULTIPLE,HIGH,"Anglicare PNG, Airways Hotel Limited",A charity and a hotel are separately identified.
"Mohammed bin Rashid Al Maktoum Foundation, Washington Speakers Bureau",MULTIPLE,HIGH,"Mohammed bin Rashid Al Maktoum Foundation, Washington Speakers Bureau",A foundation and a speakers bureau are named.
"Soldier On, Streetwork",MULTIPLE,HIGH,"Soldier On, Streetwork",Two separate charities are mentioned.
"Carers Australia, Royal Flying Doctor Service, Ronald McDonald House, Youth Insearch, Paralympic Games",MULTIPLE,HIGH,"Carers Australia, Royal Flying Doctor Service, Ronald McDonald House, Youth Insearch, Paralympic Games",Multiple distinct organizations are listed.
"Today Show, Channel Nine",MULTIPLE,HIGH,"Today Show, Channel Nine",A television program and the television network that broadcasts it.
"Parliament of Kuwait, General Delegation of Palestine",MULTIPLE,HIGH,"Parliament of Kuwait, General Delegation of Palestine",Two separate government entities are named.
"Sydney Credit Union, Australian Super, Sun Super",MULTIPLE,HIGH,"Sydney Credit Union, Australian Super, Sun Super",A credit union and two superannuation funds are listed.
"Fairfield RSC Club, Smithfield RSE Club, Marcom Club, Guildford West Leagues Club, GWS Giants AFL Club",MULTIPLE,HIGH,"Fairfield RSC Club, Smithfield RSE Club, Marcom Club, Guildford West Leagues Club, GWS Giants AFL Club",Multiple distinct clubs are listed.
"CBA, ANZ, BENDIGO BANK",MULTIPLE,HIGH,"CBA, ANZ, BENDIGO BANK",Three separate banks are listed.
"SELECTED RUGBY LEAGUE GAMES/CANTERBURY BULLDOGS, SELECTED PERFORMANCES ARTS ORGANISATIONS INCLUDING OPERA AUSTRALIA, SYDNEY THEATRE CO BELVOIR THEATRE COMPANY, BLUESFEST",MULTIPLE,HIGH,"SELECTED RUGBY LEAGUE GAMES/CANTERBURY BULLDOGS, SELECTED PERFORMANCES ARTS ORGANISATIONS INCLUDING OPERA AUSTRALIA, SYDNEY THEATRE CO BELVOIR THEATRE COMPANY, BLUESFEST",Multiple events and organizations are listed.
"ALP, SDA, LAKEMBA BOWLING CLUB BENEVOLENT SOCIETY, LOCAL REGISTERED CLUBS",MULTIPLE,HIGH,"ALP, SDA, LAKEMBA BOWLING CLUB BENEVOLENT SOCIETY, LOCAL REGISTERED CLUBS",Multiple organizations and groups are listed.
"ALP, CANTERBURY CITY COMMUNITY CENTRE",MULTIPLE,HIGH,"ALP, CANTERBURY CITY COMMUNITY CENTRE",A political party and a community center are named.
"CBA, ING Direct",MULTIPLE,HIGH,"CBA, ING Direct",Two different banks are mentioned.
"QANTAS, Virgin Australia",MULTIPLE,HIGH,"QANTAS, Virgin Australia",Two competing Australian airlines.
"Save the Children Australia, Gates Foundation",MULTIPLE,HIGH,"Save the Children Australia, Gates Foundation",Two distinct organizations are named.
"Maurice Blackburn Pty Ltd, Melbourne University Publishing (MUP)",MULTIPLE,HIGH,"Maurice Blackburn Pty Ltd, Melbourne University Publishing (MUP)",A law firm and a publisher are listed.
"ASTRA, Foxtel",MULTIPLE,HIGH,"ASTRA, Foxtel",Two separate companies are mentioned.
"Georgetown University, Washington",MULTIPLE,HIGH,"Georgetown University, Washington",A university and a city are mentioned.
"Westpac Banking Corporation, Commonwealth Bank",MULTIPLE,HIGH,"Westpac Banking Corporation, Commonwealth Bank",Two separate banks are named.
"Commonwealth Bank, Westpac Banking Corporation",MULTIPLE,HIGH,"Commonwealth Bank, Westpac Banking Corporation",Two separate banks are named.
"AMP, Retirements Benefits Fund Tasmania",MULTIPLE,HIGH,"AMP, Retirements Benefits Fund Tasmania",Two different superannuation providers.
"Tasmanian Association of Community Houses, EMILY's List, Amnesty International, Cricket Tasmania, Huon Agricultural Society, Hawthorn Football Club, Lindisfarne Football Club, Australian Republican Movement, Clarence Football Club, Howrah Recreation Centre, Royal Society for the Prevention of Cruelty to Animals (RSPCA), Warrane/Mornington Neighbourhood House, Risdon Vale Neighbourhood House - Patron, Clifton Beach Royal Life Saving - Patron, Keep Watch Ambassador - Royal Life Saving Association",MULTIPLE,HIGH,"Tasmanian Association of Community Houses, EMILY's List, Amnesty International, Cricket Tasmania, Huon Agricultural Society, Hawthorn Football Club, Lindisfarne Football Club, Australian Republican Movement, Clarence Football Club, Howrah Recreation Centre, Royal Society for the Prevention of Cruelty to Animals (RSPCA), Warrane/Mornington Neighbourhood House, Risdon Vale Neighbourhood House, Clifton Beach Royal Life Saving, Keep Watch Ambassador - Royal Life Saving Association",Many different organizations are listed.
"St Hilda's College, The University of Melbourne, Alumni",MULTIPLE,HIGH,"St Hilda's College, The University of Melbourne, Alumni","A college, a university, and alumni group are named."
"FOXTEL CABLE TELEVISION PTY LTD, QANTAS AIRWAYS LTD, VIRGIN AUSTRALIA AIRLINES PTY LTD, NATIONAL PRESS CLUB OF AUSTRALIA",MULTIPLE,HIGH,"FOXTEL CABLE TELEVISION PTY LTD, QANTAS AIRWAYS LTD, VIRGIN AUSTRALIA AIRLINES PTY LTD, NATIONAL PRESS CLUB OF AUSTRALIA",Several distinct companies and organizations are listed.
"AUSTRALIAN WORKERS' UNION OF EMPLOYEES, QLD, AUSTRALIAN LABOR PARTY, QLD",MULTIPLE,HIGH,"AUSTRALIAN WORKERS' UNION OF EMPLOYEES, QLD, AUSTRALIAN LABOR PARTY, QLD",Two organizations and the state of Queensland are mentioned twice.
"THE AUSTRALIAN AMERICAN LEADERSHIP DIALOGUE, VIRGIN AUSTRALIA AIRLINES PTY LTD",MULTIPLE,HIGH,"THE AUSTRALIAN AMERICAN LEADERSHIP DIALOGUE, VIRGIN AUSTRALIA AIRLINES PTY LTD",A dialogue group and an airline are named.
"CATHY PACIFIC AIRWAYS, ROYAL JORDANIAN, QANTAS AIRWAYS, AUSTRALIA-ISRAEL JEWISH AFFAIRS COUNCIL (AIJAC)",MULTIPLE,HIGH,"CATHY PACIFIC AIRWAYS, ROYAL JORDANIAN, QANTAS AIRWAYS, AUSTRALIA-ISRAEL JEWISH AFFAIRS COUNCIL (AIJAC)",Airlines and an advocacy group are listed.
"AZNUR PTY LTD, GOVERNMENT OF AZERBAIJAN",MULTIPLE,HIGH,"AZNUR PTY LTD, GOVERNMENT OF AZERBAIJAN",A private company and a government are named.
"ANZ, CBA, NAB",MULTIPLE,HIGH,"ANZ, CBA, NAB",Three major Australian banks are listed.
"ANZ, QPCU, NAB, CBA",MULTIPLE,HIGH,"ANZ, QPCU, NAB, CBA",Four financial institutions are listed.
"ANZ, QPCU",MULTIPLE,HIGH,"ANZ, QPCU",Two financial institutions are mentioned.
"News Ltd, FiveAA",MULTIPLE,HIGH,"News Ltd, FiveAA",A media company and a radio station are listed.
"ING Direct, Westpac (Spouse)",MULTIPLE,HIGH,"ING Direct, Westpac","Two banks are mentioned, with clarification on one being the spouse's."
"Cairns Penny Savings + Loans, Westpac, ANZ (Spouse)",MULTIPLE,HIGH,"Cairns Penny Savings, Loans, Westpac, ANZ",A local savings and loans institution and two major banks are mentioned.
Melbourne Cricket Club (MCC) and Cricket Australia,MULTIPLE,HIGH,"Melbourne Cricket Club (MCC), Cricket Australia",These are two distinct and well-known Australian sporting organizations.
Emirates and Lion,MULTIPLE,HIGH,"Emirates, Lion","Emirates is an airline, and Lion likely refers to Lion Nathan (now part of Lion), a large Australian beverage company.  Context confirms separate entities."
Channel 9 and Qantas,MULTIPLE,HIGH,"Channel 9, Qantas","Channel 9 is a television network, and Qantas is an airline. These are clearly separate entities."
Qantas and Emirates,MULTIPLE,HIGH,"Qantas, Emirates",Qantas and Emirates are two separate international airlines.
Westpac and Rhymney Pty Ltd,MULTIPLE,HIGH,"Westpac, Rhymney Pty Ltd","Westpac is a major Australian bank, and Rhymney Pty Ltd is a separate (though likely smaller) company."
Santos and Orica Green Edge,MULTIPLE,HIGH,"Santos, Orica Green Edge","Santos is an energy company, and Orica Green Edge was a cycling team (now defunct).  These are distinct entities."
Shell and Optus,MULTIPLE,HIGH,"Shell, Optus","Shell is an energy company, and Optus is a telecommunications company. Both operate in Australia."
eBay and PayPal,MULTIPLE,HIGH,"eBay, PayPal","eBay and PayPal are two separate, well-known international online businesses."
James Boag and Mumm,MULTIPLE,HIGH,"James Boag, Mumm",James Boag's Brewery and Mumm Champagne are separate beverage companies.
Asialink and Huawei,MULTIPLE,HIGH,"Asialink, Huawei",Asialink is an Australian organisation and Huawei is a Chinese multinational technology company.
"Pixi Foto, Target and Bounty and Bankstown Council",MULTIPLE,HIGH,"Pixi Foto, Target, Bounty, Bankstown Council","These are four distinct organisations: a photography business, a retail store, a hygiene product brand and a local council."
"Westpac, Australian Industry Group, Australian Chamber of Commerce and Industry",MULTIPLE,HIGH,"Westpac, Australian Industry Group, Australian Chamber of Commerce and Industry",These are three distinct Australian organisations: a bank and two industry groups.
"Navantia, Foreign Minister of Bosnia and Herzegovina",MULTIPLE,HIGH,"Navantia, Foreign Minister of Bosnia and Herzegovina","Navantia is a Spanish shipbuilding company, and the Foreign Minister represents a separate governmental entity."
"BHP Billiton, Interlink Roads, Clubs Australia, Bankstown RSL, Bankstown Sports Club, Linfox, Master Builders Association, Generation One, CFMEU, Australian Health Insurance Association and Publishing and Broadcasting Limited - Channel 9.",MULTIPLE,HIGH,"BHP Billiton, Interlink Roads, Clubs Australia, Bankstown RSL, Bankstown Sports Club, Linfox, Master Builders Association, Generation One, CFMEU, Australian Health Insurance Association, Publishing and Broadcasting Limited - Channel 9",This lists many distinct Australian companies and organizations.
"PixiFoto Roselands, Heinz Australia, Church and Dwight Co",MULTIPLE,HIGH,"PixiFoto Roselands, Heinz Australia, Church and Dwight Co",These are three distinct companies.
"US Customs and Border Protection, Woolworths, Defence Materials Technology Centre, Sri Lankan High Commission",MULTIPLE,HIGH,"US Customs and Border Protection, Woolworths, Defence Materials Technology Centre, Sri Lankan High Commission",These are four distinct entities representing different governmental and commercial organisations.
"Indonesian Government, Indonesian Minister for Law and Human Rights, Chief of Indonesian National Police, Indonesian Deputy Attorney General, Lebanese Community",MULTIPLE,HIGH,"Indonesian Government, Indonesian Minister for Law and Human Rights, Chief of Indonesian National Police, Indonesian Deputy Attorney General, Lebanese Community",These represent different branches and entities of the Indonesian government and a separate community group.
Teochew Association Cabramatta and Shantou Municipal Council (China),MULTIPLE,HIGH,"Teochew Association Cabramatta, Shantou Municipal Council (China)","These are two separate organisations, one an Australian community group and the other a Chinese governmental entity."
Australian Political Exchange Council and the Korea Foundation,MULTIPLE,HIGH,"Australian Political Exchange Council, the Korea Foundation",These are two separate organisations.
"Australian Subscription Television and Radio Association (ASTRA), Austar",MULTIPLE,HIGH,"Australian Subscription Television and Radio Association (ASTRA), Austar","While ASTRA is the acronym for the association, Austar was a separate pay television provider (now defunct)."
Treaty Village Association of the South Fly District and Reef and Rainforest Research Centre (RRRC),MULTIPLE,HIGH,"Treaty Village Association of the South Fly District, Reef and Rainforest Research Centre (RRRC)",These are two distinct organizations.
Huawei and Asialink,MULTIPLE,HIGH,"Huawei, Asialink",These are two separate organizations.
Commonwealth and Foreign Office,MULTIPLE,HIGH,"Commonwealth, Foreign Office","In this context, it is referring to two separate but related governmental bodies; the Commonwealth and the Foreign Office (likely UK)."
"Rose Bay, Tasmania",MULTIPLE,HIGH,"Rose Bay, Tasmania","Rose Bay is a suburb, and Tasmania is a state.  The context examples clearly show them as separate locations."
"Toowoomba, Queensland",MULTIPLE,HIGH,"Toowoomba, Queensland","Toowoomba is a city, and Queensland is a state. The context example shows a location within Queensland."
"Scarborough, WA",MULTIPLE,HIGH,"Scarborough, WA",Scarborough is a suburb in Western Australia (WA).
"Liberal Party of WA, Stirling Division",MULTIPLE,HIGH,"Liberal Party of WA, Stirling Division","The Liberal Party of WA is a political party, and Stirling Division is a branch or electorate within it."
"Jetts Fitness, Scarborough",MULTIPLE,HIGH,"Jetts Fitness, Scarborough","Jetts Fitness is a gym franchise, and Scarborough is a location. The context clarifies this as two separate entities."
"Trigg, WA",MULTIPLE,HIGH,"Trigg, WA",Trigg is a suburb in Western Australia (WA).
"LJ Hooker, Warners Bay",MULTIPLE,HIGH,"LJ Hooker, Warners Bay","LJ Hooker is a real estate agency, and Warners Bay is a location. The context shows a specific LJ Hooker branch."
"Australian Workers' Union of Employees, Qld",MULTIPLE,HIGH,"Australian Workers' Union of Employees, Qld","Australian Workers' Union of Employees is a union, and Qld (Queensland) specifies a state branch."
"Australian Labor Party, Qld",MULTIPLE,HIGH,"Australian Labor Party, Qld","Australian Labor Party is a political party, and Qld (Queensland) indicates a state branch."
"Moreton Island, Qld",MULTIPLE,HIGH,"Moreton Island, Qld","Moreton Island is an island, and Qld (Queensland) is the state it belongs to."
"Palm Beach, Qld",MULTIPLE,HIGH,"Palm Beach, Qld","Palm Beach is a location, and Qld (Queensland) specifies the state."
"Spring Hill, Qld",MULTIPLE,HIGH,"Spring Hill, Qld","Spring Hill is a suburb, and Qld (Queensland) is the state."
"ANZ, QBank, NAB, CBA",MULTIPLE,HIGH,"ANZ, QBank, NAB, CBA",These are all separate Australian banks.
"ANZ, Qbank",MULTIPLE,HIGH,"ANZ, Qbank",These are two separate Australian banks.
"Equity Access Loan, Westpac Bank",MULTIPLE,HIGH,"Equity Access Loan, Westpac Bank","Equity Access Loan is a type of loan product, and Westpac Bank is the financial institution."
"Entsch Family Trust, Tuff Muff Exhaust",MULTIPLE,HIGH,"Entsch Family Trust, Tuff Muff Exhaust",These are clearly two distinct entities: a family trust and a business.
"ALP, NPC, Vintage Golf Club, Qutries Chairman's Lounge, Virgin Lounge, Kriss Flyer Membership, USU, Various Registered Clubs, NSW",MULTIPLE,HIGH,"ALP, NPC, Vintage Golf Club, Qutries Chairman's Lounge, Virgin Lounge, Kriss Flyer Membership, USU, Various Registered Clubs, NSW",This lists multiple organizations and locations.  NSW likely refers to New South Wales.
"Macquarie Cash Management Account, ING Direct, RaboDirect, St George Bank",MULTIPLE,HIGH,"Macquarie Cash Management Account, ING Direct, RaboDirect, St George Bank",These are all separate financial institutions offering different accounts.
"ING Living Super, Public Sector Superannuation Scheme, PFMZ Pearl Superannuation Fund",MULTIPLE,HIGH,"ING Living Super, Public Sector Superannuation Scheme, PFMZ Pearl Superannuation Fund",These are three different superannuation funds.
"Falls Festival, Lorne",MULTIPLE,HIGH,"Falls Festival, Lorne","Falls Festival is a music festival, and Lorne is the location."
"NSW Rural Fire Service Association, Orange Community Broadcasters, Orange Emulators Rugby",MULTIPLE,HIGH,"NSW Rural Fire Service Association, Orange Community Broadcasters, Orange Emulators Rugby","These are three separate organizations in Orange, NSW."
"Atlantic Council, Inter-Parliamentary Alliance on China",MULTIPLE,HIGH,"Atlantic Council, Inter-Parliamentary Alliance on China",These are two distinct international organizations.
"Military Brotherhood Motorcycle Club, Peel Branch",MULTIPLE,HIGH,"Military Brotherhood Motorcycle Club, Peel Branch",A motorcycle club and its specific branch.
"Foxtel, Chairman's Lounge (Qantas), The Club (Virgin)",MULTIPLE,HIGH,"Foxtel, Chairman's Lounge (Qantas), The Club (Virgin)","Foxtel is a TV provider, and the others are airline lounges."
"Australian Labor Party, Australian Workers' Union, National Press Club, Campbelltown Catholic Club, Western Suburbs Rugby League Club, Cabra-Vale Diggers Club, National Servicemens' Association",MULTIPLE,HIGH,"Australian Labor Party, Australian Workers' Union, National Press Club, Campbelltown Catholic Club, Western Suburbs Rugby League Club, Cabra-Vale Diggers Club, National Servicemens' Association",A list of different organizations.
"Australian Labor Party, Campbelltown Catholic Club, National Press Club, Western Suburbs Leagues Club",MULTIPLE,HIGH,"Australian Labor Party, Campbelltown Catholic Club, National Press Club, Western Suburbs Leagues Club",These are all separate organizations.
"American Express, ANZ, Westpac",MULTIPLE,HIGH,"American Express, ANZ, Westpac",These are all separate financial institutions.
"Keiraville, NSW",MULTIPLE,HIGH,"Keiraville, NSW","Keiraville is a suburb, and NSW is New South Wales."
"Winsome Board, Ravenshoe Artist",MULTIPLE,HIGH,"Winsome Board, Ravenshoe Artist",These appear to be two distinct entities - a board and an artist.
"The Chairman's Lounge, The Club",MULTIPLE,HIGH,"The Chairman's Lounge, The Club",Likely referring to two different clubs or lounges.
"Lammermoor, Yeppoon QLD",MULTIPLE,HIGH,"Lammermoor, Yeppoon QLD","Lammermoor is likely a suburb or location within Yeppoon, Queensland."
"Griffith, Canberra",MULTIPLE,HIGH,"Griffith, Canberra",Griffith is a suburb of Canberra.
"Thornleigh, NSW",MULTIPLE,HIGH,"Thornleigh, NSW",Thornleigh is a suburb in NSW.
"NAB, Suncorp, Warwick Credit Union, Westpac",MULTIPLE,HIGH,"NAB, Suncorp, Warwick Credit Union, Westpac",These are all separate Australian financial institutions.
"CWA, Bunbury Branch",MULTIPLE,HIGH,"CWA, Bunbury Branch","CWA is likely the Country Women's Association, and Bunbury Branch is a local branch."
"Tura Beach, NSW",MULTIPLE,HIGH,"Tura Beach, NSW",Tura Beach is a location in NSW.
"Bega, NSW",MULTIPLE,HIGH,"Bega, NSW",Bega is a town in NSW.
"Tuscany Apartments, Merimbula",MULTIPLE,HIGH,"Tuscany Apartments, Merimbula",Tuscany Apartments is an accommodation provider in Merimbula.
"Dolans Bay, NSW",MULTIPLE,HIGH,"Dolans Bay, NSW",Dolans Bay is a location in NSW.
"Horizon Church, Sutherland",MULTIPLE,HIGH,"Horizon Church, Sutherland",Horizon Church is a church located in Sutherland.
"Southern Districts Rugby Union Club, Sylvania Waters",MULTIPLE,HIGH,"Southern Districts Rugby Union Club, Sylvania Waters",Southern Districts Rugby Union Club is a sports club located in Sylvania Waters.
"Dr Nguyen Thanh Hung, Vice Chairman Vietjet",MULTIPLE,HIGH,"Dr Nguyen Thanh Hung, Vice Chairman Vietjet","Dr Nguyen Thanh Hung is an individual, and Vice Chairman Vietjet is a position within a company."
"Bishop Epalle Catholic School, Solomon Islands",MULTIPLE,HIGH,"Bishop Epalle Catholic School, Solomon Islands",Bishop Epalle Catholic School is a school located in the Solomon Islands.
"Secretary of State, United States of America",MULTIPLE,HIGH,"Secretary of State, United States of America","Secretary of State is a position, and United States of America is a country."
"HE Gen Prayut Chano-cha, Prime Minister of the Kingdom of Thailand",MULTIPLE,HIGH,"HE Gen Prayut Chano-cha, Prime Minister of the Kingdom of Thailand","HE Gen Prayut Chano-cha is a person, and Prime Minister of the Kingdom of Thailand is a position."
"HE Joko Widodo, President of the Republic of Indonesia",MULTIPLE,HIGH,"HE Joko Widodo, President of the Republic of Indonesia","HE Joko Widodo is a person, and President of the Republic of Indonesia is a position."
"HE Lionel Rouwen Aingimea, President of the Republic of Nauru",MULTIPLE,HIGH,"HE Lionel Rouwen Aingimea, President of the Republic of Nauru","HE Lionel Rouwen Aingimea is a person, and President of the Republic of Nauru is a position."
Australian Parliamentary Sports Association and or Tennis Australia,MULTIPLE,MEDIUM,"Australian Parliamentary Sports Association, Tennis Australia","The 'or' suggests potential ambiguity, but the context leans towards two separate entities."
Breakthrough-Life and TDP Cover,MULTIPLE,MEDIUM,,Requires more context to confirm whether these are two separate entities or products from the same provider.
"Easts (Eastern Suburbs Leagues Club Ltd), Woy Woy",MULTIPLE,MEDIUM,"Easts (Eastern Suburbs Leagues Club Ltd), Woy Woy","Woy Woy is a town; the other is a club.  The relationship isn't clear, but they are separate."
"South Perth, Townhouse; Kingston Apartment",MULTIPLE,MEDIUM,"South Perth, Townhouse; Kingston Apartment",South Perth is a location; the others describe properties.  More context needed for high confidence.
"South Perth, Townhouse; South Perth Townhouse; Victoria Park Townhouse",MULTIPLE,MEDIUM,"South Perth, Townhouse; South Perth Townhouse; Victoria Park Townhouse",Locations and property descriptions. Needs more context for high confidence.
"BROTHERS, Penrith Junior Rugby League Club",MULTIPLE,MEDIUM,"BROTHERS, Penrith Junior Rugby League Club",Could be a team name (Brothers) and their affiliated club.  More context needed for high confidence.
"HE Mr Wataru Takeshita, (Japan)",MULTIPLE,MEDIUM,"HE Mr Wataru Takeshita, (Japan)","While it seems to refer to a single person with his nationality, the lack of clarity makes it ambiguous.  It could also be interpreted as a person from the Japanese government."
"Cammermoor, Yeppoon",MULTIPLE,MEDIUM,"Cammermoor, Yeppoon","While it could be a single location with a compound name, the context suggests two separate places.  However, there is no definitive proof they are not part of one larger entity (e.g., a real estate development spanning both areas)."
"NAB Equity Lending, Homeside Lending",MULTIPLE,MEDIUM,"NAB Equity Lending, Homeside Lending","While both relate to lending, without further information it's unclear if they are separate entities or different divisions under the same parent company.  Context suggests they might be different companies."
B. and Z. Davidson/Mischief Shoes,MULTIPLE,MEDIUM,"B. and Z. Davidson, Mischief Shoes","The context suggests a gift from potentially two distinct entities, a couple (B. and Z. Davidson) and a business (Mischief Shoes). However, it's possible 'Mischief Shoes' is a business owned by the couple."
"Mr Wade Mark, Speaker of Trinidad and Tobago",MULTIPLE,MEDIUM,"Mr Wade Mark, Speaker of Trinidad and Tobago","While 'Trinidad and Tobago' is a single country, the phrasing suggests two separate roles/titles for one person."
Associate member Box Hill/Oakleigh and Carnegie/Clayton RSL,MULTIPLE,MEDIUM,"Associate member Box Hill/Oakleigh, Carnegie/Clayton RSL",Uncertain whether this represents a single RSL with multiple branches or separate entities.  More context is needed.
Hawaiian and Satterley Property Group,MULTIPLE,MEDIUM,"Hawaiian, Satterley Property Group",Ambiguous. Could be a joint venture or two separate entities. More context is needed.
Hinkler House Memorial Museum + Research Assoc. Inc.,MULTIPLE,MEDIUM,"Hinkler House Memorial Museum, Research Assoc. Inc.","The '+' suggests two separate entities, but the context example shows a close relationship.  More information is needed to confirm if they are truly independent organizations."
Jim Bruce Urology + Prostate Trust,MULTIPLE,MEDIUM,"Jim Bruce Urology, Prostate Trust","The '+' suggests separate entities, but the description implies a connection.  Further research is needed to ascertain their independence."
"Akira Amari, Japanese Minister of State for Economic and Fiscal Policy",MULTIPLE,MEDIUM,"Akira Amari, Japanese Minister of State for Economic Policy, Japanese Minister of State for Fiscal Policy","While Akira Amari is a person, the title is complex.  It's ambiguous whether 'Economic and Fiscal Policy' represents two separate roles or aspects of a single role. Leaning towards multiple due to the 'and'."
Goulburn junior rugby and cricket clubs,MULTIPLE,MEDIUM,"Goulburn junior rugby club, Goulburn cricket club","Could be interpreted as two separate clubs or a single club with two sections.  Leaning towards multiple due to context clues, but there's some ambiguity."
PSS /AGEST,MULTIPLE,MEDIUM,"PSS, AGEST","The use of '/' suggests two separate entities, but without further information, it's not definitive."
ESSS / Uni Super,MULTIPLE,MEDIUM,"ESSS, Uni Super","The '/' suggests two separate superannuation entities, but confirmation is needed."
PSS/AGEST,MULTIPLE,MEDIUM,"PSS, AGEST","The use of '/' suggests two separate entities, but without further information, it's not definitive."
"RESERVAR LIBRARS CENTRE, CITY OF DARBIN",MULTIPLE,MEDIUM,"RESERVAR LIBRARS CENTRE, CITY OF DARBIN","Assuming 'RESERVAR LIBRARS CENTRE' is a single entity, though the spelling suggests a typo.  'CITY OF DARBIN' is likely a local government area."
"Bentong, Redgum Club-games",MULTIPLE,MEDIUM,"Bentong, Redgum Club-games","Requires more information to confirm if 'Bentong' is a location or organization, and if 'Redgum Club-games' is a singular entity or multiple.  Context suggests multiple entities."
"CTH, WESTPAC",MULTIPLE,MEDIUM,"CTH, WESTPAC",Assuming CTH is an abbreviation for a known Australian entity (Commonwealth Treasury Holdings etc). Requires more context for HIGH confidence.
"AGRICULTURAL LAND, BUCKLEBOO",MULTIPLE,MEDIUM,"AGRICULTURAL LAND, BUCKLEBOO",Assuming Buckleboo is a location. Needs more information to classify with high confidence.
"The Kimberley Moon, Ord Valley Events",MULTIPLE,MEDIUM,"The Kimberley Moon, Ord Valley Events","Potentially two separate entities, but more context is needed to confirm they aren't related."
"Pepperjack Grenache, Early Development Low Alcohol wine",MULTIPLE,MEDIUM,"Pepperjack Grenache, Early Development Low Alcohol wine","While both are wines, they are from different brands/producers, implying separate entities."
SEE ATTACHMENT 'A' LISTED SHARES AND MANAGED FUNDS,MULTIPLE,MEDIUM,"SEE ATTACHMENT 'A' LISTED SHARES, MANAGED FUNDS","Likely refers to two asset classes, but the phrasing is unclear."
artwork / vehicle,MULTIPLE,MEDIUM,"artwork, vehicle","The use of 'and/or' suggests these could be separate assets listed together, but it's not definitive.  Could be a single category of assets."
P/ASX 200 Listed Property Fund or SPDR S,MULTIPLE,MEDIUM,"P/ASX 200 Listed Property Fund, SPDR S",Uncertain if 'or' implies a single entity or two separate options.  More context needed.
South Coast Regional Chambers of Commerce - Rockingham/Kwinana Chamber of Commerce,MULTIPLE,MEDIUM,"South Coast Regional Chambers of Commerce - Rockingham, Kwinana Chamber of Commerce","Potentially two separate chambers, but the hyphen suggests a possible single organization with branches."
ARC Centre for Excellence for Antimatter/Mitter Research,MULTIPLE,MEDIUM,"ARC Centre for Excellence for Antimatter, Mitter Research","Possibly two separate research entities, but the '/' could indicate a single organization with a compound name or departments."
Copenhagen Investment Partners/Star of South project,MULTIPLE,MEDIUM,"Copenhagen Investment Partners, Star of South project","While the wording suggests a connection,  'Star of South project' could be a project *undertaken by* Copenhagen Investment Partners.  More context is needed for high confidence."
CPSU/CSA,MULTIPLE,MEDIUM,"CPSU, CSA","Likely two separate unions, but requires confirmation.  The '/' might also represent a combined membership."
Global Fund and APLMA,MULTIPLE,MEDIUM,"Global Fund, APLMA",Requires further information to confirm if these are truly distinct entities.  The context suggests they might be.
"Ipswich Motorway Construction Company, Origin Alliance",MULTIPLE,MEDIUM,"Ipswich Motorway Construction Company, Origin Alliance","While it's possible this refers to a single entity with a complex name, it is more likely two separate entities are named.  More context is needed to be completely certain."
"Fighter Pilot, Archerfield Airport",MULTIPLE,MEDIUM,"Fighter Pilot, Archerfield Airport",Could be interpreted as a single offering (adventure flight) or two separate entities.  More context is needed for high confidence.
"OWIA, SAHOF or Governor of Queenwood School",MULTIPLE,MEDIUM,"OWIA, SAHOF, Queenwood School","This seems to list multiple organizations/roles, but the 'or' makes it ambiguous.  More context needed for higher confidence."
"APLMA, Global Fund",MULTIPLE,MEDIUM,"APLMA, Global Fund",Requires more information to confirm if APLMA (likely an acronym for an organization) and the Global Fund are truly separate. Context suggests they are.
"Foxtel, Coffs Harbour EO",MULTIPLE,MEDIUM,"Foxtel, Coffs Harbour EO",Foxtel is a media company; Coffs Harbour EO likely refers to a local government entity. Requires confirmation of the full name of the second entity.
"Olesja, Andrew Laming",MULTIPLE,MEDIUM,"Olesja, Andrew Laming","Requires further information to confirm if 'Olesja' is a person or an organization.  If a person, this is a multiple entry."
Castle Hill RSL District Club and RSL Sub branch,MULTIPLE,MEDIUM,"Castle Hill RSL District Club, RSL Sub branch","While both are related to RSL, the lack of further context makes it difficult to definitively say whether they are separate entities or branches of a larger organization.  More information is needed."
"Australian Institute of Company Directors, CEMEZ, ASU",MULTIPLE,MEDIUM,"Australian Institute of Company Directors, CEMEZ, ASU","While likely separate,  lack of definitive information on CEMEZ and ASU makes high confidence difficult.  They could be departments or related entities."
"Arnold Dallas McPherson, Lawyers Bendigo",MULTIPLE,MEDIUM,"Arnold Dallas McPherson, Lawyers Bendigo","Could be a single law firm with a name indicating location, or two separate entities.  More information is needed."
"North Queensland Cowboys, Rugby League Club",MULTIPLE,MEDIUM,"North Queensland Cowboys, Rugby League Club","North Queensland Cowboys is a specific team; Rugby League Club is a more general term.  Could be referring to the Cowboys as a subset of Rugby League Clubs, or two separate entities. More context needed for higher confidence."
"Directors Griggsy Pty Ltd, Trustee Company",MULTIPLE,MEDIUM,"Directors Griggsy Pty Ltd, Trustee Company","Could be a single company with two descriptions, or two separate entities. More context needed for higher confidence."
"SPY, XME, XLE (MB Turnbull Pty Ltd)",MULTIPLE,MEDIUM,"SPY, XME, XLE (MB Turnbull Pty Ltd)",Likely refers to investment vehicles.  More information is needed to confirm if they are all distinct.
"CACT.SI, CMLT.SI, AEMN.SI (Wilcrow)",MULTIPLE,MEDIUM,"CACT.SI, CMLT.SI, AEMN.SI (Wilcrow)",Likely refers to investment vehicles.  More information is needed to confirm if they are all distinct.
"PPLT.K, XLE (Self)",MULTIPLE,MEDIUM,"PPLT.K, XLE (Self)",Likely refers to investment vehicles.  More information is needed to confirm if they are all distinct.
"Santos Finance Hybrid CPN, Renewable Energy Corp Bond (MB Turnbull Pty Ltd)",MULTIPLE,MEDIUM,"Santos Finance Hybrid CPN, Renewable Energy Corp Bond (MB Turnbull Pty Ltd)","Likely refers to financial instruments, needs further information to confirm distinctness."
"Surf Life Saving Clubs, Service Clubs & Sporting Clubs in Electorate",MULTIPLE,MEDIUM,"Surf Life Saving Clubs, Service Clubs, Sporting Clubs in Electorate","While the name uses 'and' and '&', the context suggests three distinct types of clubs rather than a single organization.  However, it's possible this represents a single umbrella group, making high confidence difficult."
"Grandparent Vic, Business Clubs-Frankston/Mornington/Langwarrin, Frankston & Seaford Vietnam Veterans, Vietnam Veterans Aust America Assoc, Yamaha Park Tennis Club, Richmond Football Club",MULTIPLE,MEDIUM,"Grandparent Vic, Business Clubs-Frankston, Mornington, Langwarrin, Frankston & Seaford Vietnam Veterans, Vietnam Veterans Aust America Assoc, Yamaha Park Tennis Club, Richmond Football Club",The ambiguity around 'Business Clubs-Frankston/Mornington/Langwarrin' lowers confidence. It could be one or multiple clubs.  The others are clearly separate.
"Honourable Amélie Oudéa-Castéra, Minister for Sport and the Olympic & Paralympic Games (France)",MULTIPLE,MEDIUM,,"This lists a person and their title, which encompasses multiple responsibilities, making a definitive split difficult.  It's not a typical 'double disclosure'."
"Graham Lewis, Constituent",MULTIPLE,MEDIUM,"Graham Lewis, Constituent","Likely refers to an individual (Graham Lewis) and their constituent role, but could be a single entity name."
"Queensland Advisory Board, McKell Institute",MULTIPLE,MEDIUM,"Queensland Advisory Board, McKell Institute",It's unclear if this is a board *within* the McKell Institute or two separate entities. Context is insufficient.
ADELAIDE BANK AND RISMARK (THROUGH PERMANENT CUSTODIANS),MULTIPLE,MEDIUM,"ADELAIDE BANK, RISMARK (THROUGH PERMANENT CUSTODIANS)","While 'Adelaide Bank' is clearly a single entity, the inclusion of '(through Permanent Custodians)' suggests a potential intermediary or relationship, not necessarily a second distinct entity.  Rismark might be a separate entity, but the phrasing leaves room for ambiguity."
Andrews and Andrews Consulting Pty Ltd,MULTIPLE,MEDIUM,"Andrews, Andrews Consulting Pty Ltd","The context suggests the possibility of two separate entities, however it is possible that this refers to a firm using a compound name. More information is needed."
"MilSuper, GESB",MULTIPLE,MEDIUM,"MilSuper, GESB",Likely two separate superannuation funds.  Requires further verification to be HIGH confidence.
"Rest, Aus Gov",MULTIPLE,MEDIUM,"Rest, Aus Gov",Requires further information to confirm if 'Rest' is an organization or a shortened name. 'Aus Gov' likely refers to the Australian Government.
"George Town, Tamania",MULTIPLE,LOW,"George Town, Tamania",Likely a typo ('Tamania' should be 'Tasmania').  Assuming it's a town and state.
"ARIA, PSS, Town",MULTIPLE,LOW,"ARIA, PSS, Town","Without further context, it's difficult to determine if ARIA, PSS, and Town refer to distinct organizations or are acronyms/abbreviations requiring further information."
ME Bank + Queenslanders,MULTIPLE,LOW,"ME Bank, Queenslanders",Unclear.  'Queenslanders' is too vague. Needs more context to understand if this refers to a specific organization.
Charlie and Brenda Cassido /Australian Queen Bee Line,MULTIPLE,LOW,"Charlie and Brenda Cassido, Australian Queen Bee Line",Unclear if 'Charlie and Brenda Cassido' represents a single entity or two individuals associated with 'Australian Queen Bee Line'.
The Australian and the Melbourne Institute,MULTIPLE,LOW,"The Australian, the Melbourne Institute",Ambiguous. 'The Australian' could refer to a newspaper or something else entirely. Needs clarification.
"Westpac, Finance and Others",MULTIPLE,LOW,"Westpac, Finance, Others",'Others' is too vague. Needs more context.
"Stanley, Alcomie",MULTIPLE,LOW,"Stanley, Alcomie",Requires more information to confirm if these are locations or organizations.  Context suggests multiple entities but more info is needed.
"Westpac, UNFCU, CUTH",MULTIPLE,LOW,"Westpac, UNFCU, CUTH",Requires more context to understand UNFCU and CUTH.  Assuming they are separate entities.
Spnt/G-E,MULTIPLE,LOW,"Spnt, G-E",Insufficient information to confidently identify these entities. More context is needed.
CINTRA /SHIP,MULTIPLE,LOW,"CINTRA, SHIP",Insufficient information to confidently identify these entities.
CYMEDI Australia/Saean Motors,MULTIPLE,LOW,"CYMEDI Australia, Saean Motors",Insufficient information to determine if this is a joint venture or two separate entities mentioned together.
IWM and ACWV,MULTIPLE,LOW,"IWM, ACWV","Requires further information to determine if these are separate entities. Without context, it's uncertain."
"Australia National Credit Union, AGEST, PSS",MULTIPLE,LOW,"Australia National Credit Union, AGEST, PSS",Requires more information to determine if these are separate entities or part of a larger organization.  The context doesn't offer sufficient detail.
"Police Credit Co-op, ESSS, Uni Super",MULTIPLE,LOW,"Police Credit Co-op, ESSS, Uni Super",Requires more information to confirm if ESSS is a separate entity or related to Police Credit Co-op or Uni Super.
"GoTafe, Benalla",MULTIPLE,LOW,"GoTafe, Benalla","GoTafe is likely a TAFE (Technical and Further Education) institution, but Benalla is a town.  The relationship isn't clear enough for high confidence."
MM and RA COULTON,MULTIPLE,LOW,"MM, RA COULTON","Without further context, it's unclear if this refers to two individuals or a single entity with a compound name."
"500 Club, Liberal Party, RPGC, MFC",MULTIPLE,LOW,"500 Club, Liberal Party, RPGC, MFC",Requires further information to identify RPGC and MFC.  Presumably separate organizations.
Global Alliance For Vaccines and Immunisations,SINGLE,HIGH,,The name suggests a single organization with a compound name.  'And' is used to connect parts of a single organizational title.
SIDS and KIDS NT,SINGLE,HIGH,,"While it could be interpreted as two separate entities, the context shows it refers to a single organization, likely with ""NT"" signifying Northern Territory."
Australian Israel and Jewish Affairs Council,SINGLE,HIGH,,This appears to be a single organization with a descriptive name. The context consistently treats it as one entity.
Australian Subscription Television and Radio Association (ASTRA),SINGLE,HIGH,,The provided acronym (ASTRA) and consistent context indicate a single organization.
Community and Public Sector Union,SINGLE,HIGH,,This is a single union with a descriptive name.
AUSTRALIA / ISRAEL AND JEWISH AFFAIRS COUNCIL (AIJAC),SINGLE,HIGH,,The acronym (AIJAC) and context strongly suggest a single organization.
Slater and Gordon,SINGLE,HIGH,,This is a well-known Australian law firm.
"Ministry of Health, Welfare and Sport, The Hague, The Netherlands",SINGLE,HIGH,,"This is a single ministry with multiple responsibilities, located in The Hague, Netherlands."
Women's International League for Peace and Freedom,SINGLE,HIGH,,A single organization with a descriptive name.
Incapacitated Servicemen and Women's Association of Australia,SINGLE,HIGH,,A single organization with a descriptive name.
Incapacitated Servicemen and Women's Asso. of Australia,SINGLE,HIGH,,"Same as #21, just abbreviated."
Hornsby and District Chamber of Commerce & Industry,SINGLE,HIGH,,A single chamber of commerce with a descriptive name.
"Union and University Club, The (Sydney)",SINGLE,HIGH,,A single club with a descriptive name.
Sydney Adventist Hospital Zipper and Stent Club,SINGLE,HIGH,,Likely a single club within the hospital.
Neighbours and Friends Inc.,SINGLE,HIGH,,Likely a single community organization.
Australian Lebanese Chamber of Commerce and Industry (ALCCI),SINGLE,HIGH,,The acronym (ALCCI) and context point to a single organization.
Australia China Economic Trade and Cultural Association,SINGLE,HIGH,,A single association with a descriptive name.
Reef and Rainforest Research Centre,SINGLE,HIGH,,The name suggests a single research centre with a focus on both reefs and rainforests.
Australia/Israel and Jewish Affairs Council,SINGLE,HIGH,,"Similar to #4, a single organization with a descriptive name."
Western Australian Chamber of Minerals and Energy,SINGLE,HIGH,,A single chamber representing both minerals and energy sectors.
Alcohol and other drugs Council of Australia (ADCA),SINGLE,HIGH,,"The name suggests a single council, despite the 'and'."
"Peninsular Hotel, Manila, Philippines",SINGLE,HIGH,,Peninsular Hotel is a hotel; Manila and Philippines provide location context.
"HE Burhan Gafoor, High Commissioner of the Republic of Singapore",SINGLE,HIGH,,This refers to a single individual with their title and country of origin.
"Mr Avi Hassan, Chief Scientist of Israel",SINGLE,HIGH,,This refers to a single individual with their title and country of origin.
"Minister Gao Hucheng, Minister for Commerce, China",SINGLE,HIGH,,"This describes a single individual, their position, and their country."
"Virgin Australia, The Club",SINGLE,HIGH,,"""The Club"" is a product or service offered by Virgin Australia."
"Virgin Australia, The Club (member)",SINGLE,HIGH,,"Similar to above, this indicates membership in a Virgin Australia program."
"Battle of 2007 Grange Heritage, Gift from Howard Kiangnio. Donated to Endeavour Foundation for Raffle",SINGLE,HIGH,,"This describes a single item, its origin, and its donation."
"Central Coast Leagues Club, Gosford",SINGLE,HIGH,,Leagues club with location specified.
"Everglades Country Club, Woy Woy",SINGLE,HIGH,,Country club with location specified.
"Easts (Eastern Suburbs Leagues Club Ltd), Woy",SINGLE,HIGH,,Leagues club with location specified.
"Breakers Country Club, Wamberal",SINGLE,HIGH,,Country club with location specified.
"Erina Leagues Club, Erina",SINGLE,HIGH,,Leagues club with location specified.
"Physioedge, Mile End",SINGLE,HIGH,,Physiotherapy practice with location specified.
"Gawler Agricultural, Horticultural & Floricultural Society Inc",SINGLE,HIGH,,"This is a single organization with a compound name, common for societies and clubs."
"Shop, Distributive & Allied Employees' Association (SA/NT Branch)",SINGLE,HIGH,,"This is a single organization with a compound name. (SA/NT) indicates the branch, not a separate entity."
A&E Investments Trust,SINGLE,HIGH,,"The ampersand is part of the organization's name, common practice in Australian business names."
A&E Thompson Investments Pty Ltd,SINGLE,HIGH,,"The ampersand is part of the organization's name, common practice in Australian business names."
"The Jack, Shannon & Tom Partnership No 1",SINGLE,HIGH,,"This is a single partnership with a compound name.  The names are partners, not separate entities."
"The Jack, Shannon & Tom Partnership No 2",SINGLE,HIGH,,"This is a single partnership with a compound name.  The names are partners, not separate entities."
"Interpol Secretary-General, Mr Jurgen Stock",SINGLE,HIGH,,This is a single person's title and name; 'Interpol Secretary-General' describes Mr Jurgen Stock's role.
"Gavi, the Vaccine Alliance",SINGLE,HIGH,,This is the full name of a single organization.
"Minister Lembong, Indonesian Minister for Trade",SINGLE,HIGH,,This describes a single individual and their role within the Indonesian government.
"The Chairman of Cricket Australia, Mr Wally Edwards",SINGLE,HIGH,,'Mr Wally Edwards' is the Chairman's name.
"Gavin Jackman, Executive Global Head of Orica Limited (Greenedge)",SINGLE,HIGH,,This is one person and their title within a single company.
"Mark Gibson, Chairman PGA of Australia",SINGLE,HIGH,,This refers to one person holding a position within a single organization.
"David Smith, CEO of National Rugby League",SINGLE,HIGH,,One person and their title within a single organization.
"Bill Pulver, CEO of Australian Rugby Union",SINGLE,HIGH,,One person and their title within a single organization.
"Mr Guatam Adani, Chairman Adani Group",SINGLE,HIGH,,This is a single individual and their title within their company.
"HE Heraldo Munoz, Chile Foreign Min",SINGLE,HIGH,,This is a single person's title and name.
"Mr Ollanta Humala Tasso, President of the Republic of Peru",SINGLE,HIGH,,This is a single person and their title.
"Mr Francois Hollande, President of France",SINGLE,HIGH,,This is a single person and their title.
Australia and New Zealand Banking Group Limited (ANZ),SINGLE,HIGH,,"ANZ is a single entity, despite the 'and' in its name.  This is a well-known Australian bank."
Andrews and Andrews Consulting Pty Limited,SINGLE,HIGH,,This appears to be a single consulting firm with a common name structure.  The use of 'and' is standard in firm names.
Carlton and United Breweries,SINGLE,HIGH,,"This is a single large brewing company, a common name in Australia. The 'and' is part of the official name."
Australian Israel and Jewish Affairs Council (AIJAC),SINGLE,HIGH,,"AIJAC is a single organization, even though its name includes 'and'."
MEDIA ENTERTAINMENT AND ARTS ALLIANCE,SINGLE,HIGH,,Likely a single organization with a descriptive name.
Hong Kong Economic and Trade Office,SINGLE,HIGH,,This is a single governmental office.
Ass of Professional Engineers Scientists and Managers Aust (APESMA),SINGLE,HIGH,,"APESMA is a single professional association, despite the 'and' in its full name."
Building and Construction Industry Training Fund (Qld) Ltd (BCITF),SINGLE,HIGH,,This is the name of a single organization.
Asian Forum of Parliamentarians on Population and Development (AFPPD),SINGLE,HIGH,,This is a single organization.
Private Mortgage Funding and Management Pty Ltd,SINGLE,HIGH,,This is a single company.
Peel Chamber of Commerce and Industry,SINGLE,HIGH,,This is a single organization.
Rockingham Kwinana Chamber of Commerce and Industry,SINGLE,HIGH,,This is a single organization.
Bendigo and Adelaide Bank,SINGLE,HIGH,,This is a single bank.
BENDIGO AND ADELALDE BANK LTD,SINGLE,HIGH,,This is a single bank (likely a misspelling of 'Adelaide').
PJ+DM Macinante SMSF,SINGLE,HIGH,,This appears to be a single SMSF (Self-Managed Superannuation Fund) with the initials of the individuals involved in the fund's name.
P+D Macinante,SINGLE,HIGH,,"Likely a single entity, possibly a business or partnership using initials."
CM+CJ Pyne Family Trust,SINGLE,HIGH,,This seems to be a single family trust with the initials of individuals involved.
E. C. Truss + Sons,SINGLE,HIGH,,A common business name structure in Australia indicating a family business.
Evans + Partners,SINGLE,HIGH,,This is likely a single financial services firm with a common '&' or '+' style name.
C+ NB Marino,SINGLE,HIGH,,"Likely a single entity, possibly a farm or business using initials."
Hong Kong Economic + Trade office,SINGLE,HIGH,,"This is a single government office, with a descriptive compound name."
Cairns Penny Savings + Loans,SINGLE,HIGH,,This appears to be a single financial institution with a descriptive name.
David + Charlotte Gillespie Family Trust,SINGLE,HIGH,,This is a single family trust; the '+' likely just separates the names of the individuals involved.
Pebema P/L,SINGLE,HIGH,,"P/L is a common abbreviation for 'Pty Ltd' (Proprietary Limited), indicating a single Australian company."
Pebema P/L Superannuation Fund,SINGLE,HIGH,,"Refers to a superannuation fund *associated with* the company Pebema P/L, not two separate entities."
Orange Golf Club t/as Duntryleague,SINGLE,HIGH,,"'t/as' means 'trading as', indicating a single entity operating under a different name."
LLTK P/L,SINGLE,HIGH,,P/L indicates a single Pty Ltd company.
RHT Investment (QLD)P/L,SINGLE,HIGH,,P/L denotes a single Pty Ltd company.
ANZ Investments P/L,SINGLE,HIGH,,P/L indicates a single Pty Ltd company.
Royal Australian and New Zealand of Obstetricians and Gynaecologists,SINGLE,HIGH,,This is a single organization with a complex name encompassing both Australian and New Zealand branches.
"NFP Life, Love and Health Inc",SINGLE,HIGH,,This appears to be the name of a single organization.
Cambridge Bowling and Recreation Club Inc,SINGLE,HIGH,,This is a single club with a compound name.
Australian/Israel and Jewish Affairs Council (AIJAC),SINGLE,HIGH,,This is a single organization with a name reflecting its multi-national focus.
Port Bouvard Pistol and Small Bore Rife Club,SINGLE,HIGH,,This is likely a single club with a descriptive name.
Peel and Districts Gun Club,SINGLE,HIGH,,This appears to be the name of a single gun club.
Department of the Premier and Cabinet (Western Australian Government),SINGLE,HIGH,,This is a single government department.
Parramatta and District Synagogue,SINGLE,HIGH,,This is the name of a single synagogue.
"Union, University and Schools Club",SINGLE,HIGH,,This is the name of a single club.
GDS Business and Investment Pty Ltd ATF The Liu Family Trust,SINGLE,HIGH,,This is a single business entity.
GDS Business and Investment,SINGLE,HIGH,,This appears to be the name of a single business.
St Mary's Football and Netball Club,SINGLE,HIGH,,This is a single club offering both sports.
Wagga Wagga & District Family and History Society Inc.,SINGLE,HIGH,,This is a single society with a descriptive name.
Derwent Valley Field and Game Club,SINGLE,HIGH,,This is a single club with a compound name.
Alannah and Madeline Foundation,SINGLE,HIGH,,This is a single foundation with a name containing two names.
Australian Society of Medical Imaging and Radiotherapy,SINGLE,HIGH,,This is a single professional organization.
Kimba and Districts Football and Netball Club,SINGLE,HIGH,,This is likely a single club.
Patron - Wyndham Track and Field,SINGLE,HIGH,,"This refers to a single organization, 'Wyndham Track and Field'."
"Kelly Partners (Government, Incentives and Innovation)",SINGLE,HIGH,,This is a single firm with areas of specialization listed.
Geelong Indoor Plants and Orchids Club,SINGLE,HIGH,,This appears to be the full name of a single club.
Heritage Golf and Country Club,SINGLE,HIGH,,This is a common naming convention for a single golf club.
Australian Nursing and Midwifery Federation,SINGLE,HIGH,,This is the full name of a single professional organization.
Duldig Gallery (Museum and Art Gallery),SINGLE,HIGH,,This is likely describing the different aspects within a single gallery.
"Raine and Horne Dubai, UAE",SINGLE,HIGH,,This is likely a branch of a real estate agency.
Hornsby and District Chamber of Commerce and Industry,SINGLE,HIGH,,This is the full name of a single chamber of commerce.
Wyndham Track and Field Club,SINGLE,HIGH,,This is the full name of a single sports club.
"Global Fund to fight AIDS, Tuberculosis and Malaria",SINGLE,HIGH,,This is the full name of a single organization.
Taipei Economic and Cultural office in Australia,SINGLE,HIGH,,This is the full name of a single office.
Tapei Economic and Cultural Office,SINGLE,HIGH,,This is the full name of a single office.
COMMUNITY AND PUBLIC SECTOR UNION (CPSU),SINGLE,HIGH,,This is the full name of a single union.
Goulburn And District Education Foundation,SINGLE,HIGH,,This is the full name of a single foundation.
Global Alliance for Vaccines and Immunisation,SINGLE,HIGH,,Full name of a single organization.
Gold Coast Mayor's Arts and Culture Reference Group,SINGLE,HIGH,,A single reference group.
Pastoralists and Graziers Association,SINGLE,HIGH,,This appears to be the full name of a single association.
"Wurtulla, QLD",SINGLE,HIGH,,Wurtulla is a suburb in Queensland.  'QLD' is simply an abbreviation for the state.
"Kelowna, British Columbia, Canada",SINGLE,HIGH,,"Kelowna is a city in British Columbia, Canada. Listing the province and country provides geographical context, not separate entities."
"Gymea Bay, NSW",SINGLE,HIGH,,Gymea Bay is a suburb in NSW. 'NSW' is an abbreviation for the state.
"Hurstville, NSW",SINGLE,HIGH,,Hurstville is a suburb in NSW. 'NSW' is an abbreviation for the state.
"Coffs Harbour, NSW",SINGLE,HIGH,,Coffs Harbour is a city in NSW.  'NSW' is an abbreviation for the state.
"St Lucia, Queensland",SINGLE,HIGH,,St Lucia is a suburb in Queensland. 'Queensland' provides geographical context.
"Auchenflower, Queensland",SINGLE,HIGH,,Auchenflower is a suburb in Queensland. 'Queensland' provides geographical context.
"Hastings Point, NSW",SINGLE,HIGH,,Hastings Point is a town in NSW.  'NSW' is an abbreviation for the state.
"Adelaide, SA",SINGLE,HIGH,,Adelaide is a city in South Australia. 'SA' is an abbreviation for the state.
"Summer Park, Brisbane",SINGLE,HIGH,,Summer Park is a suburb of Brisbane.  'Brisbane' provides location context.
"Hyde Park, Townsville",SINGLE,HIGH,,Hyde Park is a suburb or area within Townsville.  'Townsville' gives location context.
"King Henry Cafe, Sassafras",SINGLE,HIGH,,King Henry Cafe is a business located in Sassafras. 'Sassafras' provides location context.
Women's International League for Peace and Freedom QLD,SINGLE,HIGH,,This is the name of a single organization.
South Australian Department of Health and Ageing,SINGLE,HIGH,,This is a single government department.
Italian Chamber of Commerce and Industry (Queensland),SINGLE,HIGH,,This is a single organization.
Ministry of Foreign Affairs and International Cooperation of the United Arab Emirates,SINGLE,HIGH,,This is a single government ministry.
Parliamentary Friends of Innovation and Enterprise,SINGLE,HIGH,,This is likely a single parliamentary group.
Golden Key International Honour Society (ANU and UC),SINGLE,HIGH,,This appears to be a single society with chapters at ANU and UC.
Bill and Melinda Gates Foundation,SINGLE,HIGH,,This is a single foundation.
Australian Leisure and Hospitality,SINGLE,HIGH,,This is likely a single industry association.
Sydney Cricket and Sports Ground Trust,SINGLE,HIGH,,This is a single trust.
Cairns Penny Savings and Loans,SINGLE,HIGH,,This is likely a single financial institution.
Australia and New Zealand Banking Group Limited,SINGLE,HIGH,,This is the full name of a single bank.
Australian and New Zealand Banking Group,SINGLE,HIGH,,This is a shortened version of the name of a single bank.
Australian Food and Grocery Council,SINGLE,HIGH,,This is a single industry body.
Chartered Institute of Logistics and Transport Australia,SINGLE,HIGH,,This is the full name of a single professional body.
Mr Elliott Charng from the Taipei Economic and Cultural Office,SINGLE,HIGH,,This refers to a single individual within a single office.
Kelly and Partners Opportunities Fund,SINGLE,HIGH,,This appears to be a single investment fund with a compound name.  The context examples support this.
Goulburn and District Education Foundation,SINGLE,HIGH,,This is a single organization with a compound name.
D and S Thwaites,SINGLE,HIGH,,"Likely a single entity with a short, compound name."
Johnson and Johnson,SINGLE,HIGH,,"This is the well-known multinational corporation, a single entity."
Sporting Wheelies and Disabled Association,SINGLE,HIGH,,This is a single organization with a compound name.
Williamstown Swimming and Life Saving Club,SINGLE,HIGH,,This is a single club with a descriptive compound name.
"Australian People for Health, Education and Development Abroad (AKA Union Aid Abroad)",SINGLE,HIGH,,"This is a single organization with a long, descriptive name.  The (AKA) clarifies it's one entity."
Australian Institute of Marine and Power Engineers (AIMPE),SINGLE,HIGH,,This is a single professional organization with a compound name. The abbreviation further confirms this.
The Taipei Economic and Cultural Office,SINGLE,HIGH,,This is a single diplomatic office with a descriptive compound name.
Australia China Healthcare and Nutrition Association (President),SINGLE,HIGH,,This is a single association with a compound name.  '(President)' refers to a role within the association.
Kalamunda and Districts Swimming Club,SINGLE,HIGH,,This is a single swimming club with a compound name.
WA Corruption and Crime Commission,SINGLE,HIGH,,This is a single government agency with a compound name.
Australian and New Zealand College of Anaesthetists,SINGLE,HIGH,,This is a single professional college with a compound name.
Gold Coast Jazz and Blues Club,SINGLE,HIGH,,This is a single club with a compound name.
"Koichi Hagiuda, Minister for Economy, Trade and Industry, Japan",SINGLE,HIGH,,"This refers to a single person and their title, not multiple entities."
"Marina Silva, Minister for the Environment and Climate Change - Brazil",SINGLE,HIGH,,This refers to a single person and their title.
"Murat Kurum, Minister of Environment and Urban Planning of Turkiye",SINGLE,HIGH,,This refers to a single person and their title.
Ngirramanujuwal - The Art and Country of Jimmy Pike,SINGLE,HIGH,,This appears to be the title of a single art exhibit or publication.
Royal National Agricultural and Industrial Association of Queensland,SINGLE,HIGH,,This is a single organization with a compound name.
Superannuation and life insurance - Australian Super,SINGLE,HIGH,,This refers to a single provider offering multiple services.
"The Shop, Distributive and Allied Employees' Association",SINGLE,HIGH,,This is a single organization with a compound name.
Naturopaths and Herbalists Association of Australia,SINGLE,HIGH,,This is a single association with a compound name.
Australian Climate and Biodiversity Foundation,SINGLE,HIGH,,This is a single organization with a compound name.
"Nitkin Gadkarji, Minister for Road Transport and Highways",SINGLE,HIGH,,This is a single person with their title.
Pyne and Partners,SINGLE,HIGH,,"This is likely a single firm with a compound name, common in legal or consulting practices."
Exquisart P/L,SINGLE,HIGH,,P/L is a common suffix in Australian company names indicating 'Proprietary Limited'.
Mortgage/Credit Card Bank of Melbourne,SINGLE,HIGH,,Appears to be a single bank offering both mortgage and credit card services.
Australia/Israel Jewish Affairs Council (AIJAC),SINGLE,HIGH,,This is a single organization with a name reflecting its area of operation.
ANU/Chifley Research Centre,SINGLE,HIGH,,The Chifley Research Centre is likely a part of the ANU (Australian National University).
Australia/Israel Jewish Affairs Council,SINGLE,HIGH,,This is a single organization with a name reflecting its area of operation.
Australian Infrastructure Fund Units/Ordinary Fully Paid,SINGLE,HIGH,,Describes different classes of units within a single fund.
RHT INVESTMENTS P/L,SINGLE,HIGH,,"P/L denotes 'Proprietary Limited', a common Australian company designation."
LABOUR SERVICES+HOLDINGS P/L,SINGLE,HIGH,,A single entity with a compound name. '+' is sometimes used instead of '&'.
MultiMix W/S Aust Property Trust,SINGLE,HIGH,,Likely a single property trust with a descriptive name.
AGEST Super P/L,SINGLE,HIGH,,"P/L denotes 'Proprietary Limited', a common Australian company designation.  'Super' likely refers to superannuation."
Avanti Investments P/L,SINGLE,HIGH,,"P/L denotes 'Proprietary Limited', a common Australian company designation."
ANZ Investments P/L.,SINGLE,HIGH,,"P/L denotes 'Proprietary Limited', a common Australian company designation.  'ANZ' likely refers to Australia and New Zealand Banking Group."
East Malvern/Tooronga Cricket Club,SINGLE,HIGH,,Likely a single cricket club with a name incorporating two locations.
Barranco P/L,SINGLE,HIGH,,"P/L denotes 'Proprietary Limited', a common Australian company designation."
TUP Robb P/L (Ha Armchair),SINGLE,HIGH,,"P/L denotes 'Proprietary Limited', a common Australian company designation.  The parenthetical is descriptive, not another entity."
Collective Events P/L,SINGLE,HIGH,,"P/L denotes 'Proprietary Limited', a common Australian company designation."
RAM Consultancy P/L,SINGLE,HIGH,,"P/L denotes 'Proprietary Limited', a common Australian company designation."
RAM Consultants P/L,SINGLE,HIGH,,"P/L denotes 'Proprietary Limited', a common Australian company designation."
P/ASX Dividend Opportunities ETF,SINGLE,HIGH,,This is likely a single Exchange Traded Fund (ETF).
CITIBANK US A/c,SINGLE,HIGH,,A/c likely refers to account; this is one bank account.
CITIBANK GREECE A/c,SINGLE,HIGH,,A/c likely refers to account; this is one bank account.
BANK OF CHINA - CHINA A/c,SINGLE,HIGH,,A/c likely refers to account; this is one bank account.
AFSH Nominees P/L,SINGLE,HIGH,,"P/L denotes 'Proprietary Limited', a common Australian company designation."
GILBERT FRANK INVESTMENTS P/L,SINGLE,HIGH,,"P/L denotes 'Proprietary Limited', a common Australian company designation."
Bendigo/ Adelaide Bank,SINGLE,HIGH,,This is the formal name of a single Australian bank.
CJC Property Consultants Pty Ltd (t/a Nineteen Consulting),SINGLE,HIGH,,'t/a' means 'trading as'; it's a single company using a different trading name.
CJC Property Consultants PL (t/a Nineteen Consulting),SINGLE,HIGH,,'t/a' means 'trading as'; it's a single company using a different trading name.
Dutton Holdings (Qld) P/L,SINGLE,HIGH,,"P/L denotes 'Proprietary Limited', a common Australian company designation."
PK Super (Qld) P/L,SINGLE,HIGH,,"P/L denotes 'Proprietary Limited', a common Australian company designation."
RHT Family Trust (RHT Investments P/L ATF),SINGLE,HIGH,,This appears to be a single family trust with an associated company.
RHT Investments (Qld) P/L,SINGLE,HIGH,,"P/L denotes 'Proprietary Limited', a common Australian company designation."
PK Super P/L,SINGLE,HIGH,,"P/L denotes 'Proprietary Limited', a common Australian company designation."
VA 812 SYD/MELB,SINGLE,HIGH,,This is a flight number with origin and destination cities.
VA 925 SYD/BRISBANE,SINGLE,HIGH,,This is a flight number with origin and destination cities.
"Takami Yasuhiro, Senior Adviser to Japanese Minister of Defense",SINGLE,HIGH,,"Takami Yasuhiro is a person, and 'Senior Adviser to Japanese Minister of Defense' is his title.  It's a single descriptive unit."
"Various sporting, community, non-profit organisations",SINGLE,HIGH,,"This refers to a category of organizations, not a list of specific entities."
"Rt Hon. Boris Johnson, former UK Prime Minister",SINGLE,HIGH,,This is a single person's name and title.
"Paul Smith, Owner of the Sydney Kings",SINGLE,HIGH,,This is a person's name and their title/description.
"Ambassador of Japan, HE Mr Kazuhiro Suzuki",SINGLE,HIGH,,This is a person's title and name.
Rudy and Julie Limantono of Zion Graphics,SINGLE,HIGH,,This appears to be a single entity; a business likely owned by Rudy and Julie Limantono.
TAIPEI ECONOMIC AND CULTURAL OFFICE,SINGLE,HIGH,,"This is a single entity, despite the 'and'; it is a common naming convention."
Mandurah Offshore Fishing and Sailing Club,SINGLE,HIGH,,A single club with a compound name.
Barwon Heads Football and Netball Club,SINGLE,HIGH,,A single sporting club with a compound name.
Colac Football and Netball Club,SINGLE,HIGH,,A single sporting club with a compound name.
Geelong Amateurs Football and Netball Club,SINGLE,HIGH,,A single sporting club with a compound name.
Grovedale Tigers Football and Netball Club,SINGLE,HIGH,,A single sporting club with a compound name.
Inverleigh Football and Netball Club,SINGLE,HIGH,,A single sporting club with a compound name.
Lorne Football and Netball Club,SINGLE,HIGH,,A single sporting club with a compound name.
Ocean Grove Football and Netball Club,SINGLE,HIGH,,A single sporting club with a compound name.
Queenscliff Football and Netball Club,SINGLE,HIGH,,A single sporting club with a compound name.
South Barwon Football and Netball Club,SINGLE,HIGH,,A single sporting club with a compound name.
Torquay Football and Netball Club,SINGLE,HIGH,,A single sporting club with a compound name.
Winchelsea Football and Netball Club,SINGLE,HIGH,,A single sporting club with a compound name.
Anglesea Football and Netball Club,SINGLE,HIGH,,A single sporting club with a compound name.
Lorne Aquatic and Angling Club,SINGLE,HIGH,,A single club with a compound name.
The Bill and Melinda Gates Foundation,SINGLE,HIGH,,"This is the name of a single, well-known foundation."
The Taipei Economic and Cultural Office in Australia,SINGLE,HIGH,,This is a single entity; the 'and' is part of its official name.
Australia and New Zealand Banking Group (ANZ),SINGLE,HIGH,,This is a single bank with a compound name; ANZ is its common abbreviation.
Victorian Employee Chamber of Commerce and Industry,SINGLE,HIGH,,This is a single organization with a compound name.
BLUEYS CAFÉ AND CARVERY,SINGLE,HIGH,,Likely a single business with a compound name.
Blueys Cafe and Carvery Catering (BCCC),SINGLE,HIGH,,"A single catering business, with '(BCCC)' being an abbreviation."
PARRAMATTA AND DISTRICT SYNAGOGUE,SINGLE,HIGH,,This seems to be a single synagogue with a location specified in its name.
"UNION, UNIVERSITY AND SCHOOLS CLUB",SINGLE,HIGH,,"A single club, likely serving multiple constituencies."
Civmec Construction and Engineering Pty Ltd,SINGLE,HIGH,,A single company with a compound name.
Australian Chamber of Commerce and Industry,SINGLE,HIGH,,A single organization with a compound name.
Australia And New Zealand Banking Group,SINGLE,HIGH,,A single bank with a compound name.
Dennis and Cathy O'Toole,SINGLE,HIGH,,This is a single entity; a couple.
Australian Mining and Metals Association,SINGLE,HIGH,,A single industry association with a compound name.
"Minister for Health and Welfare, South Korea",SINGLE,HIGH,,"While it lists two portfolios, it's a single ministerial position."
Exquisant P/L,SINGLE,HIGH,,"P/L denotes 'Pty Ltd', a common suffix for Australian private companies.  This is a single company name."
Bendigo/Adelaide Bank,SINGLE,HIGH,,"This is the formal name of a single Australian bank, formed by a merger."
Catholic Community Services NSW/ACT,SINGLE,HIGH,,"This is likely a single organization operating across NSW and the ACT, indicated by the '/'."
CEDA SA/NT,SINGLE,HIGH,,Likely a single organization operating in South Australia (SA) and the Northern Territory (NT).
Dutton Holdings (QLD) P/L,SINGLE,HIGH,,"This is a single company name, with (QLD) indicating its location in Queensland."
Bald Hills Child Care P/L,SINGLE,HIGH,,This is a single company name.
Andco Building Services P/L,SINGLE,HIGH,,This is the name of a single Australian company.
Akitio P/L,SINGLE,HIGH,,This appears to be a single company name.
Aust/India Institute,SINGLE,HIGH,,"Likely a single institute, with the '/' indicating a shortened name or abbreviation."
World Vision supporter/contributor,SINGLE,HIGH,,"Describes types of individuals associated with World Vision, not separate entities."
ICAP Buying Company P/L,SINGLE,HIGH,,This is the name of a single Australian company.
BARRANCO P/L,SINGLE,HIGH,,This appears to be a single company.
Mount Vale Holdings P/L,SINGLE,HIGH,,This is the name of a single Australian company.
Mount Vale Holdings P/I,SINGLE,HIGH,,"Likely a typo,  but still refers to a single entity. P/I is not a standard Australian business designation."
TJP Robb Pty Ltd (t/a Armchair),SINGLE,HIGH,,This is a single company trading under a different name ('t/a' means 'trading as').
Körber-Stiftung / Körber Foundation,SINGLE,HIGH,,This is likely a single organization with names in German and English.
Santos P/L,SINGLE,HIGH,,This is a single company.
M.WASHER FAM/TRUST,SINGLE,HIGH,,Likely a single family trust.
M.WASHER FAM/TRUST 2,SINGLE,HIGH,,Likely a second family trust for the same family.
YARRALUMLA/CANBERRA,SINGLE,HIGH,,Likely refers to a single location in Canberra.
KINGSIZE HOLDING P/L,SINGLE,HIGH,,This is the name of a single company.
WASHER ENTERPRISES P/L,SINGLE,HIGH,,This is the name of a single company.
MAL WASHER NOM P./L,SINGLE,HIGH,,This is the name of a single company.
Gilbert Frank Investments P/L,SINGLE,HIGH,,This is a single investment company.
John Alexander's Clubs P/L,SINGLE,HIGH,,This is the name of a single company.
St. Michael NFP Service P/L,SINGLE,HIGH,,This is the name of a single company.
P/ASX 300 HIGH YIELD PLUS ETF UNITS (ZYAU),SINGLE,HIGH,,This appears to be a single ETF product with a descriptive name.  The 'P/' likely refers to a particular product identifier.
DG Lawnton P/L,SINGLE,HIGH,,"This is likely a single entity, a company (P/L denotes Proprietary Limited)."
DG Lawnton Gosford P/L,SINGLE,HIGH,,"Another single entity, a likely branch or subsidiary of DG Lawnton P/L."
Transport Workers' Union of Australia SA/NT Branch Membership,SINGLE,HIGH,,This refers to membership within a single union's SA/NT branch.
RHT Investments (QId) P/L,SINGLE,HIGH,,A single company.
RHT Family Trust (RHT Investments (Qld) P/L ATF),SINGLE,HIGH,,"A single family trust, likely holding investments in RHT Investments (Qld) P/L."
RHT Investment (Qld) P/L,SINGLE,HIGH,,A single company.
Pebema P/L Superfund,SINGLE,HIGH,,Likely a single superannuation fund operated by Pebema P/L.
P/ASX 200 Financial Sector ETF,SINGLE,HIGH,,A single Exchange Traded Fund.
Harvey Water (South West Irrigation T/A),SINGLE,HIGH,,A single entity; 'T/A' means 'Trading As'.
Murrumbeena / East Malvern Community Financial Services Limited,SINGLE,HIGH,,The name suggests a single entity operating in two locations.
Asian Forum Parliamentarians on Population and Development Secretariat,SINGLE,HIGH,,"This appears to be a single organization with a long, compound name."
Department of Communications and the Arts,SINGLE,HIGH,,This is a single Australian government department with a compound name.
United Nations Economic and Social Commission for Asia and the Pacific (UNESCAP),SINGLE,HIGH,,"This is a single UN body with a long, compound name."
Australian/Israel and Jewish Affairs Council,SINGLE,HIGH,,This seems to be a single organization with a compound name.
Tamil Arts and Culture Association,SINGLE,HIGH,,This is a single organization with a compound name.
Italian Chamber of Commerce and Industry in Australia Inc.,SINGLE,HIGH,,This is a single organization with a compound name.
Australia Academy of Heath and Medical Sciences,SINGLE,HIGH,,This appears to be a single organization with a compound name.  Note the misspelling of 'Health'.
Chevron Island Business and Residents Association,SINGLE,HIGH,,This is likely a single organization with a compound name.
Pine Rivers Caboolture and Redcliffe Group Training Scheme Inc (Pricar),SINGLE,HIGH,,"This is likely a single organization with a compound name, using 'and' as part of its formal title."
Rail Tram and Bus Union (RTBU),SINGLE,HIGH,,"This is a single organization with a compound name, likely an abbreviation of Rail, Tram, and Bus Union."
Food and Grocery Council,SINGLE,HIGH,,This is likely a single organization with a compound name.
Bannockburn and District Bowls Club,SINGLE,HIGH,,This appears to be a single organization with a compound name.
Birregurra Football and Netball Club,SINGLE,HIGH,,This is likely a single club with a compound name.
Portarlington Football and Netball Club,SINGLE,HIGH,,This is likely a single club with a compound name.
Veterans Recovery and Restoration Centre Inc.,SINGLE,HIGH,,This is a single organization with a compound name.
Activ Life Physiotherapy and Rehabilitation,SINGLE,HIGH,,This appears to be a single business with a compound name.
Westlakes Access and Support,SINGLE,HIGH,,This is likely a single organization with a compound name.
"RK Singh, Indian Minister for Energy",SINGLE,HIGH,,"This refers to a single individual, RK Singh, who holds the position of Indian Minister for Energy.  The title is descriptive, not a separate entity."
"Tim Walz, Governor of Minnesota",SINGLE,HIGH,,"This refers to a single person, Tim Walz, who is the Governor of Minnesota. The title is descriptive, not a separate entity."
"Taroom, QLD",SINGLE,HIGH,,"Taroom is a town in Queensland. QLD is an abbreviation for Queensland, and the phrase describes a location."
"Wandoan, QLD",SINGLE,HIGH,,"Wandoan is a town in Queensland. QLD is an abbreviation for Queensland, and the phrase describes a location."
"DUGANDAN, QLD",SINGLE,HIGH,,DUGANDAN is a town in Queensland. QLD is an abbreviation for Queensland; the phrase describes a location.
"BARTON, ACT",SINGLE,HIGH,,BARTON is a suburb in the Australian Capital Territory (ACT). The phrase describes a location.
"BLACKWATER, QLD",SINGLE,HIGH,,BLACKWATER is a town in Queensland. QLD is an abbreviation for Queensland; the phrase describes a location.
"WOOLLOONGABBA, QLD",SINGLE,HIGH,,"WOOLLOONGABBA is a suburb of Brisbane, Queensland. QLD is an abbreviation for Queensland; the phrase describes a location."
"Hollywell, Queensland",SINGLE,HIGH,,Hollywell is a suburb in Queensland. The phrase describes a location.
"Coombabah, Queensland",SINGLE,HIGH,,Coombabah is a suburb in Queensland. The phrase describes a location.
"Hampton, Victoria",SINGLE,HIGH,,Hampton is a suburb in Victoria. The phrase describes a location.
"Separation Creek, Victoria",SINGLE,HIGH,,Separation Creek is a town in Victoria. The phrase describes a location.
"Australian Workers Union of Employees, Qld",SINGLE,HIGH,,"This is a single organization, the Australian Workers Union of Employees, with its location specified as Queensland."
"H.E. Mr Phạm Minh Chính, Prime Minister of the Socialist Republic of Vietnam",SINGLE,HIGH,,"This refers to a single individual, H.E. Mr Phạm Minh Chính, and his title."
"Malanda, Queensland",SINGLE,HIGH,,Malanda is a town in Queensland. The phrase describes a location.
"Brinsmead, Queensland",SINGLE,HIGH,,Brinsmead is a suburb in Queensland. The phrase describes a location.
"Mooroobool, Queensland",SINGLE,HIGH,,Mooroobool is a suburb in Queensland. The phrase describes a location.
"Roseville, NSW",SINGLE,HIGH,,Roseville is a suburb in New South Wales (NSW). The phrase describes a location.
"Paddington, NSW",SINGLE,HIGH,,Paddington is a suburb in New South Wales (NSW). The phrase describes a location.
"Lettomanopello, Italy",SINGLE,HIGH,,Lettomanopello is a town in Italy.  The phrase describes a location.
"Wombarra, NSW",SINGLE,HIGH,,Wombarra is a suburb in New South Wales (NSW). The phrase describes a location.
"Newtown, NSW",SINGLE,HIGH,,Newtown is a suburb in New South Wales (NSW). The phrase describes a location.
"GRIFFITH, ACT",SINGLE,HIGH,,Griffith is a suburb in the Australian Capital Territory (ACT). The phrase describes a location.
"Canberra, ACT",SINGLE,HIGH,,"Canberra is the capital city of Australia, located in the Australian Capital Territory (ACT). The phrase describes a location."
"Australian Club, Sydney",SINGLE,HIGH,,The Australian Club is a single organization located in Sydney.
"Newcastle Club, Newcastle",SINGLE,HIGH,,The Newcastle Club is a single organization located in Newcastle.
"Brunswick, VIC",SINGLE,HIGH,,Brunswick is a suburb in Victoria (VIC). The phrase describes a location.
"Hervey Bay, QLD",SINGLE,HIGH,,Hervey Bay is a city in Queensland (QLD). The phrase describes a location.
"Harmers Haven, VIC",SINGLE,HIGH,,Harmers Haven appears to be a location within Victoria (VIC). The phrase describes a location.
"Melbourne, VIC",SINGLE,HIGH,,Melbourne is a city in Victoria (VIC). The phrase describes a location.
"MR MAX LIONDOS, LIONDOS TAILORS, SYDNEY",SINGLE,HIGH,,"This appears to be a single business, Liondos Tailors, with the owner's name and location specified."
"Vladimir Yakunin, President of Russian Railways",SINGLE,HIGH,,"This refers to a single person, Vladimir Yakunin, in his role as President of Russian Railways."
"Ministry of Economy, United Arab Emirates",SINGLE,HIGH,,"This refers to a single entity, the Ministry of Economy within the United Arab Emirates."
"Chen Yuming, Chinese Embassy in Australia",SINGLE,HIGH,,"This refers to a single person, Chen Yuming, working at the Chinese Embassy in Australia. "
"InterContinental Hotel, Melbourne",SINGLE,HIGH,,This refers to a specific InterContinental hotel location in Melbourne.
"Treasury Hotel, Brisbane",SINGLE,HIGH,,This refers to a specific hotel in Brisbane.
"InterContinental Hotel, Perth",SINGLE,HIGH,,This refers to a specific InterContinental hotel location in Perth.
"Voyages Indigenous Tourism Australia, Ayres Rock",SINGLE,HIGH,,This likely refers to Voyages Indigenous Tourism Australia's operations at Ayres Rock (Uluru).
"Mr Kaisheng YANG, President of ICBC",SINGLE,HIGH,,"This is a single individual, Mr. Kaisheng Yang, identified by his position at ICBC."
"Mr Xiongmo Huang, Chairman of Yuhu Group of companies",SINGLE,HIGH,,"This refers to a single person, Mr. Xiongmo Huang, in his role as Chairman."
"Beechworth Honey, Corowa, NSW",SINGLE,HIGH,,"This refers to Beechworth Honey, a company located in Corowa, NSW."
"Kelvin Crombie of Mundaring, Western Australia",SINGLE,HIGH,,"This refers to a single person, Kelvin Crombie, with his location specified."
"City of Swan, Western Australia",SINGLE,HIGH,,This is a single local government area.
"Lindsay Soutar, National Co-ordinator for 100% Renewable",SINGLE,HIGH,,This refers to a single person and their role.
"Thich Quang BA, Senior Monk",SINGLE,HIGH,,This is a single person.
"Maria Vandamme, Melba Foundation",SINGLE,HIGH,,This is likely Ms. Vandamme associated with or working for the Melba Foundation.
"Education Department, WA",SINGLE,HIGH,,This refers to the Western Australian Education Department.
"His Excellency Mr Shinzo Abe, Former Prime Minister of Japan",SINGLE,HIGH,,This is a single individual with multiple titles/descriptions.
"The Rt Hon Boris Johnson, Prime Minister of the United Kingdom",SINGLE,HIGH,,This is a single individual with multiple titles/descriptions.
"Dr Mario Draghi, Prime Minister of Italy",SINGLE,HIGH,,This is a single individual with multiple titles/descriptions.
"Chatsworth, Qld",SINGLE,HIGH,,Chatsworth is a location in Queensland.  'Qld' is an abbreviation.
"Ministry of Foreign Affairs, Republic of China (Taiwan)",SINGLE,HIGH,,"This is a single entity, the Ministry of Foreign Affairs of the Republic of China (Taiwan)."
"O'Connor, ACT",SINGLE,HIGH,,O'Connor is a suburb in the Australian Capital Territory (ACT).
"Caringbah, NSW",SINGLE,HIGH,,Caringbah is a suburb in New South Wales (NSW).
"Marmion, Western Australia",SINGLE,HIGH,,Marmion is a suburb in Western Australia.
"Geraldton, Western Australia",SINGLE,HIGH,,Geraldton is a city in Western Australia.
"Dunsborough, Western Australia",SINGLE,HIGH,,Dunsborough is a town in Western Australia.
"Ord Valley Muster, Kununurra, WA",SINGLE,HIGH,,"The Ord Valley Muster is an event held in Kununurra, Western Australia (WA)."
"190 Yungurra Drive, Dunsborough, Western Australia",SINGLE,HIGH,,This is a single address.
"Maylands, Adelaide",SINGLE,HIGH,,Maylands is a suburb of Adelaide.
"Director, Olympic Winter Institute of Australia",SINGLE,HIGH,,This describes a single role within a single organization.
"Director, Sport Australia Hall of Fame",SINGLE,HIGH,,This describes a single role within a single organization.
"Buchanan, NSW",SINGLE,HIGH,,Buchanan is a location in NSW.
"Kurri Kurri, NSW",SINGLE,HIGH,,Kurri Kurri is a town in NSW.
"Cathedral Church of St Saviour, Goulburn",SINGLE,HIGH,,"This is a single entity, a church in Goulburn."
"Hamilton, Victoria",SINGLE,HIGH,,Hamilton is a city in Victoria.
"Northcote, Victoria",SINGLE,HIGH,,"Northcote is a suburb of Melbourne, Victoria."
"Brunswick, Victoria",SINGLE,HIGH,,"Brunswick is a suburb of Melbourne, Victoria."
"Chermside, QLD",SINGLE,HIGH,,Chermside is a suburb in Queensland.
"Teneriffe, QLD",SINGLE,HIGH,,Teneriffe is a suburb in Queensland.
"Ensemble Theatre, Kirribilli",SINGLE,HIGH,,The Ensemble Theatre is located in Kirribilli.
"Porepunkah, VIC",SINGLE,HIGH,,Porepunkah is a town in Victoria.
"Beaumaris, TAS",SINGLE,HIGH,,Beaumaris is a suburb in Tasmania.
"Canterbury, VIC",SINGLE,HIGH,,"Canterbury is a suburb of Melbourne, Victoria."
"North Melbourne, VIC",SINGLE,HIGH,,"North Melbourne is a suburb of Melbourne, Victoria."
"North Carlton, VIC",SINGLE,HIGH,,"North Carlton is a suburb of Melbourne, Victoria."
"BMJ Leader journal, UK",SINGLE,HIGH,,The BMJ Leader journal is published in the UK.  This is a single publication.
"Liberal Party of Australia, NSW Division",SINGLE,HIGH,,The NSW Division is a subunit of the Liberal Party of Australia; it's not a separate entity.
"Incheon Free Economic Zone, Korea",SINGLE,HIGH,,Incheon Free Economic Zone is a geographical/economic region within Korea; it's not a separate entity.
"Incheon International Airport, Korea",SINGLE,HIGH,,Incheon International Airport is located in Korea; it's not a separate entity.
"House, Yarralumla, Australian Capital Territory",SINGLE,HIGH,,Describes a single house's location.
"Vacant Commercial Land, Currambine",SINGLE,HIGH,,Describes a single piece of land and its location.
"Two Houses, Leederville",SINGLE,HIGH,,Refers to two houses as a single asset at one location.
"Factory/Warehouse in Belmont, WA",SINGLE,HIGH,,Describes a single property with two uses in one location.
"Tourism Council CEO, Evan Hall",SINGLE,HIGH,,Refers to one person and their title within a single organization.
"Michael Crouch, Founder, ZIP Industries (AUST) PTY LTD",SINGLE,HIGH,,Describes one person's role in a single company.
"Paul Perreault, CEO, CSL Limited",SINGLE,HIGH,,Describes one person's role in a single company.
"Luke Mckenzie, CEO, Metcash",SINGLE,HIGH,,Describes one person's role in a single company.
"Nazarudin Jaafar, Consul General of Malaysia",SINGLE,HIGH,,Describes one person's role within a single government.
"Elliott Charng, Representative of Taiwan",SINGLE,HIGH,,Describes one person's role in representing a single government.
"Her Excellency Mrs Martha Mavrommati, High Commissioner of the Republic of Cyprus",SINGLE,HIGH,,Describes one person's role in representing a single government.
"Kingston, Canberra",SINGLE,HIGH,,Kingston is a suburb of Canberra.
"500 Club, Liberal Party",SINGLE,HIGH,,The 500 Club is likely a subunit or fundraising group within the Liberal Party.
"Bindaree Beef, Inverell",SINGLE,HIGH,,Bindaree Beef is a business likely located in Inverell.
"Perth, WA",SINGLE,HIGH,,Perth is a city in WA.
Chamber of Minerals and Energy,SINGLE,HIGH,,"This is a single organization with a compound name, a common structure for Australian industry bodies."
Racing and Wagering WA (RWWA),SINGLE,HIGH,,This is the official name of a single Western Australian government-owned organization.
National Mining and Related Industries,SINGLE,HIGH,,Likely a single organization with a descriptive compound name.
Thornlie Footbal and Sports Club,SINGLE,HIGH,,A single sports club with a compound name.
Ballarat and Grampians Community Legal Services Board,SINGLE,HIGH,,Likely a single organization serving multiple regions.
Bravus Mining and Resources,SINGLE,HIGH,,This appears to be the name of a single mining company.
Australia Israel and Jewish Affairs Council,SINGLE,HIGH,,This seems to be the name of a single organization.
Dural and District Business Chamber of Commerce,SINGLE,HIGH,,This is a single business chamber with a compound name.
Welfare Rights and Advocacy Service,SINGLE,HIGH,,This appears to be a single organization.
Veolia Australia and New Zealand,SINGLE,HIGH,,This is likely the Australian and New Zealand branch of a multinational company.
OZWAC - Australian Women's and Children Research Foundation,SINGLE,HIGH,,This is the name of a single foundation.
Konrad Adenauer Stiftung Regional Programme - Australia and the Pacific,SINGLE,HIGH,,This is a single program with a geographical scope.
"Flinders University College of Government, Business and Law",SINGLE,HIGH,,This refers to a single college within Flinders University.
Mongolian Minister for Education and Science,SINGLE,HIGH,,This is a single ministerial portfolio.
Community and Public Sector Union (CPSU),SINGLE,HIGH,,This is the full name of a single union.
Taipei Economic and Cultural Office of Australia,SINGLE,HIGH,,This is a single diplomatic office.
Astra Subscription Television and Radio Association,SINGLE,HIGH,,Likely a single industry association.
Southern Youth and Family Services Warilla Housing Project,SINGLE,HIGH,,This appears to be a single organization.
ASU Victorian and Tasmanian Authorities and Services Branch,SINGLE,HIGH,,This is a single branch of a larger union.
Mining and Energy Union,SINGLE,HIGH,,This is a single union.
Mining and Energy Union Northern District,SINGLE,HIGH,,This is a single district of a larger union.
L and J family trust,SINGLE,HIGH,,This is a single family trust.
Edith Cowan University School of Business and Law Advisory Board,SINGLE,HIGH,,This is a single advisory board.
Wyndham Track and Field,SINGLE,HIGH,,Likely a single sports club or organization.
"Office of Southeast Asia, Department of Foreign Affairs and Trade",SINGLE,HIGH,,This is a single government office within a department.
"Office for Sport, Department of Health and Aged Care",SINGLE,HIGH,,A single government office within a department.
Italian Chamber of Commerce and Industry,SINGLE,HIGH,,A single organization with a compound name.
French Australia Chamber of Commerce and Industry,SINGLE,HIGH,,A single organization.
Maitland and District Cricket Umpire' and Scorers' Association Incorporated,SINGLE,HIGH,,This is the full name of a single organization.
"Australian Institute of Political Science, The",SINGLE,HIGH,,"""The"" is part of the formal name of the Australian Institute of Political Science."
"Eastwood Club, The",SINGLE,HIGH,,"""The"" is part of the formal name of the Eastwood Club."
"Law Society of NSW, The",SINGLE,HIGH,,"""The"" is part of the formal name of the Law Society of NSW."
"Sydney Institute, The",SINGLE,HIGH,,"""The"" is part of the formal name of the Sydney Institute."
"Anglo-Australasian Lawyer's Society, Australia Branch",SINGLE,HIGH,,This is a single organization with a branch specified.
"Australian Lebanese Heart Foundation Ltd, The",SINGLE,HIGH,,"""The"" is part of the formal name of the Australian Lebanese Heart Foundation Ltd."
"Hills Musical Society, The",SINGLE,HIGH,,"""The"" is part of the formal name of the Hills Musical Society."
"Liberal Party of Australia, New South Wales Division",SINGLE,HIGH,,This is a single organization with a specified division.
"Vietnam Veterans Federation, SA Branch",SINGLE,HIGH,,This is a single organization with a specified branch.
Griff-Dev Investments Pty Ltd as Trustee of the P&M Fletcher Superannuation Fund,SINGLE,HIGH,,This is a single entity: a company acting as trustee for a superannuation fund.  The '&' is part of the fund's name.
Griff-Dev investments Pty Ltd as Trustee of the P&M Fletcher Superannuation Fund,SINGLE,HIGH,,This is a single entity: a company acting as trustee for a superannuation fund.  The '&' is part of the fund's name.
Australia / Israel & Jewish Affairs Council,SINGLE,HIGH,,"This appears to be a single organization with a compound name, despite the slash. The context strongly supports this."
Griff Dev Investments Pty Ltd atf P&M Fletcher Superannuation Fund,SINGLE,HIGH,,"This is a single entity, a company acting as trustee for a superannuation fund. 'atf' signifies 'as trustee for'."
Griff-Dev Investments Pty Ltd ATF P&M Fletcher Superannuation Fund,SINGLE,HIGH,,"This is a single entity, a company acting as trustee for a superannuation fund. 'ATF' signifies 'as trustee for'."
Joe Hockey & M. Babbage (t/a Platypus Creek Farm),SINGLE,HIGH,,"This is a single business (Platypus Creek Farm) operated by two individuals.  '&' indicates a partnership, not separate entities."
Joe Hockey & M Babbage (t/a Platypus Creek Farm),SINGLE,HIGH,,"This is a single business (Platypus Creek Farm) operated by two individuals.  '&' indicates a partnership, not separate entities."
Joe Hockey & M Babbage t/a Platypus Creek Farm,SINGLE,HIGH,,"This is a single business (Platypus Creek Farm) operated by two individuals.  '&' indicates a partnership, not separate entities."
Restaurant & Catering (R&C),SINGLE,HIGH,,This is a single organization with a shortened version of its name in parentheses.
P&M Fletcher Superannuation Fund,SINGLE,HIGH,,This is the name of a single superannuation fund. The '&' is part of the name.
Australia/Israel & Jewish Affairs Council,SINGLE,HIGH,,"This appears to be a single organization, even with the slash. Context strongly supports this interpretation."
The Australia/Israel & Jewish Affairs Council,SINGLE,HIGH,,This is a single organization. The addition of 'The' does not change its nature.
RAM Consultants P/L (Jointly & spouse),SINGLE,HIGH,,This refers to a single consultancy firm with details about the ownership structure.
Australian/Israel & Jewish Affairs Council,SINGLE,HIGH,,This is a single organization. The slash is likely part of the stylized name.
"Chairman, Chief Executive & The Board Canterbury Bankstown Bulldogs",SINGLE,HIGH,,"This refers to the leadership and governance structure of a single entity, the Canterbury Bankstown Bulldogs."
"Claire Fitzpatrick, Managing Director Exploration & Production Aust, BP Australia",SINGLE,HIGH,,"This describes a single person's role within a single company, BP Australia."
Australia/Israel & Jewish Affairs Council (AIJAC),SINGLE,HIGH,,This is a single organization.  (AIJAC) is simply an abbreviation.
B&E Bank,SINGLE,HIGH,,This is the name of a single bank. The '&' is part of the name.
"KLARE (QLD) Pty Ltd ATF, KJT & ASPitt Family Trust",SINGLE,HIGH,,"This is a single entity, a company acting as trustee for a family trust."
H&W Quantity Surveyors Pty Ltd,SINGLE,HIGH,,"This is a single company, the '&' is part of the company name."
Gosford/Erina & Coastal Chamber of Commerce,SINGLE,HIGH,,This appears to be a single Chamber of Commerce serving multiple locations.
M&K Allen Family Trust,SINGLE,HIGH,,This is a single family trust.  The '&' is part of the name.
BL & BM Broadbent Drapers Pty/Ltd,SINGLE,HIGH,,This is likely a single company. The '&' represents a partnership within the company name.
"Simon George & Sons, Brisbane fruiterers",SINGLE,HIGH,,"This is a single business, 'Brisbane fruiterers' is descriptive, not a separate entity."
B&S Pavier,SINGLE,HIGH,,This appears to be a single business name. The '&' is part of the name.
Council of Minerals and Energy,SINGLE,HIGH,,This appears to be a single organization with a compound name.  The context suggests a single entity.
Becketts Bar and Dining,SINGLE,HIGH,,"This is likely a single establishment with a compound name, a common practice for restaurants."
ARAD: Association of Rooftop and Airspace Development,SINGLE,HIGH,,"This is a single organization with a descriptive, compound name."
IGEA (Interactive Games and Entertainment Association),SINGLE,HIGH,,This is a single organization; the 'and' is part of its full name.
"National Institute of Sport, Expertise and Performance(France)",SINGLE,HIGH,,"This seems to be one institute with a descriptive name, despite the commas."
"Hon Minister for Education and Training, Government of Sri Lanka",SINGLE,HIGH,,This refers to a single ministerial position within the Sri Lankan government.
"Department of Health, WA",SINGLE,HIGH,,This refers to the Western Australian Department of Health.  'WA' is an abbreviation commonly used within the entity's name.
"Cancer Council, South Australia",SINGLE,HIGH,,This is the South Australian branch of the Cancer Council.
"Shire of Wyndham, East Kimberley",SINGLE,HIGH,,This is a single local government area in Western Australia.
"Mr Cai Wei, Minister, Chinese Embassy",SINGLE,HIGH,,This likely refers to a single individual's title and affiliation within the Chinese Embassy.
"Adrian Carson, CEO Institute for Urban Indigenous Health Brisbane",SINGLE,HIGH,,This refers to a single individual and their position within a single organization.
"The Arts Centre, Gold Coast",SINGLE,HIGH,,This is likely a single arts center located on the Gold Coast.
"Mr Saad Al-Shareef, Ambassador to Australia, State of Qatar",SINGLE,HIGH,,This describes a single person and their title and affiliation.
Dulwich High School of Visual Arts and Design,SINGLE,HIGH,,This is a single school with a compound name.  'and Design' is part of the school's full title.
Minister for the Indonesian Search and Rescue Agency,SINGLE,HIGH,,This refers to a single ministerial position with a descriptive title. The 'and Rescue' is part of the agency's name.
Australian and New Zealand Banking Group Limited (ANZ),SINGLE,HIGH,,"This is the formal name of a single bank, ANZ."
Australian and New Zealand Banking Group Limited,SINGLE,HIGH,,"This is the formal name of a single bank, ANZ."
"Star City Hotel and Apartments, Sydney",SINGLE,HIGH,,This refers to a single hotel complex in Sydney.
WA Chamber of Mineral and Energy,SINGLE,HIGH,,This is the name of a single chamber of commerce.
Ass of Professional Engineers Scientists and Managers Aust. (APESMA),SINGLE,HIGH,,This is the full name of a single professional association.
Australian Institute of Policy and Science,SINGLE,HIGH,,This is the name of a single institute.
Adelaide Training and Employment Centre,SINGLE,HIGH,,This is likely the name of a single training and employment center.
Taipei Economic and Cultural Office,SINGLE,HIGH,,This is the name of a single diplomatic office.
Australian Subscription Television and Radio Association,SINGLE,HIGH,,This is the name of a single industry association.
Unions and Universities Club,SINGLE,HIGH,,This is the name of a single club.
"Liquor, Hospitality and Miscellaneous Workers Union",SINGLE,HIGH,,This is the name of a single union.
"Guest of Construction, Forestry, Mining and Energy Union",SINGLE,HIGH,,"This refers to a single union, with the guest designation being a descriptor of the relationship."
Redcliffe and Districts Cricket Club,SINGLE,HIGH,,This is the name of a single cricket club.
"Minister of Foreign Affairs and Cooperation, Kingdom of Morocco",SINGLE,HIGH,,This is a single ministerial position within the Moroccan government.
Department of Finance and Administration,SINGLE,HIGH,,This is the name of a single government department.
Taipei Economic and Cultural Office in Australia,SINGLE,HIGH,,This is the name of a single diplomatic office.
"International Planned Parenthood East, South-East Asia and Oceania Regional Office (IPPF ESEAOR)",SINGLE,HIGH,,This is the full name of a single regional office.
Peel Chamber of Commerce and Industry.,SINGLE,HIGH,,This is the name of a single chamber of commerce.
Safety Bay Bowling and Recreation Club,SINGLE,HIGH,,This is the name of a single club.
Safety Bay Ex-Services and Community Club,SINGLE,HIGH,,This is the name of a single club.
The Returned and Services League of Australia - Rockingham,SINGLE,HIGH,,This is the name of a single branch of the RSL.
The Returned and Services League of Australia - Kwinana Sub Branch,SINGLE,HIGH,,This is the name of a single sub-branch of the RSL.
Global Panel Foundation of America and Australasia,SINGLE,MEDIUM,,"Could be interpreted as a single foundation with operations in two regions, or two separate foundations.  More context needed for high confidence."
UK Bonds and Stocks Office,SINGLE,MEDIUM,,Could be a single office or two separate entities. More context is needed.
"The Chairman of Queensland Cricket, Mr Jim",SINGLE,MEDIUM,,It's ambiguous whether 'Mr Jim' is a separate entity or just the chairman's name.
Sino Hydro and Bridge Engineering,SINGLE,MEDIUM,,"Could be a single entity with a compound name, or two related entities. More context is needed."
Newell Lock and Co.,SINGLE,MEDIUM,,Could be a single company or two separate entities. More context is needed.
Katharine Siao-Yue Chang (Taipei Economic and Cultural Office in Australia),SINGLE,MEDIUM,,"Ambiguous. Could be a person affiliated with the office, or a double disclosure. More context is needed."
OLESTA AND ANDREW LAMING SUPERANNUATION FUND,SINGLE,MEDIUM,,"Ambiguous.  Could be a single fund with a compound name, or two entities. More context is needed."
QF 1320 CBR/SYD,SINGLE,MEDIUM,,"Likely a single flight number with origin (CBR) and destination (SYD) codes.  The `/` is a common separator in this context, not implying separate entities."
QF 409 SYD/MEL,SINGLE,MEDIUM,,Similar to the previous entry; a single flight with origin and destination codes.
Royal NSW Lancers 1st/15th,SINGLE,MEDIUM,,Could be a single military unit with two designations. More context is needed for certainty.
Brisbane Friends of Bushkids (NFP/NGO Allied Health provider for children),SINGLE,MEDIUM,,"Likely a single organization with multiple descriptors (NFP, NGO, etc.).  More information is needed to be certain."
Spouse/Partner Apartment - Wollongong,SINGLE,MEDIUM,,"Describes a single property; the `/` acts as a clarification, not a separator of entities."
Spouse/partner: UniSuper,SINGLE,MEDIUM,,"Describes a single superannuation account holder; the colon clarifies the relationship, not separating entities."
Spouse/partner: Australian Super,SINGLE,MEDIUM,,Similar to the previous entry.
Rotary Club of Mont Albert and Surrey Hills,SINGLE,MEDIUM,,"While it mentions two locations, it's likely a single club serving both areas.  More context would confirm."
Andrew and Olesja Laming Pty Ltd,SINGLE,MEDIUM,,Could be a single Pty Ltd company with two named individuals involved.  More information needed.
Hornsby Kuring-gai and Hills District Cricket Association,SINGLE,MEDIUM,,Likely a single association covering multiple districts. More context needed to be certain.
NSW National Servicemans Association and Affiliates,SINGLE,MEDIUM,,Likely a single organization with affiliates. More information would clarify.
Police and Nurses Limited,SINGLE,MEDIUM,,"Could be a single organization or two, more information is needed."
Global Panel Foundation of America and Australia (Advisory Board),SINGLE,MEDIUM,,"Likely a single foundation with operations in America and Australia. The 'and' is used to specify geographic reach, not distinct entities."
"Coff Harbour, NSW",SINGLE,MEDIUM,,"Likely a misspelling of Coffs Harbour, a town in NSW.  Assuming a typo, it's a single location."
Leadership Ballarat and Western Region,SINGLE,MEDIUM,,"Could be a single organization with a regional focus, or two separate entities.  Ambiguous without further information."
STAGE AND SCREEN,SINGLE,MEDIUM,,"Likely a single entity, but could theoretically represent two separate entities. Context suggests a single entity."
Prof Peter Hoj Vice Chancellor and President The University of Queensland,SINGLE,MEDIUM,,Likely a single individual holding multiple titles within the university.  Requires further clarification to confirm definitively.
Mr Peter Doust Board and Management St George Illawarra Dragons,SINGLE,MEDIUM,,Ambiguous. Could be one person with dual roles or a reference to both the board and management.
Semaphore and Port Adelaide RSL Club,SINGLE,MEDIUM,,Could be a single club with two locations or branches.
Various clubs and associations,SINGLE,MEDIUM,,"While it refers to multiple entities, it's a collective noun describing a category, not a list of specific, distinct named entities."
Patron - NSW National Servicemen's Assn and Affiliates Inc - Gosford City Sub Branch,SINGLE,MEDIUM,,"While it mentions 'Affiliates', it seems to describe a single organization with sub-branches. More information would be needed for HIGH confidence."
AP Goldsmith Investments/L,SINGLE,MEDIUM,,Unclear if '/L' is part of the name or an abbreviation. Needs further context.
AIJAC - Australia/Israel and Jewish Affairs council,SINGLE,MEDIUM,,"While it could be interpreted as multiple, the context suggests a single organization with a complex name."
P/ASX 200 Fund,SINGLE,MEDIUM,,"Could be a single fund, but more context is needed to be certain."
SECKER/SMITH TRUST,SINGLE,MEDIUM,,"Could be a single trust with two names associated, but more information is needed."
P/ASX 200 Listed Property fund,SINGLE,MEDIUM,,"Likely a single fund, but more context is needed to be certain."
P/ASX200 Listed Property Fund Shares,SINGLE,MEDIUM,,"Likely refers to shares in a single fund, but more context would confirm."
25/6 Cunningham Griffiths ACT,SINGLE,MEDIUM,,"Uncertain. Could be a property address (25/6) and a company or entity (Cunningham Griffiths ACT), but may be a single entity designation."
Deputy Prime Minister and Minister for Home Affairs,SINGLE,MEDIUM,,Potentially a single person holding two ministerial portfolios. Requires further context to confirm whether it's one person or two.
Federal Minister for Communications and the Arts,SINGLE,MEDIUM,,"Likely a single person holding a dual ministerial role, but requires further confirmation."
"CAPTAINS COLE, PAYNESVILLE",SINGLE,MEDIUM,,"Likely a single business, but more context is needed to confirm.  Could be a person and location."
"Myalla Rd, Myalla",SINGLE,MEDIUM,,"Likely a road ('Rd') in the locality of Myalla.  Could be interpreted as two separate entities, but context suggests otherwise."
"Gosford RSL Club, West Gosford",SINGLE,MEDIUM,,"Likely a club in the West Gosford area.  Could be interpreted as two separate, but the context suggests otherwise."
"Ettalong Beach Memorial Club, Ettalong",SINGLE,MEDIUM,,"Likely a club in Ettalong.  Could be interpreted as two separate, but the context suggests otherwise."
"Club Umina, Umina",SINGLE,MEDIUM,,"Likely a club in Umina. Could be interpreted as two separate, but the context suggests otherwise."
Hall and Prior Health and Aged Care Group,SINGLE,MEDIUM,,"Could be a single group, or possibly a partnership.  More information needed for high confidence."
"The Australian Sheep, Camelid and Goats and Vet Group",SINGLE,MEDIUM,,Ambiguous. Could be a single organization or a list of related entities.  More information is needed.
L&G Pasin Family Trust/Pasin Nominees,SINGLE,MEDIUM,,"The slash could indicate a relationship (e.g., one entity managing the other), rather than separate entities.  More information is needed for high confidence."
CE Fanning & AH Fanning G&S Buchholz,SINGLE,MEDIUM,,"The '&' suggests a partnership, but the context is not entirely clear.  More details are needed for higher confidence."
L&G Pasin Family Trust / Pasin Nominees Pty Ltd,SINGLE,MEDIUM,,"The slash suggests a close relationship, but not necessarily two separate entities. More context is needed."
L&G Pasin Family Trust/ Pasin Nominees Pty Ltd,SINGLE,MEDIUM,,"The slash suggests a connection, but not definitively two separate entities. More context would be helpful."
Brisbane Festival Board and Executive,SINGLE,MEDIUM,,"Likely a single organization.  'Board and Executive' refers to the internal structure, not separate entities."
"Farm Plant, Livestock and Vehicles",SINGLE,MEDIUM,,"This could be a single farm business, or multiple entities if they are independently owned items listed together."
